HaloCatalogueIndex,TrackId_sample,DoR,track_id,TrackId_SOAP,DescendantTrackId,IsCentral,logM,logR,r50_kpc,compactness,age_mass_gyr,age_lum_gyr,MgFe,logZstar_rel,logZstar_loc,log_ssfr,ssfr,bh_mass_raw,bh_mass_corr,log_bh_ratio_raw,log_bh_ratio_corr,exsitu_frac,Zstar_raw,Z_local_raw,HostHaloIndex,matched_to_SOAP,DoR_pct,quantity,tail,compactness_pct,logM_pct,logR_pct,age_lum_gyr_pct,MgFe_pct,logZstar_rel_pct,logZstar_loc_pct,log_ssfr_pct,exsitu_frac_pct,log_bh_ratio_corr_pct
4323,4323,0.6001028217200032,4323,4323,-1,False,10.496797680373462,0.4752218401062819,2.986907958984375,9.78396492021404,11.466094641724794,11.45116483099338,0.17164007,-0.0308314253171837,0.0825397877569435,-13.833913893643542,1.4658384398487152e-14,53531422.33455882,53531422.33455882,-2.768188897594477,-2.768188897594477,0.0213425515122496,0.012481689453125,0.016204833984375,42436999,True,0.00749063670411985,DoR,bottom,,,,,,,,,,
8002,8002,0.6010852373195695,8002,8002,-1,True,10.257122622642962,0.3226116769001235,2.101898193359375,9.773205107292776,10.794253158811232,8.793658520801959,0.27077803,-0.1554163578473391,-0.0415818376377773,-10.877385299756089,1.3262173348879982e-11,45829608.01007102,45829608.01007102,-2.5959764799910445,-2.5959764799910445,0.1251986484079936,0.009368896484375,0.012176513671875,3821235,True,0.02247191011235955,DoR,bottom,,,,,,,,,,
29113,29113,0.6004966686491379,29113,29113,-1,False,10.897752139792772,0.7650146116672002,5.82122802734375,9.750230222291972,11.421305209530558,11.391445588067732,0.2527125,-0.0714284562402138,0.0667152276513052,,0.0,0.0,757675520.0,,-2.0182688840870457,0.5327561250232662,0.0113677978515625,0.015625,33722541,True,0.0149812734082397,DoR,bottom,,,,,,,,,,
75753,75753,0.6016829810267675,75753,75753,-1,False,10.633723226140775,0.4016615375339787,2.521514892578125,10.031230919839809,11.167498427096543,11.152568616365132,0.23810837,-0.0714284562402138,0.0572829925427201,,0.0,123229029.19180492,123229029.19180492,-2.54301019905303,-2.54301019905303,0.4238658233099228,0.0113677978515625,0.015289306640625,73667903,True,0.03745318352059925,DoR,bottom,,,,,,,,,,
141036,141036,0.6006012868655463,141036,141036,-1,False,10.739526952308816,0.1813431501220263,1.51824951171875,10.467512227125775,10.600165619302867,8.644360413487833,0.25491568,0.027226881884011,0.151933313334644,-10.671000239428125,2.1330437371915008e-11,141225347.8114002,141225347.8114002,-2.589614299313721,-2.589614299313721,0.1267763548269496,0.0142669677734375,0.019012451171875,57896067,True,0.018726591760299626,DoR,bottom,,,,,,,,,,
154378,154378,0.6000143242723192,154378,154378,-1,False,10.55580126182186,0.3896710509725605,2.452850341796875,9.971294685363018,11.01820031978242,11.003270509051006,0.25164,-0.0808572006705321,0.0568493484908118,,0.0,154493820.01398316,154493820.01398316,-2.366890150148418,-2.366890150148418,0.2676010187307105,0.0111236572265625,0.0152740478515625,58724015,True,0.003745318352059925,DoR,bottom,,,,,,,,,,
171276,171276,0.602874772643495,171276,171276,-1,False,10.63055895362242,0.562372015825182,3.650665283203125,9.787000929884648,11.212287859290782,11.242147480753609,0.24678752,-0.0862522325572383,0.0168860485457921,,0.0,0.0,115603472.0,,-2.567588075871843,0.1988619823839519,0.010986328125,0.0139312744140625,73320576,True,0.0449438202247191,DoR,bottom,,,,,,,,,,
775921,775921,0.6014065745857468,775921,775921,-1,True,10.218907488217742,0.2604334539681036,1.8215179443359373,9.828257307265586,11.01820031978242,10.465797322720158,0.23235893,-0.1181586112206836,0.0008979431616618,-11.336412201386898,4.608799325010088e-12,32256113.458003394,32256113.458003394,-2.710295450193521,-2.710295450193521,0.1131468234075399,0.0102081298828125,0.013427734375,547161,True,0.033707865168539325,DoR,bottom,,,,,,,,,,
884010,884010,0.6028653478303433,884010,884010,-1,False,10.693288705571376,0.3218227675425823,2.09808349609375,10.210554554257502,11.182428237827958,11.182428237827958,0.28197992,0.0922450962643214,0.1377625788156257,,0.0,0.0,538059392.0,,-1.962458489023494,0.1485459143599884,0.016571044921875,0.018402099609375,8375568,True,0.04119850187265917,DoR,bottom,,,,,,,,,,
1648535,1648535,0.6011675726480279,1648535,1648535,-1,False,10.426597733345126,0.4029736064531116,2.529144287109375,9.82213732366546,11.346656155873497,11.37651577733632,0.2340303,-0.0941653151916073,0.0313872653095622,,0.0,51701288.237650834,51701288.237650834,-2.713096368828884,-2.713096368828884,0.1461016067093307,0.0107879638671875,0.014404296875,11116594,True,0.0299625468164794,DoR,bottom,,,,,,,,,,
4679778,4679778,0.6001942545673514,4679778,4679778,-1,False,10.262714474340092,0.2535579359840559,1.79290771484375,9.88237757036401,10.973410887588182,11.033130130513833,0.24826077,-0.0229397275817191,0.0946379093802117,,0.0,0.0,26346304.0,,-2.841994775663995,0.0225757778038768,0.0127105712890625,0.01666259765625,6227203,True,0.011235955056179775,DoR,bottom,,,,,,,,,,
5807583,5807583,0.603265189731833,5807583,5807583,-1,False,10.659727493371172,0.4506917977793147,2.8228759765625,9.9836897967022,11.45116483099338,11.45116483099338,0.22410733,-0.0437642265614105,0.079255881888021,,0.0,133447277.89954124,133447277.89954124,-2.534417774035698,-2.534417774035698,0.0667904629427267,0.012115478515625,0.016082763671875,85104252,True,0.04868913857677903,DoR,bottom,,,,,,,,,,
6098149,6098149,0.6011218372668866,6098149,6098149,-1,False,10.259927548315009,0.2249127545345259,1.678466796875,9.92255841651322,11.107779184170894,11.182428237827958,0.2317793,0.0309269637488216,0.1491359156955924,,0.0,0.0,20474624.0,,-2.948711613278137,0.082767202790118,0.0143890380859375,0.018890380859375,15472933,True,0.026217228464419477,DoR,bottom,,,,,,,,,,
553,553,0.7124777848063014,553,553,-1,False,10.647683893684064,0.5862112336393396,3.856658935546875,9.768367043225052,12.242444799758244,12.242444799758244,0.32596877,-0.0772973899043118,-0.0005851356224662,,0.0,0.0,351995776.0,,-2.101146441770983,0.6524647899751719,0.0112152099609375,0.0133819580078125,4778400,True,0.9625468164794008,DoR,top,,,,,,,,,,
1317,1317,0.7586374718540401,1317,1317,-1,False,10.363129112506265,0.2451610034379866,1.758575439453125,9.995387607349285,12.555970825117909,12.57090063584932,0.27487472,0.0400415581360277,0.0857990486967028,,0.0,0.0,83271096.0,,-2.442634831700258,0.0013088366174763,0.0146942138671875,0.016326904296875,25199160,True,0.9962546816479401,DoR,top,,,,,,,,,,
6334,6334,0.7161295565286975,6334,6334,-1,True,10.269148584345505,0.2418511764508055,1.7452239990234375,9.906371819669294,12.152865935369768,12.16779574610118,0.27668592,-0.0587893650395258,0.006292975048368,,0.0,56505390.24203432,56505390.24203432,-2.5170587057169955,-2.5170587057169955,0.0282405390864681,0.0117034912109375,0.0135955810546875,73997124,True,0.9737827715355806,DoR,top,,,,,,,,,,
7997,7997,0.7331995762812181,7997,7997,-1,True,10.456052712683402,0.436373100356194,2.7313232421875,9.801493062149111,12.137936124638356,11.391445588067732,0.36974767,-0.1705300356242441,-0.008581577534852,-11.42047640975844,3.797725671019127e-12,213515644.63926595,213515644.63926595,-2.126623010692003,-2.126623010692003,0.2415915918750533,0.0090484619140625,0.0131378173828125,19890591,True,0.9812734082397003,DoR,top,,,,,,,,,,
18005,18005,0.7227492410942181,18005,18005,-1,False,9.74459390669212,-0.0780958071115431,0.835418701171875,9.861737617359434,12.003567828055646,12.033427449518468,0.30787736,0.0624532260088104,0.0954325930089051,,0.0,0.0,13020641.0,,-2.6299615418216606,0.0003638208047919,0.015472412109375,0.016693115234375,15472933,True,0.9775280898876404,DoR,top,,,,,,,,,,
18408,18408,0.7739284345876163,18408,18408,-1,False,10.279070592839645,0.149074520779183,1.4095306396484375,10.055458811670867,12.675409310969206,12.660479500237791,0.32679206,-0.0334941833944386,0.0239632472303552,,0.0,109350512.29025264,109350512.29025264,-2.240249770858684,-2.240249770858684,0.0784320909529355,0.0124053955078125,0.01416015625,15472933,True,1.0,DoR,top,,,,,,,,,,
50269,50269,0.7151884979919824,50269,50269,-1,True,10.270969528237128,0.2636051544221702,1.834869384765625,9.875561796603872,12.361883285609546,12.242444799758244,0.2967123,-0.1098003543320278,-0.0260792194359601,-12.421988862984556,3.784522895950669e-13,106147777.62066366,106147777.62066366,-2.2450586223134064,-2.2450586223134064,0.0363511361470782,0.010406494140625,0.0126190185546875,54838796,True,0.9700374531835206,DoR,top,,,,,,,,,,
59531,59531,0.7344147424352562,59531,59531,-1,True,10.565592534417886,0.2649573957281498,1.8405914306640625,10.168156440825662,12.391742907072368,11.167498427096543,0.29780617,0.027226881884011,0.1064081279316358,-11.21826237043717,6.049752804597985e-12,190638968.42791605,190638968.42791605,-2.2853808550966703,-2.2853808550966703,0.0819510895924065,0.0142669677734375,0.017120361328125,51375735,True,0.9850187265917603,DoR,top,,,,,,,,,,
100221,100221,0.7144579189526166,100221,100221,-1,False,10.163250463433696,0.1298494961812566,1.3484954833984375,9.968476219161811,12.123006313906943,12.123006313906943,0.30900544,0.024430985005135,0.0662909047236534,,0.0,0.0,86473832.0,,-2.2263657587129595,0.0021962121928284,0.0141754150390625,0.0156097412109375,6227203,True,0.9662921348314607,DoR,top,,,,,,,,,,
171673,171673,0.734682944021175,171673,171673,-1,False,9.785361657641122,-0.0329336483533493,0.926971435546875,9.834762130171146,12.302164042683891,12.302164042683891,0.3424063,-0.0281848937762369,-0.0015766759661935,,0.0,0.0,48727320.0,,-2.097589131776314,0.0001740359682173,0.0125579833984375,0.0133514404296875,73320576,True,0.9887640449438202,DoR,top,,,,,,,,,,
190293,190293,0.7092008799549306,190293,190293,-1,False,10.164993453660497,0.1525863551326501,1.4209747314453125,9.93611392096152,12.078216881712708,12.108076503175532,0.3048401,-0.0372496871834161,0.0607366447941358,,0.0,0.0,56810412.0,,-2.410565514784966,0.0050089770335202,0.012298583984375,0.015411376953125,11116594,True,0.951310861423221,DoR,top,,,,,,,,,,
284458,284458,0.7116675477635107,284458,284458,-1,False,10.357210186384023,0.2184491798605675,1.6536712646484375,10.02953641659317,12.078216881712708,12.09314669244412,0.31293076,-0.0271307804385816,0.0262969147579931,,0.0,0.0,63139624.0,,-2.556908195068107,0.0033776502975812,0.0125885009765625,0.0142364501953125,27053327,True,0.9550561797752809,DoR,top,,,,,,,,,,
682377,682377,0.7124545366045215,682377,682377,-1,False,9.545180535015948,-0.1669017015034495,0.6809234619140625,9.795533087271124,12.197655367564009,12.152865935369768,0.36531448,-0.1683384692482703,-0.1554163578473391,,0.0,0.0,98217192.0,,-1.5529930213915868,0.0462998312467674,0.00909423828125,0.009368896484375,64798628,True,0.9588014981273408,DoR,top,,,,,,,,,,
1782066,1782066,0.7404743771822154,1782066,1782066,-1,False,10.265943444470292,0.2535579359840559,1.79290771484375,9.885606540494209,12.436532339266607,12.45146214999802,0.3384374,-0.0731808237094796,-0.0426716612508377,,0.0,0.0,54065212.0,,-2.5330255341891417,0.0024482644611471,0.011322021484375,0.01214599609375,6955316,True,0.9925093632958801,DoR,top,,,,,,,,,,
4323,4323,0.6001028217200032,4323,4323,-1,False,10.496797680373462,0.4752218401062819,2.986907958984375,9.78396492021404,11.466094641724794,11.45116483099338,0.17164007,-0.0308314253171837,0.0825397877569435,-13.833913893643542,1.4658384398487152e-14,53531422.33455882,53531422.33455882,-2.768188897594477,-2.768188897594477,0.0213425515122496,0.012481689453125,0.016204833984375,42436999,True,0.00749063670411985,MgFe,bottom,0.14606741573033707,0.602996254681648,0.7940074906367042,0.5262172284644194,0.0149812734082397,,,,,
9659,9659,0.6204142004366383,9659,9659,-1,False,10.127468373020578,0.1736368354442053,1.491546630859375,9.86701311985427,11.212287859290782,11.25707729148502,0.20473245,-0.0778886690724362,0.0187846066815143,,0.0,26841966.754650574,26841966.754650574,-2.698654038893269,-2.698654038893269,0.0082672322939537,0.011199951171875,0.0139923095703125,5088026,True,0.2247191011235955,MgFe,bottom,0.3445692883895131,0.1348314606741573,0.21722846441947566,0.32209737827715357,0.04868913857677903,,,,,
17910,17910,0.6208004211758845,17910,17910,-1,False,9.510619724001083,-0.2534440471974434,0.5578994750976562,9.890785794797248,11.06298975197666,11.107779184170894,0.17963186,0.1392006413279433,0.1643032961942918,,0.0,0.0,243362.546875,,-4.124365982223247,0.0,0.018463134765625,0.019561767578125,15472933,True,0.23220973782771537,MgFe,bottom,0.41947565543071164,0.018726591760299626,0.011235955056179775,0.17790262172284643,0.0299625468164794,,,,,
49186,49186,0.6339485458575399,49186,49186,-1,False,10.068662886344672,0.1786065658820338,1.5087127685546875,9.800753037521622,11.660182181233155,11.690041802695982,0.17795151,-0.0880655733207066,-0.0131451342218066,,0.0,0.0,10923613.0,,-3.030296580719312,0.0031897925784085,0.0109405517578125,0.01300048828125,46091846,True,0.352059925093633,MgFe,bottom,0.1760299625468165,0.11610486891385768,0.2247191011235955,0.7322097378277154,0.026217228464419477,,,,,
65590,65590,0.6033561670766467,65590,65590,-1,False,10.242819645623154,0.2312815412729037,1.7032623291015625,9.895897333713798,11.242147480753609,11.301866723679256,0.18990204,-0.0334941833944386,0.0463098347302662,,0.0,18091638.103809237,18091638.103809237,-2.9853417538746445,-2.9853417538746445,0.0023109849518908,0.0124053955078125,0.0149078369140625,72648696,True,0.056179775280898875,MgFe,bottom,0.4344569288389513,0.24344569288389514,0.3445692883895131,0.36142322097378277,0.033707865168539325,,,,,
74170,74170,0.6329071544436423,74170,74170,-1,False,10.616027299324177,0.4588314239181125,2.87628173828125,9.927780163447007,11.510884073919032,11.540743695381856,0.20341301,0.0048282367900942,0.1079536615268206,,0.0,0.0,201924784.0,,-2.310837672337646,0.5129623940353314,0.0135498046875,0.017181396484375,4778400,True,0.3445692883895131,MgFe,bottom,0.5355805243445693,0.7116104868913857,0.7790262172284644,0.6198501872659176,0.04119850187265917,,,,,
80976,80976,0.6033654774044561,80976,80976,-1,False,9.697051816394984,-0.0761172411294552,0.8392333984375,9.811227678089166,11.13763880563372,11.227217670022194,0.16668242,0.0866100563682444,0.1716928624073946,,0.0,0.0,5423678.5,,-2.962757878495813,0.004904024865541,0.016357421875,0.0198974609375,11116594,True,0.0599250936329588,MgFe,bottom,0.20973782771535582,0.04119850187265917,0.04868913857677903,0.27715355805243447,0.011235955056179775,,,,,
139676,139676,0.6177370286401197,139676,139676,-1,False,9.578313365891256,-0.2096956326109235,0.6170272827148438,9.89285681480764,11.242147480753609,11.301866723679256,0.15853179,0.1629461248338746,0.1815711005920234,,0.0,0.0,33473.51953125,,-5.053611987783816,0.0,0.019500732421875,0.020355224609375,59411473,True,0.18352059925093633,MgFe,bottom,0.42696629213483145,0.0299625468164794,0.018726591760299626,0.36142322097378277,0.003745318352059925,,,,,
246865,246865,0.6617600857676199,246865,246865,-1,False,9.46223808961426,-0.266251577568605,0.54168701171875,9.861615455967168,11.286936912947844,11.316796534410669,0.17620641,0.2105347965273399,0.2135697109177747,,0.0,0.0,7444451.5,,-2.590405384745496,0.0,0.021759033203125,0.02191162109375,24619523,True,0.6779026217228464,MgFe,bottom,0.32209737827715357,0.00749063670411985,0.00749063670411985,0.37640449438202245,0.02247191011235955,,,,,
798108,798108,0.638630359266431,798108,798108,-1,False,10.153239164279002,0.234189774117586,1.7147064208984375,9.801954503102625,11.49595426318762,11.540743695381856,0.20472619,-0.0784807543473788,0.0130638502166965,,0.0,0.0,22228504.0,,-2.8063289290387305,0.0280146804598898,0.0111846923828125,0.0138092041015625,4778400,True,0.41947565543071164,MgFe,bottom,0.19101123595505617,0.16104868913857678,0.35580524344569286,0.6198501872659176,0.0449438202247191,,,,,
808565,808565,0.6140029010090511,808565,808565,-1,False,10.451280197822156,0.3916925960434225,2.46429443359375,9.863741303757022,11.361585966604906,11.37651577733632,0.19897339,-0.0509336951112064,0.0197307823976044,,0.0,74044175.3374026,74044175.3374026,-2.5817892972649727,-2.5817892972649727,0.0182286104412768,0.0119171142578125,0.0140228271484375,70506744,True,0.14606741573033707,MgFe,bottom,0.3333333333333333,0.5037453183520599,0.6853932584269663,0.4400749063670412,0.03745318352059925,,,,,
1109054,1109054,0.6178003059705462,1109054,1109054,-1,False,10.141157871144095,0.2385159309054424,1.73187255859375,9.78338397478593,11.182428237827958,11.227217670022194,0.16318366,-0.0498229669305633,0.0502921859527044,,0.0,0.0,31835.216796875,,-5.638250059401721,0.0020115889697288,0.0119476318359375,0.015045166015625,46091846,True,0.18726591760299627,MgFe,bottom,0.13857677902621723,0.149812734082397,0.3595505617977528,0.27715355805243447,0.00749063670411985,,,,,
3299260,3299260,0.619763767025986,3299260,3299260,-1,False,9.875407980098478,0.052751789107277,1.129150390625,9.796280296437562,11.301866723679256,11.391445588067732,0.17246589,0.0930441663736543,0.2444996447264314,,0.0,0.0,2216178.0,,-3.529803340778002,0.0745213170540694,0.0166015625,0.023529052734375,15472933,True,0.2209737827715356,MgFe,bottom,0.17228464419475656,0.07865168539325842,0.0749063670411985,0.4681647940074906,0.018726591760299626,,,,,
7997,7997,0.7331995762812181,7997,7997,-1,True,10.456052712683402,0.436373100356194,2.7313232421875,9.801493062149111,12.137936124638356,11.391445588067732,0.36974767,-0.1705300356242441,-0.008581577534852,-11.42047640975844,3.797725671019127e-12,213515644.63926595,213515644.63926595,-2.126623010692003,-2.126623010692003,0.2415915918750533,0.0090484619140625,0.0131378173828125,19890591,True,0.9812734082397003,MgFe,top,0.18352059925093633,0.5205992509363296,0.7528089887640449,0.4681647940074906,0.9962546816479401,,,,,
18408,18408,0.7739284345876163,18408,18408,-1,False,10.279070592839645,0.149074520779183,1.4095306396484375,10.055458811670867,12.675409310969206,12.660479500237791,0.32679206,-0.0334941833944386,0.0239632472303552,,0.0,109350512.29025264,109350512.29025264,-2.240249770858684,-2.240249770858684,0.0784320909529355,0.0124053955078125,0.01416015625,15472933,True,1.0,MgFe,top,0.7565543071161048,0.2958801498127341,0.16104868913857678,1.0,0.9550561797752809,,,,,
48958,48958,0.6722382549742901,48958,48958,-1,False,10.38182679565825,0.0790807278296262,1.1997222900390625,10.263205703913812,11.182428237827958,11.212287859290782,0.3313638,0.0654410130984035,0.147730430708716,,0.0,52158821.76187783,52158821.76187783,-2.6644990232889563,-2.6644990232889563,0.0635617574068026,0.0155792236328125,0.018829345703125,47656618,True,0.7715355805243446,MgFe,top,0.9250936329588015,0.4157303370786517,0.09363295880149813,0.25842696629213485,0.9700374531835206,,,,,
74285,74285,0.6951509463023098,74285,74285,-1,False,9.618891239399764,-0.1218747316901304,0.75531005859375,9.801703336934962,11.80948028854728,11.824410099278694,0.32939854,-0.0377888486206382,-0.014165803274214,,0.0,0.0,130397048.0,,-1.5036234796896175,0.0129384874437614,0.0122833251953125,0.012969970703125,4778400,True,0.9101123595505618,MgFe,top,0.18726591760299627,0.03745318352059925,0.03745318352059925,0.8426966292134831,0.9662921348314607,,,,,
112637,112637,0.6969642700465215,112637,112637,-1,False,10.13808429510314,0.1071526025533493,1.2798309326171875,9.977355391273116,11.719901424158806,11.764690856353043,0.3348521,-0.0443115416709029,0.0538016554088065,,0.0,0.0,23944254.0,,-2.7588829842624305,0.0017397247757618,0.0121002197265625,0.015167236328125,35779442,True,0.9213483146067416,MgFe,top,0.6254681647940075,0.14232209737827714,0.10112359550561797,0.8033707865168539,0.9812734082397003,,,,,
171673,171673,0.734682944021175,171673,171673,-1,False,9.785361657641122,-0.0329336483533493,0.926971435546875,9.834762130171146,12.302164042683891,12.302164042683891,0.3424063,-0.0281848937762369,-0.0015766759661935,,0.0,0.0,48727320.0,,-2.097589131776314,0.0001740359682173,0.0125579833984375,0.0133514404296875,73320576,True,0.9887640449438202,MgFe,top,0.27715355805243447,0.056179775280898875,0.056179775280898875,0.9850187265917603,0.9887640449438202,,,,,
460550,460550,0.6869908876345444,460550,460550,-1,False,10.314997303660196,0.1623850537239577,1.453399658203125,10.07141972307426,11.540743695381856,11.570603316844682,0.32811344,0.0267621472415866,0.1117936023864933,,0.0,0.0,36335788.0,,-2.754662720654492,0.0268943248540957,0.014251708984375,0.017333984375,15472933,True,0.8539325842696629,MgFe,top,0.7752808988764045,0.3445692883895131,0.18352059925093633,0.6423220973782772,0.9625468164794008,,,,,
682377,682377,0.7124545366045215,682377,682377,-1,False,9.545180535015948,-0.1669017015034495,0.6809234619140625,9.795533087271124,12.197655367564009,12.152865935369768,0.36531448,-0.1683384692482703,-0.1554163578473391,,0.0,0.0,98217192.0,,-1.5529930213915868,0.0462998312467674,0.00909423828125,0.009368896484375,64798628,True,0.9588014981273408,MgFe,top,0.16853932584269662,0.02247191011235955,0.026217228464419477,0.9662921348314607,0.9925093632958801,,,,,
789267,789267,0.7090781361721415,789267,789267,-1,False,9.504692944624848,-0.1842757975728722,0.6542205810546875,9.781106640984156,11.869199531472931,11.884129342204345,0.33198464,-0.1930763341371605,-0.1611121048222205,,0.0,0.0,440852.59375,,-3.860399544323597,0.000310851147956,0.0085906982421875,0.009246826171875,73320576,True,0.947565543071161,MgFe,top,0.12734082397003746,0.0149812734082397,0.02247191011235955,0.8651685393258427,0.9737827715355806,,,,,
1451575,1451575,0.6649807873984348,1451575,1451575,-1,True,11.00584631975334,0.4894085996606108,3.086090087890625,10.271733420262423,12.16779574610118,11.61539274903892,0.33212906,0.0332236083495595,0.1526298563578984,-12.046904073862123,8.976270387564697e-13,1176166179.612871,1176166179.612871,-1.9353776325454068,-1.9353776325454068,0.32326423872023,0.01446533203125,0.01904296875,72107228,True,0.7116104868913857,MgFe,top,0.9363295880149812,0.9662921348314607,0.8052434456928839,0.6779026217228464,0.9775280898876404,,,,,
1782066,1782066,0.7404743771822154,1782066,1782066,-1,False,10.265943444470292,0.2535579359840559,1.79290771484375,9.885606540494209,12.436532339266607,12.45146214999802,0.3384374,-0.0731808237094796,-0.0426716612508377,,0.0,0.0,54065212.0,,-2.5330255341891417,0.0024482644611471,0.011322021484375,0.01214599609375,6955316,True,0.9925093632958801,MgFe,top,0.39325842696629215,0.2696629213483146,0.3951310861423221,0.9925093632958801,0.9850187265917603,,,,,
2022282,2022282,0.690100320212374,2022282,2022282,-1,False,10.229531412409695,0.1255281223986141,1.33514404296875,10.041239228811774,11.540743695381856,11.570603316844682,0.32774502,-0.0095915651572644,0.0248982195654283,,0.0,45753352.422699854,45753352.422699854,-2.5691084913768725,-2.5691084913768725,0.0051218386305269,0.0131072998046875,0.014190673828125,16098020,True,0.8651685393258427,MgFe,top,0.7490636704119851,0.2209737827715356,0.11610486891385768,0.6423220973782772,0.9588014981273408,,,,,
3786109,3786109,0.6990965993191339,3786109,3786109,-1,False,9.218651342836148,-0.3550189222616707,0.4415512084960937,9.751179726228656,11.510884073919032,11.510884073919032,0.513038,-0.3951953108555885,-0.3872822282212195,,0.0,0.0,0.0,,,0.1754284353650861,0.0053939819335937,0.0054931640625,58963059,True,0.9250936329588015,MgFe,top,0.011235955056179775,0.003745318352059925,0.003745318352059925,0.5955056179775281,1.0,,,,,
6818,6818,0.6470608066618607,6818,6818,-1,True,10.63135218577336,0.394373434691194,2.47955322265625,10.039792033736568,11.585533127576094,9.82381546126942,0.31121847,-0.0281848937762369,0.1470259788398998,-10.953485976754004,1.1130483322374178e-11,185148566.13719207,185148566.13719207,-2.3638318327209613,-2.3638318327209613,0.1615622310172955,0.0125579833984375,0.018798828125,71576298,True,0.5093632958801498,age_lum_gyr,bottom,0.7415730337078652,0.7378277153558053,0.6966292134831461,0.0299625468164794,,,,,,
8002,8002,0.6010852373195695,8002,8002,-1,True,10.257122622642962,0.3226116769001235,2.101898193359375,9.773205107292776,10.794253158811232,8.793658520801959,0.27077803,-0.1554163578473391,-0.0415818376377773,-10.877385299756089,1.3262173348879982e-11,45829608.01007102,45829608.01007102,-2.5959764799910445,-2.5959764799910445,0.1251986484079936,0.009368896484375,0.012176513671875,3821235,True,0.02247191011235955,age_lum_gyr,bottom,0.0898876404494382,0.250936329588015,0.5617977528089888,0.00749063670411985,,,,,,
53300,53300,0.6259020252382109,53300,53300,-1,True,10.24233467127694,0.3162599076371854,2.071380615234375,9.76794480982116,11.033130130513833,9.450570192984108,0.22676226,-0.083246722417513,0.0857990486967028,-10.766034447015167,1.7138213666332364e-11,28214567.327331573,28214567.327331573,-2.7918612765607667,-2.7918612765607667,0.0591760766614132,0.0110626220703125,0.016326904296875,53609725,True,0.27715355805243447,age_lum_gyr,bottom,0.06741573033707865,0.2397003745318352,0.5374531835205992,0.02247191011235955,,,,,,
126915,126915,0.6322243090380213,126915,126915,-1,True,10.746269839065166,0.6100313307408761,4.0740966796875,9.831222842953853,11.107779184170894,10.226920351017558,0.27490106,-0.1059962907529954,0.0709358097694169,-10.994199186820651,1.0134464673750249e-11,175082828.6041981,175082828.6041981,-2.5030262846900504,-2.5030262846900504,0.4507128945785261,0.010498046875,0.015777587890625,42186845,True,0.3333333333333333,age_lum_gyr,bottom,0.2696629213483146,0.8539325842696629,0.9288389513108615,0.03745318352059925,,,,,,
133204,133204,0.6104780507118654,133204,133204,-1,True,10.59843533957291,0.3500981792959529,2.239227294921875,10.073288070628982,11.25707729148502,10.34635883686886,0.2630211,-0.0582235089569947,0.1117936023864933,-11.21352436140941,6.116114941238308e-12,96692084.78663902,96692084.78663902,-2.613044415378017,-2.613044415378017,0.291862170572173,0.01171875,0.017333984375,47277313,True,0.11610486891385768,age_lum_gyr,bottom,0.7790262172284644,0.700374531835206,0.6217228464419475,0.04119850187265917,,,,,,
141036,141036,0.6006012868655463,141036,141036,-1,False,10.739526952308816,0.1813431501220263,1.51824951171875,10.467512227125775,10.600165619302867,8.644360413487833,0.25491568,0.027226881884011,0.151933313334644,-10.671000239428125,2.1330437371915008e-11,141225347.8114002,141225347.8114002,-2.589614299313721,-2.589614299313721,0.1267763548269496,0.0142669677734375,0.019012451171875,57896067,True,0.018726591760299626,age_lum_gyr,bottom,1.0,0.846441947565543,0.23595505617977527,0.003745318352059925,,,,,,
215760,215760,0.6355447257667793,215760,215760,-1,True,10.55580126182186,0.4139689907545748,2.593994140625,9.934847775689995,11.152568616365132,9.614798111029646,0.2582123,-0.0260792194359601,0.0938417689521169,-10.871578000775097,1.3440703453584996e-11,75569287.08482592,75569287.08482592,-2.677455936687404,-2.677455936687404,0.0699981251390789,0.0126190185546875,0.016632080078125,7545161,True,0.3595505617977528,age_lum_gyr,bottom,0.5580524344569289,0.6460674157303371,0.7378277153558053,0.026217228464419477,,,,,,
308423,308423,0.6387986712863496,308423,308423,-1,False,10.528557739089823,0.1032517276874619,1.2683868408203125,10.37368014755863,10.70467429442276,8.808588331533372,0.29249516,0.0018838561433129,0.0970176111255663,-10.903886422001266,1.2477097763908606e-11,70917696.25518477,70917696.25518477,-2.67780311988671,-2.67780311988671,0.1118148055756126,0.013458251953125,0.016754150390625,46091846,True,0.4232209737827715,age_lum_gyr,bottom,0.9737827715355806,0.6254681647940075,0.09737827715355805,0.011235955056179775,,,,,,
775921,775921,0.6014065745857468,775921,775921,-1,True,10.218907488217742,0.2604334539681036,1.8215179443359373,9.828257307265586,11.01820031978242,10.465797322720158,0.23235893,-0.1181586112206836,0.0008979431616618,-11.336412201386898,4.608799325010088e-12,32256113.458003394,32256113.458003394,-2.710295450193521,-2.710295450193521,0.1131468234075399,0.0102081298828125,0.013427734375,547161,True,0.033707865168539325,age_lum_gyr,bottom,0.26217228464419473,0.21348314606741572,0.4232209737827715,0.04868913857677903,,,,,,
1125165,1125165,0.6180330776660589,1125165,1125165,-1,False,10.63842682246272,0.5026261286860771,3.18145751953125,9.884487629433604,10.973410887588182,8.883237385190434,0.29388118,-0.0667897527878062,0.076776553659201,-11.02441357355622,9.453364996957359e-12,147173283.62635118,147173283.62635118,-2.470597842805767,-2.470597842805767,0.1810015679692175,0.0114898681640625,0.0159912109375,35828148,True,0.19101123595505617,age_lum_gyr,bottom,0.3895131086142322,0.7584269662921348,0.8408239700374532,0.0149812734082397,,,,,,
2687587,2687587,0.6543468626512038,2687587,2687587,-1,True,10.518398340574702,0.3170589777465183,2.0751953125,10.042809873954925,11.25707729148502,10.406078079794508,0.28575462,-0.0802618688680508,0.0620247163717736,-11.44668651196115,3.5753082253505996e-12,95471995.38870037,95471995.38870037,-2.538522341051112,-2.538522341051112,0.2454674174224893,0.011138916015625,0.0154571533203125,62690823,True,0.5880149812734082,age_lum_gyr,bottom,0.7528089887640449,0.6142322097378277,0.5430711610486891,0.0449438202247191,,,,,,
3198019,3198019,0.6124418973164785,3198019,3198019,-1,True,10.642307942858052,0.2273733530821827,1.6880035400390625,10.30124791323478,10.83904259100547,8.972816249578909,0.25630334,-0.0080774631637939,0.1512356513662931,-10.838921222887665,1.4490346715623078e-11,84643701.98199472,84643701.98199472,-2.714713293422216,-2.714713293422216,0.2364810784596989,0.013153076171875,0.01898193359375,14735979,True,0.13108614232209737,age_lum_gyr,bottom,0.9550561797752809,0.7659176029962547,0.3295880149812734,0.018726591760299626,,,,,,
10223610,10223610,0.6176055146725293,10223610,10223610,-1,True,10.162084571506908,0.272541570171307,1.873016357421875,9.753272216249949,11.242147480753609,10.211990540286145,0.25949222,-0.1387640502673444,-0.0287129114484563,-11.158300103005796,6.945442128516575e-12,32980541.53802948,32980541.53802948,-2.643826789056895,-2.643826789056895,0.1187469094824708,0.009735107421875,0.012542724609375,86226173,True,0.1797752808988764,age_lum_gyr,bottom,0.0299625468164794,0.16853932584269662,0.45692883895131087,0.033707865168539325,,,,,,
552,552,0.6904961368601793,552,552,-1,False,10.522999502314017,0.3380961862941865,2.178192138671875,10.015855222872736,12.40667271780378,12.346953474878132,0.3106587,-0.0673668883968645,0.0018838561433129,,0.0,0.0,258963968.0,,-2.10976016135006,0.0414570605295741,0.011474609375,0.013458251953125,4778400,True,0.8689138576779026,age_lum_gyr,top,0.704119850187266,0.6179775280898876,0.5917602996254682,0.9887640449438202,,,,,,
553,553,0.7124777848063014,553,553,-1,False,10.647683893684064,0.5862112336393396,3.856658935546875,9.768367043225052,12.242444799758244,12.242444799758244,0.32596877,-0.0772973899043118,-0.0005851356224662,,0.0,0.0,351995776.0,,-2.101146441770983,0.6524647899751719,0.0112152099609375,0.0133819580078125,4778400,True,0.9625468164794008,age_lum_gyr,top,0.07116104868913857,0.7771535580524345,0.9101123595505618,0.9775280898876404,,,,,,
1317,1317,0.7586374718540401,1317,1317,-1,False,10.363129112506265,0.2451610034379866,1.758575439453125,9.995387607349285,12.555970825117909,12.57090063584932,0.27487472,0.0400415581360277,0.0857990486967028,,0.0,0.0,83271096.0,,-2.442634831700258,0.0013088366174763,0.0146942138671875,0.016326904296875,25199160,True,0.9962546816479401,age_lum_gyr,top,0.6816479400749064,0.3895131086142322,0.37453183520599254,0.9962546816479401,,,,,,
6334,6334,0.7161295565286975,6334,6334,-1,True,10.269148584345505,0.2418511764508055,1.7452239990234375,9.906371819669294,12.152865935369768,12.16779574610118,0.27668592,-0.0587893650395258,0.006292975048368,,0.0,56505390.24203432,56505390.24203432,-2.5170587057169955,-2.5170587057169955,0.0282405390864681,0.0117034912109375,0.0135955810546875,73997124,True,0.9737827715355806,age_lum_gyr,top,0.4681647940074906,0.2808988764044944,0.36891385767790263,0.9700374531835206,,,,,,
18028,18028,0.7003127085380463,18028,18028,-1,False,10.78522266116629,0.5376285085237018,3.448486328125,9.978779898380738,12.302164042683891,12.242444799758244,0.30760118,-0.0778886690724362,0.0391386586800385,,0.0,653967917.2951232,653967917.2951232,-1.9696662181684172,-1.9696662181684172,0.1372876148212971,0.011199951171875,0.0146636962890625,18984138,True,0.9400749063670412,age_lum_gyr,top,0.6367041198501873,0.8689138576779026,0.8726591760299626,0.9775280898876404,,,,,,
18408,18408,0.7739284345876163,18408,18408,-1,False,10.279070592839645,0.149074520779183,1.4095306396484375,10.055458811670867,12.675409310969206,12.660479500237791,0.32679206,-0.0334941833944386,0.0239632472303552,,0.0,109350512.29025264,109350512.29025264,-2.240249770858684,-2.240249770858684,0.0784320909529355,0.0124053955078125,0.01416015625,15472933,True,1.0,age_lum_gyr,top,0.7565543071161048,0.2958801498127341,0.16104868913857678,1.0,,,,,,
50269,50269,0.7151884979919824,50269,50269,-1,True,10.270969528237128,0.2636051544221702,1.834869384765625,9.875561796603872,12.361883285609546,12.242444799758244,0.2967123,-0.1098003543320278,-0.0260792194359601,-12.421988862984556,3.784522895950669e-13,106147777.62066366,106147777.62066366,-2.2450586223134064,-2.2450586223134064,0.0363511361470782,0.010406494140625,0.0126190185546875,54838796,True,0.9700374531835206,age_lum_gyr,top,0.3595505617977528,0.2846441947565543,0.4307116104868914,0.9775280898876404,,,,,,
64105,64105,0.7043249407385668,64105,64105,-1,False,10.37185894376516,0.313853837871307,2.0599365234375,9.9010781869582,12.09314669244412,12.108076503175532,0.2870654,-0.1117149547080051,-0.0404947419965631,,0.0,84948724.33147939,84948724.33147939,-2.442702082278272,-2.442702082278272,0.0855376552127269,0.0103607177734375,0.01220703125,88984019,True,0.9438202247191011,age_lum_gyr,top,0.45318352059925093,0.40074906367041196,0.5299625468164794,0.9569288389513109,,,,,,
100221,100221,0.7144579189526166,100221,100221,-1,False,10.163250463433696,0.1298494961812566,1.3484954833984375,9.968476219161811,12.123006313906943,12.123006313906943,0.30900544,0.024430985005135,0.0662909047236534,,0.0,0.0,86473832.0,,-2.2263657587129595,0.0021962121928284,0.0141754150390625,0.0156097412109375,6227203,True,0.9662921348314607,age_lum_gyr,top,0.6067415730337079,0.17228464419475656,0.12359550561797752,0.9625468164794008,,,,,,
171673,171673,0.734682944021175,171673,171673,-1,False,9.785361657641122,-0.0329336483533493,0.926971435546875,9.834762130171146,12.302164042683891,12.302164042683891,0.3424063,-0.0281848937762369,-0.0015766759661935,,0.0,0.0,48727320.0,,-2.097589131776314,0.0001740359682173,0.0125579833984375,0.0133514404296875,73320576,True,0.9887640449438202,age_lum_gyr,top,0.27715355805243447,0.056179775280898875,0.056179775280898875,0.9850187265917603,,,,,,
190293,190293,0.7092008799549306,190293,190293,-1,False,10.164993453660497,0.1525863551326501,1.4209747314453125,9.93611392096152,12.078216881712708,12.108076503175532,0.3048401,-0.0372496871834161,0.0607366447941358,,0.0,0.0,56810412.0,,-2.410565514784966,0.0050089770335202,0.012298583984375,0.015411376953125,11116594,True,0.951310861423221,age_lum_gyr,top,0.5655430711610487,0.1760299625468165,0.17228464419475656,0.9569288389513109,,,,,,
284458,284458,0.7116675477635107,284458,284458,-1,False,10.357210186384023,0.2184491798605675,1.6536712646484375,10.02953641659317,12.078216881712708,12.09314669244412,0.31293076,-0.0271307804385816,0.0262969147579931,,0.0,0.0,63139624.0,,-2.556908195068107,0.0033776502975812,0.0125885009765625,0.0142364501953125,27053327,True,0.9550561797752809,age_lum_gyr,top,0.7265917602996255,0.3782771535580524,0.31835205992509363,0.951310861423221,,,,,,
682377,682377,0.7124545366045215,682377,682377,-1,False,9.545180535015948,-0.1669017015034495,0.6809234619140625,9.795533087271124,12.197655367564009,12.152865935369768,0.36531448,-0.1683384692482703,-0.1554163578473391,,0.0,0.0,98217192.0,,-1.5529930213915868,0.0462998312467674,0.00909423828125,0.009368896484375,64798628,True,0.9588014981273408,age_lum_gyr,top,0.16853932584269662,0.02247191011235955,0.026217228464419477,0.9662921348314607,,,,,,
1782066,1782066,0.7404743771822154,1782066,1782066,-1,False,10.265943444470292,0.2535579359840559,1.79290771484375,9.885606540494209,12.436532339266607,12.45146214999802,0.3384374,-0.0731808237094796,-0.0426716612508377,,0.0,0.0,54065212.0,,-2.5330255341891417,0.0024482644611471,0.011322021484375,0.01214599609375,6955316,True,0.9925093632958801,age_lum_gyr,top,0.39325842696629215,0.2696629213483146,0.3951310861423221,0.9925093632958801,,,,,,
4191,4191,0.659869495975509,4191,4191,-1,False,10.386726221307434,0.4234448826384523,2.651214599609375,9.751558897349756,11.704971613427396,11.675111991964569,0.2873737,-0.1313400321881375,-0.0157013186577998,,0.0,0.0,107977912.0,,-2.3533912961685584,0.2211431043063603,0.0099029541015625,0.0129241943359375,22848537,True,0.6554307116104869,compactness,bottom,0.018726591760299626,,,,,,,,,
29113,29113,0.6004966686491379,29113,29113,-1,False,10.897752139792772,0.7650146116672002,5.82122802734375,9.750230222291972,11.421305209530558,11.391445588067732,0.2527125,-0.0714284562402138,0.0667152276513052,,0.0,0.0,757675520.0,,-2.0182688840870457,0.5327561250232662,0.0113677978515625,0.015625,33722541,True,0.0149812734082397,compactness,bottom,0.003745318352059925,,,,,,,,,
42536,42536,0.6195340219782417,42536,42536,-1,True,10.138700752952428,0.258153687673205,1.811981201171875,9.75147022144262,11.85426972074152,11.55567350611327,0.26432908,-0.1676103978591376,-0.0691029112890403,-12.067135868844389,8.567697632409921e-13,44304496.26264769,44304496.26264769,-2.4922529499129173,-2.4922529499129173,0.0950500567545981,0.0091094970703125,0.0114288330078125,43968228,True,0.21722846441947566,compactness,bottom,0.0149812734082397,,,,,,,,,
83700,83700,0.6566717963671045,83700,83700,-1,False,9.919921235063748,0.1129389950905936,1.2969970703125,9.750512742427857,11.421305209530558,11.481024452456207,0.20959383,0.0008979431616618,0.1427751016862415,,0.0,0.0,8035432.5,,-3.0149119778214617,0.0003772384886386,0.013427734375,0.01861572265625,2695320,True,0.602996254681648,compactness,bottom,0.00749063670411985,,,,,,,,,
436157,436157,0.632480981104096,436157,436157,-1,False,10.427865747331762,0.4459711591067303,2.7923583984375,9.758909008671663,11.540743695381856,11.525813884650445,0.27554476,-0.02977087660479,0.0568493484908118,,0.0,0.0,366026816.0,,-1.864352843319296,0.7425718400904932,0.01251220703125,0.0152740478515625,6955316,True,0.33707865168539325,compactness,bottom,0.04868913857677903,,,,,,,,,
708413,708413,0.6669746959515012,708413,708413,-1,True,10.322323907291398,0.3780344112587682,2.38800048828125,9.755272290403246,11.600462938307508,11.585533127576094,0.25434065,-0.0935514712987377,0.0082383063274051,,0.0,57954246.40208648,57954246.40208648,-2.559238644361429,-2.559238644361429,0.0713585886868605,0.01080322265625,0.0136566162109375,58707407,True,0.7265917602996255,compactness,bottom,0.03745318352059925,,,,,,,,,
717639,717639,0.6098542589930279,717639,717639,-1,True,10.505355484008726,0.500014608598612,3.162384033203125,9.755333571110809,11.331726345142082,11.033130130513833,0.22711185,-0.1129960603033624,-0.0250301984382332,-12.198484372834043,6.331631443339709e-13,129634498.53098293,129634498.53098293,-2.392634891981273,-2.392634891981273,0.1084271322090061,0.0103302001953125,0.0126495361328125,62901910,True,0.10486891385767791,compactness,bottom,0.04119850187265917,,,,,,,,,
759540,759540,0.636711124282444,759540,759540,-1,False,9.800385920965748,0.0317091863676995,1.07574462890625,9.752822141414198,11.212287859290782,11.272007102216431,0.23045176,-0.0208592709952467,0.0954325930089051,,0.0,0.0,1458388.125,,-3.636512801569492,0.0147581131750732,0.0127716064453125,0.016693115234375,72648696,True,0.3857677902621723,compactness,bottom,0.026217228464419477,,,,,,,,,
789289,789289,0.64428074205663,789289,789289,-1,False,9.78951099954118,0.0247230655070335,1.0585784912109375,9.75242640128063,11.988638017324233,11.943848585129992,0.29777703,-0.0459576376980653,-0.0095915651572644,,0.0,0.0,95624504.0,,-1.8089418040396037,0.0132885061133114,0.012054443359375,0.0131072998046875,73320576,True,0.47191011235955055,compactness,bottom,0.02247191011235955,,,,,,,,,
794862,794862,0.6183361170396101,794862,794862,-1,True,10.310043320492284,0.3682115001938997,2.3345947265625,9.757726070201434,11.600462938307508,11.436235020261968,0.23407215,-0.1136380330468708,-0.0329603240993055,,0.0,55056534.08198215,55056534.08198215,-2.569234452273466,-2.569234452273466,0.0304799686132346,0.01031494140625,0.012420654296875,86049352,True,0.19850187265917604,compactness,bottom,0.0449438202247191,,,,,,,,,
1870301,1870301,0.6936497593756278,1870301,1870301,-1,False,9.919921235063748,0.1110187510695016,1.2912750244140625,9.753393108459496,11.869199531472931,11.913988963667167,0.28182575,-0.1360497009196534,-9.021308240422508e-05,,0.0,0.0,7320536.0,,-3.0553783543714617,0.0007592361025168,0.009796142578125,0.013397216796875,15472933,True,0.898876404494382,compactness,bottom,0.033707865168539325,,,,,,,,,
3786109,3786109,0.6990965993191339,3786109,3786109,-1,False,9.218651342836148,-0.3550189222616707,0.4415512084960937,9.751179726228656,11.510884073919032,11.510884073919032,0.513038,-0.3951953108555885,-0.3872822282212195,,0.0,0.0,0.0,,,0.1754284353650861,0.0053939819335937,0.0054931640625,58963059,True,0.9250936329588015,compactness,bottom,0.011235955056179775,,,,,,,,,
10223610,10223610,0.6176055146725293,10223610,10223610,-1,True,10.162084571506908,0.272541570171307,1.873016357421875,9.753272216249949,11.242147480753609,10.211990540286145,0.25949222,-0.1387640502673444,-0.0287129114484563,-11.158300103005796,6.945442128516575e-12,32980541.53802948,32980541.53802948,-2.643826789056895,-2.643826789056895,0.1187469094824708,0.009735107421875,0.012542724609375,86226173,True,0.1797752808988764,compactness,bottom,0.0299625468164794,,,,,,,,,
2226,2226,0.664697544972055,2226,2226,-1,False,10.691912176742573,0.1974101297047395,1.575469970703125,10.395796982185464,11.525813884650445,11.570603316844682,0.28135702,0.0422906283198868,0.1574746259196087,,0.0,106757822.31963298,106757822.31963298,-2.663512470415156,-2.663512470415156,0.1935825667166976,0.0147705078125,0.019256591796875,6227203,True,0.704119850187266,compactness,top,0.9887640449438202,,,,,,,,,
61127,61127,0.6699223508183056,61127,61127,-1,True,10.63842682246272,0.1407680889553509,1.3828277587890625,10.427274689029693,11.421305209530558,11.406375398799144,0.29274037,0.04541988671003,0.125342882693565,-14.221385374589548,6.006405179003806e-15,127041808.56036323,127041808.56036323,-2.534480154742772,-2.534480154742772,0.1270197593302371,0.0148773193359375,0.01788330078125,83016374,True,0.7490636704119851,compactness,top,0.9962546816479401,,,,,,,,,
72033,72033,0.6611736134081211,72033,72033,-1,False,10.620112884317548,0.2062576570090996,1.6078948974609375,10.3107263988039,11.540743695381856,11.570603316844682,0.27692795,0.0336814834387859,0.1312317116566679,,0.0,127956875.60881723,127956875.60881723,-2.513049257175687,-2.513049257175687,0.1635349340001289,0.0144805908203125,0.01812744140625,4778400,True,0.6704119850187266,compactness,top,0.9588014981273408,,,,,,,,,
75441,75441,0.6283978052976779,75441,75441,-1,False,10.73828964525565,0.2288430481629583,1.6937255859375,10.395025073011212,10.824112780274058,10.868902212468294,0.30460978,0.0445281112798451,0.1567858161290561,,0.0,138480146.66603822,138480146.66603822,-2.5969021304214044,-2.5969021304214044,0.5037417905164681,0.0148468017578125,0.01922607421875,87581506,True,0.30711610486891383,compactness,top,0.9850187265917603,,,,,,,,,
104782,104782,0.6943957712516015,104782,104782,-1,False,10.840495247120716,0.3098138600695669,2.040863037109375,10.375774457016368,11.839339910010109,11.704971613427396,0.28358793,0.0581489838204937,0.1756711602894299,-11.984215343126648,1.0370140891585157e-12,227241650.36607596,227241650.36607596,-2.484007312395283,-2.484007312395283,0.1058572211250217,0.01531982421875,0.02008056640625,14461431,True,0.9026217228464419,compactness,top,0.9775280898876404,,,,,,,,,
141036,141036,0.6006012868655463,141036,141036,-1,False,10.739526952308816,0.1813431501220263,1.51824951171875,10.467512227125775,10.600165619302867,8.644360413487833,0.25491568,0.027226881884011,0.151933313334644,-10.671000239428125,2.1330437371915008e-11,141225347.8114002,141225347.8114002,-2.589614299313721,-2.589614299313721,0.1267763548269496,0.0142669677734375,0.019012451171875,57896067,True,0.018726591760299626,compactness,top,1.0,,,,,,,,,
308423,308423,0.6387986712863496,308423,308423,-1,False,10.528557739089823,0.1032517276874619,1.2683868408203125,10.37368014755863,10.70467429442276,8.808588331533372,0.29249516,0.0018838561433129,0.0970176111255663,-10.903886422001266,1.2477097763908606e-11,70917696.25518477,70917696.25518477,-2.67780311988671,-2.67780311988671,0.1118148055756126,0.013458251953125,0.016754150390625,46091846,True,0.4232209737827715,compactness,top,0.9737827715355806,,,,,,,,,
682784,682784,0.691543936038801,682784,682784,-1,False,10.533549684647324,0.0735216825609374,1.1844635009765625,10.423267160805915,11.675111991964569,11.570603316844682,0.31991398,0.0336814834387859,0.111028325568381,,0.0,0.0,104317640.0,,-2.5151919312841216,0.0534210702179221,0.0144805908203125,0.017303466796875,64798628,True,0.8801498127340824,compactness,top,0.9925093632958801,,,,,,,,,
761509,761509,0.680198273787178,761509,761509,-1,False,10.687756216971415,0.2026363598233737,1.59454345703125,10.383801677236354,11.525813884650445,11.570603316844682,0.29545802,0.0784310108292134,0.1148412954684986,,0.0,195824348.36915532,195824348.36915532,-2.39588952692542,-2.39588952692542,0.169471379912742,0.01605224609375,0.0174560546875,84415698,True,0.797752808988764,compactness,top,0.9812734082397003,,,,,,,,,
769618,769618,0.6520426553405002,769618,769618,-1,True,10.82301122205569,0.3342765092366099,2.15911865234375,10.321596458200776,11.540743695381856,11.033130130513833,0.27500212,0.0121030213249989,0.1512356513662931,-11.23756652836885,5.786733361934406e-12,255608728.86814985,255608728.86814985,-2.4154355414482733,-2.4154355414482733,0.225753103810259,0.0137786865234375,0.01898193359375,74192769,True,0.5543071161048689,compactness,top,0.9625468164794008,,,,,,,,,
809503,809503,0.6315994382294959,809503,809503,-1,False,10.61766614837046,0.1915876911243339,1.5544891357421875,10.330284611683958,11.01820031978242,11.048059941245246,0.27943936,0.0220872422315999,0.1155998886428644,,0.0,102792531.77633232,102792531.77633232,-2.60570458552198,-2.60570458552198,0.1029851858657342,0.01409912109375,0.017486572265625,2235781,True,0.31835205992509363,compactness,top,0.9700374531835206,,,,,,,,,
995106,995106,0.6802090174058896,995106,995106,-1,True,10.57561866552784,0.1894509365955133,1.5468597412109375,10.29144226063457,11.61539274903892,11.49595426318762,0.3058913,-0.0737665210091785,0.0192579522127356,-13.407143768411746,3.9161221673035496e-14,166237180.4691428,166237180.4691428,-2.3548905012740566,-2.3548905012740566,0.1859756537604235,0.0113067626953125,0.014007568359375,7598329,True,0.8014981273408239,compactness,top,0.951310861423221,,,,,,,,,
3028815,3028815,0.6531510103884934,3028815,3028815,-1,False,10.63055895362242,0.2021165578679593,1.5926361083984375,10.327384116820484,11.048059941245246,11.107779184170894,0.3014883,0.0654410130984035,0.1969233140496728,,0.0,0.0,88303968.0,,-2.6845787342828458,0.2788978616997826,0.0155792236328125,0.021087646484375,4778400,True,0.5767790262172284,compactness,top,0.9662921348314607,,,,,,,,,
3198019,3198019,0.6124418973164785,3198019,3198019,-1,True,10.642307942858052,0.2273733530821827,1.6880035400390625,10.30124791323478,10.83904259100547,8.972816249578909,0.25630334,-0.0080774631637939,0.1512356513662931,-10.838921222887665,1.4490346715623078e-11,84643701.98199472,84643701.98199472,-2.714713293422216,-2.714713293422216,0.2364810784596989,0.013153076171875,0.01898193359375,14735979,True,0.13108614232209737,compactness,top,0.9550561797752809,,,,,,,,,
17910,17910,0.6208004211758845,17910,17910,-1,False,9.510619724001083,-0.2534440471974434,0.5578994750976562,9.890785794797248,11.06298975197666,11.107779184170894,0.17963186,0.1392006413279433,0.1643032961942918,,0.0,0.0,243362.546875,,-4.124365982223247,0.0,0.018463134765625,0.019561767578125,15472933,True,0.23220973782771537,exsitu_frac,bottom,0.41947565543071164,0.018726591760299626,0.011235955056179775,0.17790262172284643,0.0299625468164794,0.9925093632958801,0.9625468164794008,,0.013108614232209739,
18005,18005,0.7227492410942181,18005,18005,-1,False,9.74459390669212,-0.0780958071115431,0.835418701171875,9.861737617359434,12.003567828055646,12.033427449518468,0.30787736,0.0624532260088104,0.0954325930089051,,0.0,0.0,13020641.0,,-2.6299615418216606,0.0003638208047919,0.015472412109375,0.016693115234375,15472933,True,0.9775280898876404,exsitu_frac,bottom,0.3258426966292135,0.04868913857677903,0.0449438202247191,0.9344569288389513,0.8876404494382022,0.9250936329588015,0.6966292134831461,,0.03745318352059925,
83700,83700,0.6566717963671045,83700,83700,-1,False,9.919921235063748,0.1129389950905936,1.2969970703125,9.750512742427857,11.421305209530558,11.481024452456207,0.20959383,0.0008979431616618,0.1427751016862415,,0.0,0.0,8035432.5,,-3.0149119778214617,0.0003772384886386,0.013427734375,0.01861572265625,2695320,True,0.602996254681648,exsitu_frac,bottom,0.00749063670411985,0.08426966292134831,0.11235955056179775,0.5636704119850188,0.0599250936329588,0.7153558052434457,0.9026217228464419,,0.04119850187265917,
112514,112514,0.6804460923564565,112514,112514,-1,False,9.708812927280771,-0.0741476482665508,0.843048095703125,9.8200343996806,11.570603316844682,11.600462938307508,0.25170717,0.0422906283198868,0.0511722155991213,,0.0,0.0,21732842.0,,-2.371696404632051,0.0002115120941523,0.0147705078125,0.01507568359375,35779442,True,0.8052434456928839,exsitu_frac,bottom,0.2397003745318352,0.0449438202247191,0.052434456928838954,0.6704119850187266,0.2808988764044944,0.8745318352059925,0.4250936329588015,,0.0299625468164794,
139676,139676,0.6177370286401197,139676,139676,-1,False,9.578313365891256,-0.2096956326109235,0.6170272827148438,9.89285681480764,11.242147480753609,11.301866723679256,0.15853179,0.1629461248338746,0.1815711005920234,,0.0,0.0,33473.51953125,,-5.053611987783816,0.0,0.019500732421875,0.020355224609375,59411473,True,0.18352059925093633,exsitu_frac,bottom,0.42696629213483145,0.0299625468164794,0.018726591760299626,0.36142322097378277,0.003745318352059925,0.9962546816479401,0.9775280898876404,,0.013108614232209739,
171673,171673,0.734682944021175,171673,171673,-1,False,9.785361657641122,-0.0329336483533493,0.926971435546875,9.834762130171146,12.302164042683891,12.302164042683891,0.3424063,-0.0281848937762369,-0.0015766759661935,,0.0,0.0,48727320.0,,-2.097589131776314,0.0001740359682173,0.0125579833984375,0.0133514404296875,73320576,True,0.9887640449438202,exsitu_frac,bottom,0.27715355805243447,0.056179775280898875,0.056179775280898875,0.9850187265917603,0.9887640449438202,0.5636704119850188,0.12359550561797752,,0.026217228464419477,
189629,189629,0.69951897542127,189629,189629,-1,False,9.832090879907607,-0.0881261486024706,0.81634521484375,9.964280102811315,11.764690856353043,11.779620667084457,0.29670095,0.0700949683026857,0.079255881888021,,0.0,0.0,52006308.0,,-2.116034856206612,0.0,0.0157470703125,0.016082763671875,11116594,True,0.9288389513108615,exsitu_frac,bottom,0.602996254681648,0.06741573033707865,0.04119850187265917,0.8202247191011236,0.7677902621722846,0.9363295880149812,0.5936329588014981,,0.013108614232209739,
218313,218313,0.685368226449491,218313,218313,-1,False,9.550583023946103,-0.1554959386384959,0.6990432739257812,9.783826931903848,11.869199531472931,11.913988963667167,0.32596877,-0.1360497009196534,-0.1611121048222205,,0.0,0.0,29549040.0,,-2.080039648017327,0.0,0.009796142578125,0.009246826171875,15773704,True,0.8352059925093633,exsitu_frac,bottom,0.14232209737827714,0.026217228464419477,0.0299625468164794,0.8801498127340824,0.949438202247191,0.035580524344569285,0.009363295880149813,,0.013108614232209739,
246865,246865,0.6617600857676199,246865,246865,-1,False,9.46223808961426,-0.266251577568605,0.54168701171875,9.861615455967168,11.286936912947844,11.316796534410669,0.17620641,0.2105347965273399,0.2135697109177747,,0.0,0.0,7444451.5,,-2.590405384745496,0.0,0.021759033203125,0.02191162109375,24619523,True,0.6779026217228464,exsitu_frac,bottom,0.32209737827715357,0.00749063670411985,0.00749063670411985,0.37640449438202245,0.02247191011235955,1.0,0.9850187265917603,,0.013108614232209739,
325018,325018,0.6499127719203154,325018,325018,-1,False,9.4636979043733,-0.2103673952845398,0.6160736083984375,9.779248997300112,11.764690856353043,11.749761045621632,0.26921585,0.0498515015091049,0.0611664266024943,,0.0,0.0,30159.6796875,,-4.984271179598973,0.0,0.0150299072265625,0.0154266357421875,64798628,True,0.5355805243445693,exsitu_frac,bottom,0.1198501872659176,0.011235955056179775,0.0149812734082397,0.7883895131086143,0.47191011235955055,0.9044943820224719,0.4794007490636704,,0.013108614232209739,
789267,789267,0.7090781361721415,789267,789267,-1,False,9.504692944624848,-0.1842757975728722,0.6542205810546875,9.781106640984156,11.869199531472931,11.884129342204345,0.33198464,-0.1930763341371605,-0.1611121048222205,,0.0,0.0,440852.59375,,-3.860399544323597,0.000310851147956,0.0085906982421875,0.009246826171875,73320576,True,0.947565543071161,exsitu_frac,bottom,0.12734082397003746,0.0149812734082397,0.02247191011235955,0.8651685393258427,0.9737827715355806,0.00749063670411985,0.009363295880149813,,0.033707865168539325,
1870301,1870301,0.6936497593756278,1870301,1870301,-1,False,9.919921235063748,0.1110187510695016,1.2912750244140625,9.753393108459496,11.869199531472931,11.913988963667167,0.28182575,-0.1360497009196534,-9.021308240422508e-05,,0.0,0.0,7320536.0,,-3.0553783543714617,0.0007592361025168,0.009796142578125,0.013397216796875,15472933,True,0.898876404494382,exsitu_frac,bottom,0.033707865168539325,0.08426966292134831,0.10486891385767791,0.8801498127340824,0.599250936329588,0.035580524344569285,0.13857677902621723,,0.0449438202247191,
1896059,1896059,0.6838720708795906,1896059,1896059,-1,False,10.020485921660583,0.1674844604353142,1.4705657958984375,9.769259231007611,11.540743695381856,11.570603316844682,0.29691696,0.0028675360245663,0.0849865237040308,,0.0,0.0,43389428.0,,-2.38310199676947,0.0010968893658698,0.01348876953125,0.01629638671875,12197019,True,0.8239700374531835,exsitu_frac,bottom,0.07865168539325842,0.09737827715355805,0.20037453183520598,0.6423220973782772,0.7790262172284644,0.7303370786516854,0.6273408239700374,,0.04868913857677903,
304,304,0.6521650115556714,304,304,-1,True,10.970302806941383,0.7621592793443732,5.7830810546875,9.827063887924822,11.675111991964569,11.525813884650445,0.28659463,-0.118808266512961,0.0248982195654283,-13.169266141496848,6.772263669999588e-14,690570599.233283,690570599.233283,-2.131094722448008,-2.131094722448008,0.590490519874479,0.01019287109375,0.014190673828125,28659351,True,0.5580524344569289,exsitu_frac,top,0.25842696629213485,0.9588014981273408,0.9775280898876404,0.6086142322097379,0.6704119850187266,0.056179775280898875,0.27340823970037453,0.09523809523809523,0.951310861423221,
553,553,0.7124777848063014,553,553,-1,False,10.647683893684064,0.5862112336393396,3.856658935546875,9.768367043225052,12.242444799758244,12.242444799758244,0.32596877,-0.0772973899043118,-0.0005851356224662,,0.0,0.0,351995776.0,,-2.101146441770983,0.6524647899751719,0.0112152099609375,0.0133819580078125,4778400,True,0.9625468164794008,exsitu_frac,top,0.07116104868913857,0.7771535580524345,0.9101123595505618,0.9775280898876404,0.949438202247191,0.2303370786516854,0.1348314606741573,,0.9625468164794008,
1685,1685,0.6598136854666824,1685,1685,-1,False,11.126075387630124,0.5770952726458884,3.77655029296875,10.260432478661292,11.764690856353043,11.749761045621632,0.30601627,0.0149791542334606,0.1231138214344884,,0.0,0.0,1142003712.0,,-2.0684078720753774,0.700238967527253,0.0138702392578125,0.017791748046875,15472933,True,0.651685393258427,exsitu_frac,top,0.9176029962546817,0.9850187265917603,0.898876404494382,0.7883895131086143,0.8726591760299626,0.7790262172284644,0.8370786516853933,,0.9812734082397003,
3173,3173,0.6360965679873668,3173,3173,-1,False,11.276386993269425,0.970980543894716,9.3536376953125,9.819916177427348,11.45116483099338,11.45116483099338,0.27532235,-0.0633429530930264,0.0985968655272594,,0.0,0.0,1842334976.0,,-2.011018396180558,0.7520847952103176,0.0115814208984375,0.016815185546875,46091846,True,0.36704119850187267,exsitu_frac,top,0.23595505617977527,0.9943820224719101,0.9962546816479401,0.5262172284644194,0.5580524344569289,0.3352059925093633,0.7209737827715356,,0.9962546816479401,
3859,3859,0.6047750707089494,3859,3859,-1,True,10.632934316783237,0.5677838550991038,3.696441650390625,9.78125853413458,11.436235020261968,10.973410887588182,0.25651252,-0.1085286272683905,0.032306407413286,-11.839359464555924,1.4475732045012668e-12,211685510.542358,211685510.542358,-2.3072431843512384,-2.3072431843512384,0.663846007295756,0.01043701171875,0.014434814453125,46823071,True,0.07116104868913857,exsitu_frac,top,0.13108614232209737,0.7453183520599251,0.8951310861423221,0.11423220973782772,0.33707865168539325,0.0898876404494382,0.31647940074906367,0.5238095238095238,0.9662921348314607,
5612,5612,0.6969484753478227,5612,5612,-1,False,10.902871583928803,0.4942133817196615,3.12042236328125,10.16155151134931,12.063287070981294,12.04835726024988,0.29990324,0.0111400619905561,0.0962258251598435,,0.0,711312118.9982404,711312118.9982404,-2.050811375864685,-2.050811375864685,0.6171052884799161,0.0137481689453125,0.0167236328125,66629641,True,0.9176029962546817,exsitu_frac,top,0.850187265917603,0.9250936329588015,0.8258426966292135,0.9419475655430711,0.8127340823970037,0.7659176029962547,0.7059925093632958,,0.9550561797752809,
23328,23328,0.6325683073057371,23328,23328,-1,False,10.170180841593082,0.2026363598233737,1.59454345703125,9.86622630185802,11.182428237827958,11.19735804855937,0.25621098,0.0776045700814312,0.1370417579332989,,0.0,0.0,166542192.0,,-1.9486565651230936,0.696472891649774,0.016021728515625,0.01837158203125,6227203,True,0.3408239700374532,exsitu_frac,top,0.3408239700374532,0.18352059925093633,0.2902621722846442,0.24719101123595505,0.3295880149812734,0.951310861423221,0.8838951310861424,,0.9737827715355806,
40638,40638,0.6469504784134035,40638,40638,-1,True,11.116327080946231,0.8057340923425962,6.3934326171875,9.907725942432336,11.869199531472931,11.421305209530558,0.27087712,-0.0696831311240454,0.0938417689521169,-11.54553114464053,2.847533587148497e-12,877244277.1178985,877244277.1178985,-2.173206537258246,-2.173206537258246,0.7382658268391085,0.01141357421875,0.016632080078125,40758960,True,0.49812734082397003,exsitu_frac,top,0.4794007490636704,0.9812734082397003,0.9887640449438202,0.50187265917603,0.5093632958801498,0.301498127340824,0.6797752808988764,0.6825396825396826,0.9850187265917603,
44523,44523,0.6064688200675034,44523,44523,-1,False,10.974638561574103,0.6459180672752569,4.425048828125,10.005761460661216,11.45116483099338,11.316796534410669,0.27004686,-0.0218982535049046,0.1001703979801726,-12.49683618648264,3.1853988102646863e-13,752795158.5281549,752795158.5281549,-2.0979617442357585,-2.0979617442357585,0.8266702284130598,0.0127410888671875,0.016876220703125,35276896,True,0.08239700374531835,exsitu_frac,top,0.6891385767790262,0.9625468164794008,0.9550561797752809,0.37640449438202245,0.49063670411985016,0.6104868913857678,0.7340823970037453,0.20634920634920634,1.0,
51474,51474,0.6135802877116582,51474,51474,-1,False,11.344051032413851,1.0468429294967567,11.138916015625,9.77378663816872,11.585533127576094,11.466094641724794,0.3078042,-0.0005851356224662,0.0734486103102735,,0.0,5329350490.196078,5329350490.196078,-1.617376749412068,-1.617376749412068,0.6804681895289981,0.0133819580078125,0.015869140625,59411473,True,0.1348314606741573,exsitu_frac,top,0.09737827715355805,1.0,1.0,0.5449438202247191,0.8838951310861424,0.7116104868913857,0.5468164794007491,,0.9700374531835206,
245505,245505,0.6102369265141454,245505,245505,-1,False,11.276386993269425,0.8656651457501326,7.3394775390625,9.977889274644223,11.80948028854728,11.704971613427396,0.27587023,-0.0554052350701818,0.0709358097694169,-13.33443999234058,4.6297763024696977e-14,1964343930.681247,1964343930.681247,-1.9831694639324688,-1.9831694639324688,0.6480011016664744,0.0117950439453125,0.015777587890625,33722541,True,0.10861423220973783,exsitu_frac,top,0.6329588014981273,0.9943820224719101,0.9925093632958801,0.7490636704119851,0.5655430711610487,0.3895131086142322,0.5374531835205992,0.07936507936507936,0.9588014981273408,
436157,436157,0.632480981104096,436157,436157,-1,False,10.427865747331762,0.4459711591067303,2.7923583984375,9.758909008671663,11.540743695381856,11.525813884650445,0.27554476,-0.02977087660479,0.0568493484908118,,0.0,0.0,366026816.0,,-1.864352843319296,0.7425718400904932,0.01251220703125,0.0152740478515625,6955316,True,0.33707865168539325,exsitu_frac,top,0.04868913857677903,0.4756554307116105,0.7640449438202247,0.6086142322097379,0.5617977528089888,0.550561797752809,0.45131086142322097,,0.9887640449438202,
1172843,1172843,0.6280945210452531,1172843,1172843,-1,False,10.95175624492036,0.7941802324661809,6.2255859375,9.76048589622109,11.570603316844682,11.525813884650445,0.26029,-0.0923263802694314,0.0404923049143239,,0.0,560631078.3528155,560631078.3528155,-2.203079075893128,-2.203079075893128,0.7490201964379777,0.010833740234375,0.01470947265625,18984138,True,0.30337078651685395,exsitu_frac,top,0.056179775280898875,0.9456928838951311,0.9850187265917603,0.6086142322097379,0.38202247191011235,0.15355805243445692,0.350187265917603,,0.9925093632958801,
11322651,11322651,0.6499601665799971,11322651,11322651,-1,False,11.1473613146862,0.6108438557335482,4.08172607421875,10.23109553108588,11.077919562708068,11.122708994902307,0.3003366,0.0906425317820438,0.2806892853057509,,0.0,0.0,468514304.0,,-2.476638460010028,0.699667513839768,0.016510009765625,0.02557373046875,46091846,True,0.5393258426966292,exsitu_frac,top,0.9026217228464419,0.9887640449438202,0.9325842696629213,0.19101123595505617,0.8239700374531835,0.9700374531835206,1.0,,0.9775280898876404,
17910,17910,0.6208004211758845,17910,17910,-1,False,9.510619724001083,-0.2534440471974434,0.5578994750976562,9.890785794797248,11.06298975197666,11.107779184170894,0.17963186,0.1392006413279433,0.1643032961942918,,0.0,0.0,243362.546875,,-4.124365982223247,0.0,0.018463134765625,0.019561767578125,15472933,True,0.23220973782771537,logM,bottom,0.41947565543071164,0.018726591760299626,,,,,,,,
18005,18005,0.7227492410942181,18005,18005,-1,False,9.74459390669212,-0.0780958071115431,0.835418701171875,9.861737617359434,12.003567828055646,12.033427449518468,0.30787736,0.0624532260088104,0.0954325930089051,,0.0,0.0,13020641.0,,-2.6299615418216606,0.0003638208047919,0.015472412109375,0.016693115234375,15472933,True,0.9775280898876404,logM,bottom,0.3258426966292135,0.04868913857677903,,,,,,,,
74285,74285,0.6951509463023098,74285,74285,-1,False,9.618891239399764,-0.1218747316901304,0.75531005859375,9.801703336934962,11.80948028854728,11.824410099278694,0.32939854,-0.0377888486206382,-0.014165803274214,,0.0,0.0,130397048.0,,-1.5036234796896175,0.0129384874437614,0.0122833251953125,0.012969970703125,4778400,True,0.9101123595505618,logM,bottom,0.18726591760299627,0.03745318352059925,,,,,,,,
80976,80976,0.6033654774044561,80976,80976,-1,False,9.697051816394984,-0.0761172411294552,0.8392333984375,9.811227678089166,11.13763880563372,11.227217670022194,0.16668242,0.0866100563682444,0.1716928624073946,,0.0,0.0,5423678.5,,-2.962757878495813,0.004904024865541,0.016357421875,0.0198974609375,11116594,True,0.0599250936329588,logM,bottom,0.20973782771535582,0.04119850187265917,,,,,,,,
112514,112514,0.6804460923564565,112514,112514,-1,False,9.708812927280771,-0.0741476482665508,0.843048095703125,9.8200343996806,11.570603316844682,11.600462938307508,0.25170717,0.0422906283198868,0.0511722155991213,,0.0,0.0,21732842.0,,-2.371696404632051,0.0002115120941523,0.0147705078125,0.01507568359375,35779442,True,0.8052434456928839,logM,bottom,0.2397003745318352,0.0449438202247191,,,,,,,,
139676,139676,0.6177370286401197,139676,139676,-1,False,9.578313365891256,-0.2096956326109235,0.6170272827148438,9.89285681480764,11.242147480753609,11.301866723679256,0.15853179,0.1629461248338746,0.1815711005920234,,0.0,0.0,33473.51953125,,-5.053611987783816,0.0,0.019500732421875,0.020355224609375,59411473,True,0.18352059925093633,logM,bottom,0.42696629213483145,0.0299625468164794,,,,,,,,
189514,189514,0.6548322989200139,189514,189514,-1,False,9.58717682622256,-0.1229728219891824,0.7534027099609375,9.771636059206331,11.570603316844682,11.61539274903892,0.22490847,0.0053170319817069,0.003848992898544,,0.0,0.0,17824744.0,,-2.336153525016229,0.00111495214864,0.0135650634765625,0.013519287109375,11116594,True,0.5955056179775281,logM,bottom,0.08614232209737828,0.033707865168539325,,,,,,,,
218313,218313,0.685368226449491,218313,218313,-1,False,9.550583023946103,-0.1554959386384959,0.6990432739257812,9.783826931903848,11.869199531472931,11.913988963667167,0.32596877,-0.1360497009196534,-0.1611121048222205,,0.0,0.0,29549040.0,,-2.080039648017327,0.0,0.009796142578125,0.009246826171875,15773704,True,0.8352059925093633,logM,bottom,0.14232209737827714,0.026217228464419477,,,,,,,,
246865,246865,0.6617600857676199,246865,246865,-1,False,9.46223808961426,-0.266251577568605,0.54168701171875,9.861615455967168,11.286936912947844,11.316796534410669,0.17620641,0.2105347965273399,0.2135697109177747,,0.0,0.0,7444451.5,,-2.590405384745496,0.0,0.021759033203125,0.02191162109375,24619523,True,0.6779026217228464,logM,bottom,0.32209737827715357,0.00749063670411985,,,,,,,,
325018,325018,0.6499127719203154,325018,325018,-1,False,9.4636979043733,-0.2103673952845398,0.6160736083984375,9.779248997300112,11.764690856353043,11.749761045621632,0.26921585,0.0498515015091049,0.0611664266024943,,0.0,0.0,30159.6796875,,-4.984271179598973,0.0,0.0150299072265625,0.0154266357421875,64798628,True,0.5355805243445693,logM,bottom,0.1198501872659176,0.011235955056179775,,,,,,,,
682377,682377,0.7124545366045215,682377,682377,-1,False,9.545180535015948,-0.1669017015034495,0.6809234619140625,9.795533087271124,12.197655367564009,12.152865935369768,0.36531448,-0.1683384692482703,-0.1554163578473391,,0.0,0.0,98217192.0,,-1.5529930213915868,0.0462998312467674,0.00909423828125,0.009368896484375,64798628,True,0.9588014981273408,logM,bottom,0.16853932584269662,0.02247191011235955,,,,,,,,
789267,789267,0.7090781361721415,789267,789267,-1,False,9.504692944624848,-0.1842757975728722,0.6542205810546875,9.781106640984156,11.869199531472931,11.884129342204345,0.33198464,-0.1930763341371605,-0.1611121048222205,,0.0,0.0,440852.59375,,-3.860399544323597,0.000310851147956,0.0085906982421875,0.009246826171875,73320576,True,0.947565543071161,logM,bottom,0.12734082397003746,0.0149812734082397,,,,,,,,
3786109,3786109,0.6990965993191339,3786109,3786109,-1,False,9.218651342836148,-0.3550189222616707,0.4415512084960937,9.751179726228656,11.510884073919032,11.510884073919032,0.513038,-0.3951953108555885,-0.3872822282212195,,0.0,0.0,0.0,,,0.1754284353650861,0.0053939819335937,0.0054931640625,58963059,True,0.9250936329588015,logM,bottom,0.011235955056179775,0.003745318352059925,,,,,,,,
304,304,0.6521650115556714,304,304,-1,True,10.970302806941383,0.7621592793443732,5.7830810546875,9.827063887924822,11.675111991964569,11.525813884650445,0.28659463,-0.118808266512961,0.0248982195654283,-13.169266141496848,6.772263669999588e-14,690570599.233283,690570599.233283,-2.131094722448008,-2.131094722448008,0.590490519874479,0.01019287109375,0.014190673828125,28659351,True,0.5580524344569289,logM,top,0.25842696629213485,0.9588014981273408,,,,,,,,
1415,1415,0.6206592467390807,1415,1415,-1,True,11.081218923288708,0.6067659433131087,4.0435791015625,10.171070008319044,11.466094641724794,11.107779184170894,0.24523365,-0.0167280200388144,0.1505368668520546,-11.652325541608088,2.226765368587537e-12,444722585.5486425,444722585.5486425,-2.4331297373296112,-2.4331297373296112,0.4011354064055706,0.0128936767578125,0.018951416015625,8762177,True,0.22846441947565543,logM,top,0.8651685393258427,0.9775280898876404,,,,,,,,
1685,1685,0.6598136854666824,1685,1685,-1,False,11.126075387630124,0.5770952726458884,3.77655029296875,10.260432478661292,11.764690856353043,11.749761045621632,0.30601627,0.0149791542334606,0.1231138214344884,,0.0,0.0,1142003712.0,,-2.0684078720753774,0.700238967527253,0.0138702392578125,0.017791748046875,15472933,True,0.651685393258427,logM,top,0.9176029962546817,0.9850187265917603,,,,,,,,
3173,3173,0.6360965679873668,3173,3173,-1,False,11.276386993269425,0.970980543894716,9.3536376953125,9.819916177427348,11.45116483099338,11.45116483099338,0.27532235,-0.0633429530930264,0.0985968655272594,,0.0,0.0,1842334976.0,,-2.011018396180558,0.7520847952103176,0.0115814208984375,0.016815185546875,46091846,True,0.36704119850187267,logM,top,0.23595505617977527,0.9943820224719101,,,,,,,,
32330,32330,0.6476142037663953,32330,32330,-1,False,11.032450713690228,0.5836261398048461,3.833770751953125,10.15701150398296,12.018497638787055,11.958778395861406,0.30307966,0.0440815359377677,0.0833568989705226,,0.0,3299121732.026144,3299121732.026144,-1.514052373115525,-1.514052373115525,0.4907711225236892,0.01483154296875,0.0162353515625,46091846,True,0.5131086142322098,logM,top,0.846441947565543,0.9737827715355806,,,,,,,,
40638,40638,0.6469504784134035,40638,40638,-1,True,11.116327080946231,0.8057340923425962,6.3934326171875,9.907725942432336,11.869199531472931,11.421305209530558,0.27087712,-0.0696831311240454,0.0938417689521169,-11.54553114464053,2.847533587148497e-12,877244277.1178985,877244277.1178985,-2.173206537258246,-2.173206537258246,0.7382658268391085,0.01141357421875,0.016632080078125,40758960,True,0.49812734082397003,logM,top,0.4794007490636704,0.9812734082397003,,,,,,,,
44523,44523,0.6064688200675034,44523,44523,-1,False,10.974638561574103,0.6459180672752569,4.425048828125,10.005761460661216,11.45116483099338,11.316796534410669,0.27004686,-0.0218982535049046,0.1001703979801726,-12.49683618648264,3.1853988102646863e-13,752795158.5281549,752795158.5281549,-2.0979617442357585,-2.0979617442357585,0.8266702284130598,0.0127410888671875,0.016876220703125,35276896,True,0.08239700374531835,logM,top,0.6891385767790262,0.9625468164794008,,,,,,,,
51474,51474,0.6135802877116582,51474,51474,-1,False,11.344051032413851,1.0468429294967567,11.138916015625,9.77378663816872,11.585533127576094,11.466094641724794,0.3078042,-0.0005851356224662,0.0734486103102735,,0.0,5329350490.196078,5329350490.196078,-1.617376749412068,-1.617376749412068,0.6804681895289981,0.0133819580078125,0.015869140625,59411473,True,0.1348314606741573,logM,top,0.09737827715355805,1.0,,,,,,,,
64391,64391,0.6151488291360955,64391,64391,-1,False,10.956280186680408,0.5968198334575527,3.9520263671875,10.061050436494078,11.869199531472931,11.331726345142082,0.2597701,-0.0509336951112064,0.1216213990658051,-11.8706882585068,1.3468267746589701e-12,2171759128.33082,2171759128.33082,-1.6194685310664103,-1.6194685310664103,0.1955428447199472,0.0119171142578125,0.017730712890625,81807783,True,0.15355805243445692,logM,top,0.7715355805243446,0.951310861423221,,,,,,,,
69297,69297,0.605413483466434,69297,69297,-1,False,11.011827516566928,0.5323115369368849,3.406524658203125,10.2133602111616,11.361585966604906,11.227217670022194,0.28452337,-0.0020732963541037,0.1297669733983942,,0.0,491085982.67031175,491085982.67031175,-2.320669978557937,-2.320669978557937,0.4619345592707178,0.013336181640625,0.01806640625,66371631,True,0.0749063670411985,logM,top,0.8913857677902621,0.9700374531835206,,,,,,,,
245505,245505,0.6102369265141454,245505,245505,-1,False,11.276386993269425,0.8656651457501326,7.3394775390625,9.977889274644223,11.80948028854728,11.704971613427396,0.27587023,-0.0554052350701818,0.0709358097694169,-13.33443999234058,4.6297763024696977e-14,1964343930.681247,1964343930.681247,-1.9831694639324688,-1.9831694639324688,0.6480011016664744,0.0117950439453125,0.015777587890625,33722541,True,0.10861423220973783,logM,top,0.6329588014981273,0.9943820224719101,,,,,,,,
702000,702000,0.6161241624593478,702000,702000,-1,True,10.968847882693208,0.7219681210865181,5.27191162109375,9.885895701063433,11.13763880563372,10.943551266125358,0.29212287,-0.0997293063653456,0.0985968655272594,-12.517194248619376,3.0395252210676493e-13,467904284.1094772,467904284.1094772,-2.298690861103105,-2.298690861103105,0.5493000122292537,0.010650634765625,0.016815185546875,50928272,True,0.1647940074906367,logM,top,0.3970037453183521,0.9550561797752809,,,,,,,,
1451575,1451575,0.6649807873984348,1451575,1451575,-1,True,11.00584631975334,0.4894085996606108,3.086090087890625,10.271733420262423,12.16779574610118,11.61539274903892,0.33212906,0.0332236083495595,0.1526298563578984,-12.046904073862123,8.976270387564697e-13,1176166179.612871,1176166179.612871,-1.9353776325454068,-1.9353776325454068,0.32326423872023,0.01446533203125,0.01904296875,72107228,True,0.7116104868913857,logM,top,0.9363295880149812,0.9662921348314607,,,,,,,,
11322651,11322651,0.6499601665799971,11322651,11322651,-1,False,11.1473613146862,0.6108438557335482,4.08172607421875,10.23109553108588,11.077919562708068,11.122708994902307,0.3003366,0.0906425317820438,0.2806892853057509,,0.0,0.0,468514304.0,,-2.476638460010028,0.699667513839768,0.016510009765625,0.02557373046875,46091846,True,0.5393258426966292,logM,top,0.9026217228464419,0.9887640449438202,,,,,,,,
17910,17910,0.6208004211758845,17910,17910,-1,False,9.510619724001083,-0.2534440471974434,0.5578994750976562,9.890785794797248,11.06298975197666,11.107779184170894,0.17963186,0.1392006413279433,0.1643032961942918,,0.0,0.0,243362.546875,,-4.124365982223247,0.0,0.018463134765625,0.019561767578125,15472933,True,0.23220973782771537,logR,bottom,0.41947565543071164,0.018726591760299626,0.011235955056179775,,,,,,,
18005,18005,0.7227492410942181,18005,18005,-1,False,9.74459390669212,-0.0780958071115431,0.835418701171875,9.861737617359434,12.003567828055646,12.033427449518468,0.30787736,0.0624532260088104,0.0954325930089051,,0.0,0.0,13020641.0,,-2.6299615418216606,0.0003638208047919,0.015472412109375,0.016693115234375,15472933,True,0.9775280898876404,logR,bottom,0.3258426966292135,0.04868913857677903,0.0449438202247191,,,,,,,
74285,74285,0.6951509463023098,74285,74285,-1,False,9.618891239399764,-0.1218747316901304,0.75531005859375,9.801703336934962,11.80948028854728,11.824410099278694,0.32939854,-0.0377888486206382,-0.014165803274214,,0.0,0.0,130397048.0,,-1.5036234796896175,0.0129384874437614,0.0122833251953125,0.012969970703125,4778400,True,0.9101123595505618,logR,bottom,0.18726591760299627,0.03745318352059925,0.03745318352059925,,,,,,,
80976,80976,0.6033654774044561,80976,80976,-1,False,9.697051816394984,-0.0761172411294552,0.8392333984375,9.811227678089166,11.13763880563372,11.227217670022194,0.16668242,0.0866100563682444,0.1716928624073946,,0.0,0.0,5423678.5,,-2.962757878495813,0.004904024865541,0.016357421875,0.0198974609375,11116594,True,0.0599250936329588,logR,bottom,0.20973782771535582,0.04119850187265917,0.04868913857677903,,,,,,,
139676,139676,0.6177370286401197,139676,139676,-1,False,9.578313365891256,-0.2096956326109235,0.6170272827148438,9.89285681480764,11.242147480753609,11.301866723679256,0.15853179,0.1629461248338746,0.1815711005920234,,0.0,0.0,33473.51953125,,-5.053611987783816,0.0,0.019500732421875,0.020355224609375,59411473,True,0.18352059925093633,logR,bottom,0.42696629213483145,0.0299625468164794,0.018726591760299626,,,,,,,
189514,189514,0.6548322989200139,189514,189514,-1,False,9.58717682622256,-0.1229728219891824,0.7534027099609375,9.771636059206331,11.570603316844682,11.61539274903892,0.22490847,0.0053170319817069,0.003848992898544,,0.0,0.0,17824744.0,,-2.336153525016229,0.00111495214864,0.0135650634765625,0.013519287109375,11116594,True,0.5955056179775281,logR,bottom,0.08614232209737828,0.033707865168539325,0.033707865168539325,,,,,,,
189629,189629,0.69951897542127,189629,189629,-1,False,9.832090879907607,-0.0881261486024706,0.81634521484375,9.964280102811315,11.764690856353043,11.779620667084457,0.29670095,0.0700949683026857,0.079255881888021,,0.0,0.0,52006308.0,,-2.116034856206612,0.0,0.0157470703125,0.016082763671875,11116594,True,0.9288389513108615,logR,bottom,0.602996254681648,0.06741573033707865,0.04119850187265917,,,,,,,
218313,218313,0.685368226449491,218313,218313,-1,False,9.550583023946103,-0.1554959386384959,0.6990432739257812,9.783826931903848,11.869199531472931,11.913988963667167,0.32596877,-0.1360497009196534,-0.1611121048222205,,0.0,0.0,29549040.0,,-2.080039648017327,0.0,0.009796142578125,0.009246826171875,15773704,True,0.8352059925093633,logR,bottom,0.14232209737827714,0.026217228464419477,0.0299625468164794,,,,,,,
246865,246865,0.6617600857676199,246865,246865,-1,False,9.46223808961426,-0.266251577568605,0.54168701171875,9.861615455967168,11.286936912947844,11.316796534410669,0.17620641,0.2105347965273399,0.2135697109177747,,0.0,0.0,7444451.5,,-2.590405384745496,0.0,0.021759033203125,0.02191162109375,24619523,True,0.6779026217228464,logR,bottom,0.32209737827715357,0.00749063670411985,0.00749063670411985,,,,,,,
325018,325018,0.6499127719203154,325018,325018,-1,False,9.4636979043733,-0.2103673952845398,0.6160736083984375,9.779248997300112,11.764690856353043,11.749761045621632,0.26921585,0.0498515015091049,0.0611664266024943,,0.0,0.0,30159.6796875,,-4.984271179598973,0.0,0.0150299072265625,0.0154266357421875,64798628,True,0.5355805243445693,logR,bottom,0.1198501872659176,0.011235955056179775,0.0149812734082397,,,,,,,
682377,682377,0.7124545366045215,682377,682377,-1,False,9.545180535015948,-0.1669017015034495,0.6809234619140625,9.795533087271124,12.197655367564009,12.152865935369768,0.36531448,-0.1683384692482703,-0.1554163578473391,,0.0,0.0,98217192.0,,-1.5529930213915868,0.0462998312467674,0.00909423828125,0.009368896484375,64798628,True,0.9588014981273408,logR,bottom,0.16853932584269662,0.02247191011235955,0.026217228464419477,,,,,,,
789267,789267,0.7090781361721415,789267,789267,-1,False,9.504692944624848,-0.1842757975728722,0.6542205810546875,9.781106640984156,11.869199531472931,11.884129342204345,0.33198464,-0.1930763341371605,-0.1611121048222205,,0.0,0.0,440852.59375,,-3.860399544323597,0.000310851147956,0.0085906982421875,0.009246826171875,73320576,True,0.947565543071161,logR,bottom,0.12734082397003746,0.0149812734082397,0.02247191011235955,,,,,,,
3786109,3786109,0.6990965993191339,3786109,3786109,-1,False,9.218651342836148,-0.3550189222616707,0.4415512084960937,9.751179726228656,11.510884073919032,11.510884073919032,0.513038,-0.3951953108555885,-0.3872822282212195,,0.0,0.0,0.0,,,0.1754284353650861,0.0053939819335937,0.0054931640625,58963059,True,0.9250936329588015,logR,bottom,0.011235955056179775,0.003745318352059925,0.003745318352059925,,,,,,,
107,107,0.6579168815021977,107,107,-1,False,10.929200522651152,0.6642454483647886,4.61578369140625,9.93283235010397,11.824410099278694,11.80948028854728,0.29456943,-0.0055656315122964,0.0489687888436288,,0.0,0.0,1695924224.0,,-1.6997940791136283,0.5520716620448768,0.0132293701171875,0.0149993896484375,15773704,True,0.6142322097378277,logR,top,0.5543071161048689,0.9400749063670412,0.9588014981273408,,,,,,,
304,304,0.6521650115556714,304,304,-1,True,10.970302806941383,0.7621592793443732,5.7830810546875,9.827063887924822,11.675111991964569,11.525813884650445,0.28659463,-0.118808266512961,0.0248982195654283,-13.169266141496848,6.772263669999588e-14,690570599.233283,690570599.233283,-2.131094722448008,-2.131094722448008,0.590490519874479,0.01019287109375,0.014190673828125,28659351,True,0.5580524344569289,logR,top,0.25842696629213485,0.9588014981273408,0.9775280898876404,,,,,,,
1350,1350,0.621941451538026,1350,1350,-1,False,10.866622530081868,0.6920497883475875,4.92095947265625,9.828547847560486,11.899059152935756,11.779620667084457,0.3201587,-0.1015999243983928,0.047197962814631,,0.0,513047591.83320767,513047591.83320767,-2.1564648766428336,-2.1564648766428336,0.5551161020918824,0.0106048583984375,0.0149383544921875,25199160,True,0.25842696629213485,logR,top,0.26591760299625467,0.898876404494382,0.9625468164794008,,,,,,,
3173,3173,0.6360965679873668,3173,3173,-1,False,11.276386993269425,0.970980543894716,9.3536376953125,9.819916177427348,11.45116483099338,11.45116483099338,0.27532235,-0.0633429530930264,0.0985968655272594,,0.0,0.0,1842334976.0,,-2.011018396180558,0.7520847952103176,0.0115814208984375,0.016815185546875,46091846,True,0.36704119850187267,logR,top,0.23595505617977527,0.9943820224719101,0.9962546816479401,,,,,,,
29113,29113,0.6004966686491379,29113,29113,-1,False,10.897752139792772,0.7650146116672002,5.82122802734375,9.750230222291972,11.421305209530558,11.391445588067732,0.2527125,-0.0714284562402138,0.0667152276513052,,0.0,0.0,757675520.0,,-2.0182688840870457,0.5327561250232662,0.0113677978515625,0.015625,33722541,True,0.0149812734082397,logR,top,0.003745318352059925,0.9176029962546817,0.9812734082397003,,,,,,,
40638,40638,0.6469504784134035,40638,40638,-1,True,11.116327080946231,0.8057340923425962,6.3934326171875,9.907725942432336,11.869199531472931,11.421305209530558,0.27087712,-0.0696831311240454,0.0938417689521169,-11.54553114464053,2.847533587148497e-12,877244277.1178985,877244277.1178985,-2.173206537258246,-2.173206537258246,0.7382658268391085,0.01141357421875,0.016632080078125,40758960,True,0.49812734082397003,logR,top,0.4794007490636704,0.9812734082397003,0.9887640449438202,,,,,,,
44523,44523,0.6064688200675034,44523,44523,-1,False,10.974638561574103,0.6459180672752569,4.425048828125,10.005761460661216,11.45116483099338,11.316796534410669,0.27004686,-0.0218982535049046,0.1001703979801726,-12.49683618648264,3.1853988102646863e-13,752795158.5281549,752795158.5281549,-2.0979617442357585,-2.0979617442357585,0.8266702284130598,0.0127410888671875,0.016876220703125,35276896,True,0.08239700374531835,logR,top,0.6891385767790262,0.9625468164794008,0.9550561797752809,,,,,,,
51474,51474,0.6135802877116582,51474,51474,-1,False,11.344051032413851,1.0468429294967567,11.138916015625,9.77378663816872,11.585533127576094,11.466094641724794,0.3078042,-0.0005851356224662,0.0734486103102735,,0.0,5329350490.196078,5329350490.196078,-1.617376749412068,-1.617376749412068,0.6804681895289981,0.0133819580078125,0.015869140625,59411473,True,0.1348314606741573,logR,top,0.09737827715355805,1.0,1.0,,,,,,,
145106,145106,0.6462121186005444,145106,145106,-1,True,10.882466191007763,0.69339435438102,4.93621826171875,9.842374659436231,11.525813884650445,10.928621455393944,0.29501295,-0.1098003543320278,0.0350522193959676,-11.73987954817042,1.820205623706892e-12,486205625.0785571,486205625.0785571,-2.195646211970529,-2.195646211970529,0.4663346327050499,0.010406494140625,0.0145263671875,47890332,True,0.49063670411985016,logR,top,0.2846441947565543,0.9063670411985019,0.9662921348314607,,,,,,,
245505,245505,0.6102369265141454,245505,245505,-1,False,11.276386993269425,0.8656651457501326,7.3394775390625,9.977889274644223,11.80948028854728,11.704971613427396,0.27587023,-0.0554052350701818,0.0709358097694169,-13.33443999234058,4.6297763024696977e-14,1964343930.681247,1964343930.681247,-1.9831694639324688,-1.9831694639324688,0.6480011016664744,0.0117950439453125,0.015777587890625,33722541,True,0.10861423220973783,logR,top,0.6329588014981273,0.9943820224719101,0.9925093632958801,,,,,,,
702000,702000,0.6161241624593478,702000,702000,-1,True,10.968847882693208,0.7219681210865181,5.27191162109375,9.885895701063433,11.13763880563372,10.943551266125358,0.29212287,-0.0997293063653456,0.0985968655272594,-12.517194248619376,3.0395252210676493e-13,467904284.1094772,467904284.1094772,-2.298690861103105,-2.298690861103105,0.5493000122292537,0.010650634765625,0.016815185546875,50928272,True,0.1647940074906367,logR,top,0.3970037453183521,0.9550561797752809,0.9700374531835206,,,,,,,
1107677,1107677,0.6316649978290075,1107677,1107677,-1,False,10.95175624492036,0.7306791907037183,5.37872314453125,9.855737458864784,11.839339910010109,11.824410099278694,0.28359503,-0.0454082454908302,0.0211461920651225,,0.0,0.0,1525111680.0,,-1.7684545978068311,0.3941917563014274,0.0120697021484375,0.014068603515625,46091846,True,0.32209737827715357,logR,top,0.30711610486891383,0.9456928838951311,0.9737827715355806,,,,,,,
1172843,1172843,0.6280945210452531,1172843,1172843,-1,False,10.95175624492036,0.7941802324661809,6.2255859375,9.76048589622109,11.570603316844682,11.525813884650445,0.26029,-0.0923263802694314,0.0404923049143239,,0.0,560631078.3528155,560631078.3528155,-2.203079075893128,-2.203079075893128,0.7490201964379777,0.010833740234375,0.01470947265625,18984138,True,0.30337078651685395,logR,top,0.056179775280898875,0.9456928838951311,0.9850187265917603,,,,,,,
4107179,4107179,0.6215625423296004,4107179,4107179,-1,False,10.850657475810076,0.6322263892813808,4.2877197265625,9.902317891888003,11.331726345142082,10.809182969542643,0.30167207,-0.0454082454908302,0.1001703979801726,-11.894007026698445,1.2764181567459694e-12,279705494.4774384,279705494.4774384,-2.4039564781629137,-2.4039564781629137,0.4114773243556779,0.0120697021484375,0.016876220703125,80606632,True,0.250936329588015,logR,top,0.45692883895131087,0.8838951310861424,0.951310861423221,,,,,,,
8002,8002,0.6010852373195695,8002,8002,-1,True,10.257122622642962,0.3226116769001235,2.101898193359375,9.773205107292776,10.794253158811232,8.793658520801959,0.27077803,-0.1554163578473391,-0.0415818376377773,-10.877385299756089,1.3262173348879982e-11,45829608.01007102,45829608.01007102,-2.5959764799910445,-2.5959764799910445,0.1251986484079936,0.009368896484375,0.012176513671875,3821235,True,0.02247191011235955,logZstar_loc,bottom,0.0898876404494382,0.250936329588015,0.5617977528089888,0.00749063670411985,0.5056179775280899,0.026217228464419477,0.033707865168539325,,,
19217,19217,0.6954969942631268,19217,19217,-1,False,10.24087649033715,0.2991305810506006,1.99127197265625,9.79218061876125,11.943848585129992,11.97370820659282,0.28334698,-0.1117149547080051,-0.0616297576489062,,0.0,0.0,45143308.0,,-2.5862831103072432,0.0030619670473951,0.0103607177734375,0.011627197265625,27053327,True,0.9138576779026217,logZstar_loc,bottom,0.15730337078651685,0.23595505617977527,0.5,0.9176029962546817,0.6067415730337079,0.0749063670411985,0.02247191011235955,,,
42536,42536,0.6195340219782417,42536,42536,-1,True,10.138700752952428,0.258153687673205,1.811981201171875,9.75147022144262,11.85426972074152,11.55567350611327,0.26432908,-0.1676103978591376,-0.0691029112890403,-12.067135868844389,8.567697632409921e-13,44304496.26264769,44304496.26264769,-2.4922529499129173,-2.4922529499129173,0.0950500567545981,0.0091094970703125,0.0114288330078125,43968228,True,0.21722846441947566,logZstar_loc,bottom,0.0149812734082397,0.14606741573033707,0.4044943820224719,0.6254681647940075,0.4232209737827715,0.018726591760299626,0.018726591760299626,,,
50269,50269,0.7151884979919824,50269,50269,-1,True,10.270969528237128,0.2636051544221702,1.834869384765625,9.875561796603872,12.361883285609546,12.242444799758244,0.2967123,-0.1098003543320278,-0.0260792194359601,-12.421988862984556,3.784522895950669e-13,106147777.62066366,106147777.62066366,-2.2450586223134064,-2.2450586223134064,0.0363511361470782,0.010406494140625,0.0126190185546875,54838796,True,0.9700374531835206,logZstar_loc,bottom,0.3595505617977528,0.2846441947565543,0.4307116104868914,0.9775280898876404,0.7715355805243446,0.08426966292134831,0.04868913857677903,,,
64105,64105,0.7043249407385668,64105,64105,-1,False,10.37185894376516,0.313853837871307,2.0599365234375,9.9010781869582,12.09314669244412,12.108076503175532,0.2870654,-0.1117149547080051,-0.0404947419965631,,0.0,84948724.33147939,84948724.33147939,-2.442702082278272,-2.442702082278272,0.0855376552127269,0.0103607177734375,0.01220703125,88984019,True,0.9438202247191011,logZstar_loc,bottom,0.45318352059925093,0.40074906367041196,0.5299625468164794,0.9569288389513109,0.6741573033707865,0.0749063670411985,0.03745318352059925,,,
218313,218313,0.685368226449491,218313,218313,-1,False,9.550583023946103,-0.1554959386384959,0.6990432739257812,9.783826931903848,11.869199531472931,11.913988963667167,0.32596877,-0.1360497009196534,-0.1611121048222205,,0.0,0.0,29549040.0,,-2.080039648017327,0.0,0.009796142578125,0.009246826171875,15773704,True,0.8352059925093633,logZstar_loc,bottom,0.14232209737827714,0.026217228464419477,0.0299625468164794,0.8801498127340824,0.949438202247191,0.035580524344569285,0.009363295880149813,,,
237565,237565,0.6365896034080193,237565,237565,-1,False,10.62173641698176,0.5655371119511693,3.6773681640625,9.773430749055008,11.704971613427396,11.704971613427396,0.3221126,-0.0966294039686827,-0.0610601910336262,,0.0,0.0,472174592.0,,-1.9476338032587028,0.5874385810143158,0.0107269287109375,0.0116424560546875,22911832,True,0.3782771535580524,logZstar_loc,bottom,0.09363295880149813,0.7228464419475655,0.8913857677902621,0.7490636704119851,0.9438202247191011,0.1254681647940075,0.026217228464419477,,,
682377,682377,0.7124545366045215,682377,682377,-1,False,9.545180535015948,-0.1669017015034495,0.6809234619140625,9.795533087271124,12.197655367564009,12.152865935369768,0.36531448,-0.1683384692482703,-0.1554163578473391,,0.0,0.0,98217192.0,,-1.5529930213915868,0.0462998312467674,0.00909423828125,0.009368896484375,64798628,True,0.9588014981273408,logZstar_loc,bottom,0.16853932584269662,0.02247191011235955,0.026217228464419477,0.9662921348314607,0.9925093632958801,0.0149812734082397,0.0149812734082397,,,
789267,789267,0.7090781361721415,789267,789267,-1,False,9.504692944624848,-0.1842757975728722,0.6542205810546875,9.781106640984156,11.869199531472931,11.884129342204345,0.33198464,-0.1930763341371605,-0.1611121048222205,,0.0,0.0,440852.59375,,-3.860399544323597,0.000310851147956,0.0085906982421875,0.009246826171875,73320576,True,0.947565543071161,logZstar_loc,bottom,0.12734082397003746,0.0149812734082397,0.02247191011235955,0.8651685393258427,0.9737827715355806,0.00749063670411985,0.009363295880149813,,,
794862,794862,0.6183361170396101,794862,794862,-1,True,10.310043320492284,0.3682115001938997,2.3345947265625,9.757726070201434,11.600462938307508,11.436235020261968,0.23407215,-0.1136380330468708,-0.0329603240993055,,0.0,55056534.08198215,55056534.08198215,-2.569234452273466,-2.569234452273466,0.0304799686132346,0.01031494140625,0.012420654296875,86049352,True,0.19850187265917604,logZstar_loc,bottom,0.0449438202247191,0.3408239700374532,0.651685393258427,0.5149812734082397,0.15730337078651685,0.06367041198501873,0.04119850187265917,,,
1782066,1782066,0.7404743771822154,1782066,1782066,-1,False,10.265943444470292,0.2535579359840559,1.79290771484375,9.885606540494209,12.436532339266607,12.45146214999802,0.3384374,-0.0731808237094796,-0.0426716612508377,,0.0,0.0,54065212.0,,-2.5330255341891417,0.0024482644611471,0.011322021484375,0.01214599609375,6955316,True,0.9925093632958801,logZstar_loc,bottom,0.39325842696629215,0.2696629213483146,0.3951310861423221,0.9925093632958801,0.9850187265917603,0.25842696629213485,0.0299625468164794,,,
3786109,3786109,0.6990965993191339,3786109,3786109,-1,False,9.218651342836148,-0.3550189222616707,0.4415512084960937,9.751179726228656,11.510884073919032,11.510884073919032,0.513038,-0.3951953108555885,-0.3872822282212195,,0.0,0.0,0.0,,,0.1754284353650861,0.0053939819335937,0.0054931640625,58963059,True,0.9250936329588015,logZstar_loc,bottom,0.011235955056179775,0.003745318352059925,0.003745318352059925,0.5955056179775281,1.0,0.003745318352059925,0.003745318352059925,,,
10223610,10223610,0.6176055146725293,10223610,10223610,-1,True,10.162084571506908,0.272541570171307,1.873016357421875,9.753272216249949,11.242147480753609,10.211990540286145,0.25949222,-0.1387640502673444,-0.0287129114484563,-11.158300103005796,6.945442128516575e-12,32980541.53802948,32980541.53802948,-2.643826789056895,-2.643826789056895,0.1187469094824708,0.009735107421875,0.012542724609375,86226173,True,0.1797752808988764,logZstar_loc,bottom,0.0299625468164794,0.16853932584269662,0.45692883895131087,0.033707865168539325,0.3707865168539326,0.0299625468164794,0.0449438202247191,,,
3586,3586,0.65087904992931,3586,3586,-1,False,10.863847476027097,0.394373434691194,2.47955322265625,10.272287323990303,11.316796534410669,11.19735804855937,0.28654566,0.0611664266024943,0.1615846990108248,-12.27250122234873,5.339477707429749e-13,1060257686.8086978,1060257686.8086978,-1.838436046273326,-1.838436046273326,0.1941117479555469,0.0154266357421875,0.019439697265625,48000687,True,0.5468164794007491,logZstar_loc,top,0.9400749063670412,0.8951310861423221,0.6966292134831461,0.24719101123595505,0.6666666666666666,0.9213483146067416,0.9550561797752809,,,
17910,17910,0.6208004211758845,17910,17910,-1,False,9.510619724001083,-0.2534440471974434,0.5578994750976562,9.890785794797248,11.06298975197666,11.107779184170894,0.17963186,0.1392006413279433,0.1643032961942918,,0.0,0.0,243362.546875,,-4.124365982223247,0.0,0.018463134765625,0.019561767578125,15472933,True,0.23220973782771537,logZstar_loc,top,0.41947565543071164,0.018726591760299626,0.011235955056179775,0.17790262172284643,0.0299625468164794,0.9925093632958801,0.9625468164794008,,,
39339,39339,0.6533108203535366,39339,39339,-1,False,10.643850731272332,0.2586105993217712,1.8138885498046875,10.255934832289675,11.466094641724794,11.49595426318762,0.28146076,0.0734486103102735,0.2243230810129733,,0.0,116823559.85262696,116823559.85262696,-2.576320295326569,-2.576320295326569,0.3830128243397888,0.015869140625,0.0224609375,30264647,True,0.5805243445692884,logZstar_loc,top,0.9138576779026217,0.7715355805243446,0.40823970037453183,0.5805243445692884,0.5955056179775281,0.9419475655430711,0.9887640449438202,,,
80976,80976,0.6033654774044561,80976,80976,-1,False,9.697051816394984,-0.0761172411294552,0.8392333984375,9.811227678089166,11.13763880563372,11.227217670022194,0.16668242,0.0866100563682444,0.1716928624073946,,0.0,0.0,5423678.5,,-2.962757878495813,0.004904024865541,0.016357421875,0.0198974609375,11116594,True,0.0599250936329588,logZstar_loc,top,0.20973782771535582,0.04119850187265917,0.04868913857677903,0.27715355805243447,0.011235955056179775,0.9644194756554307,0.9662921348314607,,,
104782,104782,0.6943957712516015,104782,104782,-1,False,10.840495247120716,0.3098138600695669,2.040863037109375,10.375774457016368,11.839339910010109,11.704971613427396,0.28358793,0.0581489838204937,0.1756711602894299,-11.984215343126648,1.0370140891585157e-12,227241650.36607596,227241650.36607596,-2.484007312395283,-2.484007312395283,0.1058572211250217,0.01531982421875,0.02008056640625,14461431,True,0.9026217228464419,logZstar_loc,top,0.9775280898876404,0.8801498127340824,0.5187265917602997,0.7490636704119851,0.6142322097378277,0.9138576779026217,0.9700374531835206,,,
139676,139676,0.6177370286401197,139676,139676,-1,False,9.578313365891256,-0.2096956326109235,0.6170272827148438,9.89285681480764,11.242147480753609,11.301866723679256,0.15853179,0.1629461248338746,0.1815711005920234,,0.0,0.0,33473.51953125,,-5.053611987783816,0.0,0.019500732421875,0.020355224609375,59411473,True,0.18352059925093633,logZstar_loc,top,0.42696629213483145,0.0299625468164794,0.018726591760299626,0.36142322097378277,0.003745318352059925,0.9962546816479401,0.9775280898876404,,,
156087,156087,0.6091140452882459,156087,156087,-1,True,10.333480709354207,0.2649573957281498,1.8405914306640625,9.936044615761984,11.227217670022194,11.272007102216431,0.20819947,0.034138876300341,0.1629461248338746,-12.21068166082432,6.156279645336113e-13,31569813.171662897,31569813.171662897,-2.8342086975841307,-2.8342086975841307,0.0410844773846518,0.014495849609375,0.019500732421875,57106334,True,0.09363295880149813,logZstar_loc,top,0.5617977528089888,0.3651685393258427,0.4363295880149813,0.3333333333333333,0.056179775280898875,0.8614232209737828,0.9588014981273408,,,
246865,246865,0.6617600857676199,246865,246865,-1,False,9.46223808961426,-0.266251577568605,0.54168701171875,9.861615455967168,11.286936912947844,11.316796534410669,0.17620641,0.2105347965273399,0.2135697109177747,,0.0,0.0,7444451.5,,-2.590405384745496,0.0,0.021759033203125,0.02191162109375,24619523,True,0.6779026217228464,logZstar_loc,top,0.32209737827715357,0.00749063670411985,0.00749063670411985,0.37640449438202245,0.02247191011235955,1.0,0.9850187265917603,,,
805018,805018,0.6186872361765806,805018,805018,-1,False,10.494088410939002,0.1437529425048131,1.392364501953125,10.27845899718178,10.85397240173688,10.824112780274058,0.252758,0.0993843444046733,0.1796133460434919,,0.0,0.0,126279248.0,,-2.3927564239591037,0.0687262867340659,0.016845703125,0.020263671875,90952621,True,0.20599250936329588,logZstar_loc,top,0.9438202247191011,0.5955056179775281,0.15355805243445692,0.07677902621722846,0.2958801498127341,0.9850187265917603,0.9737827715355806,,,
2604197,2604197,0.6674939213376935,2604197,2604197,-1,False,10.677188919921866,0.3257530611710147,2.117156982421875,10.188559328165343,11.331726345142082,11.391445588067732,0.3046675,0.0498515015091049,0.2249127545345259,,0.0,84948724.33147939,84948724.33147939,-2.748032058434977,-2.748032058434977,0.286035371717575,0.0150299072265625,0.022491455078125,59679411,True,0.7303370786516854,logZstar_loc,top,0.8689138576779026,0.8014981273408239,0.5655430711610487,0.4681647940074906,0.8576779026217228,0.9044943820224719,0.9925093632958801,,,
3028815,3028815,0.6531510103884934,3028815,3028815,-1,False,10.63055895362242,0.2021165578679593,1.5926361083984375,10.327384116820484,11.048059941245246,11.107779184170894,0.3014883,0.0654410130984035,0.1969233140496728,,0.0,0.0,88303968.0,,-2.6845787342828458,0.2788978616997826,0.0155792236328125,0.021087646484375,4778400,True,0.5767790262172284,logZstar_loc,top,0.9662921348314607,0.7322097378277154,0.2846441947565543,0.17790262172284643,0.8352059925093633,0.9307116104868914,0.9812734082397003,,,
3299260,3299260,0.619763767025986,3299260,3299260,-1,False,9.875407980098478,0.052751789107277,1.129150390625,9.796280296437562,11.301866723679256,11.391445588067732,0.17246589,0.0930441663736543,0.2444996447264314,,0.0,0.0,2216178.0,,-3.529803340778002,0.0745213170540694,0.0166015625,0.023529052734375,15472933,True,0.2209737827715356,logZstar_loc,top,0.17228464419475656,0.07865168539325842,0.0749063670411985,0.4681647940074906,0.018726591760299626,0.9812734082397003,0.9962546816479401,,,
11322651,11322651,0.6499601665799971,11322651,11322651,-1,False,11.1473613146862,0.6108438557335482,4.08172607421875,10.23109553108588,11.077919562708068,11.122708994902307,0.3003366,0.0906425317820438,0.2806892853057509,,0.0,0.0,468514304.0,,-2.476638460010028,0.699667513839768,0.016510009765625,0.02557373046875,46091846,True,0.5393258426966292,logZstar_loc,top,0.9026217228464419,0.9887640449438202,0.9325842696629213,0.19101123595505617,0.8239700374531835,0.9700374531835206,1.0,,,
1970,1970,0.6209475595063677,1970,1970,-1,False,10.546266422604072,0.5169673438730513,3.28826904296875,9.770815406794496,11.182428237827958,11.152568616365132,0.25936612,-0.1240407934466381,-0.0035665739808435,,0.0,131464632.6278909,131464632.6278909,-2.4274574904662,-2.4274574904662,0.1408090265738177,0.01007080078125,0.0132904052734375,12511704,True,0.2397003745318352,logZstar_rel,bottom,0.08239700374531835,0.6404494382022472,0.850187265917603,0.20786516853932585,0.3595505617977528,0.04868913857677903,,,,
3843,3843,0.6912472697372388,3843,3843,-1,True,10.471210837257065,0.4639846160032189,2.910614013671875,9.775233913252237,12.063287070981294,12.033427449518468,0.29772758,-0.1575435187459525,-0.0126356978209837,-12.966435395839426,1.0803503181445869e-13,143970548.9567622,143970548.9567622,-2.312937176645834,-2.312937176645834,0.262011048883334,0.0093231201171875,0.0130157470703125,30378376,True,0.8726591760299626,logZstar_rel,bottom,0.10861423220973783,0.5543071161048689,0.7827715355805244,0.9344569288389513,0.7902621722846442,0.02247191011235955,,,,
4191,4191,0.659869495975509,4191,4191,-1,False,10.386726221307434,0.4234448826384523,2.651214599609375,9.751558897349756,11.704971613427396,11.675111991964569,0.2873737,-0.1313400321881375,-0.0157013186577998,,0.0,0.0,107977912.0,,-2.3533912961685584,0.2211431043063603,0.0099029541015625,0.0129241943359375,22848537,True,0.6554307116104869,logZstar_rel,bottom,0.018726591760299626,0.42696629213483145,0.7490636704119851,0.7209737827715356,0.6816479400749064,0.0449438202247191,,,,
7997,7997,0.7331995762812181,7997,7997,-1,True,10.456052712683402,0.436373100356194,2.7313232421875,9.801493062149111,12.137936124638356,11.391445588067732,0.36974767,-0.1705300356242441,-0.008581577534852,-11.42047640975844,3.797725671019127e-12,213515644.63926595,213515644.63926595,-2.126623010692003,-2.126623010692003,0.2415915918750533,0.0090484619140625,0.0131378173828125,19890591,True,0.9812734082397003,logZstar_rel,bottom,0.18352059925093633,0.5205992509363296,0.7528089887640449,0.4681647940074906,0.9962546816479401,0.011235955056179775,,,,
8002,8002,0.6010852373195695,8002,8002,-1,True,10.257122622642962,0.3226116769001235,2.101898193359375,9.773205107292776,10.794253158811232,8.793658520801959,0.27077803,-0.1554163578473391,-0.0415818376377773,-10.877385299756089,1.3262173348879982e-11,45829608.01007102,45829608.01007102,-2.5959764799910445,-2.5959764799910445,0.1251986484079936,0.009368896484375,0.012176513671875,3821235,True,0.02247191011235955,logZstar_rel,bottom,0.0898876404494382,0.250936329588015,0.5617977528089888,0.00749063670411985,0.5056179775280899,0.026217228464419477,,,,
9952,9952,0.6148557942710099,9952,9952,-1,True,10.524015396302165,0.4221933126601452,2.643585205078125,9.890725427311946,11.510884073919032,11.242147480753609,0.23049223,-0.1320097231179134,-0.0187887331905945,-11.965879799734584,1.0817333026450473e-12,113315802.8335533,113315802.8335533,-2.469724916228428,-2.469724916228428,0.2448266326850422,0.0098876953125,0.0128326416015625,9605725,True,0.149812734082397,logZstar_rel,bottom,0.4157303370786517,0.6217228464419475,0.7453183520599251,0.30337078651685395,0.12359550561797752,0.04119850187265917,,,,
42536,42536,0.6195340219782417,42536,42536,-1,True,10.138700752952428,0.258153687673205,1.811981201171875,9.75147022144262,11.85426972074152,11.55567350611327,0.26432908,-0.1676103978591376,-0.0691029112890403,-12.067135868844389,8.567697632409921e-13,44304496.26264769,44304496.26264769,-2.4922529499129173,-2.4922529499129173,0.0950500567545981,0.0091094970703125,0.0114288330078125,43968228,True,0.21722846441947566,logZstar_rel,bottom,0.0149812734082397,0.14606741573033707,0.4044943820224719,0.6254681647940075,0.4232209737827715,0.018726591760299626,,,,
218313,218313,0.685368226449491,218313,218313,-1,False,9.550583023946103,-0.1554959386384959,0.6990432739257812,9.783826931903848,11.869199531472931,11.913988963667167,0.32596877,-0.1360497009196534,-0.1611121048222205,,0.0,0.0,29549040.0,,-2.080039648017327,0.0,0.009796142578125,0.009246826171875,15773704,True,0.8352059925093633,logZstar_rel,bottom,0.14232209737827714,0.026217228464419477,0.0299625468164794,0.8801498127340824,0.949438202247191,0.035580524344569285,,,,
682377,682377,0.7124545366045215,682377,682377,-1,False,9.545180535015948,-0.1669017015034495,0.6809234619140625,9.795533087271124,12.197655367564009,12.152865935369768,0.36531448,-0.1683384692482703,-0.1554163578473391,,0.0,0.0,98217192.0,,-1.5529930213915868,0.0462998312467674,0.00909423828125,0.009368896484375,64798628,True,0.9588014981273408,logZstar_rel,bottom,0.16853932584269662,0.02247191011235955,0.026217228464419477,0.9662921348314607,0.9925093632958801,0.0149812734082397,,,,
789267,789267,0.7090781361721415,789267,789267,-1,False,9.504692944624848,-0.1842757975728722,0.6542205810546875,9.781106640984156,11.869199531472931,11.884129342204345,0.33198464,-0.1930763341371605,-0.1611121048222205,,0.0,0.0,440852.59375,,-3.860399544323597,0.000310851147956,0.0085906982421875,0.009246826171875,73320576,True,0.947565543071161,logZstar_rel,bottom,0.12734082397003746,0.0149812734082397,0.02247191011235955,0.8651685393258427,0.9737827715355806,0.00749063670411985,,,,
1870301,1870301,0.6936497593756278,1870301,1870301,-1,False,9.919921235063748,0.1110187510695016,1.2912750244140625,9.753393108459496,11.869199531472931,11.913988963667167,0.28182575,-0.1360497009196534,-9.021308240422508e-05,,0.0,0.0,7320536.0,,-3.0553783543714617,0.0007592361025168,0.009796142578125,0.013397216796875,15472933,True,0.898876404494382,logZstar_rel,bottom,0.033707865168539325,0.08426966292134831,0.10486891385767791,0.8801498127340824,0.599250936329588,0.035580524344569285,,,,
3786109,3786109,0.6990965993191339,3786109,3786109,-1,False,9.218651342836148,-0.3550189222616707,0.4415512084960937,9.751179726228656,11.510884073919032,11.510884073919032,0.513038,-0.3951953108555885,-0.3872822282212195,,0.0,0.0,0.0,,,0.1754284353650861,0.0053939819335937,0.0054931640625,58963059,True,0.9250936329588015,logZstar_rel,bottom,0.011235955056179775,0.003745318352059925,0.003745318352059925,0.5955056179775281,1.0,0.003745318352059925,,,,
10223610,10223610,0.6176055146725293,10223610,10223610,-1,True,10.162084571506908,0.272541570171307,1.873016357421875,9.753272216249949,11.242147480753609,10.211990540286145,0.25949222,-0.1387640502673444,-0.0287129114484563,-11.158300103005796,6.945442128516575e-12,32980541.53802948,32980541.53802948,-2.643826789056895,-2.643826789056895,0.1187469094824708,0.009735107421875,0.012542724609375,86226173,True,0.1797752808988764,logZstar_rel,bottom,0.0299625468164794,0.16853932584269662,0.45692883895131087,0.033707865168539325,0.3707865168539326,0.0299625468164794,,,,
17910,17910,0.6208004211758845,17910,17910,-1,False,9.510619724001083,-0.2534440471974434,0.5578994750976562,9.890785794797248,11.06298975197666,11.107779184170894,0.17963186,0.1392006413279433,0.1643032961942918,,0.0,0.0,243362.546875,,-4.124365982223247,0.0,0.018463134765625,0.019561767578125,15472933,True,0.23220973782771537,logZstar_rel,top,0.41947565543071164,0.018726591760299626,0.011235955056179775,0.17790262172284643,0.0299625468164794,0.9925093632958801,,,,
22568,22568,0.6249553254607334,22568,22568,-1,False,10.409767525238966,0.3530475589295938,2.254486083984375,9.880196186844575,11.286936912947844,11.286936912947844,0.2499004,0.1040794656130531,0.145613637816642,,0.0,0.0,189723904.0,,-2.1316454725723664,0.0049268783825193,0.01702880859375,0.01873779296875,25624811,True,0.27340823970037453,logZstar_rel,top,0.3782771535580524,0.45318352059925093,0.6329588014981273,0.34831460674157305,0.2546816479400749,0.9887640449438202,,,,
23328,23328,0.6325683073057371,23328,23328,-1,False,10.170180841593082,0.2026363598233737,1.59454345703125,9.86622630185802,11.182428237827958,11.19735804855937,0.25621098,0.0776045700814312,0.1370417579332989,,0.0,0.0,166542192.0,,-1.9486565651230936,0.696472891649774,0.016021728515625,0.01837158203125,6227203,True,0.3408239700374532,logZstar_rel,top,0.3408239700374532,0.18352059925093633,0.2902621722846442,0.24719101123595505,0.3295880149812734,0.951310861423221,,,,
23874,23874,0.6440065273446565,23874,23874,-1,False,10.360918957701148,0.1383653471037863,1.3751983642578125,10.15337093704547,11.958778395861406,11.943848585129992,0.23180237,0.0866100563682444,0.1223682513253628,,0.0,0.0,29973.509765625,,-5.884181357811977,0.0031894532148272,0.016357421875,0.01776123046875,16236968,True,0.4681647940074906,logZstar_rel,top,0.8389513108614233,0.3857677902621723,0.13857677902621723,0.8932584269662921,0.1348314606741573,0.9644194756554307,,,,
80976,80976,0.6033654774044561,80976,80976,-1,False,9.697051816394984,-0.0761172411294552,0.8392333984375,9.811227678089166,11.13763880563372,11.227217670022194,0.16668242,0.0866100563682444,0.1716928624073946,,0.0,0.0,5423678.5,,-2.962757878495813,0.004904024865541,0.016357421875,0.0198974609375,11116594,True,0.0599250936329588,logZstar_rel,top,0.20973782771535582,0.04119850187265917,0.04868913857677903,0.27715355805243447,0.011235955056179775,0.9644194756554307,,,,
139676,139676,0.6177370286401197,139676,139676,-1,False,9.578313365891256,-0.2096956326109235,0.6170272827148438,9.89285681480764,11.242147480753609,11.301866723679256,0.15853179,0.1629461248338746,0.1815711005920234,,0.0,0.0,33473.51953125,,-5.053611987783816,0.0,0.019500732421875,0.020355224609375,59411473,True,0.18352059925093633,logZstar_rel,top,0.42696629213483145,0.0299625468164794,0.018726591760299626,0.36142322097378277,0.003745318352059925,0.9962546816479401,,,,
189716,189716,0.6626176341494049,189716,189716,-1,False,10.263639489560727,0.1942439347680739,1.56402587890625,9.972273587408615,11.09284937343948,11.122708994902307,0.28652307,0.0784310108292134,0.1574746259196087,,0.0,0.0,30047.9765625,,-5.785824257725405,0.0030511432237277,0.01605224609375,0.019256591796875,11116594,True,0.6853932584269663,logZstar_rel,top,0.6217228464419475,0.26217228464419473,0.25842696629213485,0.19101123595505617,0.6629213483146067,0.9569288389513109,,,,
246865,246865,0.6617600857676199,246865,246865,-1,False,9.46223808961426,-0.266251577568605,0.54168701171875,9.861615455967168,11.286936912947844,11.316796534410669,0.17620641,0.2105347965273399,0.2135697109177747,,0.0,0.0,7444451.5,,-2.590405384745496,0.0,0.021759033203125,0.02191162109375,24619523,True,0.6779026217228464,logZstar_rel,top,0.32209737827715357,0.00749063670411985,0.00749063670411985,0.37640449438202245,0.02247191011235955,1.0,,,,
413656,413656,0.6699043556650096,413656,413656,-1,False,9.761803347019969,-0.0307053495608508,0.9317398071289062,9.807861371361245,11.704971613427396,11.764690856353043,0.20492071,0.0914445532138613,0.1231138214344884,,0.0,0.0,12544044.0,,-2.6633657783279063,0.0051471362417559,0.01654052734375,0.017791748046875,11116594,True,0.7453183520599251,logZstar_rel,top,0.20599250936329588,0.052434456928838954,0.0599250936329588,0.8033707865168539,0.052434456928838954,0.9737827715355806,,,,
761509,761509,0.680198273787178,761509,761509,-1,False,10.687756216971415,0.2026363598233737,1.59454345703125,10.383801677236354,11.525813884650445,11.570603316844682,0.29545802,0.0784310108292134,0.1148412954684986,,0.0,195824348.36915532,195824348.36915532,-2.39588952692542,-2.39588952692542,0.169471379912742,0.01605224609375,0.0174560546875,84415698,True,0.797752808988764,logZstar_rel,top,0.9812734082397003,0.8052434456928839,0.2902621722846442,0.6423220973782772,0.7565543071161048,0.9569288389513109,,,,
805018,805018,0.6186872361765806,805018,805018,-1,False,10.494088410939002,0.1437529425048131,1.392364501953125,10.27845899718178,10.85397240173688,10.824112780274058,0.252758,0.0993843444046733,0.1796133460434919,,0.0,0.0,126279248.0,,-2.3927564239591037,0.0687262867340659,0.016845703125,0.020263671875,90952621,True,0.20599250936329588,logZstar_rel,top,0.9438202247191011,0.5955056179775281,0.15355805243445692,0.07677902621722846,0.2958801498127341,0.9850187265917603,,,,
884010,884010,0.6028653478303433,884010,884010,-1,False,10.693288705571376,0.3218227675425823,2.09808349609375,10.210554554257502,11.182428237827958,11.182428237827958,0.28197992,0.0922450962643214,0.1377625788156257,,0.0,0.0,538059392.0,,-1.962458489023494,0.1485459143599884,0.016571044921875,0.018402099609375,8375568,True,0.04119850187265917,logZstar_rel,top,0.8838951310861424,0.8202247191011236,0.5543071161048689,0.2340823970037453,0.602996254681648,0.9775280898876404,,,,
3299260,3299260,0.619763767025986,3299260,3299260,-1,False,9.875407980098478,0.052751789107277,1.129150390625,9.796280296437562,11.301866723679256,11.391445588067732,0.17246589,0.0930441663736543,0.2444996447264314,,0.0,0.0,2216178.0,,-3.529803340778002,0.0745213170540694,0.0166015625,0.023529052734375,15472933,True,0.2209737827715356,logZstar_rel,top,0.17228464419475656,0.07865168539325842,0.0749063670411985,0.4681647940074906,0.018726591760299626,0.9812734082397003,,,,
11322651,11322651,0.6499601665799971,11322651,11322651,-1,False,11.1473613146862,0.6108438557335482,4.08172607421875,10.23109553108588,11.077919562708068,11.122708994902307,0.3003366,0.0906425317820438,0.2806892853057509,,0.0,0.0,468514304.0,,-2.476638460010028,0.699667513839768,0.016510009765625,0.02557373046875,46091846,True,0.5393258426966292,logZstar_rel,top,0.9026217228464419,0.9887640449438202,0.9325842696629213,0.19101123595505617,0.8239700374531835,0.9700374531835206,,,,
14823,14823,0.6807473739389485,14823,14823,-1,False,10.029292194445397,0.1353431046922128,1.36566162109375,9.826277537407078,11.704971613427396,11.764690856353043,0.21639442,0.0111400619905561,0.0700949683026857,,0.0,0.0,9875098.0,,-3.0347507802078573,0.0066060186245012,0.0137481689453125,0.0157470703125,25199160,True,0.8089887640449438,log_bh_ratio_corr,bottom,0.250936329588015,0.10486891385767791,0.13108614232209737,0.8033707865168539,0.07116104868913857,0.7659176029962547,0.5299625468164794,,0.18352059925093633,0.045112781954887216
17910,17910,0.6208004211758845,17910,17910,-1,False,9.510619724001083,-0.2534440471974434,0.5578994750976562,9.890785794797248,11.06298975197666,11.107779184170894,0.17963186,0.1392006413279433,0.1643032961942918,,0.0,0.0,243362.546875,,-4.124365982223247,0.0,0.018463134765625,0.019561767578125,15472933,True,0.23220973782771537,log_bh_ratio_corr,bottom,0.41947565543071164,0.018726591760299626,0.011235955056179775,0.17790262172284643,0.0299625468164794,0.9925093632958801,0.9625468164794008,,0.013108614232209739,0.02631578947368421
23874,23874,0.6440065273446565,23874,23874,-1,False,10.360918957701148,0.1383653471037863,1.3751983642578125,10.15337093704547,11.958778395861406,11.943848585129992,0.23180237,0.0866100563682444,0.1223682513253628,,0.0,0.0,29973.509765625,,-5.884181357811977,0.0031894532148272,0.016357421875,0.01776123046875,16236968,True,0.4681647940074906,log_bh_ratio_corr,bottom,0.8389513108614233,0.3857677902621723,0.13857677902621723,0.8932584269662921,0.1348314606741573,0.9644194756554307,0.8277153558052435,,0.11235955056179775,0.007518796992481203
49186,49186,0.6339485458575399,49186,49186,-1,False,10.068662886344672,0.1786065658820338,1.5087127685546875,9.800753037521622,11.660182181233155,11.690041802695982,0.17795151,-0.0880655733207066,-0.0131451342218066,,0.0,0.0,10923613.0,,-3.030296580719312,0.0031897925784085,0.0109405517578125,0.01300048828125,46091846,True,0.352059925093633,log_bh_ratio_corr,bottom,0.1760299625468165,0.11610486891385768,0.2247191011235955,0.7322097378277154,0.026217228464419477,0.16104868913857678,0.0749063670411985,,0.11610486891385768,0.04887218045112782
139676,139676,0.6177370286401197,139676,139676,-1,False,9.578313365891256,-0.2096956326109235,0.6170272827148438,9.89285681480764,11.242147480753609,11.301866723679256,0.15853179,0.1629461248338746,0.1815711005920234,,0.0,0.0,33473.51953125,,-5.053611987783816,0.0,0.019500732421875,0.020355224609375,59411473,True,0.18352059925093633,log_bh_ratio_corr,bottom,0.42696629213483145,0.0299625468164794,0.018726591760299626,0.36142322097378277,0.003745318352059925,0.9962546816479401,0.9775280898876404,,0.013108614232209739,0.018796992481203006
189716,189716,0.6626176341494049,189716,189716,-1,False,10.263639489560727,0.1942439347680739,1.56402587890625,9.972273587408615,11.09284937343948,11.122708994902307,0.28652307,0.0784310108292134,0.1574746259196087,,0.0,0.0,30047.9765625,,-5.785824257725405,0.0030511432237277,0.01605224609375,0.019256591796875,11116594,True,0.6853932584269663,log_bh_ratio_corr,bottom,0.6217228464419475,0.26217228464419473,0.25842696629213485,0.19101123595505617,0.6629213483146067,0.9569288389513109,0.949438202247191,,0.10112359550561797,0.011278195488721804
229037,229037,0.627827642640436,229037,229037,-1,False,10.594139612344918,0.4094751422723153,2.567291259765625,9.979926898936444,11.660182181233155,11.630322559770333,0.24999553,-0.0714284562402138,0.0130638502166965,,0.0,29973.50968446727,29973.50968446727,-6.117402013631664,-6.117402013631664,0.0467370602272833,0.0113677978515625,0.0138092041015625,6227203,True,0.2958801498127341,log_bh_ratio_corr,bottom,0.6404494382022472,0.6947565543071161,0.7340823970037453,0.6947565543071161,0.25842696629213485,0.27340823970037453,0.19101123595505617,,0.4044943820224719,0.0037593984962406013
325018,325018,0.6499127719203154,325018,325018,-1,False,9.4636979043733,-0.2103673952845398,0.6160736083984375,9.779248997300112,11.764690856353043,11.749761045621632,0.26921585,0.0498515015091049,0.0611664266024943,,0.0,0.0,30159.6796875,,-4.984271179598973,0.0,0.0150299072265625,0.0154266357421875,64798628,True,0.5355805243445693,log_bh_ratio_corr,bottom,0.1198501872659176,0.011235955056179775,0.0149812734082397,0.7883895131086143,0.47191011235955055,0.9044943820224719,0.4794007490636704,,0.013108614232209739,0.022556390977443608
759540,759540,0.636711124282444,759540,759540,-1,False,9.800385920965748,0.0317091863676995,1.07574462890625,9.752822141414198,11.212287859290782,11.272007102216431,0.23045176,-0.0208592709952467,0.0954325930089051,,0.0,0.0,1458388.125,,-3.636512801569492,0.0147581131750732,0.0127716064453125,0.016693115234375,72648696,True,0.3857677902621723,log_bh_ratio_corr,bottom,0.026217228464419477,0.06367041198501873,0.06741573033707865,0.3333333333333333,0.1198501872659176,0.6273408239700374,0.6966292134831461,,0.24719101123595505,0.03383458646616541
789267,789267,0.7090781361721415,789267,789267,-1,False,9.504692944624848,-0.1842757975728722,0.6542205810546875,9.781106640984156,11.869199531472931,11.884129342204345,0.33198464,-0.1930763341371605,-0.1611121048222205,,0.0,0.0,440852.59375,,-3.860399544323597,0.000310851147956,0.0085906982421875,0.009246826171875,73320576,True,0.947565543071161,log_bh_ratio_corr,bottom,0.12734082397003746,0.0149812734082397,0.02247191011235955,0.8651685393258427,0.9737827715355806,0.00749063670411985,0.009363295880149813,,0.033707865168539325,0.03007518796992481
1109054,1109054,0.6178003059705462,1109054,1109054,-1,False,10.141157871144095,0.2385159309054424,1.73187255859375,9.78338397478593,11.182428237827958,11.227217670022194,0.16318366,-0.0498229669305633,0.0502921859527044,,0.0,0.0,31835.216796875,,-5.638250059401721,0.0020115889697288,0.0119476318359375,0.015045166015625,46091846,True,0.18726591760299627,log_bh_ratio_corr,bottom,0.13857677902621723,0.149812734082397,0.3595505617977528,0.27715355805243447,0.00749063670411985,0.4307116104868914,0.41385767790262173,,0.07865168539325842,0.015037593984962405
1870301,1870301,0.6936497593756278,1870301,1870301,-1,False,9.919921235063748,0.1110187510695016,1.2912750244140625,9.753393108459496,11.869199531472931,11.913988963667167,0.28182575,-0.1360497009196534,-9.021308240422508e-05,,0.0,0.0,7320536.0,,-3.0553783543714617,0.0007592361025168,0.009796142578125,0.013397216796875,15472933,True,0.898876404494382,log_bh_ratio_corr,bottom,0.033707865168539325,0.08426966292134831,0.10486891385767791,0.8801498127340824,0.599250936329588,0.035580524344569285,0.13857677902621723,,0.0449438202247191,0.041353383458646614
3299260,3299260,0.619763767025986,3299260,3299260,-1,False,9.875407980098478,0.052751789107277,1.129150390625,9.796280296437562,11.301866723679256,11.391445588067732,0.17246589,0.0930441663736543,0.2444996447264314,,0.0,0.0,2216178.0,,-3.529803340778002,0.0745213170540694,0.0166015625,0.023529052734375,15472933,True,0.2209737827715356,log_bh_ratio_corr,bottom,0.17228464419475656,0.07865168539325842,0.0749063670411985,0.4681647940074906,0.018726591760299626,0.9812734082397003,0.9962546816479401,,0.4794007490636704,0.03759398496240601
107,107,0.6579168815021977,107,107,-1,False,10.929200522651152,0.6642454483647886,4.61578369140625,9.93283235010397,11.824410099278694,11.80948028854728,0.29456943,-0.0055656315122964,0.0489687888436288,,0.0,0.0,1695924224.0,,-1.6997940791136283,0.5520716620448768,0.0132293701171875,0.0149993896484375,15773704,True,0.6142322097378277,log_bh_ratio_corr,top,0.5543071161048689,0.9400749063670412,0.9588014981273408,0.8333333333333334,0.7453183520599251,0.6966292134831461,0.40823970037453183,,0.9363295880149812,0.9774436090225563
3586,3586,0.65087904992931,3586,3586,-1,False,10.863847476027097,0.394373434691194,2.47955322265625,10.272287323990303,11.316796534410669,11.19735804855937,0.28654566,0.0611664266024943,0.1615846990108248,-12.27250122234873,5.339477707429749e-13,1060257686.8086978,1060257686.8086978,-1.838436046273326,-1.838436046273326,0.1941117479555469,0.0154266357421875,0.019439697265625,48000687,True,0.5468164794007491,log_bh_ratio_corr,top,0.9400749063670412,0.8951310861423221,0.6966292134831461,0.24719101123595505,0.6666666666666666,0.9213483146067416,0.9550561797752809,0.30158730158730157,0.7078651685393258,0.9586466165413534
15398,15398,0.6415685020249383,15398,15398,-1,False,10.86708332002632,0.5840580587682471,3.83758544921875,9.990996231873948,12.04835726024988,11.958778395861406,0.30095765,-0.0394103607043432,0.0946379093802117,,0.0,0.0,978511680.0,,-1.8765173060473483,0.4571472875540147,0.012237548828125,0.01666259765625,15472933,True,0.4419475655430712,log_bh_ratio_corr,top,0.6704119850187266,0.9026217228464419,0.9063670411985019,0.9082397003745318,0.8277153558052435,0.5056179775280899,0.6872659176029963,,0.8764044943820225,0.9511278195488722
32330,32330,0.6476142037663953,32330,32330,-1,False,11.032450713690228,0.5836261398048461,3.833770751953125,10.15701150398296,12.018497638787055,11.958778395861406,0.30307966,0.0440815359377677,0.0833568989705226,,0.0,3299121732.026144,3299121732.026144,-1.514052373115525,-1.514052373115525,0.4907711225236892,0.01483154296875,0.0162353515625,46091846,True,0.5131086142322098,log_bh_ratio_corr,top,0.846441947565543,0.9737827715355806,0.9026217228464419,0.9082397003745318,0.8426966292134831,0.8820224719101124,0.6161048689138576,,0.8951310861423221,0.9962406015037594
51474,51474,0.6135802877116582,51474,51474,-1,False,11.344051032413851,1.0468429294967567,11.138916015625,9.77378663816872,11.585533127576094,11.466094641724794,0.3078042,-0.0005851356224662,0.0734486103102735,,0.0,5329350490.196078,5329350490.196078,-1.617376749412068,-1.617376749412068,0.6804681895289981,0.0133819580078125,0.015869140625,59411473,True,0.1348314606741573,log_bh_ratio_corr,top,0.09737827715355805,1.0,1.0,0.5449438202247191,0.8838951310861424,0.7116104868913857,0.5468164794007491,,0.9700374531835206,0.9887218045112782
64391,64391,0.6151488291360955,64391,64391,-1,False,10.956280186680408,0.5968198334575527,3.9520263671875,10.061050436494078,11.869199531472931,11.331726345142082,0.2597701,-0.0509336951112064,0.1216213990658051,-11.8706882585068,1.3468267746589701e-12,2171759128.33082,2171759128.33082,-1.6194685310664103,-1.6194685310664103,0.1955428447199472,0.0119171142578125,0.017730712890625,81807783,True,0.15355805243445692,log_bh_ratio_corr,top,0.7715355805243446,0.951310861423221,0.9213483146067416,0.39325842696629215,0.37453183520599254,0.4232209737827715,0.8183520599250936,0.5079365079365079,0.7153558052434457,0.9849624060150376
74285,74285,0.6951509463023098,74285,74285,-1,False,9.618891239399764,-0.1218747316901304,0.75531005859375,9.801703336934962,11.80948028854728,11.824410099278694,0.32939854,-0.0377888486206382,-0.014165803274214,,0.0,0.0,130397048.0,,-1.5036234796896175,0.0129384874437614,0.0122833251953125,0.012969970703125,4778400,True,0.9101123595505618,log_bh_ratio_corr,top,0.18726591760299627,0.03745318352059925,0.03745318352059925,0.8426966292134831,0.9662921348314607,0.5168539325842697,0.07116104868913857,,0.2247191011235955,1.0
129308,129308,0.6189566768837892,129308,129308,-1,False,10.587615286110283,0.4904809322594945,3.093719482421875,9.851893887721044,11.421305209530558,10.883832023199709,0.23721823,0.0309269637488216,0.1223682513253628,,0.0,0.0,594183552.0,,-1.8136946604778907,0.3183617880894365,0.0143890380859375,0.01776123046875,39760179,True,0.21348314606741572,log_bh_ratio_corr,top,0.2958801498127341,0.6891385767790262,0.8089887640449438,0.0898876404494382,0.16853932584269662,0.8445692883895131,0.8277153558052435,,0.8014981273408239,0.9661654135338346
436157,436157,0.632480981104096,436157,436157,-1,False,10.427865747331762,0.4459711591067303,2.7923583984375,9.758909008671663,11.540743695381856,11.525813884650445,0.27554476,-0.02977087660479,0.0568493484908118,,0.0,0.0,366026816.0,,-1.864352843319296,0.7425718400904932,0.01251220703125,0.0152740478515625,6955316,True,0.33707865168539325,log_bh_ratio_corr,top,0.04868913857677903,0.4756554307116105,0.7640449438202247,0.6086142322097379,0.5617977528089888,0.550561797752809,0.45131086142322097,,0.9887640449438202,0.9548872180451128
682377,682377,0.7124545366045215,682377,682377,-1,False,9.545180535015948,-0.1669017015034495,0.6809234619140625,9.795533087271124,12.197655367564009,12.152865935369768,0.36531448,-0.1683384692482703,-0.1554163578473391,,0.0,0.0,98217192.0,,-1.5529930213915868,0.0462998312467674,0.00909423828125,0.009368896484375,64798628,True,0.9588014981273408,log_bh_ratio_corr,top,0.16853932584269662,0.02247191011235955,0.026217228464419477,0.9662921348314607,0.9925093632958801,0.0149812734082397,0.0149812734082397,,0.3970037453183521,0.9924812030075187
789289,789289,0.64428074205663,789289,789289,-1,False,9.78951099954118,0.0247230655070335,1.0585784912109375,9.75242640128063,11.988638017324233,11.943848585129992,0.29777703,-0.0459576376980653,-0.0095915651572644,,0.0,0.0,95624504.0,,-1.8089418040396037,0.0132885061133114,0.012054443359375,0.0131072998046875,73320576,True,0.47191011235955055,log_bh_ratio_corr,top,0.02247191011235955,0.0599250936329588,0.06367041198501873,0.8932584269662921,0.797752808988764,0.45692883895131087,0.09176029962546817,,0.23220973782771537,0.9699248120300752
964959,964959,0.678977150618202,964959,964959,-1,False,9.868003435798254,0.0400979270739877,1.0967254638671875,9.807856545187272,11.704971613427396,11.719901424158806,0.2925064,-0.0239837052043957,0.0253649519928358,,0.0,0.0,171727584.0,,-1.6331633758335025,0.0017040840724874,0.0126800537109375,0.0142059326171875,19305811,True,0.7865168539325843,log_bh_ratio_corr,top,0.20224719101123595,0.0749063670411985,0.07116104868913857,0.7659176029962547,0.7153558052434457,0.5955056179775281,0.28277153558052437,,0.06741573033707865,0.981203007518797
1095974,1095974,0.6429123488267003,1095974,1095974,-1,False,10.839514897986817,0.6172899033011666,4.14276123046875,9.913580043035068,11.45116483099338,11.391445588067732,0.28589106,0.0594447415651112,0.1268225927516129,,0.0,0.0,1028535360.0,,-1.8272956710966624,0.5190117717755256,0.0153656005859375,0.0179443359375,35779442,True,0.45692883895131087,log_bh_ratio_corr,top,0.49063670411985016,0.8764044943820225,0.9419475655430711,0.4681647940074906,0.6591760299625468,0.9176029962546817,0.8576779026217228,,0.9138576779026217,0.9624060150375939
1107677,1107677,0.6316649978290075,1107677,1107677,-1,False,10.95175624492036,0.7306791907037183,5.37872314453125,9.855737458864784,11.839339910010109,11.824410099278694,0.28359503,-0.0454082454908302,0.0211461920651225,,0.0,0.0,1525111680.0,,-1.7684545978068311,0.3941917563014274,0.0120697021484375,0.014068603515625,46091846,True,0.32209737827715357,log_bh_ratio_corr,top,0.30711610486891383,0.9456928838951311,0.9737827715355806,0.8426966292134831,0.6179775280898876,0.46254681647940077,0.24344569288389514,,0.8389513108614233,0.9736842105263158
4323,4323,0.6001028217200032,4323,4323,-1,False,10.496797680373462,0.4752218401062819,2.986907958984375,9.78396492021404,11.466094641724794,11.45116483099338,0.17164007,-0.0308314253171837,0.0825397877569435,-13.833913893643542,1.4658384398487152e-14,53531422.33455882,53531422.33455882,-2.768188897594477,-2.768188897594477,0.0213425515122496,0.012481689453125,0.016204833984375,42436999,True,0.00749063670411985,log_ssfr,bottom,0.14606741573033707,0.602996254681648,0.7940074906367042,0.5262172284644194,0.0149812734082397,0.5430711610486891,0.6086142322097379,0.047619047619047616,,
61127,61127,0.6699223508183056,61127,61127,-1,True,10.63842682246272,0.1407680889553509,1.3828277587890625,10.427274689029693,11.421305209530558,11.406375398799144,0.29274037,0.04541988671003,0.125342882693565,-14.221385374589548,6.006405179003806e-15,127041808.56036323,127041808.56036323,-2.534480154742772,-2.534480154742772,0.1270197593302371,0.0148773193359375,0.01788330078125,83016374,True,0.7490636704119851,log_ssfr,bottom,0.9962546816479401,0.7584269662921348,0.149812734082397,0.4887640449438202,0.7265917602996255,0.8913857677902621,0.846441947565543,0.031746031746031744,,
645160,645160,0.6361371555496546,645160,645160,-1,True,10.67288893942914,0.5026261286860771,3.18145751953125,9.918949746400026,11.690041802695982,11.525813884650445,0.2583071,-0.082648108288413,0.0502921859527044,-14.30810269642567,4.9192319819674575e-15,208635287.0475113,208635287.0475113,-2.3535011757318847,-2.3535011757318847,0.1816880619628945,0.011077880859375,0.015045166015625,44369861,True,0.3707865168539326,log_ssfr,bottom,0.50187265917603,0.7865168539325843,0.8408239700374532,0.6086142322097379,0.35580524344569286,0.18352059925093633,0.41385767790262173,0.015873015873015872,,
53300,53300,0.6259020252382109,53300,53300,-1,True,10.24233467127694,0.3162599076371854,2.071380615234375,9.76794480982116,11.033130130513833,9.450570192984108,0.22676226,-0.083246722417513,0.0857990486967028,-10.766034447015167,1.7138213666332364e-11,28214567.327331573,28214567.327331573,-2.7918612765607667,-2.7918612765607667,0.0591760766614132,0.0110626220703125,0.016326904296875,53609725,True,0.27715355805243447,log_ssfr,top,0.06741573033707865,0.2397003745318352,0.5374531835205992,0.02247191011235955,0.10112359550561797,0.1797752808988764,0.6367041198501873,0.9841269841269841,,
141036,141036,0.6006012868655463,141036,141036,-1,False,10.739526952308816,0.1813431501220263,1.51824951171875,10.467512227125775,10.600165619302867,8.644360413487833,0.25491568,0.027226881884011,0.151933313334644,-10.671000239428125,2.1330437371915008e-11,141225347.8114002,141225347.8114002,-2.589614299313721,-2.589614299313721,0.1267763548269496,0.0142669677734375,0.019012451171875,57896067,True,0.018726591760299626,log_ssfr,top,1.0,0.846441947565543,0.23595505617977527,0.003745318352059925,0.3258426966292135,0.8220973782771536,0.9325842696629213,1.0,,
215760,215760,0.6355447257667793,215760,215760,-1,True,10.55580126182186,0.4139689907545748,2.593994140625,9.934847775689995,11.152568616365132,9.614798111029646,0.2582123,-0.0260792194359601,0.0938417689521169,-10.871578000775097,1.3440703453584996e-11,75569287.08482592,75569287.08482592,-2.677455936687404,-2.677455936687404,0.0699981251390789,0.0126190185546875,0.016632080078125,7545161,True,0.3595505617977528,log_ssfr,top,0.5580524344569289,0.6460674157303371,0.7378277153558053,0.026217228464419477,0.352059925093633,0.5861423220973783,0.6797752808988764,0.9523809523809523,,
3198019,3198019,0.6124418973164785,3198019,3198019,-1,True,10.642307942858052,0.2273733530821827,1.6880035400390625,10.30124791323478,10.83904259100547,8.972816249578909,0.25630334,-0.0080774631637939,0.1512356513662931,-10.838921222887665,1.4490346715623078e-11,84643701.98199472,84643701.98199472,-2.714713293422216,-2.714713293422216,0.2364810784596989,0.013153076171875,0.01898193359375,14735979,True,0.13108614232209737,log_ssfr,top,0.9550561797752809,0.7659176029962547,0.3295880149812734,0.018726591760299626,0.3333333333333333,0.6797752808988764,0.9269662921348315,0.9682539682539683,,
