subhalo_id,soap_row_index,total_formed_mass,stellar_mass_current,t_start,t50,t50_span,t75,t75_span,t90,t90_span,t95,t95_span,t998,t998_span,tfin,tfin_span,f_Mz2,term1,term2,term3,DoR,elem_H_mass,elem_He_mass,elem_C_mass,elem_N_mass,elem_O_mass,elem_Ne_mass,elem_Mg_mass,elem_Si_mass,elem_Fe_mass,elem_Sr_mass,elem_Ba_mass,elem_Eu_mass
454,73694074,17.45407199935,10.373438366975,0.2320430698055133,2.8570430698055134,2.625,3.657043069805513,3.425,5.087043069805514,4.855,5.667043069805514,5.4350000000000005,12.337043069805514,12.105,12.337043069805514,12.105,0.7004916723733763,0.7004916723733763,0.145985401459854,0.1715187854682449,0.3393319531004917,7.6053348352,2.644929536,0.0150059552,0.0054482988,0.0637088,0.0169603808,0.0070059856,0.0067049772,0.0075024224,2.96156640625e-07,1.0378048095703125e-07,3.503612518310547e-09
710,18135317,13.6829566963625,8.226847641925,0.2496389020798908,3.194638902079891,2.9450000000000003,6.384638902079891,6.135,9.154638902079892,8.905000000000001,10.57463890207989,10.325,13.584638902079892,13.335,13.584638902079892,13.335,0.5174954975818487,0.5174954975818487,0.0814995925020374,0.082169211257455,0.2270547671137804,5.9658440704,2.1319532544,0.0163137744,0.0064274556,0.0628515904,0.016916584,0.0071843304,0.0074970544,0.0105017704,4.083806396484375e-07,1.0750732421875e-07,4.322446823120117e-09
759,13048529,20.3785216817125,12.2149222058125,0.2356035405434191,3.150603540543419,2.915,5.51060354054342,5.275,7.100603540543419,6.865,10.09060354054342,9.855,13.61060354054342,13.375,13.61060354054342,13.375,0.5219442141640998,0.5219442141640998,0.0947867298578199,0.0792635340473481,0.2319981593564225,8.9454698496,3.1201378304,0.0183232064,0.0068360232,0.0743152192,0.0197903808,0.0082612992,0.0085288144,0.011804528,4.56725244140625e-07,1.3736575927734377e-07,5.034358978271484e-09
978,16479602,14.3733890079625,8.52326271345625,0.2432560920073054,2.5382560920073054,2.295,3.0482560920073056,2.805,4.208256092007305,3.965,4.878256092007305,4.635,8.128256092007305,7.885,8.128256092007305,7.885,0.8042655849732819,0.8042655849732819,0.17825311942959,0.4780677311345322,0.4868621451791347,6.2001041408,2.1976580096,0.015690504,0.0059004912,0.063374752,0.017032256,0.0071364672,0.0070493032,0.0083880016,3.43189697265625e-07,9.8507421875e-08,3.7160724639892573e-09
1368,7324136,12.0185959313875,7.1864511120875,0.2226990826533725,2.3876990826533726,2.165,5.077699082653373,4.855,7.737699082653373,7.515000000000001,9.657699082653371,9.435,13.457699082653374,13.235,13.457699082653374,13.235,0.563525095226586,0.563525095226586,0.1029866117404737,0.0894334042827225,0.2519817037499274,5.2550725632,1.8393065472,0.0111368656,0.004165442,0.046550304,0.0123141776,0.0051724392,0.0052109664,0.0067714968,2.221758056640625e-07,7.17911376953125e-08,2.9383005142211913e-09
1432,13743725,9.6762559413625,5.98079048399375,0.2388494833695045,7.873849483369504,7.635,11.333849483369503,11.095,11.773849483369505,11.535,12.043849483369506,11.805,12.883849483369506,12.645,12.883849483369506,12.645,0.2278682462293912,0.2278682462293912,0.0450653447498873,0.1322921431318005,0.135075244703693,4.3350962176,1.5511172096,0.0122505616,0.0046136476,0.0460188832,0.0125237832,0.0051987504,0.0054195764,0.0075313664,3.06307666015625e-07,8.874989624023439e-08,3.16839370727539e-09
1782,12196971,6.5466148838,3.8888503023875,0.3015064652719026,3.606506465271903,3.305,3.716506465271903,3.415,3.8965064652719024,3.595,4.246506465271903,3.945,5.026506465271902,4.725,5.026506465271902,4.725,0.2695909787884993,0.2695909787884993,0.1464128843338213,0.7076162307329843,0.3745400312851017,2.8108675072,1.0112871424,0.008294088,0.0030686418,0.0341819712,0.0091950096,0.0038774276,0.0036881156,0.0039743348,1.4934080810546876e-07,4.583755493164063e-08,1.815770149230957e-09
1874,12181028,18.2098317149875,10.77957034854375,0.2309854986733679,1.855985498673368,1.625,3.265985498673368,3.035,3.565985498673368,3.335,3.755985498673368,3.5250000000000004,9.095985498673368,8.865,9.095985498673368,8.865,0.7593118372831976,0.7593118372831976,0.1647446457990115,0.406878639486911,0.4436450408563734,7.9062016,2.745613312,0.0150260496,0.0056189172,0.0670211072,0.0176750512,0.0075085128,0.0070777384,0.0073620808,2.340599853515625e-07,7.366985473632812e-08,3.342913055419922e-09
3464,28173130,4.4475538738625,2.63977554641875,0.2226990826533725,2.9876990826533727,2.765,3.497699082653373,3.2750000000000004,3.9876990826533727,3.765,4.737699082653373,4.515000000000001,6.737699082653373,6.515000000000001,6.737699082653373,6.515000000000001,0.6568218542568267,0.6568218542568267,0.1526717557251908,0.5775871755806965,0.462360261854238,1.92492032,0.6787580928,0.004621364,0.0017168734,0.0180697648,0.0049018184,0.0020103038,0.0020034664,0.002463406,1.0335252685546877e-07,3.2277453613281256e-08,1.1070001602172851e-09
3979,25673074,13.226552487125,7.8264783088,0.248122213707072,1.653122213707072,1.405,2.503122213707072,2.255,3.143122213707072,2.895,5.313122213707072,5.065,7.463122213707072,7.215,7.463122213707072,7.215,0.9231124449509858,0.9231124449509858,0.2217294900221729,0.5267378244038243,0.557193253125661,5.7229225984,2.0018378752,0.0120894936,0.0044857568,0.0531533568,0.0140466624,0.005926256,0.0056364848,0.0059160648,1.940822509765625e-07,6.190173950195314e-08,2.744002151489258e-09
5612,66629594,13.588520765125,8.02699653874375,0.2665239906698708,1.671523990669871,1.405,1.861523990669871,1.5950000000000002,2.581523990669871,2.315,3.061523990669871,2.795,5.941523990669871,5.675,5.941523990669871,5.675,0.9691755610882972,0.9691755610882972,0.3134796238244514,0.6386063969929433,0.6404205273018974,5.8592923648,2.0576649216,0.0130567416,0.0048678832,0.0577605056,0.0154245776,0.0065129328,0.0060951412,0.0059553256,1.9504654541015625e-07,5.6301403808593753e-08,2.8035423278808595e-09
6905,67716190,8.419275759725,5.01224655895,0.253092941450765,2.978092941450765,2.725,4.168092941450765,3.915,6.258092941450765,6.005,7.838092941450765,7.585,10.578092941450766,10.325,10.578092941450766,10.325,0.6108214193153445,0.6108214193153445,0.1277139208173691,0.3008214213180059,0.3464522538169065,3.6199481344,1.3056820224,0.0105883096,0.0042253388,0.0428136608,0.011346564,0.004875338,0.004984698,0.006908044,2.4048095703125e-07,7.066810302734377e-08,2.792881202697754e-09
7560,80441932,22.310010673525,13.27688600159375,0.2689907379200118,3.453990737920012,3.185,3.953990737920012,3.685,4.463990737920012,4.195,4.993990737920012,4.725,12.893990737920014,12.625000000000002,12.893990737920014,12.625000000000002,0.4443579447180353,0.4443579447180353,0.1356852103120759,0.133744981736854,0.2379293789223217,9.7080590336,3.3991907328,0.0212424128,0.0078998256,0.0864113216,0.0231778128,0.0096713968,0.0093886792,0.0106195592,4.5347216796875e-07,1.3735006103515624e-07,4.917896270751953e-09
9133,23214227,8.4269828799875,5.08769383108125,0.2166714440495365,2.3916714440495364,2.175,3.5716714440495365,3.355,10.991671444049537,10.775,12.311671444049535,12.095,13.691671444049536,13.475,13.691671444049536,13.475,0.7257496379916191,0.7257496379916191,0.1490312965722801,0.0719993410220807,0.3155934251953267,3.7391982592,1.2932281344,0.0068462648,0.0025343756,0.02834072,0.0075675768,0.0031220646,0.0030419364,0.003433494,1.3026102294921874e-07,4.3252621459960945e-08,1.642050552368164e-09
11450,18478197,14.9137523195625,8.974044436125,0.2832701193579137,4.688270119357914,4.405,6.928270119357914,6.6450000000000005,7.828270119357914,7.545,8.748270119357915,8.465000000000002,13.588270119357915,13.305,13.588270119357915,13.305,0.1561822857841204,0.1561822857841204,0.0752445447705041,0.0843484691650352,0.1052584332398866,6.5579266048,2.3000219648,0.0146657376,0.0054230132,0.0584934784,0.0156168192,0.0065235572,0.0064743712,0.007908752,3.17927392578125e-07,1.024841552734375e-07,3.5596923828125e-09
11694,13161262,20.6539509277875,12.4500890664625,0.2689907379200118,4.383990737920012,4.115,5.3639907379200125,5.095000000000001,9.423990737920011,9.155,11.083990737920011,10.815,13.633990737920012,13.365,13.633990737920012,13.365,0.2785605191382294,0.2785605191382294,0.0981354268891069,0.0799899533498748,0.1522286331257371,9.0085818368,3.2358565888,0.02573908,0.0102438376,0.1000129856,0.0268253296,0.0113961656,0.0119576184,0.017187264,6.45653369140625e-07,1.7955738525390624e-07,6.982341766357422e-09
13563,18593340,6.429107904375,4.00689298889375,0.282868066348751,7.857868066348751,7.575,11.03786806634875,10.755,12.387868066348751,12.105,12.957868066348752,12.675,13.727868066348751,13.445,13.727868066348751,13.445,0.1920998109196554,0.1920998109196554,0.0464900046490004,0.0741785989296609,0.1042561381661056,2.9027559424,1.0401697792,0.0082787384,0.0032029868,0.03081088,0.0084103608,0.0035065924,0.0036991876,0.0053135492,2.22438671875e-07,5.8931646728515635e-08,2.182746315002441e-09
14017,20178864,10.8869338020375,6.49406736550625,0.284980963196114,3.159980963196114,2.875,3.649980963196114,3.365,4.069980963196114,3.785,7.139980963196114,6.855,13.449980963196117,13.165,13.449980963196117,13.165,0.5658823502338661,0.5658823502338661,0.1485884101040119,0.0945183394004097,0.2696630332460959,4.7503474688,1.6617700352,0.010291088,0.0038202372,0.0418413952,0.011190884,0.0046678688,0.0045287472,0.0050491756,2.1243330078125e-07,6.6889013671875e-08,2.385749816894531e-09
16561,17352640,13.25709152165,8.07969642235,0.2569762843689762,4.9519762843689765,4.695,6.751976284368976,6.495,11.201976284368977,10.945,12.531976284368977,12.275,13.721976284368978,13.465000000000002,13.721976284368978,13.465000000000002,0.1331192863027661,0.1331192863027661,0.0769822940723633,0.0727257603246073,0.0942757802332456,5.87249664,2.0872153088,0.0149840208,0.0059452668,0.0585811584,0.015647952,0.0066218124,0.0069234936,0.0099264344,3.765041015625e-07,1.092177734375e-07,4.0979961395263674e-09
17386,17242585,13.7643606682,8.17593622679375,0.3015064652719026,2.3965064652719024,2.095,3.0665064652719027,2.765,4.716506465271903,4.415,6.766506465271903,6.465,11.716506465271902,11.415,11.716506465271902,11.415,0.7841278531281708,0.7841278531281708,0.1808318264014466,0.2216417173425906,0.3955337989574026,6.0084207616,2.0779159552,0.0108921696,0.0040464336,0.0465800544,0.0122683064,0.0051389788,0.0049142184,0.0052323172,1.956489990234375e-07,6.568742065429687e-08,2.522352409362793e-09
19629,12196976,20.626044512275,12.22078488415625,0.2186745341500788,2.6736745341500785,2.455,3.4036745341500785,3.185,3.8236745341500784,3.605,4.043674534150078,3.8249999999999993,7.533674534150077,7.314999999999999,7.533674534150077,7.314999999999999,0.7124645776407589,0.7124645776407589,0.1569858712715856,0.519473631378557,0.4629746934303004,8.89909248,3.1450251264,0.021845,0.008024308,0.0911002432,0.0245052352,0.0102408976,0.0097913328,0.0102540032,3.794941650390625e-07,1.1564892578125e-07,4.8017715454101565e-09
19723,12196980,11.5808186518125,6.88750058231875,0.2920108430191526,3.2070108430191526,2.915,4.057010843019152,3.765,5.777010843019153,5.485,7.277010843019153,6.985,9.047010843019152,8.754999999999999,9.047010843019152,8.754999999999999,0.6498513365814294,0.6498513365814294,0.1328021248339973,0.4148692518147053,0.3991742377433773,4.9728069632,1.794840576,0.0147882736,0.0058701132,0.0590985088,0.0157334592,0.006740636,0.0068809024,0.0095043328,3.635538330078125e-07,1.0440362548828125e-07,3.8315814971923825e-09
24896,21498271,12.465231895375,7.4309933653,0.2384933676792631,3.403493367679263,3.165,4.023493367679263,3.785,4.993493367679263,4.755,6.183493367679263,5.945,13.413493367679262,13.175,13.413493367679262,13.175,0.4712659985214238,0.4712659985214238,0.1321003963011889,0.0937919200978831,0.2323861049734986,5.4357467136,1.9014227968,0.0118778872,0.0043577764,0.0471558592,0.0126732624,0.0052652044,0.0052580908,0.0064568736,2.836908447265625e-07,8.644159545898439e-08,2.8652357101440424e-09
25313,2359112,12.7431921969,7.5713988436125,0.2527056909238485,3.277705690923849,3.0250000000000004,4.277705690923849,4.025,5.147705690923848,4.895,5.967705690923848,5.715,7.787705690923849,7.535,7.787705690923849,7.535,0.5013227233551104,0.5013227233551104,0.124223602484472,0.5034924067229684,0.3763462441875169,5.5115993088,1.950381056,0.0136737984,0.0051126748,0.0554631808,0.0148736128,0.0061951324,0.0061092004,0.0072111816,2.765793701171875e-07,8.600313720703126e-08,3.2290565490722662e-09
25850,7911694,8.011632918275,4.7433129512875,0.2832701193579137,2.308270119357914,2.0250000000000004,2.5982701193579136,2.315,2.918270119357913,2.635,3.1582701193579137,2.875,6.648270119357914,6.365,6.648270119357914,6.365,0.9663919450321028,0.9663919450321028,0.2159827213822894,0.5884834651185977,0.59028604384433,3.4581512192,1.2188040192,0.0080281072,0.0030373006,0.0346237888,0.0091738848,0.0038728296,0.0036436932,0.003663558,1.3371707763671876e-07,4.11912109375e-08,1.7754060745239259e-09
215236,4661143,9.165908334675,5.4492938178625,0.3253672897647561,2.8403672897647563,2.515,3.3503672897647565,3.0250000000000004,3.990367289764756,3.665,6.460367289764756,6.135,12.620367289764758,12.295000000000002,12.620367289764758,12.295000000000002,0.6963338369468658,0.6963338369468658,0.165289256198347,0.1577168187202367,0.3397799706218165,3.9933104128,1.3909977088,0.0082060888,0.0030055912,0.0331875872,0.0089122136,0.0036972388,0.0035769188,0.0039584152,1.5870235595703124e-07,5.2770611572265625e-08,1.8718870162963867e-09
219721,10484188,21.429380653325,12.77209879555625,0.3024307506070975,3.9674307506070976,3.665,4.297430750607098,3.995,5.5574307506070975,5.255,7.107430750607097,6.805,10.2574307506071,9.955000000000002,10.2574307506071,9.955000000000002,0.306874529562857,0.306874529562857,0.1251564455569462,0.3276989355114955,0.2532433035437662,9.2973940736,3.2897746944,0.0229685872,0.0085327608,0.0944676544,0.0251871104,0.010637012,0.01029416,0.011604132,3.944775146484375e-07,1.3322236328125e-07,5.2214595794677735e-09
226643,14124198,17.2146723274125,10.2985085308625,0.2366917696817942,2.8016917696817942,2.565,3.9816917696817935,3.745,6.861691769681794,6.625,10.331691769681791,10.095,13.571691769681795,13.335,13.571691769681795,13.335,0.62623916834715,0.62623916834715,0.1335113484646194,0.082169211257455,0.2806399093564082,7.5410259968,2.6309804032,0.0156486304,0.0057783472,0.0651350848,0.0173103728,0.0072466424,0.0069817928,0.007608956,2.931926025390625e-07,9.530218505859377e-08,3.620136642456055e-09
227161,25683975,38.15681338615,22.81875164603125,0.2488922105676358,3.923892210567636,3.675,4.793892210567636,4.545,7.263892210567636,7.015000000000001,9.663892210567637,9.415,12.753892210567637,12.505,12.753892210567637,12.505,0.3551800122011562,0.3551800122011562,0.11001100110011,0.1424620133671752,0.2025510088894805,16.66347008,5.8523394048,0.0373723904,0.0140692592,0.1538204544,0.0407819008,0.0172509568,0.0170232192,0.0203309824,7.2932080078125e-07,2.29071728515625e-07,9.097061920166017e-09
233162,17941061,14.193439246875,8.56092861935,0.3199604203860637,2.854960420386064,2.535,6.494960420386064,6.175,10.044960420386063,9.725,11.674960420386064,11.355,13.654960420386065,13.335,13.654960420386065,13.335,0.6196534550134787,0.6196534550134787,0.0809716599190283,0.082169211257455,0.2609314420633207,6.2508240896,2.196378624,0.0139328352,0.0053777584,0.0567011968,0.0150834912,0.0063617472,0.0065405556,0.0087538896,2.96148583984375e-07,8.630217895507814e-08,3.794348526000977e-09
234230,17967924,9.0703203650125,5.46424094461875,0.3318633950268701,3.8168633950268704,3.4850000000000003,6.106863395026871,5.775,9.836863395026873,9.505,11.35686339502687,11.025,13.226863395026871,12.895,13.226863395026871,12.895,0.2853482555088266,0.2853482555088266,0.0865800865800865,0.1141316605686319,0.1620200008858483,3.9565979648,1.4190548992,0.0111133344,0.0044091364,0.0432501984,0.0115793,0.0049443072,0.0051303176,0.0072286224,2.719202880859375e-07,7.36503662109375e-08,2.9694696426391604e-09
235419,2359150,5.870616435975,3.5084192163875,0.2462486773824537,4.821248677382454,4.575,5.741248677382454,5.495,6.221248677382453,5.975,6.411248677382454,6.165,8.461248677382454,8.215,8.461248677382454,8.215,0.1784236786180933,0.1784236786180933,0.0909918107370336,0.4540958941511496,0.2411704611687588,2.5475584,0.9074654208,0.006912572,0.0025675734,0.0266032688,0.007215064,0.003004255,0.0029955612,0.0036375596,1.561462158203125e-07,4.691644592285156e-08,1.622996139526367e-09
236847,7911715,19.0334041123625,11.29387144405625,0.2538680344595239,2.138868034459524,1.885,2.658868034459524,2.405,5.008868034459524,4.755,6.088868034459524,5.835,11.768868034459524,11.515,11.768868034459524,11.515,0.8277530795741579,0.8277530795741579,0.2079002079002078,0.2143775243173231,0.4166769372638963,8.2883764224,2.8752683008,0.0157136704,0.0058234384,0.0681814144,0.0179921488,0.0076079944,0.0071382984,0.0071586456,2.416058349609375e-07,8.393726196289064e-08,3.449697494506836e-09
245231,33722565,4.9814586641375,2.96246158933125,0.2569762843689762,3.741976284368977,3.4850000000000003,4.331976284368976,4.075,4.441976284368977,4.1850000000000005,4.491976284368977,4.235,5.721976284368976,5.465,5.721976284368976,5.465,0.3567926910887523,0.3567926910887523,0.1226993865030674,0.653861202346005,0.3777844266459416,2.1565528064,0.7629981184,0.00544529,0.0019607154,0.0218326208,0.0059094164,0.0024452752,0.0023789032,0.0026406154,1.022787109375e-07,3.372083740234375e-08,1.21682653427124e-09
245512,35380552,8.764698026625,5.2687594989375,0.3024307506070975,4.437430750607097,4.135,5.727430750607097,5.425,8.097430750607097,7.795,10.587430750607098,10.285,13.5074307506071,13.205000000000002,13.5074307506071,13.205000000000002,0.2172732364469489,0.2172732364469489,0.0921658986175115,0.0916126621903027,0.1336839324182543,3.8404415488,1.3555063808,0.0093715864,0.003473284,0.0361899936,0.009718672,0.004040976,0.0040981656,0.005229882,2.21554443359375e-07,6.886619262695314e-08,2.347719192504883e-09
246321,33722586,8.4874942282875,5.03784035844375,0.3132313618041245,3.0682313618041244,2.755,3.5182313618041245,3.205,4.038231361804125,3.725000000000001,4.388231361804125,4.075,4.998231361804125,4.6850000000000005,4.998231361804125,4.6850000000000005,0.5905174764841945,0.5905174764841945,0.15600624024961,0.7105219079430912,0.4856818748922986,3.6634329088,1.29945344,0.009454468,0.0034727612,0.0381673536,0.010273928,0.0042792252,0.0041627608,0.0046368892,1.994417846679688e-07,6.14322509765625e-08,2.158824348449707e-09
262637,26619520,16.814092634475,10.07829235909375,0.2706476852221193,5.45564768522212,5.1850000000000005,6.61564768522212,6.345000000000001,7.03564768522212,6.765000000000001,7.995647685222119,7.725,12.205647685222118,11.935,12.205647685222118,11.935,0.2570524236281485,0.2570524236281485,0.0788022064617809,0.1838679136111998,0.1732408479003764,7.3256009728,2.6025183232,0.0190931936,0.0071883456,0.0743361024,0.0200529008,0.0083454456,0.0084893016,0.0111927544,4.65017333984375e-07,1.3826683349609378e-07,4.760415267944336e-09
285668,39441629,5.43119120675,3.2569191134125,0.306601663199979,2.931601663199979,2.625,3.511601663199979,3.205,8.441601663199979,8.135,11.27160166319998,10.965000000000002,13.63160166319998,13.325,13.63160166319998,13.325,0.6759529284961129,0.6759529284961129,0.15600624024961,0.0828956305599818,0.3049515997685682,2.3854043136,0.8321295872,0.0049392352,0.0018147488,0.0200106832,0.0053492636,0.002207028,0.0021706584,0.0025778242,9.355534057617188e-08,3.322440185546875e-08,1.218911552429199e-09
285956,38020293,28.3261704401,16.85776742131875,0.2447388916771355,3.199738891677136,2.955,3.559738891677136,3.3150000000000004,4.269738891677136,4.025,6.499738891677136,6.255,12.909738891677137,12.665,12.909738891677137,12.665,0.5445817335137287,0.5445817335137287,0.1508295625942684,0.1308393045267471,0.2754168668782481,12.2894811136,4.3323625472,0.0290528736,0.01076092,0.1221593216,0.03228088,0.0139062016,0.0131059808,0.0134166928,4.3749189453125e-07,1.507179443359375e-07,6.221902084350586e-09
286305,39416507,24.9227161391,15.00538929991875,0.2731270319898584,3.4381270319898585,3.165,5.148127031989858,4.875,8.828127031989858,8.555,11.258127031989858,10.985,13.668127031989858,13.395,13.668127031989858,13.395,0.4466452499387164,0.4466452499387164,0.1025641025641025,0.0778106954422946,0.2090066826483712,10.9576388608,3.8494892032,0.0248117312,0.0093924136,0.0985013696,0.0262855408,0.011002152,0.0112961944,0.0151086656,5.85151513671875e-07,1.7457667236328125e-07,6.5208633422851565e-09
293836,35365673,38.815911054125,23.221864181725,0.2550321523375682,2.590032152337568,2.335,3.840032152337568,3.585,8.15003215233757,7.895000000000001,10.410032152337568,10.155,13.500032152337567,13.245,13.500032152337567,13.245,0.6800409072324178,0.6800409072324178,0.1394700139470014,0.0887069849801959,0.302739302053205,16.959299584,5.9517554688,0.0370762336,0.0139098064,0.1604182912,0.0421916768,0.0179740192,0.0174469152,0.0198494432,6.57715771484375e-07,2.00702734375e-07,9.047718048095702e-09
326887,63712904,9.9478380668875,5.9370649970875,0.2867457033209319,4.2617457033209325,3.975000000000001,5.421745703320932,5.135,5.731745703320932,5.445,6.701745703320932,6.415,8.63174570332093,8.344999999999999,8.63174570332093,8.344999999999999,0.2782492927082347,0.2782492927082347,0.0973709834469328,0.4446524432183019,0.2734242397911565,4.326240256,1.5275466752,0.010649316,0.0039090288,0.0414858816,0.0111774896,0.0046542712,0.004700348,0.0059625612,2.4789208984375e-07,7.621046752929689e-08,2.5684288024902343e-09
331208,62684837,8.6413047302,5.156886137025,0.3085132097517356,4.233513209751735,3.925,4.623513209751736,4.315,5.113513209751735,4.805,5.643513209751736,5.335,13.463513209751737,13.155,13.463513209751737,13.155,0.340944810161707,0.340944810161707,0.115874855156431,0.0952447587029366,0.1840214746736915,3.7485907968,1.3316470784,0.0097545856,0.0036474992,0.0384868512,0.0103602048,0.0043269084,0.0042682984,0.005150074,2.12898876953125e-07,6.66847412109375e-08,2.31111831665039e-09
334928,60045313,6.35907912305,3.77164047083125,0.2500245825002576,2.3150245825002576,2.065,2.8450245825002574,2.595,3.7850245825002578,3.535,5.645024582500257,5.395,11.425024582500257,11.175,11.425024582500257,11.175,0.8784247967861901,0.8784247967861901,0.1926782273603083,0.2390757806032325,0.4367262682499104,2.7849986048,0.9517893632,0.0040964672,0.0015065709,0.0184276144,0.0048309724,0.0020167784,0.0018938134,0.001903542,6.836802368164063e-08,2.3407272338867187e-08,9.317142486572263e-10
338580,66629670,11.075766801375,6.57590777640625,0.3160945209074661,3.2210945209074664,2.905,3.451094520907466,3.135,4.041094520907467,3.725000000000001,4.771094520907466,4.455,6.311094520907466,5.995,6.311094520907466,5.995,0.5621135344667146,0.5621135344667146,0.1594896331738437,0.6153609793120873,0.4456547156508819,4.7950639104,1.6896679936,0.0111934216,0.0041882224,0.0468839712,0.0124762312,0.0052523636,0.0050341412,0.0055737336,2.056384765625e-07,6.638712768554689e-08,2.5456192016601563e-09
339315,68038860,16.382937910375,9.75192004459375,0.2014079114544849,3.206407911454485,3.005,4.106407911454485,3.905,5.0964079114544845,4.895,6.006407911454485,5.805,12.216407911454484,12.015,12.216407911454484,12.015,0.5240891140295768,0.5240891140295768,0.1280409731113956,0.1780565591909857,0.2767288821106527,7.1266648064,2.4989216768,0.0157616736,0.005966262,0.0642289536,0.0170308608,0.0072435336,0.0070457504,0.008128272,3.37472119140625e-07,1.0099594116210937e-07,3.6799617767333983e-09
346464,75326738,3.165790796175,1.88668704500625,0.3141674414627129,1.729167441462713,1.415,2.189167441462713,1.875,6.109167441462713,5.795,10.089167441462711,9.775,13.569167441462714,13.255,13.569167441462714,13.255,0.8802663505132805,0.8802663505132805,0.2666666666666666,0.087980565677669,0.4116378609525388,1.3833453568,0.4809875456,0.002670766,0.0010109703,0.0115681344,0.003055583,0.0012797105,0.0012436297,0.001388794,4.666019592285156e-08,1.4747592163085937e-08,6.813949584960938e-10
358243,87740088,14.9200313080875,9.0513304136625,0.2902860411839665,6.625286041183967,6.335,7.4552860411839665,7.165,9.455286041183967,9.165,11.115286041183968,10.825,13.615286041183968,13.325,13.615286041183968,13.325,0.1381602405356635,0.1381602405356635,0.0697836706210746,0.0828956305599818,0.0969465139055733,6.5622253568,2.3463503872,0.0181684288,0.0070193464,0.0699913344,0.0188096976,0.0079250208,0.0081800816,0.0111769824,4.39250537109375e-07,1.2793687744140625e-07,4.665596389770508e-09
361283,76945246,15.831404210625,9.454898114775,0.2193435937900787,3.784343593790079,3.5650000000000004,5.454343593790079,5.235,7.024343593790078,6.805,7.574343593790079,7.355,12.25434359379008,12.035,12.25434359379008,12.035,0.4245280868722238,0.4245280868722238,0.0955109837631327,0.1766037205859322,0.2322142637404296,6.9051703296,2.4248956928,0.0158813728,0.005791324,0.0623012992,0.0168181456,0.0069456304,0.0070186656,0.0089584416,3.79134130859375e-07,1.1424912109375e-07,3.88212890625e-09
365289,86754553,17.4623942370375,10.38013767664375,0.2942479807834424,3.1892479807834424,2.895,3.4792479807834424,3.185,4.059247980783442,3.765,4.809247980783443,4.515000000000001,12.919247980783442,12.625,12.919247980783442,12.625,0.6117451335749533,0.6117451335749533,0.1569858712715855,0.1337449817368541,0.300825328861131,7.5465662464,2.6787682304,0.019290608,0.0072407448,0.0790749952,0.0212014992,0.0089404136,0.0085935384,0.0094597312,3.63736328125e-07,1.0857911376953125e-07,4.37060546875e-09
367305,79700796,10.6031658634125,6.31259618849375,0.2014079114544849,3.4164079114544847,3.215,3.986407911454485,3.785,4.766407911454485,4.565,5.306407911454485,5.105,13.286407911454486,13.085,13.286407911454486,13.085,0.4487964031108707,0.4487964031108707,0.1321003963011889,0.1003296938206237,0.2270754977442277,4.6189064192,1.6148733952,0.0100151784,0.003620026,0.0397529536,0.0106879184,0.0043946832,0.0043478716,0.0053170712,2.3891435546875e-07,7.813820190429687e-08,2.4473751068115234e-09
373347,77275379,8.6710531704375,5.17262851044375,0.2756138924141513,3.400613892414152,3.125,3.5206138924141515,3.245,4.080613892414152,3.8050000000000006,5.270613892414152,4.995,13.54061389241415,13.265,13.54061389241415,13.265,0.3976237422309036,0.3976237422309036,0.1540832049306625,0.0872541463751424,0.2129870311789029,3.7674704896,1.3310058496,0.0090079304,0.0033901912,0.0384025312,0.0101447424,0.0043527208,0.004095684,0.0043271988,1.5627862548828128e-07,5.078315734863281e-08,2.005242919921875e-09
374783,77282341,10.296493294375,6.1169388227,0.2593401272742675,1.7943401272742676,1.535,2.084340127274268,1.825,4.734340127274267,4.475,7.554340127274267,7.295,13.384340127274267,13.125,13.384340127274267,13.125,0.8483349116122753,0.8483349116122753,0.273972602739726,0.0974240166105168,0.406577176987506,4.5106589696,1.5452238848,0.0067969104,0.0023848524,0.0329613888,0.0085645816,0.003630796,0.003313187,0.003183947,1.04154443359375e-07,3.8763754272460936e-08,1.5048393249511719e-09
378920,73320636,2.0825769895,1.2368382396125,0.4020543663606908,3.137054366360691,2.7350000000000003,3.817054366360691,3.415,4.477054366360691,4.075,5.157054366360691,4.755,6.517054366360691,6.115,6.517054366360691,6.115,0.56790740126921,0.56790740126921,0.1464128843338213,0.6066439476817664,0.4403214110949325,0.8906614784,0.323659264,0.0028391934,0.0011279259,0.0111329848,0.0029424932,0.0012750348,0.0012770577,0.0016891106,7.149359741210937e-08,2.18751220703125e-08,7.052867412567138e-10
385150,74812859,6.37006449805,3.7943072469375,0.2902860411839665,2.8452860411839667,2.555,3.1452860411839665,2.855,4.725286041183967,4.4350000000000005,6.465286041183966,6.175,13.555286041183964,13.265,13.555286041183964,13.265,0.7933596943107172,0.7933596943107172,0.1751313485113835,0.0872541463751424,0.3519150630657477,2.7760678912,0.9703476224,0.005831746,0.0021871726,0.0248459696,0.0065509668,0.002791433,0.002642628,0.002781752,9.35045166015625e-08,3.2059014892578134e-08,1.3008869171142578e-09
385786,89722580,11.3196363466375,6.8160900470875,0.2956235799783382,5.060623579978339,4.765000000000001,5.890623579978339,5.595000000000001,7.110623579978339,6.815,10.28062357997834,9.985,13.590623579978338,13.295,13.590623579978338,13.295,0.1658497338914222,0.1658497338914222,0.0893655049151027,0.0850748884675621,0.1134300424246956,4.9670422528,1.75410176,0.0120884544,0.0045013864,0.0474795584,0.0127251864,0.0053044928,0.0053172168,0.0066734292,2.731759765625e-07,8.630247192382813e-08,2.991442489624023e-09
385918,86176926,13.99818587465,8.3854337696875,0.269806423039002,2.494806423039002,2.225,4.724806423039002,4.455,7.554806423039002,7.285,10.344806423039005,10.075,13.644806423039004,13.375000000000002,13.644806423039004,13.375000000000002,0.6371150835901077,0.6371150835901077,0.1122334455667789,0.079263534047348,0.2762040210680782,6.1554688,2.13451264,0.0117062592,0.0042600324,0.0492371136,0.0130744472,0.005451508,0.0052609252,0.0058630256,2.101284912109375e-07,7.152798461914062e-08,2.770224189758301e-09
386064,89719802,10.711291073,6.426081390325,0.3056731518297475,5.440673151829747,5.135,6.610673151829747,6.305,6.860673151829747,6.555,7.050673151829748,6.745,13.200673151829749,12.895,13.200673151829749,12.895,0.2418576682312982,0.2418576682312982,0.0793021411578112,0.114131660568632,0.1450971566525805,4.67273728,1.6584732672,0.0120771288,0.0044527052,0.0475884704,0.012741772,0.005336958,0.0053135004,0.006533526,2.52286669921875e-07,8.334293823242189e-08,2.903758430480957e-09
389909,89867026,11.31559872595,6.771150519675,0.2681758752589758,5.053175875258976,4.785,6.083175875258976,5.815,6.733175875258976,6.465,7.463175875258976,7.195,11.063175875258976,10.795000000000002,11.063175875258976,10.795000000000002,0.2115154358545937,0.2115154358545937,0.0859845227858985,0.2666797140992487,0.188059890913247,4.9282412544,1.7456062464,0.0125000776,0.0046550712,0.048177936,0.013013404,0.0053969104,0.0054796916,0.0071467752,3.042161376953125e-07,9.235625610351564e-08,3.075465393066406e-09
390846,89844942,0.0,,,,,,,,,,,,,,,,,,,,,,,,,,,,,,,
399047,11211041,14.9605467323625,8.97767908594375,0.2665239906698708,5.641523990669871,5.375,6.581523990669871,6.315,7.331523990669871,7.065,7.651523990669871,7.385,9.261523990669872,8.995000000000001,9.261523990669872,8.995000000000001,0.1265199087698111,0.1265199087698111,0.0791765637371338,0.3974351885540632,0.201043887020336,6.5390661632,2.3116869632,0.016279144,0.0060424008,0.063686496,0.0171392128,0.0071524272,0.0071021544,0.0084607088,3.622539794921875e-07,1.0942633056640627e-07,3.827227401733398e-09
402161,6498864,4.9927189370125,2.96645149936875,0.2911480170813849,3.3561480170813853,3.0650000000000004,3.696148017081385,3.405,4.166148017081385,3.875,5.256148017081385,4.965,9.936148017081386,9.645,9.936148017081386,9.645,0.4354459803596304,0.4354459803596304,0.1468428781204111,0.3502179338898247,0.3108355974566221,2.1702289408,0.759102464,0.0046626288,0.0017183552,0.018911696,0.0050604336,0.0020939234,0.0020367502,0.0023621502,9.0830224609375e-08,3.1754992675781255e-08,1.0945959091186524e-09
402510,2537250,16.317045689675,9.83034974409375,0.3597937173311045,5.514793717331105,5.155,7.344793717331105,6.985,9.094793717331104,8.735,9.334793717331106,8.975000000000001,12.794793717331103,12.435,12.794793717331103,12.435,0.084146896574471,0.084146896574471,0.0715819613457408,0.1475469484848624,0.1010919354683581,7.1558053888,2.5334286336,0.0179035936,0.0067165488,0.0703463488,0.0188166624,0.0078958656,0.0079553592,0.0101821872,4.0898935546875e-07,1.2619625244140625e-07,4.3912353515625e-09
402569,24671234,8.570478439425,5.13526641639375,0.2781582068239636,5.393158206823964,5.115,6.593158206823964,6.315,6.863158206823964,6.585,6.983158206823964,6.705,12.033158206823964,11.755,12.033158206823964,11.755,0.1876755492932449,0.1876755492932449,0.0791765637371338,0.1969434610566812,0.1545985246956867,3.7263847424,1.3292355584,0.0101802512,0.0037838312,0.03989776,0.0107260504,0.0045033096,0.0044641656,0.005417078,2.127824951171875e-07,6.786450805664062e-08,2.3886655807495116e-09
414057,11211055,8.338973044175,4.95493694339375,0.299251067919414,3.044251067919414,2.745,3.7042510679194143,3.405,4.864251067919414,4.565,5.814251067919415,5.515000000000001,7.594251067919414,7.295,7.594251067919414,7.295,0.6625298331800265,0.6625298331800265,0.1468428781204111,0.5209264699836104,0.4434330604280159,3.6071174144,1.2763392,0.00885028,0.0033459286,0.0362688896,0.0096335144,0.0040480756,0.0039836484,0.0048062644,1.9008194580078125e-07,5.9752587890625e-08,2.126307487487793e-09
415924,16708168,12.7747254349125,7.7625940285375,0.2677564187774877,6.332756418777488,6.065,7.782756418777488,7.515000000000001,10.322756418777487,10.055,11.682756418777489,11.415,13.672756418777489,13.405,13.672756418777489,13.405,0.2129118632956458,0.2129118632956458,0.0665335994677312,0.0770842761397678,0.1188432463010483,5.6085311488,2.02230784,0.0166141888,0.0066510888,0.0638928896,0.0171884272,0.0073208712,0.0076332368,0.0109637936,4.24809228515625e-07,1.1519071044921874e-07,4.411991500854492e-09
427733,8542244,15.4021856794125,9.25878830440625,0.2747675182662323,4.359767518266232,4.085,5.409767518266232,5.135,6.969767518266233,6.695,10.469767518266233,10.195,13.649767518266234,13.375000000000002,13.649767518266234,13.375000000000002,0.2598300543538604,0.2598300543538604,0.0973709834469328,0.079263534047348,0.1454881906160471,6.752219136,2.380207104,0.0158297056,0.0060073524,0.0631256576,0.0167859536,0.0070573344,0.007125324,0.0092707576,3.457171875e-07,1.10777294921875e-07,4.073562622070312e-09
432682,14961482,15.4721262445,9.3919246600875,0.2673371808995224,4.832337180899523,4.565,8.832337180899522,8.565,10.87233718089952,10.605,11.542337180899525,11.275,12.862337180899525,12.595,12.862337180899525,12.595,0.2094042479941451,0.2094042479941451,0.0583771161704611,0.1359242396444343,0.1345685346030135,6.8180226048,2.4301774848,0.0183904272,0.0070934872,0.070132096,0.018903192,0.0079656712,0.0082962416,0.0114258792,4.665099609375e-07,1.26616015625e-07,4.757198333740234e-09
437317,16719533,11.0876140602,6.65498017406875,0.3268423207495878,4.311842320749588,3.985,6.121842320749588,5.795,7.621842320749588,7.295,8.431842320749588,8.105,13.561842320749587,13.235,13.561842320749587,13.235,0.177910037947733,0.177910037947733,0.086281276962899,0.0894334042827226,0.1178749063977849,4.8476004352,1.7136918528,0.0119390576,0.0044855588,0.0467233696,0.012508288,0.0052346564,0.0052654964,0.006671662,2.791581787109375e-07,8.475386962890626e-08,2.927628898620605e-09
440918,25199194,14.779917476175,8.79191374083125,0.3184958094600691,3.68349580946007,3.3650000000000007,4.19349580946007,3.875000000000001,4.81349580946007,4.495000000000001,5.72349580946007,5.405000000000001,7.34349580946007,7.025000000000001,7.34349580946007,7.025000000000001,0.3788729825987965,0.3788729825987965,0.1290322580645161,0.5405397911518324,0.349481677271715,6.396803072,2.2666698752,0.0163453808,0.006016672,0.0649215424,0.0175376928,0.0072967544,0.007164804,0.008230412,3.200010498046875e-07,1.0141299438476564e-07,3.735596084594726e-09
444365,13550044,10.9516324976125,6.5350986033875,0.3199604203860637,3.914960420386064,3.595,4.884960420386064,4.565,6.574960420386064,6.255,7.214960420386064,6.8950000000000005,12.454960420386064,12.135000000000002,12.454960420386064,12.135000000000002,0.3378666822361101,0.3378666822361101,0.1095290251916757,0.1693395275606646,0.2055784116628168,4.7548751872,1.6856318976,0.0122505184,0.0045562116,0.0471415744,0.012740568,0.0053102044,0.005292896,0.0064542408,2.8545986328125e-07,8.638051147460939e-08,2.888808441162109e-09
444685,17029559,8.19889449985,4.88217782061875,0.3139593434637824,3.848959343463783,3.535,4.518959343463783,4.205,5.048959343463783,4.735,5.298959343463783,4.985,12.428959343463784,12.115,12.428959343463784,12.115,0.374095341267486,0.374095341267486,0.1189060642092746,0.1707923661657182,0.221264590547493,3.563235328,1.2536512512,0.00836346,0.0030748476,0.0329372992,0.008834436,0.0036605476,0.0036139168,0.0042726268,1.8668966064453127e-07,5.991265258789064e-08,1.967683219909668e-09
446063,15150907,28.6192300351875,17.0451573066375,0.2095386431767796,2.94453864317678,2.7350000000000003,4.684538643176779,4.475,6.28453864317678,6.075,8.00453864317678,7.795,12.61453864317678,12.405,12.61453864317678,12.405,0.564078354002763,0.564078354002763,0.111731843575419,0.1497262063924426,0.2751788013235415,12.4961726464,4.3470364672,0.0250143136,0.0091075664,0.10310064,0.0274928,0.0114165216,0.0112218088,0.0131751408,4.9693095703125e-07,1.6536304931640626e-07,5.979265213012695e-09
452464,20724403,22.8944618647,13.71217311295,0.2790080393036067,4.344008039303607,4.065,5.564008039303607,5.285,5.714008039303607,5.4350000000000005,6.754008039303606,6.475,13.484008039303609,13.205,13.484008039303609,13.205,0.2886860525690327,0.2886860525690327,0.0946073793755913,0.0916126621903028,0.1583020313783089,10.0246208512,3.5107196928,0.0221210656,0.0079590848,0.0901026496,0.0240422224,0.0100226528,0.0098089664,0.0114345752,4.344560546875e-07,1.5070263671875e-07,5.177867126464844e-09
454282,15680542,11.9909224519625,7.1963602061625,0.3219516784852381,3.656951678485238,3.335,4.646951678485238,4.325,8.736951678485237,8.415,10.646951678485236,10.325,13.556951678485238,13.235,13.556951678485238,13.235,0.405805759662686,0.405805759662686,0.1156069364161849,0.0894334042827226,0.2036153667871978,5.262753792,1.8426261504,0.0116251936,0.00429562,0.045588976,0.0122125008,0.0050807296,0.0050947976,0.0062983064,2.713046875e-07,8.44251220703125e-08,2.8382261276245118e-09
465532,10566374,12.342170953575,7.41410988629375,0.3108433843110187,5.575843384311019,5.265000000000001,6.235843384311019,5.925,7.665843384311019,7.355,8.15584338431102,7.845000000000001,11.645843384311018,11.335,11.645843384311018,11.335,0.099868126014773,0.099868126014773,0.0843881856540084,0.2274530717628046,0.137236461143862,5.4058672128,1.9060078592,0.0129705128,0.0047660084,0.0517979264,0.0137988336,0.0057992372,0.0056891644,0.00662068,2.59012109375e-07,8.693448486328126e-08,3.017726516723633e-09
466789,8959334,48.24222994235,28.72523011929375,0.2281965745974243,2.6731965745974247,2.4450000000000003,3.853196574597424,3.625,4.393196574597424,4.165,6.603196574597424,6.375,13.483196574597423,13.255,13.483196574597423,13.255,0.6253484178475753,0.6253484178475753,0.1379310344827586,0.087980565677669,0.283753339336001,21.03578624,7.3359425536,0.0428784736,0.0159592176,0.1834063616,0.048280416,0.0205582944,0.0195618912,0.0208278624,7.01787451171875e-07,2.40843212890625e-07,9.688536071777345e-09
481649,21187845,10.1337490065375,6.145871219425,0.3522003528713231,6.487200352871323,6.135,7.087200352871323,6.735,9.367200352871322,9.015,10.267200352871324,9.915,13.667200352871324,13.315,13.667200352871324,13.315,0.0771191452746987,0.0771191452746987,0.0742390497401633,0.0836220498625086,0.0783267482924569,4.4827598848,1.5792151552,0.010648216,0.003912182,0.0422564064,0.0113239032,0.0047259896,0.0046896004,0.0056433236,2.180459716796875e-07,7.144218139648439e-08,2.5395692825317383e-09
487605,27192811,9.4316854490375,5.67613561455625,0.3293761024341002,4.3243761024341,3.995,5.174376102434101,4.845000000000001,8.3843761024341,8.055,10.9143761024341,10.585,13.6043761024341,13.275,13.6043761024341,13.275,0.1878698683415937,0.1878698683415937,0.1031991744066047,0.0865277270726155,0.1258655899402713,4.1350234112,1.4613126144,0.0100516704,0.00379939,0.0396488896,0.0105849448,0.0044303652,0.0045234356,0.0059901688,2.332020263671875e-07,7.27782958984375e-08,2.643209075927734e-09
488259,24224955,10.295308350775,6.15652118393125,0.2554205854559797,3.51042058545598,3.255,4.50042058545598,4.245,7.69042058545598,7.435,9.58042058545598,9.325,12.47042058545598,12.215,12.47042058545598,12.215,0.3823963154164433,0.3823963154164433,0.1177856301531213,0.1635281731404508,0.2212367062366718,4.4521181184,1.6012209152,0.0127522544,0.0050901472,0.050625664,0.0134672352,0.0057797456,0.0059778224,0.0084047232,3.06117138671875e-07,8.539907836914064e-08,3.449423599243164e-09
489993,9253477,17.13748502915,10.38623532530625,0.2114511840101869,3.466451184010187,3.255,7.166451184010187,6.955,10.846451184010188,10.635000000000002,12.176451184010189,11.965,13.696451184010186,13.485,13.696451184010186,13.485,0.4630037898693093,0.4630037898693093,0.0718907260963335,0.0712729217195539,0.2020558125617323,7.6084994048,2.652404736,0.0154949376,0.0058441888,0.0621694528,0.0164851632,0.0069219944,0.007203188,0.0099889264,3.80618115234375e-07,1.14954833984375e-07,4.28492317199707e-09
501783,24550009,5.6306202405,3.42292436865625,0.3647582023657083,5.969758202365709,5.605,6.529758202365708,6.165,9.77975820236571,9.415,11.729758202365709,11.365,13.699758202365707,13.335,13.699758202365707,13.335,0.0547374587453319,0.0547374587453319,0.08110300081103,0.0821692112574552,0.0726698902712724,2.4446926848,0.9056474112,0.0089961112,0.0036812628,0.0355115968,0.009498516,0.00410302,0.004200768,0.0058361544,2.076153076171875e-07,5.6725671386718754e-08,2.3757608413696292e-09
503453,9356197,15.24728060145,9.06056203534375,0.2885140651547822,2.3035140651547823,2.015,2.7335140651547825,2.4450000000000003,4.443514065154782,4.155,6.383514065154783,6.095000000000001,13.233514065154782,12.945,13.233514065154782,12.945,0.8333881194430229,0.8333881194430229,0.2044989775051124,0.1104995640559982,0.3827955536680445,6.6683138048,2.2959433728,0.0114059752,0.0039441768,0.0508531616,0.0134528192,0.0056332848,0.005277266,0.0053133484,1.9050377197265626e-07,6.118158569335937e-08,2.468825340270996e-09
525147,32317602,10.1103596689125,6.0267848426625,0.3001730493756493,3.8751730493756495,3.575,4.78517304937565,4.485,5.57517304937565,5.275,5.945173049375649,5.645,12.585173049375651,12.285000000000002,12.585173049375651,12.285000000000002,0.3653466137369685,0.3653466137369685,0.1114827201783723,0.1584432380227634,0.2117575239793681,4.3991887872,1.5473435648,0.0103225672,0.0038136184,0.0401817216,0.0107843664,0.0044884636,0.0044801024,0.005470016,2.42907373046875e-07,7.512510986328125e-08,2.462004470825195e-09
534493,29554818,15.13041686915,9.0776363408375,0.281562707334638,3.7265627073346383,3.4450000000000003,4.426562707334638,4.145,6.136562707334639,5.855,10.986562707334638,10.705,13.636562707334637,13.355,13.636562707334637,13.355,0.4236827871070171,0.4236827871070171,0.120627261761158,0.0807163726524017,0.2083421405068589,6.6444333056,2.3203530752,0.0139180336,0.00508178,0.0573036672,0.0153148272,0.0063437236,0.0063121816,0.007708444,2.72401416015625e-07,9.156780395507813e-08,3.562710189819336e-09
553480,24978914,16.2884254459375,9.819610306175,0.2601215309605038,2.415121530960504,2.155,6.405121530960504,6.1450000000000005,10.125121530960504,9.865,11.705121530960504,11.445,13.665121530960503,13.405,13.665121530960503,13.405,0.6140112661116315,0.6140112661116315,0.081366965012205,0.0770842761397678,0.2574875024212015,7.1510073344,2.5280874496,0.0172514672,0.0065823336,0.070013824,0.0186744112,0.007879456,0.008068744,0.0108113272,3.755247314453125e-07,1.0928162841796876e-07,4.605262374877931e-09
560617,28234942,11.7859699730625,7.00510654395,0.2051211918143725,2.3501211918143725,2.145,3.270121191814373,3.0650000000000004,4.020121191814373,3.815,4.530121191814373,4.325,13.300121191814371,13.095,13.300121191814371,13.095,0.7539543124916442,0.7539543124916442,0.163132137030995,0.099603274518097,0.3388965746802454,5.1387060224,1.7840705536,0.009917424,0.0036177348,0.0429295424,0.0113539008,0.0047752456,0.0045365336,0.0047765676,1.7537218017578126e-07,5.697061767578126e-08,2.224575424194336e-09
581720,30163554,5.82754468875,3.4801078511,0.3190186281730316,4.604018628173032,4.285,4.994018628173031,4.675,5.364018628173032,5.045,5.574018628173032,5.255,13.034018628173031,12.715000000000002,13.034018628173031,12.715000000000002,0.2366921314906922,0.2366921314906922,0.106951871657754,0.1272072080141133,0.1569504037208532,2.5369341952,0.8950206464,0.0061163092,0.0022385542,0.0244939568,0.0065254452,0.0027352392,0.0026561582,0.0030177926,1.1978038330078126e-07,4.085181274414063e-08,1.409140110015869e-09
605496,25673099,14.411283731025,8.603714122625,0.2974099385444066,3.452409938544407,3.155,5.472409938544407,5.175,6.812409938544407,6.515000000000001,8.002409938544407,7.705,12.252409938544409,11.955,12.252409938544409,11.955,0.4767177038033283,0.4767177038033283,0.0966183574879227,0.1824150750061462,0.2519170454324657,6.2810693632,2.2082772992,0.0145113968,0.0053854968,0.0567788352,0.0153284992,0.0062995728,0.0064488264,0.008542012,3.40016943359375e-07,1.058039306640625e-07,3.709555816650391e-09
620044,35365695,10.4853568077,6.285927321025,0.2920108430191526,5.017010843019152,4.725,5.727010843019153,5.4350000000000005,6.967010843019152,6.675,8.657010843019153,8.365,13.057010843019151,12.765,13.057010843019151,12.765,0.1836771303157452,0.1836771303157452,0.0919963201471941,0.1235751115014796,0.1330828539881396,4.5772386304,1.6193509376,0.0114529456,0.0042727124,0.0445863904,0.0119871304,0.0050135704,0.0050231396,0.0062110768,2.50399560546875e-07,7.828748168945312e-08,2.7478399276733397e-09
680060,63686602,4.78967308985,2.91682838455625,0.3288476946930228,6.183847694693023,5.855,7.933847694693023,7.605,10.283847694693025,9.955,11.663847694693022,11.335,13.693847694693025,13.365,13.693847694693025,13.365,0.1002937627216107,0.1002937627216107,0.0657462195923734,0.0799899533498748,0.0820099785546196,2.1212960768,0.7529040384,0.0054984136,0.0020970592,0.0206623184,0.0055709876,0.00233513,0.0024608498,0.0035159836,1.4992015380859378e-07,4.2913372802734376e-08,1.4523319244384764e-09
687613,67687813,17.2480473487125,10.437128304775,0.3113101187875617,5.086310118787562,4.775,7.316310118787562,7.005,9.37631011878756,9.065,11.256310118787562,10.945,13.64631011878756,13.335,13.64631011878756,13.335,0.2154039046332878,0.2154039046332878,0.0713775874375446,0.0821692112574552,0.1229835677760958,7.565729792,2.7065956352,0.0210821952,0.0081702048,0.08007152,0.0216210544,0.0090531952,0.0094913272,0.0134943104,5.524177734375e-07,1.5434117431640626e-07,5.590779495239258e-09
697220,66697268,7.26845693535,4.31922517301875,0.252318637850923,3.307318637850923,3.055,3.667318637850923,3.415,4.697318637850923,4.445,5.577318637850923,5.325,7.517318637850924,7.265000000000001,7.517318637850924,7.265000000000001,0.488463372073558,0.488463372073558,0.1464128843338213,0.5231057278911905,0.3859939947661899,3.1431335936,1.1134000128,0.0079118544,0.0029423096,0.0313797312,0.0084590912,0.0034973872,0.0035148384,0.0044547352,1.727274658203125e-07,5.43572509765625e-08,1.9308227539062502e-09
698792,67812724,6.654150722175,3.9955678303375,0.3328706614461634,5.157870661446164,4.825,5.877870661446163,5.545,6.457870661446163,6.125,9.877870661446163,9.545,13.157870661446164,12.825,13.157870661446164,12.825,0.1206759082923252,0.1206759082923252,0.0901713255184851,0.1192165956863191,0.1100212764990431,2.9044985856,1.0318733312,0.0075421856,0.0028319492,0.0297341952,0.0079324832,0.0033503152,0.0033044948,0.0039971976,1.647982177734375e-07,5.216456909179688e-08,1.798297119140625e-09
702824,63712933,20.56280207795,12.2288034689375,0.2832701193579137,3.1382701193579137,2.855,3.568270119357914,3.285,4.548270119357914,4.265000000000001,5.648270119357914,5.365,11.758270119357912,11.475,11.758270119357912,11.475,0.5546189433116875,0.5546189433116875,0.15220700152207,0.2172832015274301,0.3080363821203958,8.968306688,3.1171311616,0.017612848,0.0065584808,0.0737675008,0.019673912,0.0081961088,0.0078920376,0.0087104264,3.510147705078125e-07,1.1537296142578127e-07,4.125269317626953e-09
708494,70498122,22.8684909368,13.60168838744375,0.2858880910211727,2.240888091021173,1.955,3.5008880910211726,3.215,5.770888091021173,5.485,7.070888091021173,6.785,13.150888091021171,12.865,13.150888091021171,12.865,0.7106331267681595,0.7106331267681595,0.1555209953343701,0.1163109184762122,0.3274883468595806,9.9703799808,3.4681901056,0.0194063616,0.0073121656,0.0851673408,0.0223155632,0.009566436,0.009058624,0.0095079896,2.880126953125e-07,9.838028564453124e-08,4.383506774902344e-09
728678,76594968,7.52081894795,4.4845939107625,0.3103768828645137,4.145376882864514,3.835,4.675376882864514,4.365,5.2353768828645135,4.925,5.975376882864514,5.665,11.955376882864512,11.645,11.955376882864512,11.645,0.3195686008243977,0.3195686008243977,0.1145475372279496,0.2049340733844754,0.2130167371456075,3.278794752,1.1486978048,0.0073030288,0.0026715382,0.0287822944,0.0077224408,0.003193365,0.0031636746,0.00378474,1.59924951171875e-07,5.2576055908203134e-08,1.738209342956543e-09
729031,82952825,22.73862027815,13.69919626765625,0.2542558767382257,4.7192558767382256,4.465,6.9292558767382255,6.675,9.699255876738226,9.445,10.949255876738226,10.695,12.789255876738228,12.535000000000002,12.789255876738228,12.535000000000002,0.3613412231060169,0.3613412231060169,0.0749063670411985,0.1402827554595947,0.1921767818689367,9.966604288,3.5328720896,0.0252564672,0.0095476104,0.097900736,0.0263764,0.0110474024,0.011511452,0.0160246128,6.4159599609375e-07,1.8212064208984374e-07,6.657233428955078e-09
735917,85316037,15.3158733863,9.13181439181875,0.241776295519756,2.926776295519756,2.685,3.626776295519756,3.385,4.686776295519756,4.445,8.126776295519756,7.885,13.406776295519755,13.165,13.406776295519755,13.165,0.6048745389578488,0.6048745389578488,0.1477104874446085,0.0945183394004099,0.2823677886009557,6.7118374912,2.3209764864,0.0123792616,0.0045280432,0.0507305344,0.0135579616,0.0055882276,0.0054328368,0.0060878536,2.5449208984375e-07,8.306758422851563e-08,2.8819086074829103e-09
735922,84203252,10.0725278823,6.03606570008125,0.3238944796555039,4.788894479655504,4.465,6.698894479655504,6.375,7.198894479655504,6.875,7.558894479655504,7.235,12.318894479655505,11.995,12.318894479655505,11.995,0.2163890975290907,0.2163890975290907,0.0784313725490196,0.1795093977960391,0.1581099559580498,4.4108500992,1.5471104,0.0100241768,0.003680136,0.0386761376,0.0104911896,0.0042951732,0.0044022316,0.0057788872,2.42641748046875e-07,7.51330078125e-08,2.5064540863037107e-09
737278,86406247,11.9589567168,7.177530659575,0.2974099385444066,4.422409938544407,4.125,5.132409938544407,4.835,7.7224099385444065,7.425,9.592409938544408,9.295,13.562409938544404,13.265,13.562409938544404,13.265,0.2773482392356642,0.2773482392356642,0.1034126163391933,0.0872541463751424,0.15600500065,5.2130451456,1.8558928896,0.0137271952,0.0053196148,0.0531431424,0.0142943184,0.0060116992,0.006246074,0.0087082064,3.3576923828125e-07,9.6352294921875e-08,3.6380008697509756e-09
740896,73928405,3.0864634514,1.8547488954875,0.3400567132486625,6.035056713248663,5.695,6.975056713248662,6.635,7.385056713248662,7.045,7.595056713248662,7.255,9.255056713248663,8.915000000000001,9.255056713248663,8.915000000000001,0.1121699121507374,0.1121699121507374,0.0753579502637528,0.4032465429742772,0.1969248017962558,1.35376896,0.4762235392,0.0031992778,0.0011668448,0.0123600688,0.003347357,0.0013709168,0.0013805718,0.0017107986,7.251849365234375e-08,2.3275430297851562e-08,7.710638523101805e-10
742910,76904209,6.3399400709625,3.8194552338625,0.3160945209074661,5.971094520907466,5.655,6.791094520907466,6.475,7.761094520907466,7.445,8.831094520907467,8.515,13.611094520907468,13.295000000000002,13.611094520907468,13.295000000000002,0.1635662808272519,0.1635662808272519,0.0772200772200772,0.085074888467562,0.1086204155049637,2.7847929856,0.9821904896,0.0067570192,0.0024920438,0.0259677872,0.0069959784,0.0029071298,0.0029650256,0.0038671732,1.5969122314453128e-07,4.9635321044921883e-08,1.6703144073486326e-09
762834,83343006,4.43047499605,2.65601721888125,0.3085132097517356,4.063513209751736,3.755,4.893513209751736,4.585,5.403513209751736,5.095000000000001,9.853513209751736,9.545,13.663513209751734,13.355,13.663513209751734,13.355,0.3468157231098069,0.3468157231098069,0.109051254089422,0.0807163726524017,0.1788611166172102,1.9370450944,0.6828081664,0.0046667792,0.0017154666,0.0180791264,0.0048708628,0.0020235116,0.002018506,0.002468808,1.0310740966796877e-07,3.3260076904296873e-08,1.124199104309082e-09
764883,82152967,12.457409623375,7.4592329709125,0.2281965745974243,3.0131965745974245,2.785,3.5931965745974246,3.365,5.403196574597424,5.175,10.853196574597426,10.625000000000002,13.653196574597423,13.425,13.653196574597423,13.425,0.6464348830104764,0.6464348830104764,0.1485884101040119,0.0756314375347144,0.2902182435497342,5.4596907008,1.9065950208,0.011323848,0.0042311492,0.0481376192,0.0127087952,0.0053868752,0.0051234012,0.0054826664,2.10930810546875e-07,6.66696044921875e-08,2.612471580505371e-09
775375,81099598,15.7564249035625,9.503867663925,0.3010446757144045,4.406044675714405,4.105,6.306044675714404,6.005,8.226044675714405,7.925000000000001,11.016044675714404,10.715,13.686044675714406,13.385000000000002,13.686044675714406,13.385000000000002,0.2039232811315607,0.2039232811315607,0.0832639467110741,0.0785371147448213,0.1219081141958187,6.95222272,2.4322709504,0.0151633904,0.0055926452,0.059754816,0.0159715648,0.0066468696,0.006708388,0.008480652,3.376319580078125e-07,1.091121826171875e-07,3.7249626159667972e-09
783297,67793568,17.92003702935,10.9008460879875,0.3553938471206148,6.200393847120616,5.845000000000001,8.120393847120615,7.765000000000001,10.770393847120616,10.415,11.650393847120617,11.295,13.610393847120616,13.255,13.610393847120616,13.255,0.1541771135879854,0.1541771135879854,0.0643915003219574,0.087980565677669,0.1021830598625373,7.9013052416,2.8264200192,0.0218297744,0.0084900792,0.0845871808,0.0228267344,0.0095836048,0.0099395952,0.0139722832,5.49021826171875e-07,1.576780517578125e-07,5.749619674682617e-09
784803,74464862,6.1859188071375,3.70720532960625,0.269806423039002,5.114806423039003,4.845000000000001,6.674806423039002,6.405,6.884806423039002,6.615,6.984806423039002,6.715,12.874806423039,12.605,12.874806423039,12.605,0.18908043996034,0.18908043996034,0.078064012490242,0.1351978203419077,0.1341140909308299,2.6953857024,0.9568672768,0.0070563016,0.0026092626,0.0274405664,0.0073893856,0.0030981976,0.0031019294,0.0037914892,1.5277535400390625e-07,4.7028512573242193e-08,1.6563591003417966e-09
789867,84889167,11.711199043325,7.02237583859375,0.2845781033297623,5.139578103329763,4.855,6.879578103329763,6.595000000000001,7.609578103329762,7.325,7.809578103329763,7.525,11.679578103329764,11.395,11.679578103329764,11.395,0.156367356656896,0.156367356656896,0.0758150113722517,0.2230945559476439,0.1517589746589306,5.1053948928,1.8132881408,0.0133206736,0.0049682672,0.0516752832,0.0138577296,0.0058233176,0.0058192372,0.0072745584,3.0486064453125e-07,9.494515380859376e-08,3.1922491073608397e-09
793281,74586966,5.86649107745,3.49025006705625,0.2689907379200118,3.933990737920012,3.665,4.363990737920012,4.095,4.653990737920012,4.385,4.813990737920012,4.545,5.433990737920012,5.165,5.433990737920012,5.165,0.3016634625214911,0.3016634625214911,0.1221001221001221,0.6756537814218074,0.3664724553478069,2.5326200832,0.90332928,0.0069306112,0.0025705378,0.0274787264,0.0073952864,0.0030894298,0.0030161056,0.0034207972,1.409490478515625e-07,4.437571105957032e-08,1.5854843139648435e-09
793416,12181078,6.6880021099125,3.98140635281875,0.3669475389727346,3.951947538972735,3.585,4.431947538972735,4.065,4.641947538972735,4.275,5.211947538972735,4.845000000000001,7.031947538972735,6.665,7.031947538972735,6.665,0.2463231041013462,0.2463231041013462,0.1230012300123001,0.5666908860427954,0.3120050733854806,2.8948197376,1.0274863104,0.0074631472,0.0027822592,0.0300288992,0.008064236,0.0034000628,0.003290687,0.0036606712,1.337345703125e-07,4.389614562988281e-08,1.6796710968017579e-09
793784,3271149,10.296186448675,6.149057753175,0.249253419927026,2.244253419927026,1.995,3.394253419927026,3.145,7.734253419927026,7.485,10.004253419927023,9.755,13.554253419927026,13.305,13.554253419927026,13.305,0.7357671363483216,0.7357671363483216,0.1589825119236884,0.0843484691650354,0.3263660391456818,4.5239435264,1.5604989952,0.0078999856,0.0029215284,0.0333615712,0.0087876944,0.0036658156,0.0035489332,0.0039914472,1.59297705078125e-07,5.40719970703125e-08,1.906611442565918e-09
802280,74826396,4.9898982047125,2.99704547323125,0.2867457033209319,3.921745703320932,3.635,4.631745703320933,4.345000000000001,6.641745703320932,6.355,10.991745703320934,10.705000000000002,13.581745703320934,13.295000000000002,13.581745703320934,13.295000000000002,0.2345050325415246,0.2345050325415246,0.1150747986191024,0.085074888467562,0.1448849065427296,2.1882384384,0.769204224,0.0049992576,0.0018638902,0.0199520624,0.005305484,0.002224779,0.0022076738,0.0027136132,1.0899000244140625e-07,3.5556286621093754e-08,1.250886631011963e-09
813903,89780772,14.1213557706375,8.4473787666875,0.241776295519756,3.176776295519756,2.935,4.726776295519756,4.485,8.476776295519755,8.235,9.996776295519757,9.755,12.036776295519758,11.795000000000002,12.036776295519758,11.795000000000002,0.5328459369165663,0.5328459369165663,0.1114827201783723,0.194037783846574,0.2794554803138376,6.1675036672,2.1674749952,0.0138837088,0.005232404,0.0564355392,0.0150307232,0.006288018,0.006345756,0.0082187424,2.966501953125e-07,9.2825e-08,3.5911815643310543e-09
819935,82914559,147.785603765875,88.54803250959375,0.2331022483127132,3.428102248312713,3.1950000000000003,5.058102248312713,4.825,8.538102248312715,8.305000000000001,10.198102248312717,9.965000000000002,13.388102248312713,13.155,13.388102248312713,13.155,0.4676334215821838,0.4676334215821838,0.1036269430051813,0.0952447587029366,0.2221683744301006,64.8408334336,22.6189705216,0.134288192,0.0494239936,0.5549646848,0.146770048,0.0619434304,0.0609225728,0.0716879872,2.7389052734375e-06,8.6500166015625e-07,3.20286865234375e-08
822649,81558266,11.6075072291125,6.89336794468125,0.2462486773824537,2.2112486773824536,1.965,4.521248677382454,4.275,5.841248677382454,5.595000000000001,6.1712486773824535,5.925,7.621248677382454,7.375,7.621248677382454,7.375,0.627437038991993,0.627437038991993,0.1169590643274853,0.5151151155633963,0.4198370729609582,5.0386571264,1.7654163456,0.0111230424,0.0041149476,0.0454701472,0.0122375824,0.0050882884,0.0049793632,0.0056777628,2.097133544921875e-07,6.657305297851562e-08,2.573310852050781e-09
835539,16414327,60.4478938616125,36.074467030625,0.2554205854559797,2.79042058545598,2.535,4.52042058545598,4.265000000000001,5.980420585455979,5.725,7.10042058545598,6.845000000000001,13.47042058545598,13.215,13.47042058545598,13.215,0.593018179262644,0.593018179262644,0.1172332942555685,0.0908862428877761,0.2670459054686629,26.3577583616,9.2445147136,0.05877808,0.0219120976,0.2403109376,0.0639014272,0.027162768,0.0264967696,0.0302724128,1.197633984375e-06,3.59629541015625e-07,1.3654130554199221e-08
839425,23218165,10.3455898754375,6.3362048437875,0.3379755024323891,6.68297550243239,6.345000000000001,9.052975502432387,8.715,10.21297550243239,9.875,12.46297550243239,12.125,13.72297550243239,13.385000000000002,13.72297550243239,13.385000000000002,0.1082663754252711,0.1082663754252711,0.057372346528973,0.0785371147448213,0.0813919455663551,4.6003412992,1.639260672,0.0123567536,0.0047384676,0.0470736928,0.01270346,0.0053267972,0.005560838,0.0077989496,3.119626953125e-07,8.945032348632814e-08,3.2099609375e-09
839898,7970754,10.5808842166625,6.38508161973125,0.2689907379200118,5.463990737920012,5.195,7.153990737920012,6.885,8.823990737920013,8.555000000000001,9.813990737920012,9.545,13.473990737920012,13.205,13.473990737920012,13.205,0.0990995268357396,0.0990995268357396,0.0726216412490922,0.0916126621903028,0.0877779434250449,4.6260006912,1.6567855104,0.0131047208,0.0050658072,0.0499485088,0.0134950144,0.0056757972,0.005888176,0.008045756,3.341039794921875e-07,9.017445678710937e-08,3.3687141418457033e-09
849841,11073999,12.969572543225,7.72379910275625,0.279858734138628,3.734858734138628,3.455,4.594858734138628,4.315,5.264858734138628,4.985,5.374858734138629,5.095000000000001,7.934858734138628,7.655,7.934858734138628,7.655,0.2884424026240708,0.2884424026240708,0.115874855156431,0.4947753750926474,0.2996975442910497,5.6291827712,1.9864967168,0.0136988304,0.0050173524,0.0549853568,0.0146823456,0.0061420212,0.006005986,0.0068061816,2.85633251953125e-07,9.065641479492189e-08,3.1501953125e-09
868355,11312991,10.465457438225,6.30585600256875,0.306601663199979,4.151601663199979,3.845,6.271601663199979,5.965,8.83160166319998,8.525,11.22160166319998,10.915,13.22160166319998,12.915,13.22160166319998,12.915,0.2104020908914005,0.2104020908914005,0.0838222967309304,0.1126788219635784,0.1356344031953031,4.5952647168,1.622900736,0.0112874248,0.0042303672,0.0430921088,0.0116650536,0.004824072,0.0049873436,0.006703588,2.793167724609375e-07,8.19627197265625e-08,2.868380546569824e-09
868437,13166632,11.6773583897125,6.99262533685625,0.2665239906698708,4.741523990669871,4.475,5.16152399066987,4.895,6.411523990669871,6.1450000000000005,8.16152399066987,7.895,13.291523990669871,13.025,13.291523990669871,13.025,0.1728023487596051,0.1728023487596051,0.1021450459652706,0.1046882096357842,0.1265452014535533,5.0890371072,1.8027137024,0.0126716992,0.004771026,0.0513020256,0.013604104,0.0057891472,0.0055878436,0.00640622,2.50384716796875e-07,8.26796142578125e-08,2.9488048553466803e-09
868822,20190677,9.3576512329625,5.56345288350625,0.2425158179808164,3.1375158179808165,2.895,4.137515817980817,3.895000000000001,4.937515817980817,4.695,6.397515817980817,6.155,9.457515817980816,9.215,9.457515817980816,9.215,0.5427458303756546,0.5427458303756546,0.128369704749679,0.3814539638984749,0.3508564996746028,4.0612278272,1.4281720832,0.0095223392,0.003527582,0.0369126784,0.009971432,0.004127834,0.0041563292,0.005179634,2.278344482421875e-07,6.858394775390626e-08,2.3025550842285162e-09
870514,9803815,31.13591194005,18.634962367325,0.2661300135424564,4.701130013542457,4.4350000000000005,5.451130013542457,5.1850000000000005,6.661130013542457,6.3950000000000005,8.001130013542458,7.735000000000001,13.211130013542457,12.945,13.211130013542457,12.945,0.2631243459055994,0.2631243459055994,0.0964320154291224,0.1104995640559982,0.1566853084635734,13.608001536,4.7798321152,0.031140208,0.0113601544,0.1254182144,0.0333849376,0.0139880704,0.0137414032,0.0161826032,6.3158525390625e-07,2.12941748046875e-07,7.278353881835938e-09
899406,13554217,8.47800874725,5.08653251590625,0.3075311110354981,3.652531111035498,3.345,4.192531111035498,3.885,8.882531111035497,8.575,10.492531111035497,10.185,13.5325311110355,13.225,13.5325311110355,13.225,0.2393288392699706,0.2393288392699706,0.1287001287001287,0.0901598235852492,0.1527295971851162,3.7121437696,1.3056063488,0.0084653304,0.0031572906,0.035319504,0.0093483664,0.0039716376,0.0038235188,0.0042596476,1.41019189453125e-07,4.804358215332031e-08,1.968307304382324e-09
925424,7263403,13.674007175475,8.22656730939375,0.2706476852221193,4.63564768522212,4.365,5.815647685222119,5.545,7.565647685222119,7.295,9.66564768522212,9.395,13.63564768522212,13.365,13.63564768522212,13.365,0.1964749220335387,0.1964749220335387,0.0901713255184851,0.0799899533498748,0.1222120669672995,5.9891224576,2.1197955072,0.0150676432,0.0055943316,0.059095168,0.0158232064,0.0066652472,0.0065884324,0.0078265952,3.226495361328125e-07,1.0134820556640625e-07,3.536702728271484e-09
956651,21063657,4.57266616705,2.73851758391875,0.3548519025748646,4.439851902574865,4.085,5.149851902574865,4.795,5.909851902574864,5.555,9.139851902574865,8.785,13.049851902574863,12.695,13.049851902574863,12.695,0.1664041769346771,0.1664041769346771,0.1042752867570385,0.1286600466191669,0.1331131701036275,2.0036153344,0.7007424512,0.0043704444,0.0015958166,0.0172694048,0.004609842,0.0019172374,0.001890696,0.0022249048,9.489962158203125e-08,3.16524169921875e-08,1.035832405090332e-09
958228,9061442,14.9213187704625,8.9681302493375,0.2885140651547822,4.723514065154783,4.4350000000000005,6.123514065154782,5.835,9.123514065154785,8.835,10.253514065154782,9.965,12.583514065154784,12.295000000000002,12.583514065154784,12.295000000000002,0.2658879836138322,0.2658879836138322,0.0856898029134533,0.1577168187202367,0.1697648684158407,6.4981696512,2.3267723264,0.0181902608,0.0071245592,0.0697033664,0.0188118768,0.0079222384,0.008257936,0.0116256784,4.7063095703125e-07,1.27981787109375e-07,4.766055297851563e-09
959876,12171831,5.6735434531625,3.39121583699375,0.3379755024323891,3.632975502432389,3.295,4.102975502432389,3.765,4.992975502432389,4.655,8.71297550243239,8.375,13.58297550243239,13.245,13.58297550243239,13.245,0.3469160215390398,0.3469160215390398,0.1328021248339973,0.0887069849801957,0.1894750437844109,2.4811669504,0.8675631104,0.0053457196,0.0019556196,0.0216762912,0.0057997068,0.002403128,0.0023393746,0.002648162,9.962732543945313e-08,3.4536807250976565e-08,1.2492993354797363e-09
960194,17427100,5.0754404043375,3.0284058593375,0.2714402572957652,4.146440257295765,3.875,5.536440257295766,5.265000000000001,6.146440257295765,5.875,6.256440257295766,5.985,7.906440257295765,7.635,7.906440257295765,7.635,0.2991037650870922,0.2991037650870922,0.0949667616334282,0.4962282136977009,0.2967662468060738,2.2037590016,0.7808723456,0.0056910136,0.0020954384,0.021738824,0.0058734364,0.0024471676,0.0024658894,0.0030612588,1.3314501953125e-07,4.0479962158203126e-08,1.3465367317199704e-09
990587,2202442,0.0,,,,,,,,,,,,,,,,,,,,,,,,,,,,,,,
1029438,6427596,7.101670504375,4.2751819969375,0.3077894570542341,5.532789457054234,5.225,6.182789457054234,5.875,8.652789457054233,8.344999999999999,9.682789457054234,9.375,12.802789457054237,12.495,12.802789457054237,12.495,0.1160582632976628,0.1160582632976628,0.0851063829787234,0.1431884326697018,0.114784359648696,3.1180886016,1.0987986944,0.0074258544,0.0027368468,0.0293232608,0.007859484,0.0032668622,0.0032461104,0.0039397628,1.55480029296875e-07,5.1039028930664064e-08,1.778333282470703e-09
1041257,4902515,4.7652554500875,2.83892199640625,0.3858988116514084,4.300898811651408,3.915,4.560898811651408,4.175,4.820898811651409,4.4350000000000005,4.960898811651409,4.575,5.280898811651408,4.895,5.280898811651408,4.895,0.1125524030805424,0.1125524030805424,0.1197604790419161,0.6952671025900297,0.309193328237496,2.0500324352,0.7395124736,0.006191706,0.0023129164,0.0253514448,0.0067571496,0.002866211,0.0027235492,0.002872958,1.0422618408203125e-07,3.4497219848632815e-08,1.3611900329589843e-09
1041630,4902521,4.7782967085375,2.83615046665625,0.3887994757773896,3.1737994757773897,2.785,3.50379947577739,3.115,4.03379947577739,3.645000000000001,4.443799475777389,4.055,5.443799475777389,5.055,5.443799475777389,5.055,0.606336740563515,0.606336740563515,0.160513643659711,0.6836443937496016,0.483498259324276,2.0585121792,0.733859584,0.0055883056,0.0020926864,0.022032824,0.00593758,0.0024726944,0.0024348268,0.0028677682,1.2479427490234376e-07,3.7428811645507815e-08,1.3049244880676271e-09
1068221,30854267,3.2916738986625,1.9738406506375,0.3258938317746676,4.630893831774667,4.305,5.430893831774668,5.105,7.340893831774668,7.015000000000001,9.21089383177467,8.885000000000002,13.090893831774668,12.765,13.090893831774668,12.765,0.1989582857117488,0.1989582857117488,0.0979431929480901,0.1235751115014796,0.1401588633871062,1.4354484224,0.5094816768,0.0036918868,0.0013957817,0.0142018,0.0038198788,0.0015888004,0.0016475906,0.002262616,8.91285400390625e-08,2.703497314453125e-08,9.782035827636719e-10
1068905,32349391,8.7604563231,5.25840979615,0.3288476946930228,3.363847694693023,3.035,3.813847694693023,3.4850000000000003,6.383847694693023,6.055,11.113847694693025,10.785,13.663847694693022,13.335,13.663847694693022,13.335,0.4265446535441103,0.4265446535441103,0.1434720229555236,0.0821692112574552,0.2173952959190297,3.8458478592,1.3457158144,0.0082454584,0.003078063,0.0343858336,0.0091150984,0.003839342,0.0037016228,0.0040580344,1.3975386962890626e-07,4.788414611816406e-08,1.905736541748047e-09
1069568,32375592,48.02939582245,28.709490829375,0.256198041825856,2.901198041825856,2.645,4.621198041825856,4.365,6.181198041825856,5.925,8.941198041825857,8.685,13.571198041825856,13.315,13.571198041825856,13.315,0.5658631916283938,0.5658631916283938,0.1145475372279496,0.0836220498625086,0.254677592906284,21.0940346368,7.2978833408,0.0389361664,0.0140885984,0.1634059648,0.0431315136,0.0180906816,0.0176132672,0.0200913216,7.83430517578125e-07,2.6536767578125e-07,9.18887405395508e-09
1092906,29418169,6.84377360295,4.09733527985625,0.2331022483127132,4.278102248312713,4.045,4.628102248312713,4.395,4.828102248312714,4.595000000000001,6.9681022483127135,6.735,13.588102248312712,13.355,13.588102248312712,13.355,0.2149817661345933,0.2149817661345933,0.1137656427758816,0.0807163726524017,0.1364879271876256,2.9950906368,1.0492232704,0.0065940456,0.0024095762,0.027310384,0.0072815,0.0030421972,0.0029175194,0.0031335034,1.09734765625e-07,3.882022399902344e-08,1.4787427902221681e-09
1158546,36268159,22.135321858025,13.27802488905,0.2938408059979345,2.9688408059979343,2.675,4.668840805997935,4.375,6.518840805997934,6.225,10.098840805997934,9.805,13.678840805997936,13.385000000000002,13.678840805997936,13.385000000000002,0.5944221592639621,0.5944221592639621,0.1142857142857142,0.0785371147448213,0.2624149960981659,9.772326912,3.3675450368,0.0167561488,0.0061239988,0.0714966976,0.0187565152,0.0078324216,0.0076090032,0.0086346576,3.236819580078125e-07,1.1202044677734374e-07,4.086282730102539e-09
1177245,26909601,20.6586248881875,12.3401430108875,0.2731270319898584,3.1381270319898587,2.865,4.208127031989858,3.935,5.0181270319898585,4.745,6.5181270319898585,6.245,13.598127031989858,13.325,13.598127031989858,13.325,0.525322748411385,0.525322748411385,0.1270648030495552,0.0828956305599819,0.245094394006974,9.0546692096,3.1436285952,0.017661224,0.006459986,0.072715904,0.0192442432,0.0080272872,0.00782202,0.0088907096,3.67437744140625e-07,1.2246805419921878e-07,4.158982849121094e-09
1195883,30251561,7.734795567775,4.6148177776375,0.3538229658252767,4.378822965825277,4.025,4.968822965825277,4.615,5.568822965825277,5.215,5.908822965825276,5.555,10.05882296582528,9.705000000000002,10.05882296582528,9.705000000000002,0.2181213143585151,0.2181213143585151,0.1083423618634886,0.3458594180746641,0.2241076980988892,3.3549799424,1.1913393152,0.0088022128,0.0032728224,0.0343969504,0.0092675736,0.0038792912,0.0038375088,0.0044923644,1.9710255126953128e-07,5.8014013671875e-08,2.041479110717773e-09
1218474,33479185,22.51413345475,13.47670946401875,0.2781582068239636,2.6631582068239634,2.385,4.303158206823964,4.025,7.723158206823964,7.445,10.193158206823965,9.915,13.563158206823964,13.285,13.563158206823964,13.285,0.5955934442225193,0.5955934442225193,0.124223602484472,0.0858013077700888,0.2685394514923601,9.8975555584,3.4283264,0.0185497056,0.0067834848,0.0774029888,0.0205509152,0.0085748824,0.0083592344,0.0095950288,3.682878173828125e-07,1.2160267333984374e-07,4.459368133544922e-09
1236310,25985378,6.470397948125,3.844578455475,0.306601663199979,3.3716016631999794,3.0650000000000004,3.771601663199979,3.465,4.001601663199979,3.695,4.181601663199979,3.875,8.42160166319998,8.115,8.42160166319998,8.115,0.4314122253498949,0.4314122253498949,0.1443001443001443,0.461360087176417,0.3456908189421521,2.8048347136,0.9873741824,0.0065029856,0.0024352536,0.0270257888,0.0071727232,0.003045587,0.0028842114,0.0029922464,1.1118580322265627e-07,3.691852722167969e-08,1.430319881439209e-09
1256568,33722753,3.7031006821125,2.19429820570625,0.321427264837812,2.296427264837813,1.9750000000000003,2.5064272648378125,2.1850000000000005,2.7564272648378125,2.4350000000000005,5.726427264837813,5.405000000000001,8.076427264837815,7.755000000000003,8.076427264837815,7.755000000000003,0.9167077111716432,0.9167077111716432,0.22883295194508,0.4875111820673797,0.5443506150613676,1.6048412672,0.5612912128,0.0033540696,0.001259704,0.0146998592,0.0038782468,0.001627406,0.0015542198,0.0016569536,4.4238049316406254e-08,1.6210583496093752e-08,7.779369831085204e-10
1369672,67751002,6.8767933845375,4.11346140131875,0.281562707334638,3.566562707334638,3.285,4.266562707334638,3.985,4.626562707334639,4.345000000000001,9.556562707334638,9.275,13.616562707334635,13.335,13.616562707334635,13.335,0.4354108583271587,0.4354108583271587,0.1254705144291091,0.0821692112574552,0.214350194671241,3.0131511296,1.0507547648,0.0063301432,0.0022968726,0.0250379232,0.0067398064,0.0027733958,0.0027324376,0.003234998,1.3712552490234378e-07,4.6249642944335935e-08,1.500776672363281e-09
1373485,66371615,4.67017173735,2.766864620025,0.279858734138628,2.714858734138628,2.435,3.0148587341386284,2.7350000000000003,3.274858734138628,2.995,3.374858734138628,3.095,3.704858734138628,3.425,3.704858734138628,3.425,0.9064617226586454,0.9064617226586454,0.1828153564899451,0.8020507400614614,0.6304426064033507,2.0117549056,0.7139426816,0.0051311476,0.001914474,0.02124204,0.0056753908,0.0023871776,0.002260445,0.002329074,8.345826416015626e-08,2.7633282470703125e-08,1.125688648223877e-09
1374997,66427289,4.64937591655,2.759579545075,0.3359517471255202,3.23095174712552,2.895,3.5609517471255203,3.225,3.81095174712552,3.475,4.02095174712552,3.685,4.930951747125521,4.595000000000001,4.930951747125521,4.595000000000001,0.5421248849851725,0.5421248849851725,0.1550387596899224,0.717059681665832,0.4714077754469756,2.0110649344,0.7098545664,0.0048579624,0.0018013184,0.0198455248,0.005299216,0.0022217574,0.0021245176,0.0022644244,8.813414306640626e-08,2.907401428222656e-08,1.0817200660705564e-09
1376350,66371631,147.1499372906,88.25292620078125,0.2439971168287886,2.8089971168287886,2.565,4.498997116828789,4.255,8.38899711682879,8.145000000000001,10.528997116828789,10.285,13.63899711682879,13.395,13.63899711682879,13.395,0.6083956456433123,0.6083956456433123,0.117508813160987,0.0778106954422945,0.2679050514155313,64.9410707456,22.3791316992,0.1104617088,0.0402454848,0.4875963904,0.1268240384,0.0543894528,0.051820544,0.0558312512,1.8500240234375e-06,6.22623876953125e-07,2.5411180114746094e-08
1392845,70435198,7.30047059025,4.377300803275,0.3122962118537327,5.037296211853732,4.725,5.297296211853733,4.985,7.357296211853733,7.045,8.677296211853733,8.365,12.927296211853731,12.615,12.927296211853731,12.615,0.1556716141001647,0.1556716141001647,0.1003009027081243,0.1344714010393809,0.13014797261589,3.1690766336,1.1364948992,0.0089054192,0.0034730948,0.0355326272,0.0094350392,0.004038072,0.0041052332,0.0055325168,2.046388916015625e-07,6.059107666015625e-08,2.290874862670898e-09
1398403,66697313,10.2828159326625,6.11420048063125,0.2633040182325388,3.388304018232539,3.125,3.728304018232538,3.465,4.878304018232539,4.615,6.298304018232539,6.035,8.96830401823254,8.705000000000002,8.96830401823254,8.705000000000002,0.4453639544984268,0.4453639544984268,0.1443001443001443,0.4185013483273389,0.33605514904197,4.4411355136,1.5799538688,0.0117130912,0.0044585136,0.0466023648,0.0125112064,0.00526605,0.005283068,0.0065320856,2.523858154296875e-07,7.280110473632812e-08,2.8319082260131836e-09
1401899,66697346,3.18004560545,1.89453178648125,0.3463257777739592,4.181325777773959,3.835,4.87132577777396,4.525,5.221325777773959,4.875,5.321325777773959,4.975,5.721325777773959,5.375,5.721325777773959,5.375,0.2713268734405156,0.2713268734405156,0.1104972375690607,0.6603989760687458,0.3474076956927741,1.3806465024,0.4874623488,0.0034025336,0.0012300843,0.0133152496,0.0036080896,0.0014784576,0.0014588453,0.0017133822,7.019110107421875e-08,2.353039093017578e-08,7.897806644439696e-10
1406104,59976035,5.28049492865,3.1256776129625,0.2554205854559797,2.28042058545598,2.0250000000000004,2.6804205854559795,2.425,2.88042058545598,2.625,3.02042058545598,2.765,4.72042058545598,4.465,4.72042058545598,4.465,0.9745492155156072,0.9745492155156072,0.2061855670103093,0.7265031325986797,0.6357459717081987,2.2842759168,0.8006933504,0.0050944932,0.001886693,0.0209373504,0.0056184736,0.0023443248,0.0022474724,0.0023444468,8.861749267578126e-08,2.8396862792968752e-08,1.125718307495117e-09
1457871,85322317,9.6028041842125,5.75309935236875,0.2601215309605038,3.385121530960504,3.125,5.525121530960504,5.265000000000001,8.005121530960505,7.745000000000001,9.665121530960503,9.405,13.505121530960505,13.245,13.505121530960505,13.245,0.4865366357510129,0.4865366357510129,0.0949667616334282,0.0887069849801957,0.2234034607882123,4.1735634944,1.4900690944,0.011166712,0.0044496816,0.043624736,0.0117428464,0.00496258,0.0051763956,0.007373628,2.76485009765625e-07,7.644285278320312e-08,3.039565658569336e-09
1465137,82995325,6.1683914654875,3.697234967175,0.304745577886413,5.159745577886413,4.855,6.049745577886413,5.745,6.619745577886413,6.315,6.779745577886413,6.475,13.279745577886413,12.975,13.279745577886413,12.975,0.1466561153684018,0.1466561153684018,0.0870322019147084,0.108320306148418,0.1140028744771761,2.688379904,0.9544962048,0.0070086216,0.0025995842,0.0271489472,0.0072995448,0.003063063,0.0030419448,0.0037103424,1.5870802001953124e-07,4.935866088867187e-08,1.6564794540405272e-09
1506631,83288145,3.3653156761,1.99377931715,0.3650316311977111,2.430031631197711,2.065,2.800031631197711,2.435,3.530031631197711,3.165,4.000031631197711,3.635,5.730031631197711,5.365,5.730031631197711,5.365,0.8417418949446945,0.8417418949446945,0.2053388090349076,0.6611253953712725,0.5694020331169583,1.46371584,0.5072922112,0.0027389394,0.0009873472,0.0118737768,0.0031535682,0.0012971893,0.0012414415,0.0013521886,5.0092843627929694e-08,1.728228759765625e-08,6.360486984252931e-10
1523287,86754585,4.3220143312875,2.57256573733125,0.3553938471206148,2.9003938471206148,2.545,3.610393847120615,3.255,5.040393847120615,4.6850000000000005,6.170393847120615,5.815,12.730393847120617,12.375000000000002,12.730393847120617,12.375000000000002,0.6974060672861281,0.6974060672861281,0.1536098310291858,0.1519054643000227,0.3343071208717789,1.8666665984,0.6657741824,0.0049796032,0.001886083,0.0203508576,0.0054485456,0.002278079,0.0022370222,0.0026450926,9.518763427734377e-08,2.97356689453125e-08,1.224512195587158e-09
1543142,79792458,5.4493405817625,3.2790839506875,0.3411256478711042,6.546125647871104,6.205,7.106125647871105,6.765000000000001,7.626125647871104,7.285,7.866125647871105,7.525,10.126125647871104,9.785,10.126125647871104,9.785,0.1031111877128748,0.1031111877128748,0.0739098300073909,0.3400480636544503,0.1723563604582386,2.389925888,0.8435785728,0.0058251072,0.002154011,0.022916232,0.006126746,0.0025649508,0.0025431284,0.0030551232,1.311738037109375e-07,4.171429748535157e-08,1.3875832557678223e-09
1559684,82344308,32.3418922385,19.3697286970375,0.2645069100238846,4.3095069100238845,4.045,5.4795069100238845,5.215,7.339506910023885,7.075,8.119506910023885,7.855,13.389506910023886,13.125000000000002,13.389506910023886,13.125000000000002,0.2458543838916792,0.2458543838916792,0.0958772770853307,0.0974240166105167,0.1463852258625089,14.1395427328,4.9722126336,0.0329724928,0.0121895592,0.1296748672,0.0347845728,0.0145219536,0.0144110192,0.0172690688,7.325453125e-07,2.265677978515625e-07,7.796861267089844e-09
1560918,84791711,5.820971010425,3.55548764444375,0.4008689306776229,8.395868930677622,7.994999999999999,9.695868930677625,9.295,10.035868930677625,9.635,10.175868930677623,9.775,10.995868930677624,10.595,10.995868930677624,10.595,0.0463982232030186,0.0463982232030186,0.0537923614846691,0.2812081001497837,0.1271328949458238,2.5858484224,0.9175246848,0.0066989904,0.0024655032,0.0260068656,0.0070204584,0.002916742,0.0029166384,0.0036133936,1.444435791015625e-07,4.639502868652344e-08,1.5976680755615232e-09
1599872,73320790,14.851136683925,8.867534268675,0.2404898922483251,3.435489892248325,3.1950000000000003,4.335489892248325,4.095,8.015489892248326,7.775,9.025489892248324,8.785,12.215489892248325,11.975,12.215489892248325,11.975,0.445550809353181,0.445550809353181,0.1221001221001221,0.1809622364010927,0.2495377226181319,6.4838197248,2.270993408,0.0143630144,0.0052704328,0.0568175872,0.0152565936,0.0063052744,0.0062593356,0.0075158008,3.1444130859375e-07,1.0131753540039062e-07,3.446332550048828e-09
1602619,73320803,6.496288773625,3.85319320836875,0.369745252167295,2.924745252167295,2.555,3.214745252167295,2.845,3.574745252167295,3.205,3.9847452521672952,3.615,6.134745252167296,5.765000000000001,6.134745252167296,5.765000000000001,0.8098446054803092,0.8098446054803092,0.1757469244288225,0.6320686232702025,0.5392200510597781,2.7919433728,0.9988245504,0.0078265224,0.0029404644,0.0318163456,0.008510968,0.0036178008,0.0034938276,0.003829512,1.4416614990234378e-07,4.366580200195312e-08,1.7536890029907224e-09
1602951,73373820,8.9041058994875,5.2916394388375,0.2507965377315315,3.395796537731532,3.145,4.045796537731532,3.795,4.795796537731532,4.545,5.245796537731532,4.995,5.985796537731532,5.735,5.985796537731532,5.735,0.4321246525320935,0.4321246525320935,0.1317523056653491,0.6342478811777829,0.3993749464584085,3.8468395008,1.3664003072,0.0100474416,0.0037638168,0.039220896,0.0105534288,0.0044052952,0.0043763636,0.0053488028,2.41780224609375e-07,7.18509521484375e-08,2.38613109588623e-09
1623099,1056450,0.0,,,,,,,,,,,,,,,,,,,,,,,,,,,,,,,
1623156,1028001,0.0,,,,,,,,,,,,,,,,,,,,,,,,,,,,,,,
1632029,89770116,9.4825258257375,5.6772504033,0.2462486773824537,3.0812486773824537,2.835,3.531248677382454,3.285,6.1312486773824535,5.885,10.611248677382454,10.365,13.641248677382452,13.395,13.641248677382452,13.395,0.6082674110435552,0.6082674110435552,0.15220700152207,0.0778106954422946,0.2794283693359733,4.1584648192,1.4497200128,0.0085813184,0.00315798,0.035475792,0.0094828424,0.0039476472,0.0038193428,0.0041658176,1.5040245361328126e-07,5.0663659667968756e-08,1.9877302169799804e-09
1636980,80439963,3.829181910775,2.29084375178125,0.3794541729112737,3.684454172911274,3.305,4.644454172911274,4.265000000000001,5.614454172911274,5.235,10.254454172911274,9.875,12.914454172911274,12.535,12.914454172911274,12.535,0.3208916170722766,0.3208916170722766,0.1172332942555685,0.1402827554595949,0.1928025555958133,1.6740171776,0.587255552,0.0038043784,0.0013994234,0.0148594992,0.0039955828,0.0016537659,0.0016412897,0.0019659466,8.673633422851564e-08,2.75958251953125e-08,9.026464462280271e-10
1644124,14676903,7.42604136485,4.43158933519375,0.3258938317746676,2.800893831774668,2.475,3.200893831774668,2.875,7.110893831774668,6.785,8.980893831774669,8.655000000000001,13.380893831774667,13.055,13.380893831774667,13.055,0.7647398029915513,0.7647398029915513,0.1739130434782608,0.102508951728204,0.3470539327326721,3.263616,1.1225641984,0.0054319028,0.0019795826,0.0238590896,0.0062516036,0.0026267448,0.0024883282,0.0025436732,8.862244262695314e-08,3.0948181152343754e-08,1.2368841171264646e-09
1647304,6689894,28.1091430187,16.70257492904375,0.2983300306474366,3.243330030647437,2.9450000000000003,4.003330030647437,3.705,4.713330030647437,4.415,5.253330030647437,4.955,8.423330030647438,8.125000000000002,8.423330030647438,8.125000000000002,0.5129286395473969,0.5129286395473969,0.1349527665317139,0.4606336678738902,0.3695050246510003,12.192559104,4.2868895744,0.028231456,0.0104499568,0.1131034112,0.0303758176,0.012621796,0.0123669792,0.0143019952,6.03050634765625e-07,1.87170849609375e-07,6.576295471191406e-09
1655189,16415814,9.965981483675,5.941762690925,0.3318633950268701,4.02686339502687,3.695,4.766863395026871,4.4350000000000005,5.20686339502687,4.875,6.676863395026871,6.345000000000001,8.336863395026871,8.005,8.336863395026871,8.005,0.2329361024102525,0.2329361024102525,0.1127395715896279,0.4693506995042112,0.2716754578346972,4.328398848,1.5296438272,0.0106449304,0.00395764,0.0422655392,0.0112746312,0.0047487492,0.004670472,0.005496692,2.199067626953125e-07,7.169243774414064e-08,2.4928899765014652e-09
1704377,11211313,19.602708816525,11.62651867875625,0.2500245825002576,2.675024582500257,2.425,3.465024582500257,3.215,4.495024582500258,4.245,4.835024582500258,4.585,6.435024582500258,6.1850000000000005,6.435024582500258,6.1850000000000005,0.6822798958816766,0.6822798958816766,0.1555209953343701,0.6015590125640792,0.4797866345933753,8.4820754432,2.9852002304,0.019825848,0.0072207792,0.0815587008,0.0218888928,0.0090568824,0.0087776696,0.0098405592,4.06945458984375e-07,1.281277587890625e-07,4.5589073181152355e-09
1720040,11376130,6.2676842208,3.8608917150125,0.3354198521190206,7.600419852119021,7.265000000000001,8.73041985211902,8.395,11.630419852119022,11.295000000000002,12.46041985211902,12.125,13.71041985211902,13.375,13.71041985211902,13.375,0.0657939859121308,0.0657939859121308,0.0595592614651578,0.0792635340473481,0.0682055938082122,2.811350016,0.994794496,0.0070250872,0.002661844,0.0268933696,0.0072706072,0.0030255142,0.0031199672,0.0041931948,1.71863134765625e-07,5.00278564453125e-08,1.785247993469238e-09
1729256,2578540,7.8578269478125,4.66676006275,0.3005831217263708,3.175583121726371,2.875,3.375583121726371,3.075,3.535583121726371,3.2350000000000003,3.5955831217263707,3.295,12.72558312172637,12.425,12.72558312172637,12.425,0.6304539261954119,0.6304539261954119,0.1626016260162601,0.1482733677873892,0.3137763066663537,3.3960849408,1.2020706304,0.0083388208,0.0031190466,0.0358505792,0.0094508408,0.0040722024,0.0037915452,0.003679606,1.0432227783203125e-07,3.752096557617188e-08,1.7453462600708007e-09
1777726,23612348,8.9026620369,5.33354650353125,0.3170856246157427,3.762085624615743,3.4450000000000003,4.202085624615743,3.885,7.852085624615743,7.535,9.742085624615743,9.425,13.512085624615745,13.195,13.512085624615745,13.195,0.3397316279741837,0.3397316279741837,0.1287001287001287,0.0923390814928295,0.1869236127223806,3.887609856,1.3716292608,0.0092694024,0.0034847184,0.0372513664,0.0099653016,0.0041791612,0.004203946,0.0053248536,2.037828857421875e-07,6.044398193359375e-08,2.34943904876709e-09
1813139,17029572,9.0496127590375,5.40181956814375,0.2649246660700477,3.259924666070048,2.995,3.459924666070048,3.1950000000000003,4.919924666070048,4.655,8.859924666070047,8.594999999999999,13.459924666070048,13.195,13.459924666070048,13.195,0.5197161238449751,0.5197161238449751,0.1564945226917057,0.0923390814928295,0.2561832426765034,3.9456858112,1.3846474752,0.008903992,0.003265855,0.0366123872,0.0097578,0.0041161324,0.0039649272,0.0043935736,1.7216314697265625e-07,5.5349914550781257e-08,1.998420143127441e-09
1826560,10402924,5.0757412914625,3.03461512535,0.3794541729112737,4.414454172911274,4.035,4.934454172911273,4.555,5.5144541729112735,5.135,6.814454172911274,6.4350000000000005,13.304454172911274,12.925,13.304454172911274,12.925,0.1551763659107918,0.1551763659107918,0.1097694840834248,0.1119524026610517,0.1256327508850894,2.2137608192,0.779666688,0.005219726,0.0019379472,0.0208124384,0.0055685508,0.0023249948,0.0022886788,0.0027029198,1.067765380859375e-07,3.477618713378906e-08,1.2287814140319823e-09
1835283,5904239,9.4519910800125,5.61517986416875,0.2515451244750064,2.3965451244750064,2.145,3.026545124475007,2.7750000000000004,6.146545124475006,5.895,7.256545124475006,7.005,9.556545124475008,9.305,9.556545124475008,9.305,0.7940320081033736,0.7940320081033736,0.1801801801801801,0.3749161901757341,0.4497094594864292,4.114583552,1.4326788096,0.0082609784,0.0030573826,0.0351246336,0.0092903736,0.003897846,0.0037652992,0.0041148876,1.486730712890625e-07,4.862926330566406e-08,1.9276397705078126e-09
1839001,12018223,10.410063267025,6.258153870725,0.2731270319898584,2.9381270319898585,2.665,5.9781270319898585,5.705,9.01812703198986,8.745000000000001,10.828127031989858,10.555,13.63812703198986,13.365,13.63812703198986,13.365,0.5847777190757375,0.5847777190757375,0.0876424189307625,0.0799899533498748,0.2508033637854583,4.5515771904,1.6146643968,0.0115197512,0.0044159584,0.045061872,0.0121489704,0.0050711784,0.0052938756,0.0074535504,2.840869140625e-07,8.055272827148438e-08,3.1107576370239253e-09
1930766,7739330,7.9759440405625,4.757673764475,0.3258938317746676,3.640893831774668,3.3150000000000004,3.950893831774668,3.625,5.110893831774668,4.785,6.250893831774667,5.925,13.53089383177467,13.205000000000002,13.53089383177467,13.205000000000002,0.3529707206454339,0.3529707206454339,0.1379310344827586,0.0916126621903027,0.1941714724394984,3.4578976768,1.2286401536,0.0089372032,0.0033876804,0.035805568,0.0095601344,0.0040475828,0.0039849976,0.0048352604,1.9125963134765625e-07,5.8537634277343753e-08,2.1301210403442384e-09
1957348,15880154,12.3056392637625,7.45494187853125,0.2617111643225005,6.326711164322501,6.065,7.426711164322501,7.165,9.7167111643225,9.455,10.9567111643225,10.695,13.406711164322502,13.145,13.406711164322502,13.145,0.1146629555040751,0.1146629555040751,0.0697836706210746,0.0959711780054632,0.093472601376871,5.421449216,1.9242776576,0.0138259968,0.0053236452,0.053657776,0.014350392,0.0060450464,0.0062475496,0.008624848,3.323662353515625e-07,9.9531494140625e-08,3.581427001953125e-09
1962395,15937665,4.6741456984375,2.77788894731875,0.3228963393559692,3.517896339355969,3.1950000000000003,3.867896339355969,3.545,4.177896339355969,3.855,4.5578963393559695,4.235,7.41789633935597,7.095000000000001,7.41789633935597,7.095000000000001,0.3739762450273721,0.3739762450273721,0.1410437235543018,0.5354548560341452,0.3501582748719397,2.0270051328,0.713323008,0.0047318396,0.0017486336,0.0191835328,0.0051564996,0.0021451538,0.002069896,0.0022722346,8.582532348632813e-08,2.850422668457031e-08,1.0696381568908691e-09
2014494,2359337,33.2907059183375,19.972997504775,0.2302813454576924,3.4752813454576925,3.245,5.795281345457693,5.565,8.665281345457693,8.435,10.105281345457694,9.875000000000002,13.055281345457692,12.825,13.055281345457692,12.825,0.4373789263422337,0.4373789263422337,0.0898472596585804,0.1192165956863191,0.2154809272290444,14.5676075008,5.1315007488,0.0342122048,0.012936664,0.1358470912,0.0362806592,0.0152891232,0.0157293088,0.0210077312,8.3065439453125e-07,2.3529482421875e-07,8.854701232910156e-09
2201245,40213556,10.3186719420625,6.1443609037375,0.3453051363629189,2.820305136362919,2.475,4.07030513636292,3.725000000000001,6.120305136362919,5.775,7.670305136362919,7.325,11.83030513636292,11.485,11.83030513636292,11.485,0.6494488738875452,0.6494488738875452,0.134228187919463,0.2165567822249032,0.3334112813439705,4.4786946048,1.5804489728,0.0107546304,0.0040816072,0.0421310208,0.011344176,0.0047070328,0.0048523868,0.006531346,2.608077880859375e-07,7.62277587890625e-08,2.789686965942382e-09
2283615,28626089,9.2542998798125,5.511098477625,0.2781582068239636,2.693158206823964,2.415,3.303158206823964,3.0250000000000004,6.843158206823964,6.565,8.363158206823964,8.085,11.403158206823964,11.125,11.403158206823964,11.125,0.7474500228295656,0.7474500228295656,0.165289256198347,0.2427078771158662,0.3851490520479263,4.0426848256,1.4039595008,0.0077293432,0.0028740066,0.033292016,0.0087830888,0.0036961532,0.0035907248,0.0041005792,1.3160545654296877e-07,4.42744384765625e-08,1.867139434814453e-09
2338469,24373879,6.22975039405,3.76207802128125,0.3794541729112737,3.5644541729112738,3.185,6.154454172911274,5.775,10.004454172911274,9.625,11.634454172911273,11.255,13.634454172911273,13.255,13.634454172911273,13.255,0.4024099305478337,0.4024099305478337,0.0865800865800865,0.0879805656776691,0.1923235276018631,2.7365183488,0.97069312,0.0069572288,0.002662918,0.0269268096,0.007243232,0.0030189054,0.0031471682,0.0043561872,1.6853447265625e-07,4.898871459960937e-08,1.860634613037109e-09
2367800,25723704,11.1586811538875,6.67871271176875,0.2345405854757629,3.549540585475764,3.3150000000000004,4.919540585475764,4.6850000000000005,6.669540585475764,6.4350000000000005,7.759540585475763,7.525,13.579540585475762,13.345,13.579540585475762,13.345,0.3740851449419042,0.3740851449419042,0.1067235859124866,0.0814427919549284,0.1874171742697731,4.8945012736,1.704620544,0.009946192,0.0036631112,0.0405261376,0.0107633856,0.0044876172,0.0044148056,0.005181794,1.960809692382813e-07,6.715322265625e-08,2.3863048553466802e-09
2627942,66371652,7.2002170086625,4.35528235208125,0.2974099385444066,4.332409938544407,4.035,7.182409938544407,6.885,9.872409938544408,9.575,11.492409938544409,11.195,13.642409938544407,13.345,13.642409938544407,13.345,0.1996975554028607,0.1996975554028607,0.0726216412490922,0.0814427919549283,0.1179206628689604,3.1365746688,1.1397221376,0.009925056,0.0040205924,0.0382607296,0.0102949712,0.004395444,0.0045959012,0.006616738,2.47936669921875e-07,6.621821899414064e-08,2.676838684082031e-09
2628933,67716278,11.6337835785375,6.92921015683125,0.304745577886413,3.909745577886413,3.605,4.359745577886413,4.055,5.039745577886413,4.735,5.929745577886413,5.625,9.289745577886414,8.985000000000001,9.289745577886414,8.985000000000001,0.2492315448904458,0.2492315448904458,0.1233045622688039,0.39816160785659,0.2568992383386133,5.0406227968,1.7871183872,0.0127842368,0.0047937048,0.0511600192,0.0136921008,0.005723664,0.0056728896,0.0068298488,2.67456787109375e-07,8.319044189453126e-08,3.064685821533203e-09
2636689,63665189,13.7037532313625,8.22137134689375,0.2601215309605038,3.135121530960504,2.875,5.305121530960504,5.045,8.245121530960503,7.984999999999999,10.195121530960504,9.935,13.565121530960504,13.305,13.565121530960504,13.305,0.5417003675431722,0.5417003675431722,0.0991080277502477,0.0843484691650354,0.2417189548194851,5.979019264,2.121168896,0.0150906672,0.00584847,0.059986048,0.0160085184,0.0067800352,0.006977856,0.0093513064,3.491907470703125e-07,9.940829467773437e-08,3.997150039672852e-09
2679391,66629985,6.342138767525,3.75039726303125,0.2764611324868848,2.0914611324868853,1.8150000000000004,2.271461132486885,1.995,2.4514611324868847,2.175,2.551461132486885,2.2750000000000004,2.9514611324868847,2.675,2.9514611324868847,2.675,0.9993465624311596,0.9993465624311596,0.2506265664160401,0.8565321877509674,0.7021684388660557,2.7275862016,0.9667021824,0.00673082,0.002553824,0.0294264416,0.0078505848,0.0033431242,0.003098841,0.0029291946,7.696984252929689e-08,2.3723051452636722e-08,1.3984990119934083e-09
2721897,66697479,11.171053410725,6.64391022864375,0.3056731518297475,3.2006731518297475,2.895,4.540673151829748,4.235,4.950673151829747,4.645,5.530673151829747,5.225,7.570673151829748,7.265000000000001,7.570673151829748,7.265000000000001,0.5318109391251614,0.5318109391251614,0.1180637544273907,0.5231057278911905,0.3909934738145809,4.8538763264,1.7031450624,0.0109320856,0.0040217768,0.0440473024,0.0116963928,0.0048897832,0.0048251048,0.0057675596,2.380702392578125e-07,7.78798095703125e-08,2.603999328613281e-09
2791247,3801200,7.67313980945,4.64359655155625,0.3298519106017217,4.224851910601722,3.895000000000001,6.314851910601722,5.985,10.024851910601722,9.695,11.594851910601722,11.265,13.644851910601725,13.315,13.644851910601725,13.315,0.1423209628384545,0.1423209628384545,0.0835421888053467,0.0836220498625085,0.1031617338354366,3.377425408,1.1982467072,0.0086225816,0.003329462,0.0332747744,0.0089474088,0.0037530488,0.0039161876,0.0053904604,2.14293505859375e-07,5.9259216308593754e-08,2.2794073104858403e-09
2798856,85251744,6.36141896255,3.80147510170625,0.3463257777739592,4.78132577777396,4.4350000000000005,5.19132577777396,4.845000000000001,5.94132577777396,5.595000000000001,7.471325777773959,7.125,10.23132577777396,9.885000000000002,10.23132577777396,9.885000000000002,0.1816104468635553,0.1816104468635553,0.1031991744066047,0.3327838706291827,0.2058644972997809,2.7722668032,0.9770809344,0.0065892952,0.0024274614,0.0264066768,0.0070605424,0.0029370334,0.002888551,0.0034095996,1.3051015625e-07,4.446562805175781e-08,1.5527920722961424e-09
2855260,306537,23.757081745425,14.434847346475,0.2885140651547822,4.693514065154782,4.405,6.703514065154782,6.415,11.483514065154782,11.195,12.393514065154784,12.105,13.603514065154783,13.315,13.603514065154783,13.315,0.2773048925124682,0.2773048925124682,0.0779423226812159,0.0836220498625085,0.1462897550187308,10.5404669952,3.7037027328,0.0240069152,0.009078216,0.0947585664,0.0253527776,0.0106050608,0.0108388544,0.0142612464,5.55353857421875e-07,1.67303076171875e-07,6.1766899108886715e-09
2856684,90228294,31.74378466715,19.179430353625,0.281562707334638,3.956562707334638,3.675,7.116562707334638,6.835,9.556562707334638,9.275,11.37656270733464,11.095,13.666562707334638,13.385,13.666562707334638,13.385,0.3317625971241986,0.3317625971241986,0.0731528895391367,0.0785371147448214,0.1611508671360522,13.9771789312,4.934660096,0.0335277504,0.0127055888,0.1338270464,0.035521808,0.0150549568,0.0151649264,0.0193735344,7.37809423828125e-07,2.276056884765625e-07,8.508468627929687e-09
2879816,79589502,7.85487913925,4.70916875354375,0.2885140651547822,3.753514065154782,3.465,4.143514065154782,3.855,7.763514065154782,7.475,9.993514065154784,9.705000000000002,13.583514065154784,13.295000000000002,13.583514065154784,13.295000000000002,0.3449297302327681,0.3449297302327681,0.1297016861219196,0.085074888467562,0.1865687682740832,3.4477924352,1.2034253824,0.0072606552,0.0026736102,0.0294022176,0.0078538608,0.0032701004,0.0032392546,0.0038215456,1.422437744140625e-07,4.6883169555664064e-08,1.7654577255249023e-09
2920402,84623483,11.7678461053,7.099968465325,0.2781582068239636,4.523158206823964,4.245,6.393158206823964,6.115,9.703158206823964,9.425,10.953158206823964,10.675,13.683158206823965,13.405,13.683158206823965,13.405,0.2674788754519709,0.2674788754519709,0.0817661488143908,0.0770842761397678,0.1421097668020432,5.14458624,1.8421907456,0.0142958208,0.0056382484,0.0550661056,0.014780064,0.0062732368,0.0065534368,0.0093572096,3.620833740234375e-07,9.94792236328125e-08,3.8291652679443356e-09
2937960,80944394,17.12247586265,10.25204727684375,0.2554205854559797,3.27042058545598,3.015,4.04042058545598,3.785,8.04042058545598,7.785,9.47042058545598,9.215,13.60042058545598,13.345,13.60042058545598,13.345,0.5045876478593174,0.5045876478593174,0.1321003963011889,0.0814427919549284,0.2393769453718115,7.507173376,2.6198964224,0.0157617344,0.0057810928,0.0634529472,0.0169631872,0.0070032432,0.0069026088,0.0081364008,3.32479833984375e-07,1.1005794677734377e-07,3.8066871643066406e-09
2946746,83672062,14.4326443676,8.60523173470625,0.241776295519756,3.256776295519756,3.015,4.4267762955197565,4.1850000000000005,5.976776295519756,5.735,7.276776295519756,7.035,12.356776295519756,12.115,12.356776295519756,12.115,0.5121750928459079,0.5121750928459079,0.1194743130227001,0.1707923661657182,0.2674805906781087,6.2926065664,2.2032525312,0.0137371168,0.0051300788,0.0553170176,0.0147353152,0.0061773416,0.0060955664,0.0072994216,2.92019580078125e-07,9.26032470703125e-08,3.2739280700683594e-09
2964106,74587081,4.332424402625,2.586443595175,0.2764611324868848,4.011461132486885,3.735,4.671461132486884,4.395,6.101461132486885,5.825,7.491461132486885,7.215,10.651461132486888,10.375000000000002,10.651461132486888,10.375000000000002,0.1597890764275202,0.1597890764275202,0.1137656427758816,0.2971893248053721,0.1902480146695913,1.8806913024,0.6676435456,0.0047854288,0.0018597518,0.0187796352,0.0050084444,0.0021082224,0.0021774212,0.002997984,1.1779317626953125e-07,3.5231277465820315e-08,1.2539154052734372e-09
2969809,84778213,9.5500953197375,5.69710894859375,0.3505802217118763,3.3055802217118764,2.955,4.2155802217118765,3.865,6.345580221711876,5.995,7.505580221711875,7.155,13.195580221711875,12.845,13.195580221711875,12.845,0.4857032041568667,0.4857032041568667,0.129366106080207,0.1177637570812658,0.2442776891061131,4.1666875392,1.4582986752,0.009119812,0.0033919972,0.0363432288,0.0097406248,0.0040505204,0.0040373272,0.0048671684,1.9752523193359374e-07,6.154669189453125e-08,2.187139320373535e-09
28712,33722514,4.452403306475,2.6363801649875,0.2710438748356463,2.1760438748356465,1.905,2.4760438748356464,2.205,3.986043874835646,3.715,4.886043874835647,4.615,6.016043874835646,5.745,6.016043874835646,5.745,0.8547114433941201,0.8547114433941201,0.2267573696145124,0.633521461875256,0.5716634249612962,1.9099475968,0.6835159552,0.0052866864,0.0020151786,0.021839632,0.0058075008,0.0024593486,0.0024023878,0.00280822,1.04417138671875e-07,3.1978787231445314e-08,1.2398859024047851e-09
28864,35444385,14.5120046151125,8.67851364545,0.2706476852221193,3.80564768522212,3.535,4.855647685222119,4.585,7.225647685222119,6.955,8.825647685222119,8.555,13.365647685222118,13.095,13.365647685222118,13.095,0.3832848355436786,0.3832848355436786,0.109051254089422,0.0996032745180971,0.1973131213837326,6.294550528,2.248602624,0.0169059968,0.0066861968,0.0662969152,0.0177264928,0.0074835192,0.0077796392,0.0110231408,4.07139501953125e-07,1.1998370361328124e-07,4.61844253540039e-09
29125,33722525,6.7531690607875,3.99558912460625,0.2507965377315315,2.195796537731532,1.9450000000000005,2.4657965377315314,2.215,2.6257965377315315,2.375,2.695796537731532,2.4450000000000003,3.285796537731532,3.035,3.285796537731532,3.035,0.9979177290415916,0.9979177290415916,0.2257336343115124,0.8303810928600045,0.6846774854043695,2.9247739904,1.0204997632,0.005905694,0.002223622,0.0266875328,0.0070386304,0.0029639658,0.00274377,0.0025879902,8.093037109375e-08,2.6929763793945317e-08,1.2756399154663087e-09
34558,25168925,8.60283064725,5.10001727860625,0.2960825872520445,2.7610825872520444,2.465,3.3510825872520447,3.055,3.6610825872520447,3.365,3.9110825872520447,3.615,7.251082587252045,6.955,7.251082587252045,6.955,0.7152124496449124,0.7152124496449124,0.1636661211129296,0.5456247262695197,0.4748344323424538,3.7367885824,1.3020292096,0.0076841424,0.002834737,0.031286624,0.0083777304,0.0034583584,0.0033633288,0.0037757668,1.61028466796875e-07,5.188955078125e-08,1.788544464111328e-09
37996,28507373,5.370892523975,3.30144749948125,0.3040762469144624,5.829076246914463,5.525,9.549076246914463,9.245,11.979076246914463,11.675,12.759076246914464,12.455000000000002,13.699076246914462,13.395,13.699076246914462,13.395,0.2221360744977278,0.2221360744977278,0.0540832882639264,0.0778106954422946,0.1180100194013163,2.3788873728,0.863489024,0.0075882384,0.003018831,0.0283279264,0.0076946248,0.0032678044,0.0034490836,0.0050278,2.067383056640625e-07,5.221845703125e-08,2.022773742675781e-09
38482,26954062,13.958112477675,8.42595002549375,0.246992721833374,4.481992721833374,4.235,5.001992721833374,4.755,9.511992721833373,9.265,11.761992721833373,11.515,13.691992721833374,13.445,13.691992721833374,13.445,0.267718334996176,0.267718334996176,0.1051524710830704,0.0741785989296609,0.1490164683363024,6.1210865664,2.1778853888,0.0159491488,0.0061928164,0.0626603584,0.0167698112,0.0070942616,0.0072723664,0.0097961608,3.578988037109375e-07,1.0734453125e-07,4.1603691101074215e-09
39683,24234874,11.542142390325,6.8804287355625,0.2756138924141513,2.5706138924141517,2.295,3.5006138924141514,3.225,7.180613892414152,6.905,9.70061389241415,9.425,12.210613892414152,11.935,12.210613892414152,11.935,0.7135174809230634,0.7135174809230634,0.1550387596899224,0.1838679136111996,0.3508080514080618,5.001811968,1.7755836416,0.012728792,0.004756064,0.0520292416,0.0139365856,0.0058213192,0.0058098908,0.0071599352,2.595756103515625e-07,7.767009887695312e-08,3.261164474487305e-09
48364,68565156,7.812832591825,4.66179890096875,0.2885140651547822,4.363514065154782,4.075,5.053514065154783,4.765000000000001,5.763514065154782,5.475,6.033514065154782,5.745,10.943514065154783,10.655,10.943514065154783,10.655,0.2133222173903238,0.2133222173903238,0.104931794333683,0.2768495843346232,0.1983678653528767,3.3937737728,1.2013794304,0.0085507744,0.003179198,0.0334925184,0.00898358,0.0037617624,0.0037075296,0.0044028736,1.950627807617188e-07,5.957200317382813e-08,1.999325752258301e-09
48806,49000593,11.2600595962875,6.77187595455,0.2180061555125636,1.4830061555125638,1.265,6.863006155512564,6.6450000000000005,9.573006155512562,9.355,11.333006155512564,11.115,13.653006155512564,13.435,13.653006155512564,13.435,0.5713673548258751,0.5713673548258751,0.0752445447705041,0.0749050182321876,0.2405056392761889,4.959823872,1.729055744,0.0100158544,0.003803288,0.042879328,0.0112703408,0.004813674,0.0046534084,0.00514063,1.6810836181640625e-07,5.3790753173828134e-08,2.368967819213867e-09
53788,56806194,132.344982634425,79.624330630425,0.198967317951574,3.2639673179515745,3.0650000000000004,4.903967317951574,4.705,9.203967317951571,9.004999999999999,11.503967317951574,11.305,13.663967317951574,13.465,13.663967317951574,13.465,0.5033257113179787,0.5033257113179787,0.106269925611052,0.0727257603246074,0.2274404657512127,58.607173632,20.1816244224,0.09858352,0.0355310336,0.4376523776,0.1135585408,0.0486137792,0.0465500768,0.0501812256,1.6580712890625e-06,5.44581201171875e-07,2.3029646301269533e-08
54793,63712883,20.965172292525,12.4482630459,0.2601215309605038,2.735121530960504,2.475,3.265121530960504,3.005,5.095121530960504,4.835,6.285121530960504,6.025,8.705121530960504,8.445,8.705121530960504,8.445,0.7563368954075382,0.7563368954075382,0.1663893510815308,0.4373882501930344,0.4533714988940345,9.106784256,3.1839199232,0.0192968704,0.0072265184,0.0808823488,0.0214277424,0.0090766576,0.0087835992,0.0098914432,3.5778828125e-07,1.136564697265625e-07,4.474086761474609e-09
54822,58419905,3.62076449425,2.152739747625,0.2649246660700477,3.529924666070048,3.265,4.309924666070048,4.045,4.899924666070048,4.635,5.099924666070048,4.835,5.409924666070047,5.145,5.409924666070047,5.145,0.4047437385156578,0.4047437385156578,0.1236093943139678,0.677106620026861,0.4018199176188289,1.5589712896,0.5589353984,0.0045282312,0.00169425,0.017330408,0.0047119948,0.0019666628,0.0019503054,0.0023462738,1.0436810302734377e-07,3.026683349609375e-08,1.0491854667663575e-09
56334,66629602,27.345660448425,16.22298722463125,0.2462486773824537,3.0412486773824536,2.795,3.4112486773824537,3.165,3.7112486773824536,3.465,3.9112486773824537,3.665,8.001248677382453,7.754999999999999,8.001248677382453,7.754999999999999,0.6540367711060388,0.6540367711060388,0.1579778830963665,0.48751118206738,0.433175278756595,11.735969792,4.2163154944,0.033707488,0.0131541904,0.1381339264,0.0367701024,0.0160246224,0.0151718112,0.0160571488,6.15129541015625e-07,1.6943768310546878e-07,7.3729736328125e-09
56561,66629611,9.7787294394875,5.83132082439375,0.3141674414627129,2.569167441462713,2.255,3.0291674414627128,2.715,6.279167441462713,5.965,8.589167441462713,8.275,13.559167441462712,13.245,13.559167441462712,13.245,0.8336260151441243,0.8336260151441243,0.1841620626151013,0.0887069849801959,0.3688316875798071,4.2618822656,1.4938596352,0.0092666552,0.0034813552,0.03887496,0.010320368,0.0043240596,0.004180786,0.0046558568,1.6072696533203126e-07,5.2684222412109383e-08,2.2229013442993163e-09
56816,55222074,6.6878037442125,3.98258509219375,0.2577553122824536,3.9227553122824537,3.665,4.742755312282454,4.485,5.282755312282454,5.025,5.652755312282453,5.395,8.762755312282454,8.505,8.762755312282454,8.505,0.3450266556224592,0.3450266556224592,0.1114827201783723,0.4330297343778739,0.2965130367262352,2.8988643328,1.0265122816,0.0073573784,0.0027334216,0.0284514976,0.0076731264,0.0032026244,0.0032277402,0.0040520712,1.7230997314453126e-07,5.2115087890625e-08,1.777255821228027e-09
60871,6689800,24.7275230919125,14.8795937513,0.2374023833749436,1.602402383374944,1.3650000000000002,4.172402383374943,3.935,9.722402383374943,9.485,12.122402383374943,11.885,13.692402383374944,13.455,13.692402383374944,13.455,0.6599732213858506,0.6599732213858506,0.1270648030495552,0.0734521796271341,0.2868300680208466,10.9591461888,3.7677903872,0.0178047648,0.006560558,0.0802509376,0.0208884176,0.008927016,0.0085071,0.0090444616,2.740933349609375e-07,9.157885131835939e-08,4.215042495727539e-09
60956,86391602,8.1799240121875,4.89350757411875,0.2534803893298711,3.0184803893298717,2.765,3.618480389329872,3.365,8.138480389329871,7.885,10.048480389329873,9.795,13.538480389329871,13.285000000000002,13.538480389329871,13.285000000000002,0.632200278800886,0.632200278800886,0.1485884101040119,0.0858013077700887,0.2888633322249955,3.577122816,1.2536828928,0.0078966312,0.0029243856,0.031707776,0.0085374496,0.0035084176,0.003472818,0.0041716348,1.5887294921875e-07,5.226237182617187e-08,1.925788688659668e-09
61035,3851371,9.7846446018375,5.8223371063,0.2447388916771355,3.5797388916771355,3.335,4.199738891677136,3.955,4.819738891677136,4.575,5.239738891677136,4.995,9.499738891677136,9.255,9.499738891677136,9.255,0.4045571743243619,0.4045571743243619,0.1264222503160556,0.3785482866883679,0.3031759037762618,4.2549317632,1.4920943616,0.0096061544,0.0035370832,0.0380415968,0.0102173576,0.0042405876,0.004186388,0.0048831072,2.137686767578125e-07,6.6351806640625e-08,2.254580307006836e-09
61329,80452446,14.5408394315125,8.7454114638125,0.2785580205130706,4.523558020513071,4.245,5.573558020513071,5.295,8.99355802051307,8.715,10.593558020513072,10.315,13.46355802051307,13.185,13.46355802051307,13.185,0.1995533239547076,0.1995533239547076,0.0944287063267233,0.0930655007953564,0.1290158436922624,6.3239852032,2.2747518976,0.018268992,0.007249112,0.0719311808,0.0192264592,0.0082240552,0.0084823048,0.0117926496,4.34377392578125e-07,1.204412109375e-07,4.807783889770508e-09
61720,87581506,114.54628135815,68.88338821565625,0.2432560920073054,3.0682560920073056,2.825,4.858256092007306,4.615,9.148256092007305,8.905,11.308256092007303,11.065,13.648256092007305,13.405,13.648256092007305,13.405,0.5458374942334078,0.5458374942334078,0.1083423618634886,0.0770842761397679,0.2437547107455548,50.4521326592,17.5852568576,0.1014077888,0.0380120512,0.4366015488,0.1142750848,0.0493988,0.0476551872,0.0532098752,1.7831248046875e-06,5.36776513671875e-07,2.3735997009277344e-08
62902,73919365,51.1925196697625,30.73971665669375,0.2538680344595239,2.898868034459524,2.645,5.118868034459524,4.865,8.958868034459524,8.705,11.018868034459524,10.765,13.628868034459526,13.375000000000002,13.628868034459526,13.375000000000002,0.5644820561573379,0.5644820561573379,0.1027749229188078,0.079263534047348,0.2488401710411646,22.5001521152,7.8564007936,0.046499456,0.0175325024,0.1963104512,0.0518015424,0.0221083088,0.0215701696,0.0248705008,8.3989677734375e-07,2.608484619140625e-07,1.1288185119628906e-08
64040,79533522,17.646952629525,10.52161349375625,0.2756138924141513,3.6106138924141513,3.335,5.010613892414152,4.735,6.850613892414152,6.575,7.560613892414151,7.285,9.470613892414152,9.195,9.470613892414152,9.195,0.4496248711314227,0.4496248711314227,0.1055966209081309,0.3829068025035284,0.3127094315143607,7.6427567104,2.7200290816,0.0202900656,0.007709592,0.0781113728,0.0210680992,0.0087830912,0.0090379984,0.0122139752,5.124486328125e-07,1.4818687744140627e-07,5.148728942871093e-09
64391,81807780,18.4126508245625,10.94069900778125,0.2038809221891444,1.7388809221891446,1.535,3.048880922189144,2.845,4.1588809221891445,3.955,6.738880922189145,6.535,13.398880922189145,13.195,13.398880922189145,13.195,0.7871923819031037,0.7871923819031037,0.1757469244288225,0.0923390814928295,0.3517594626082519,8.0468803584,2.7758608384,0.0139581088,0.0050613924,0.0618166016,0.0162099744,0.0068741432,0.0065277744,0.006985224,2.32782080078125e-07,7.756012573242189e-08,3.1764831542968752e-09
65272,76924461,53.192168005975,32.07631310576875,0.2095386431767796,3.18453864317678,2.975,5.73453864317678,5.525,10.10453864317678,9.895,11.73453864317678,11.525,13.66453864317678,13.455,13.66453864317678,13.455,0.512807089711938,0.512807089711938,0.090497737556561,0.0734521796271341,0.225585668965211,23.468015616,8.203096064,0.0490926816,0.0188538736,0.2052207872,0.0539333376,0.0233371392,0.0232013184,0.0284775712,1.041330859375e-06,2.87027783203125e-07,1.2282284545898436e-08
66132,1639993,12.9175324486125,7.69437153211875,0.2747675182662323,3.919767518266232,3.645,4.629767518266233,4.355,5.3097675182662325,5.035,5.649767518266232,5.375,9.019767518266232,8.745,9.019767518266232,8.745,0.315246174267393,0.315246174267393,0.1148105625717565,0.415595671117232,0.2818841359854605,5.6249577472,1.9708686336,0.0124974064,0.004578704,0.0499634976,0.0133259576,0.0055510528,0.0054496596,0.0063727312,2.7631298828125e-07,8.957464599609375e-08,2.940105247497558e-09
3099708,87581604,6.35235047265,3.79495606469375,0.3190186281730316,3.554018628173032,3.2350000000000003,4.224018628173032,3.905,5.834018628173032,5.515000000000001,7.444018628173032,7.125,13.534018628173031,13.215000000000002,13.534018628173031,13.215000000000002,0.3324264520439109,0.3324264520439109,0.1280409731113956,0.0908862428877759,0.1837845560143608,2.788411392,0.9650235392,0.0051776644,0.0018843332,0.0213317008,0.0056493728,0.0023540628,0.002275871,0.002558452,9.865696411132813e-08,3.5281887817382815e-08,1.2099294662475583e-09
3143632,6595090,6.5066030043875,3.87071455740625,0.2403233036244785,3.2753233036244787,3.035,3.905323303624479,3.665,4.815323303624479,4.575,5.315323303624479,5.075,12.23532330362448,11.995,12.23532330362448,11.995,0.5021111427552115,0.5021111427552115,0.1364256480218281,0.1795093977960391,0.2726820628576929,2.8330297344,0.9896902656,0.0060845,0.0022157008,0.0243748048,0.0065044092,0.0027038832,0.0026588246,0.003083772,1.3038753662109374e-07,4.2714593505859374e-08,1.434686470031738e-09
3233641,9946591,4.2028839590625,2.52639183906875,0.3806181991110442,5.455618199111044,5.075,7.465618199111044,7.085,8.365618199111044,7.984999999999999,8.625618199111045,8.245000000000001,9.805618199111043,9.425,9.805618199111043,9.425,0.1792725769023059,0.1792725769023059,0.0705716302046577,0.3661991585454132,0.2053477885507922,1.8373781504,0.6520896512,0.0048303072,0.0018015896,0.01804,0.0049369656,0.0020314712,0.0021045304,0.0028048654,1.210649658203125e-07,3.4573703002929686e-08,1.1952994346618652e-09
3367832,21295071,7.8422272204,4.7572416717875,0.2657362304551238,3.850736230455124,3.585,7.260736230455124,6.995,10.550736230455124,10.285,12.080736230455123,11.815,13.700736230455124,13.435,13.700736230455124,13.435,0.3666784575984051,0.3666784575984051,0.0714796283059328,0.0749050182321876,0.1710210347121752,3.440080896,1.2378427392,0.0100911632,0.003984442,0.0383844704,0.0103679032,0.0043868728,0.004613886,0.0066054344,2.61886572265625e-07,6.866150512695314e-08,2.710456657409668e-09
3403796,19867615,8.8393602372375,5.34854216285625,0.306601663199979,4.41160166319998,4.105,6.881601663199979,6.575,9.95160166319998,9.645,11.47160166319998,11.165,13.661601663199978,13.355,13.661601663199978,13.355,0.1940158594114463,0.1940158594114463,0.0760456273764258,0.0807163726524017,0.1169259531467579,3.8808502272,1.3849578496,0.0104458488,0.0040734292,0.040443072,0.0108654336,0.0045800292,0.0047676024,0.0066844496,2.59245166015625e-07,7.2571875e-08,2.7818452835083004e-09
3436911,9337665,9.385673522425,5.88267809175,0.3199604203860637,7.634960420386064,7.315,11.194960420386064,10.875,13.014960420386064,12.695,13.194960420386064,12.875,13.674960420386064,13.355,13.674960420386064,13.355,0.1168458315356625,0.1168458315356625,0.0459770114942528,0.0807163726524016,0.0811797385607723,4.2773499904,1.518925824,0.0110919432,0.0041897568,0.0422364512,0.011400428,0.004733084,0.0049332576,0.0068899488,2.799975830078125e-07,8.324910278320313e-08,2.9034173965454103e-09
3577531,44866759,3.27484583845,1.98128914750625,0.2546439160646354,5.229643916064635,4.975,6.979643916064635,6.725,7.679643916064635,7.425,11.079643916064636,10.825,13.689643916064636,13.435,13.689643916064636,13.435,0.1080327984018786,0.1080327984018786,0.0743494423791821,0.0749050182321876,0.0857624196710827,1.4498374656,0.5069576192,0.0031539476,0.0011535454,0.012171332,0.003272702,0.0013407987,0.0013664359,0.001786093,7.57232421875e-08,2.4696736145019533e-08,7.905016899108887e-10
3623303,30362274,6.7621819975625,4.03020217226875,0.2929253489942969,1.767925348994297,1.475,2.747925348994297,2.455,7.697925348994297,7.405,9.427925348994297,9.135,13.3279253489943,13.035000000000002,13.3279253489943,13.035000000000002,0.774307947943042,0.774307947943042,0.2036659877800407,0.1039617903332574,0.36064524201878,2.953035776,1.028349952,0.0058662296,0.0022169368,0.0252467936,0.0067128136,0.0028190954,0.002717149,0.0029805708,9.383673095703125e-08,3.0476300048828125e-08,1.4009909629821775e-09
3932132,69010264,4.0673151015625,2.4234504629,0.3463257777739592,3.7613257777739593,3.415,4.24132577777396,3.895000000000001,4.851325777773959,4.505,5.50132577777396,5.155,11.72132577777396,11.375,11.72132577777396,11.375,0.3158819022975216,0.3158819022975216,0.128369704749679,0.2245473945526975,0.2229330005332994,1.7755510784,0.6188361216,0.0036927216,0.0013471251,0.0147279888,0.0039506616,0.001624813,0.0016040368,0.0018842316,7.970931396484377e-08,2.6237536621093752e-08,8.768230438232421e-10
4062949,80450343,7.8923256400125,4.732197122525,0.3028932461411528,5.337893246141153,5.035,6.967893246141153,6.665,7.367893246141153,7.065,7.497893246141153,7.195,11.207893246141154,10.905,11.207893246141154,10.905,0.238265400557778,0.238265400557778,0.0750187546886721,0.2586891017714546,0.1906577523393016,3.4452144128,1.2192441344,0.0087164392,0.0032056904,0.0337001216,0.0090918696,0.0037878344,0.0038211984,0.0047978812,1.9580784912109375e-07,6.109564208984374e-08,2.0870599746704103e-09
4110512,90078592,8.5438117981625,5.08335364849375,0.2807102904433272,3.765710290443328,3.4850000000000003,4.405710290443327,4.125,4.675710290443327,4.395,4.755710290443327,4.475,10.835710290443329,10.555,10.835710290443329,10.555,0.3414317162805927,0.3414317162805927,0.1212121212121212,0.2841137773598908,0.2489192049508682,3.7053128704,1.3073073152,0.0089728752,0.0033025236,0.0358945088,0.009649676,0.0040213252,0.0039197008,0.0044559728,1.774546142578125e-07,5.769014892578125e-08,2.049580383300781e-09
4130358,83288178,9.882028339775,5.93777221903125,0.3581076906461184,5.003107690646118,4.645,6.123107690646119,5.765000000000001,7.863107690646118,7.505,9.30310769064612,8.945,13.203107690646116,12.845,13.203107690646116,12.845,0.1657007510463972,0.1657007510463972,0.0867302688638334,0.1177637570812658,0.1233982589971655,4.2878681088,1.5478571008,0.012891728,0.0050989216,0.0497261312,0.0133419792,0.0056476364,0.0058792168,0.0083368792,3.280037841796875e-07,9.315958251953125e-08,3.430004119873047e-09
4187221,80951016,5.063081264775,3.1819293025375,0.2885140651547822,9.97351406515478,9.685,11.573514065154782,11.285,12.36351406515478,12.075,12.823514065154782,12.535,13.713514065154785,13.425,13.713514065154785,13.425,0.1564490507709046,0.1564490507709046,0.0443066016836508,0.0756314375347143,0.0921290299964232,2.3092803584,0.8238182912,0.0063165592,0.002399742,0.0238139056,0.0064499868,0.0026912802,0.0027958568,0.0038425916,1.616109619140625e-07,4.551441650390625e-08,1.6292242050170899e-09
4207280,85858719,8.327678442275,4.99545674226875,0.284980963196114,3.529980963196114,3.245,4.389980963196114,4.105,8.379980963196115,8.095,10.529980963196111,10.245,13.549980963196113,13.265,13.549980963196113,13.265,0.384782965123365,0.384782965123365,0.1218026796589524,0.0872541463751424,0.1979465970524866,3.6408184832,1.285328384,0.0087398688,0.0033158028,0.0345371712,0.0092312048,0.0038631884,0.0039216384,0.0050738388,1.97334033203125e-07,5.982060546875e-08,2.2725820541381835e-09
4242002,89514185,13.816838503275,8.2850412850625,0.3318633950268701,4.47686339502687,4.145,5.44686339502687,5.115,6.71686339502687,6.385,7.80686339502687,7.475,13.546863395026872,13.215000000000002,13.546863395026872,13.215000000000002,0.2009170655775919,0.2009170655775919,0.0977517106549364,0.0908862428877759,0.1298516730401014,6.0392706048,2.131105792,0.0147254208,0.0054415772,0.0573102848,0.0154187264,0.0064119324,0.0064310976,0.0079148376,3.3730263671875e-07,1.0381358642578125e-07,3.552049255371094e-09
4319750,2359436,11.68893647055,7.03701471945625,0.3581076906461184,5.543107690646119,5.1850000000000005,6.483107690646119,6.125,9.03310769064612,8.675,10.03310769064612,9.675,11.983107690646118,11.625,11.983107690646118,11.625,0.1416843099432188,0.1416843099432188,0.0816326530612244,0.2063869119895288,0.1432346249979907,5.0788634624,1.8354112512,0.0156561232,0.0060861728,0.0598083136,0.0161498208,0.0068239704,0.0070885104,0.0098353856,4.001211669921875e-07,1.0902913818359374e-07,4.020291900634765e-09
4460513,13347162,15.0535228275625,8.9819145593,0.2569762843689762,2.9519762843689765,2.6950000000000003,4.471976284368976,4.215,6.111976284368977,5.855,7.661976284368976,7.405,13.381976284368978,13.125000000000002,13.381976284368978,13.125000000000002,0.6273437970045348,0.6273437970045348,0.1186239620403321,0.0974240166105167,0.2811305918851279,6.5769230336,2.295078912,0.0135441616,0.0050828056,0.0549150464,0.0145965888,0.0060764608,0.0062370148,0.00842836,3.146026611328125e-07,9.868565673828125e-08,3.6504787445068362e-09
4472321,22019701,17.5669407859125,10.5833413771875,0.2722832099007792,4.37728320990078,4.105,5.79728320990078,5.525,10.017283209900778,9.745,11.39728320990078,11.125000000000002,12.41728320990078,12.145,12.41728320990078,12.145,0.1881170189746469,0.1881170189746469,0.090497737556561,0.1686131082581379,0.1490759549297819,7.7048971264,2.727422976,0.0192920608,0.0072544824,0.0751267392,0.0201384848,0.0084417976,0.0085139384,0.0108469848,4.473060546875e-07,1.3698602294921874e-07,4.770084762573242e-09
4588399,12142873,12.162439584625,7.263151615625,0.277309237588053,3.722309237588053,3.4450000000000003,4.372309237588053,4.095,4.582309237588053,4.305,7.272309237588053,6.995,13.482309237588057,13.205000000000002,13.482309237588057,13.205000000000002,0.3947909403323911,0.3947909403323911,0.1221001221001221,0.0916126621903027,0.2028345748742719,5.3167398912,1.855924224,0.0110693888,0.004056924,0.04670616,0.0123830176,0.0051892724,0.0049934936,0.0055214628,1.9919752197265626e-07,6.830086669921875e-08,2.576705551147461e-09
4715933,10786439,6.9018113606625,4.1164592842875,0.2488922105676358,2.463892210567636,2.215,4.083892210567636,3.835,7.563892210567636,7.315,8.603892210567636,8.355,13.133892210567636,12.885000000000002,13.133892210567636,12.885000000000002,0.6656714671453282,0.6656714671453282,0.1303780964797914,0.1148580798711586,0.303635881165426,3.0088087552,1.0543789056,0.0066228984,0.0024948646,0.0264428304,0.007136644,0.0029487606,0.0030406928,0.0040907124,1.5717236328125e-07,4.506459045410157e-08,1.7230819702148435e-09
5137960,35320478,14.06725215765,8.42707122026875,0.3113101187875617,5.026310118787562,4.715,5.856310118787562,5.545,7.226310118787562,6.915,8.186310118787562,7.875,11.366310118787563,11.055,11.366310118787563,11.055,0.1878136952985679,0.1878136952985679,0.0901713255184851,0.2477928122335533,0.1752592776835354,6.1256126464,2.1763289088,0.0159727408,0.0060430924,0.061979008,0.01663328,0.0069703024,0.0070882104,0.0092494688,3.8223984375e-07,1.1473822021484377e-07,3.970186614990234e-09
5344117,70153454,33.527558326075,20.03710530471875,0.2714402572957652,3.726440257295765,3.455,5.1364402572957655,4.865,7.386440257295765,7.115,8.456440257295764,8.184999999999999,12.926440257295766,12.655,12.926440257295766,12.655,0.4209768034937853,0.4209768034937853,0.1027749229188078,0.1315657238292738,0.2184391500806223,14.6454413312,5.1315802112,0.0325436512,0.0117727208,0.1320935808,0.0352786976,0.0147152,0.0144956848,0.0171673424,6.9665673828125e-07,2.216045166015625e-07,7.721244812011718e-09
5359964,67716381,11.1590614334125,6.67122358559375,0.2569762843689762,2.4519762843689765,2.1950000000000003,2.9219762843689763,2.665,5.8719762843689765,5.615,10.311976284368978,10.055,13.651976284368978,13.395,13.651976284368978,13.395,0.8279394997447072,0.8279394997447072,0.1876172607879924,0.0778106954422945,0.3644558186583314,4.9082187776,1.6925449216,0.0085366728,0.0031122358,0.0367426976,0.0097269088,0.0040732396,0.0038711448,0.0040327604,1.41900927734375e-07,4.882745056152344e-08,1.949384880065918e-09
5546367,84186436,10.2228066897375,6.2089133056375,0.3160945209074661,4.8010945209074665,4.485,7.151094520907466,6.835,11.171094520907468,10.855,12.321094520907463,12.005,13.181094520907466,12.865,13.181094520907466,12.865,0.1554460691744533,0.1554460691744533,0.0731528895391367,0.1163109184762122,0.1149699590632674,4.5323014144,1.5939278848,0.0105024128,0.0039148132,0.0411551456,0.0110242664,0.0045931,0.0046822676,0.0060578556,2.326737060546875e-07,7.326350708007812e-08,2.681254005432129e-09
5590835,88984133,14.143419740775,8.4259255611,0.2885140651547822,4.233514065154783,3.945,4.873514065154782,4.585,5.283514065154782,4.995,5.613514065154782,5.325,7.703514065154782,7.415,7.703514065154782,7.415,0.275662984778168,0.275662984778168,0.109051254089422,0.5122094383532894,0.2989745590736264,6.1153980416,2.180489216,0.0166635728,0.0061977308,0.0652545024,0.0176029056,0.0073413096,0.0072451216,0.0086445472,3.72613037109375e-07,1.1339755859375e-07,3.898275756835938e-09
6439921,33723257,9.201492309225,5.4587693592625,0.3298519106017217,3.054851910601722,2.725,3.424851910601721,3.095,4.074851910601722,3.745,4.454851910601722,4.125,5.494851910601722,5.165,5.494851910601722,5.165,0.6888950925487318,0.6888950925487318,0.1615508885298869,0.6756537814218074,0.5086999208334754,3.9740604416,1.4057310208,0.0099067848,0.0036275676,0.0402667296,0.0107651472,0.0044941272,0.0043956804,0.0049666688,2.097793212890625e-07,6.358367309570313e-08,2.294110298156738e-09
6967252,54588138,8.0853886602,4.82985500306875,0.3085132097517356,4.593513209751736,4.285,5.013513209751736,4.705,5.223513209751736,4.915,7.443513209751735,7.135,11.463513209751737,11.155,11.463513209751737,11.155,0.2114503947492005,0.2114503947492005,0.106269925611052,0.240528619208286,0.1860829798561795,3.5161686016,1.244074496,0.008735848,0.003218758,0.0356298912,0.0094920928,0.0040029172,0.003849646,0.0042113796,1.4990198974609378e-07,5.2924615478515625e-08,1.956813621520996e-09
6991770,65920437,17.37037635125,10.38997056354375,0.2301171460699596,1.83511714606996,1.605,3.25511714606996,3.0250000000000004,8.05511714606996,7.825000000000001,10.70511714606996,10.475,13.61511714606996,13.385,13.61511714606996,13.385,0.7519708258910313,0.7519708258910313,0.165289256198347,0.0785371147448214,0.3319323989447332,7.6553273344,2.6291030016,0.0123594032,0.0044815304,0.0559395776,0.0146541888,0.0062993288,0.0058357124,0.0056046836,1.66685302734375e-07,5.537442626953126e-08,2.6248006820678713e-09
7416846,81834146,15.6991598596,9.3470624905375,0.2609037168045436,3.545903716804544,3.285,3.895903716804544,3.635,4.155903716804544,3.895000000000001,4.975903716804544,4.715,12.945903716804544,12.685,12.945903716804544,12.685,0.3769726416104084,0.3769726416104084,0.1375515818431912,0.1293864659216936,0.2146368964584311,6.8153331712,2.4018941952,0.0160643008,0.0060133212,0.0668674368,0.0178042784,0.0075767808,0.0072037656,0.0075547224,2.6606826171875e-07,8.61013916015625e-08,3.540331268310547e-09
7546688,78439595,22.2421095352625,13.37406802604375,0.2302813454576924,4.745281345457693,4.515000000000001,6.315281345457692,6.085,9.325281345457691,9.095,10.365281345457692,10.135,12.885281345457692,12.655,12.885281345457692,12.655,0.2403715551985479,0.2403715551985479,0.0821692686935086,0.1315657238292739,0.1513688492404435,9.717624832,3.4561363968,0.0255439168,0.0096775296,0.0989547712,0.0266849056,0.011144028,0.0113525256,0.0149955184,6.03105859375e-07,1.7915164794921874e-07,6.411971282958985e-09
7670343,4569811,7.9061756107625,4.7097063701,0.3141674414627129,4.429167441462713,4.115,4.859167441462713,4.545,5.169167441462713,4.855,5.299167441462713,4.985,7.229167441462713,6.915,7.229167441462713,6.915,0.2661393068506062,0.2661393068506062,0.11001100110011,0.5485304034796267,0.3082269038101143,3.4153005056,1.220222976,0.0094274392,0.0035356072,0.037562704,0.0100660584,0.0042592616,0.0041177476,0.0046503712,1.8254246826171878e-07,5.822725830078125e-08,2.1320344924926758e-09
7720016,87205130,11.77670478695,7.05126895173125,0.3339320381295394,4.69893203812954,4.365,5.548932038129539,5.215,5.85893203812954,5.525,6.15893203812954,5.825,13.57893203812954,13.245,13.57893203812954,13.245,0.2719286819793317,0.2719286819793317,0.0958772770853307,0.0887069849801957,0.1521709813482861,5.1126550528,1.8273724416,0.0141815072,0.0053848412,0.0556388352,0.014931952,0.0063401976,0.0062703916,0.0075643824,3.0564033203125e-07,9.202688598632812e-08,3.363071823120117e-09
7757489,82664082,6.907070158675,4.1777415898375,0.3636105453635974,3.0586105453635977,2.6950000000000003,7.258610545363598,6.8950000000000005,10.298610545363598,9.935,11.8486105453636,11.485,13.6686105453636,13.305,13.6686105453636,13.305,0.5488146984852952,0.5488146984852952,0.0725163161711385,0.0843484691650352,0.2352264946071563,3.033394176,1.0805668864,0.0079693392,0.003139918,0.0313437568,0.0083741368,0.0035525528,0.0036851792,0.0050769508,1.89889111328125e-07,5.233803100585937e-08,2.1372848510742187e-09
8018381,16775803,9.6076288213375,5.86467363426875,0.3421421686050259,7.837142168605026,7.495,8.427142168605027,8.085,9.667142168605023,9.325,11.217142168605026,10.875,13.617142168605026,13.275,13.617142168605026,13.275,0.0453156979556262,0.0453156979556262,0.0618429189857761,0.0865277270726155,0.0645621146713393,4.2398724096,1.5261259776,0.0123394024,0.0048881936,0.0485946368,0.0129526048,0.0055267948,0.0056497036,0.0077035984,2.898422119140625e-07,8.520999145507814e-08,3.171055030822754e-09
8406904,17913528,6.6694965349,4.1506514398625,0.3841173789502239,9.369117378950223,8.985000000000001,10.329117378950224,9.945,11.379117378950223,10.995,12.519117378950224,12.135,13.709117378950223,13.325,13.709117378950223,13.325,0.034352133182184,0.034352133182184,0.0502765208647561,0.0828956305599818,0.0558414282023073,3.0106048512,1.0752026624,0.0083246896,0.003148498,0.0319066496,0.0086359,0.0035966764,0.0036853668,0.0049001064,2.029717041015625e-07,5.89722900390625e-08,2.080308723449707e-09
8461425,4902884,9.8964948667875,5.92006633395,0.3359517471255202,3.95095174712552,3.615,4.75095174712552,4.415,6.860951747125521,6.525,7.95095174712552,7.615,13.26095174712552,12.925,13.26095174712552,12.925,0.1954756072682595,0.1954756072682595,0.1132502831257078,0.1119524026610517,0.1402260976850063,4.28939264,1.5357329408,0.0118534528,0.0046409444,0.047000352,0.0125956944,0.0053355108,0.0054272868,0.007199716,2.684629638671875e-07,7.589348754882814e-08,3.0691417694091803e-09
8470696,45678623,11.76047515705,7.1023492485625,0.3061372903966681,6.131137290396668,5.825,7.471137290396668,7.165,9.191137290396668,8.885,9.821137290396669,9.515,13.20113729039667,12.895,13.20113729039667,12.895,0.0972987861592942,0.0972987861592942,0.0697836706210746,0.1141316605686319,0.0937380391163336,5.1656019968,1.8329124864,0.0132706952,0.004996498,0.0513433088,0.013809672,0.0057452212,0.005869762,0.0077847456,3.1791845703125e-07,9.625068359375e-08,3.339034271240234e-09
9472745,63713322,2.74388694645,1.65085284133125,0.4183141005677271,6.433314100567728,6.015000000000001,7.393314100567727,6.975,8.003314100567728,7.585000000000001,8.363314100567727,7.945,9.333314100567726,8.915,9.333314100567726,8.915,0.084972267940613,0.084972267940613,0.07168458781362,0.4032465429742773,0.1866344662428368,1.167439872,0.4426321408,0.0049857108,0.0021486776,0.02014072,0.0053027996,0.0023989918,0.0023579022,0.003031301,1.1154757080078125e-07,2.90252685546875e-08,1.2099191665649411e-09
9778646,82933605,8.2894079671125,4.9989694909,0.3170856246157427,6.372085624615743,6.055,7.532085624615743,7.215,8.522085624615743,8.205,9.262085624615745,8.945,11.412085624615742,11.095,11.412085624615742,11.095,0.1152995501116501,0.1152995501116501,0.0693000693000693,0.2448871350234465,0.1431622514783886,3.6304207872,1.292799488,0.0097750704,0.0037106592,0.037193504,0.0100297568,0.0042126104,0.004322928,0.005731472,2.475593505859375e-07,6.993232421875e-08,2.4305110931396486e-09
9867367,80835815,11.7474331852375,7.14161960311875,0.3122962118537327,6.727296211853733,6.415,9.567296211853732,9.255,10.537296211853732,10.225,10.707296211853734,10.395,11.807296211853732,11.495,11.807296211853732,11.495,0.1474207033244758,0.1474207033244758,0.0540248514316585,0.2158303629223766,0.1390919725595037,5.1571376128,1.861581824,0.0158271216,0.006092562,0.0598754496,0.0161564672,0.006874388,0.0070921648,0.0096762504,4.0688388671875e-07,1.090571533203125e-07,3.985920715332031e-09
10039040,68909620,15.2313599556125,9.116332229775,0.347401218745297,4.192401218745297,3.845,4.7824012187452976,4.4350000000000005,5.4524012187452975,5.105,6.142401218745297,5.795,13.5524012187453,13.205000000000002,13.5524012187453,13.205000000000002,0.1812342074292468,0.1812342074292468,0.1127395715896279,0.0916126621903027,0.1285288137363925,6.624854016,2.3547828224,0.0174500832,0.0064938288,0.0689948736,0.0184539696,0.0077547984,0.0076201056,0.0088587624,3.8057783203125e-07,1.17062939453125e-07,4.080242156982422e-09
10217046,87493000,4.8217804442125,2.93611035693125,0.3516600332046486,7.306660033204649,6.955,8.536660033204647,8.184999999999999,8.946660033204648,8.594999999999999,10.876660033204647,10.525,13.626660033204647,13.275,13.626660033204647,13.275,0.0700887603443534,0.0700887603443534,0.061087354917532,0.0865277270726155,0.0725679474448337,2.1349715968,0.7578939392,0.0055620952,0.0020750698,0.0213424944,0.0057749108,0.002393344,0.0024539896,0.0032182958,1.2650479736328125e-07,3.9008090209960935e-08,1.383688735961914e-09
10435574,13293022,11.3696358194375,6.7927752694625,0.3248936441513645,3.4198936441513643,3.095,4.089893644151364,3.765,5.459893644151364,5.135,7.789893644151364,7.465,13.499893644151364,13.175,13.499893644151364,13.175,0.3862059090158475,0.3862059090158475,0.1328021248339973,0.0937919200978831,0.2042666513159093,4.9725353984,1.7365485568,0.0104705592,0.0038960908,0.04282456,0.0113151672,0.0047804588,0.0046232316,0.005201446,2.16552978515625e-07,6.966976318359374e-08,2.4437725067138674e-09
11039252,6460969,9.005953550825,5.38277282939375,0.3248936441513645,4.3298936441513645,4.005,5.359893644151365,5.035,5.989893644151365,5.665,6.439893644151365,6.115,12.629893644151366,12.305,12.629893644151366,12.305,0.177678166586637,0.177678166586637,0.0993048659384309,0.1569903994177099,0.1446578106475926,3.9162851328,1.3884133376,0.0100239848,0.0037734488,0.03895952,0.0104469368,0.0044071628,0.0043883772,0.0053812608,2.40511328125e-07,6.979765625e-08,2.38177490234375e-09
12661813,80480600,3.7303225996875,2.22441023154375,0.3085132097517356,3.163513209751736,2.855,4.153513209751735,3.845,4.693513209751735,4.385,5.073513209751736,4.765000000000001,13.453513209751735,13.145,13.453513209751735,13.145,0.5462583121586336,0.5462583121586336,0.130039011703511,0.0959711780054632,0.2574228339558693,1.6311699456,0.5672905728,0.0033226142,0.0012050215,0.0131113248,0.0034946492,0.0014543342,0.0014410402,0.0017045896,7.738732299804687e-08,2.5359043884277346e-08,7.880459785461426e-10
13656576,11525913,9.0919973861125,5.40074619406875,0.3228963393559692,3.1878963393559694,2.865,3.577896339355969,3.255,3.877896339355969,3.555,4.027896339355969,3.705,12.157896339355968,11.835,12.157896339355968,11.835,0.5475288964148635,0.5475288964148635,0.1536098310291858,0.1911321066364672,0.2974236113601722,3.9447650304,1.3846345728,0.0089206416,0.0032930156,0.0367761056,0.0098039736,0.0041136748,0.003927726,0.004105808,1.602644287109375e-07,5.272906494140626e-08,1.9832128524780275e-09
15615601,50339920,5.0794327259,3.092352405625,0.3421421686050259,7.047142168605026,6.705,8.517142168605027,8.175,9.287142168605026,8.945,10.567142168605027,10.225,13.627142168605026,13.285,13.627142168605026,13.285,0.0627296297134328,0.0627296297134328,0.0611620795107033,0.0858013077700888,0.0698976723314083,2.2431653888,0.801095168,0.0061909048,0.0023344126,0.023666824,0.0063875504,0.0026712264,0.002729867,0.0036211152,1.490221923828125e-07,4.431218566894531e-08,1.549091625213623e-09
18364834,4903403,5.424578428675,3.22140428935,0.3516600332046486,3.106660033204649,2.755,3.3266600332046488,2.975,4.176660033204649,3.825,4.636660033204649,4.285,6.096660033204649,5.745,6.096660033204649,5.745,0.7071880679950874,0.7071880679950874,0.1680672268907563,0.633521461875256,0.5029255855870333,2.3459846144,0.8289907712,0.0057575504,0.0021243692,0.0237456512,0.0063929472,0.002656625,0.0025827124,0.0028769894,1.0791419677734377e-07,3.358572082519531e-08,1.3054257392883302e-09
19535611,35366440,8.8056845673125,5.25226616488125,0.296490792597984,3.541490792597984,3.245,3.861490792597984,3.5650000000000004,5.581490792597984,5.285,7.721490792597984,7.425,12.381490792597983,12.085,12.381490792597983,12.085,0.2773416692358145,0.2773416692358145,0.1402524544179523,0.1729716240732985,0.1968552492423551,3.7911584768,1.3692588032,0.0110935888,0.0045106664,0.0459339424,0.0120763016,0.0052634228,0.005263538,0.0068909592,2.176377197265625e-07,6.465350952148438e-08,2.869112968444824e-09
67463,86878642,4.9961884019125,3.02939999364375,0.2845781033297623,4.539578103329762,4.255,7.299578103329763,7.015000000000001,10.559578103329764,10.275,12.029578103329762,11.745,13.349578103329762,13.065,13.349578103329762,13.065,0.1838835596873854,0.1838835596873854,0.0712758374910905,0.1017825324256773,0.1189806432013844,2.1821650944,0.7924601856,0.006953316,0.0027546722,0.026560432,0.007170488,0.0030323838,0.0031730802,0.004521178,1.749695556640625e-07,4.7514254760742186e-08,1.8598947525024411e-09
67667,78549748,7.042254687625,4.20843914335,0.3019684902767707,4.726968490276771,4.425,5.176968490276771,4.875,6.176968490276771,5.875,7.236968490276771,6.9350000000000005,12.336968490276773,12.035,12.336968490276773,12.035,0.2386997930423348,0.2386997930423348,0.1025641025641025,0.1766037205859322,0.1726225387307899,3.0701592576,1.0812506112,0.007261584,0.0026951842,0.0284137376,0.0076685208,0.0031561206,0.0031927468,0.004111898,1.70256103515625e-07,5.320463256835937e-08,1.7928503036499022e-09
69297,67755880,19.4210865497375,11.51128188133125,0.2076318984446103,2.26263189844461,2.055,2.55263189844461,2.345,3.7726318984446103,3.5650000000000004,4.87263189844461,4.665,10.53263189844461,10.325,10.53263189844461,10.325,0.8538169532602247,0.8538169532602247,0.2132196162046908,0.300821421318006,0.4559526635943072,8.4290281472,2.939009024,0.017156544,0.0062844956,0.0749726976,0.0199626576,0.0084005672,0.0078746176,0.0079822512,2.598019775390625e-07,8.653421630859376e-08,3.758189010620117e-09
69528,67716195,172.2537777627,103.40189597391876,0.2456731564463883,3.0306731564463885,2.785,4.700673156446388,4.455,8.71067315644639,8.465000000000002,11.010673156446389,10.765,13.57067315644639,13.325,13.57067315644639,13.325,0.5632696816507641,0.5632696816507641,0.1122334455667789,0.0828956305599818,0.2527995859258416,76.0050548736,26.2600097792,0.134216064,0.0493152064,0.5936185856,0.1542917632,0.0664820352,0.063417472,0.068765024,2.28811953125e-06,7.49779833984375e-07,3.1191857910156254e-08
72750,90921934,0.0,,,,,,,,,,,,,,,,,,,,,,,,,,,,,,,
73168,89719800,8.6176295263875,5.15777913875,0.2534803893298711,5.138480389329871,4.885,6.038480389329871,5.785,6.638480389329871,6.385,7.158480389329871,6.905,8.008480389329872,7.755000000000001,8.008480389329872,7.755000000000001,0.1628086275455898,0.1628086275455898,0.0864304235090751,0.4875111820673799,0.2455834110406816,3.7553283072,1.329065472,0.0093882696,0.0035020512,0.0367851616,0.0098086312,0.0041303296,0.0040941636,0.0050167316,2.13686767578125e-07,6.845926513671875e-08,2.238616943359375e-09
73426,87333391,19.79611301125,11.8253154056,0.281562707334638,3.506562707334638,3.225,5.076562707334638,4.795,6.806562707334638,6.525,7.8865627073346385,7.605,12.846562707334638,12.565,12.846562707334638,12.565,0.3640368006040926,0.3640368006040926,0.1042752867570385,0.1381034975520147,0.2021385283043819,8.6309347328,3.03531008,0.0199299136,0.007474936,0.079738912,0.0212319536,0.008939476,0.00900972,0.011374816,4.42794189453125e-07,1.343832763671875e-07,4.918905639648437e-09
74292,88418742,13.2899196142125,7.8931247551375,0.284980963196114,2.929980963196114,2.645,4.319980963196114,4.035,4.929980963196114,4.645,4.989980963196114,4.705,5.249980963196114,4.965,5.249980963196114,4.965,0.5831099453933153,0.5831099453933153,0.1239157372986369,0.6901821674723424,0.4657359500547648,5.7446703104,2.033806336,0.0145586288,0.0053140632,0.0578292608,0.0156104768,0.006461132,0.006390258,0.0075850872,3.256313232421875e-07,1.016619323730469e-07,3.409381103515625e-09
74342,87308736,24.5778846723,14.61222210675,0.2601215309605038,2.335121530960504,2.075,3.655121530960504,3.395,5.255121530960504,4.995,6.675121530960504,6.415,12.935121530960505,12.675,12.935121530960505,12.675,0.7005461497391445,0.7005461497391445,0.1472754050073637,0.1301128852242203,0.3259781466569095,10.7244699648,3.7197893632,0.0203857312,0.0074635776,0.087155104,0.0230856272,0.0096966952,0.0092601352,0.0099563656,3.61873876953125e-07,1.204936279296875e-07,4.633477401733398e-09
75441,87581512,9.3385403156125,5.540279099675,0.2593401272742675,3.1043401272742672,2.845,3.284340127274268,3.0250000000000004,3.414340127274268,3.155,3.514340127274268,3.255,5.864340127274268,5.605,5.864340127274268,5.605,0.7539068527154752,0.7539068527154752,0.165289256198347,0.6436913321106306,0.5209624803414843,4.0322781184,1.4264609792,0.0097812776,0.003671734,0.0427064096,0.0113036152,0.0048521568,0.0045117872,0.004386262,1.365470458984375e-07,4.4294873046875e-08,2.067330551147461e-09
75665,88559140,16.868032456725,10.02664527061875,0.282415983932113,3.257415983932113,2.975,3.767415983932113,3.4850000000000003,5.0474159839321135,4.765000000000001,6.417415983932113,6.135,9.577415983932111,9.295,9.577415983932111,9.295,0.5060597610642934,0.5060597610642934,0.1434720229555236,0.3756426094782609,0.3417247978326926,7.3047023616,2.5789216768,0.0175491568,0.0064406928,0.0735406336,0.0196168144,0.0082227184,0.0079263176,0.0088236856,2.9654677734375e-07,1.01503515625e-07,3.998772048950195e-09
78006,6559185,0.0,,,,,,,,,,,,,,,,,,,,,,,,,,,,,,,
82881,11171808,26.37162327575,15.7664633536875,0.3038189423344377,4.278818942334438,3.975000000000001,4.888818942334438,4.585,6.148818942334438,5.845000000000001,7.268818942334438,6.965,13.20881894233444,12.905,13.20881894233444,12.905,0.1856810927430761,0.1856810927430761,0.109051254089422,0.1134052412661051,0.1360458626995344,11.4880684032,4.0571334656,0.0278264672,0.0104654928,0.1115574144,0.0296155808,0.0125459168,0.012410444,0.0150331008,6.0687890625e-07,1.87340673828125e-07,6.6413444519042975e-09
85297,23532547,38.408441064975,22.98246710385,0.2649246660700477,2.3199246660700474,2.055,4.669924666070048,4.405,8.369924666070048,8.105,10.269924666070049,10.005,13.55992466607005,13.295000000000002,13.55992466607005,13.295000000000002,0.7050289702686251,0.7050289702686251,0.1135073779795686,0.085074888467562,0.3012037455719186,16.7094239232,5.92628736,0.040988352,0.0159457936,0.17763008,0.0467950176,0.02046276,0.0198632784,0.023069992,6.47632421875e-07,1.807545166015625e-07,9.949643707275393e-09
85427,24973132,13.5370609765125,8.106834594175,0.2807102904433272,5.065710290443327,4.785,6.225710290443328,5.945,7.035710290443327,6.755,7.975710290443327,7.695,10.265710290443328,9.985,10.265710290443328,9.985,0.2012260827886716,0.2012260827886716,0.0841042893187552,0.3255196776039154,0.2036166832371141,5.910214656,2.0848525312,0.0143013632,0.0052853496,0.0557092288,0.014953808,0.0062207232,0.006266662,0.0079759992,3.3760107421875e-07,1.0527838134765625e-07,3.4847827911376954e-09
87061,11733555,4.3443539143,2.70992804825,0.3180255165723658,10.093025516572364,9.775,11.493025516572366,11.175,11.773025516572368,11.455000000000002,11.923025516572366,11.605,13.443025516572366,13.125,13.443025516572366,13.125,0.0727746901752921,0.0727746901752921,0.0447427293064876,0.0974240166105168,0.0716471453640988,1.972537344,0.6984270848,0.0049819408,0.0018490024,0.0192807328,0.005237804,0.0021588782,0.002211537,0.0028829068,1.0766788330078125e-07,3.2956838989257816e-08,1.243925952911377e-09
87310,26585733,4.8977961534625,2.9319548431375,0.2554205854559797,4.95042058545598,4.695,5.900420585455979,5.645,7.3904205854559795,7.135,8.04042058545598,7.785,8.77042058545598,8.515,8.77042058545598,8.515,0.2072271779512456,0.2072271779512456,0.0885739592559787,0.4323033150753471,0.2427014840941904,2.1316411392,0.7570827264,0.00561318,0.0021159394,0.0212071072,0.005765238,0.0023915802,0.0024595532,0.0032429064,1.4168685302734377e-07,4.0108389282226566e-08,1.3854424476623536e-09
90128,15317747,22.2056748866125,13.24457419331875,0.2554205854559797,4.09042058545598,3.835,4.560420585455979,4.305,5.47042058545598,5.215,6.22042058545598,5.965,12.77042058545598,12.515,12.77042058545598,12.515,0.2437432433645875,0.2437432433645875,0.1161440185830429,0.1417355940646483,0.1672076186707596,9.6702734336,3.3975840768,0.0220373008,0.0081155936,0.0906305728,0.0241371088,0.0101456064,0.0097502928,0.0107009952,4.006173583984375e-07,1.36464599609375e-07,4.971809005737305e-09
93121,20746543,8.9306271090875,5.31545145946875,0.2841251127368025,3.029125112736802,2.745,3.4191251127368023,3.135,4.299125112736803,4.015000000000001,5.139125112736803,4.855,13.279125112736804,12.995,13.279125112736804,12.995,0.6882891705718148,0.6882891705718148,0.1594896331738437,0.1068674675433644,0.3182154237630076,3.8817980416,1.3635105792,0.0088313104,0.0032812494,0.0357400928,0.0096054632,0.004001534,0.0038745908,0.0043344444,1.6677806396484377e-07,5.404661865234375e-08,2.0348325729370116e-09
94690,12196998,9.3642971486375,5.57912510213125,0.2585351247657854,4.043535124765786,3.785,4.733535124765785,4.475,5.243535124765786,4.985,5.623535124765786,5.365,6.953535124765786,6.695,6.953535124765786,6.695,0.2319767932627029,0.2319767932627029,0.111731843575419,0.5645116281352152,0.3027400883244457,4.0483069952,1.4440251392,0.0111084104,0.0040991072,0.0436618816,0.0117915008,0.004900022,0.004833156,0.00569505,2.39238671875e-07,7.366265258789064e-08,2.583647155761719e-09
98964,15937565,100.2193293682375,60.18861624455625,0.2140560143733161,3.109056014373316,2.895,5.639056014373316,5.425,8.289056014373315,8.075,10.639056014373317,10.425,13.629056014373315,13.415,13.629056014373315,13.415,0.5284211146361351,0.5284211146361351,0.0921658986175115,0.0763578568372412,0.2323149566969626,44.2679558144,15.275368448,0.077461024,0.028301248,0.3330066432,0.0869747712,0.0368832544,0.0361511392,0.0420136864,1.48920107421875e-06,4.82768798828125e-07,1.8719692993164063e-08
102907,7970748,14.817472935825,8.86207799506875,0.2743695244336255,3.1193695244336253,2.845,4.069369524433625,3.795,7.979369524433626,7.705,9.449369524433624,9.175,13.379369524433624,13.105,13.379369524433624,13.105,0.5592009819335741,0.5592009819335741,0.1317523056653491,0.0988768552155704,0.2632767142714979,6.5084104704,2.2548504576,0.0123672928,0.0045561576,0.0505282592,0.0134448112,0.0056184932,0.0054834484,0.0061244612,2.51182470703125e-07,8.005484619140625e-08,2.8914159774780274e-09
109072,32286475,17.8197612768625,10.6062736362,0.2462486773824537,3.1412486773824537,2.895,4.301248677382453,4.055,5.201248677382454,4.955,6.911248677382454,6.665,11.921248677382454,11.675,11.921248677382454,11.675,0.5370765926253799,0.5370765926253799,0.1233045622688039,0.202754815476895,0.287711990123693,7.7872529408,2.6995177472,0.0148073056,0.005441564,0.061246976,0.016248984,0.0067644552,0.0066083236,0.0075344576,3.0081767578125e-07,9.84144287109375e-08,3.5063278198242184e-09
115357,24953742,31.535036563875,18.82901072743125,0.241776295519756,2.776776295519756,2.535,4.096776295519756,3.855,7.376776295519756,7.135,8.656776295519755,8.415,13.406776295519755,13.165,13.406776295519755,13.165,0.6192244763402933,0.6192244763402933,0.1297016861219196,0.0945183394004099,0.2811481672875409,13.8023026688,4.8031268864,0.0277093984,0.0102387224,0.1128483584,0.0300209792,0.0125231688,0.0125913592,0.0158226416,6.08455712890625e-07,1.8917967529296878e-07,6.923911285400391e-09
118668,25185493,15.2636535154125,9.11391520738125,0.2980743546569506,3.953074354656951,3.655,5.223074354656951,4.925,7.10307435465695,6.805,7.753074354656951,7.455,10.66307435465695,10.365,10.66307435465695,10.365,0.273137018678246,0.273137018678246,0.1015228426395939,0.2979157441078989,0.2241918684752462,6.6544582656,2.3384006656,0.0152854208,0.0056407844,0.0607263232,0.0162278112,0.006752248,0.0067886776,0.0085739784,3.306021240234375e-07,1.0876422119140625e-07,3.739103698730468e-09
127278,25816679,27.08730983585,16.30916321394375,0.315156533127876,4.470156533127876,4.155,5.180156533127876,4.865,7.710156533127876,7.395,10.980156533127875,10.665,13.650156533127875,13.335,13.650156533127875,13.335,0.2117175279366401,0.2117175279366401,0.1027749229188078,0.082169211257455,0.1322205540376343,11.8905577472,4.1932865536,0.0281518144,0.0105774048,0.1135768064,0.0301455392,0.0127346256,0.0126802448,0.0155381792,5.83018798828125e-07,1.852998779296875e-07,7.022801971435547e-09
144741,65015790,8.357808112225,5.00087026520625,0.2938408059979345,3.6888408059979354,3.395,4.528840805997935,4.235,6.188840805997934,5.895,8.568840805997933,8.274999999999999,13.548840805997934,13.255,13.548840805997934,13.255,0.3579224849933319,0.3579224849933319,0.1180637544273907,0.0879805656776691,0.1879889350327973,3.6607070208,1.278824448,0.0078359288,0.0028939406,0.0307751456,0.008275232,0.0034145832,0.0034173024,0.0041928528,1.732272216796875e-07,5.5440081787109384e-08,1.916963195800781e-09
149606,66629621,3.9509446633125,2.34396978054375,0.3714492714283324,2.9364492714283323,2.565,3.2264492714283324,2.855,3.546449271428332,3.175,3.976449271428333,3.605,6.806449271428333,6.4350000000000005,6.806449271428333,6.4350000000000005,0.7959038377643509,0.7959038377643509,0.1751313485113835,0.5833985300009105,0.518144572092215,1.7109702656,0.601566976,0.0038927588,0.0014618658,0.0162315232,0.004301136,0.0018176978,0.0017289022,0.00182668,6.4200634765625e-08,2.2088117980957032e-08,8.72548770904541e-10
158168,85251676,3.0460321908375,1.8134079934,0.4365266261792442,3.761526626179245,3.325,4.111526626179244,3.675,4.371526626179244,3.935,4.531526626179244,4.095,9.881526626179244,9.445,9.881526626179244,9.445,0.2285219496264131,0.2285219496264131,0.1360544217687075,0.3647463199403597,0.2431075637784934,1.3188634624,0.4678398976,0.003367406,0.0012476587,0.0135567376,0.0036680928,0.0015083748,0.0014771698,0.0016928138,5.94697998046875e-08,1.986665954589844e-08,7.923896312713622e-10
158660,26629,8.2585704336375,4.970060405875,0.3103768828645137,4.525376882864514,4.215,5.225376882864514,4.915,7.605376882864514,7.295,10.485376882864514,10.175,13.665376882864514,13.355,13.665376882864514,13.355,0.2494296667719645,0.2494296667719645,0.1017293997965412,0.0807163726524016,0.1439584797403024,3.6323467264,1.2734989312,0.008136256,0.0029728502,0.0321312096,0.008672024,0.00358262,0.0036059128,0.0045541992,1.7853084716796878e-07,5.646920776367187e-08,2.026808738708496e-09
161164,87656583,10.12777400155,6.07191984325,0.3190186281730316,3.704018628173032,3.385,4.914018628173032,4.595000000000001,9.194018628173032,8.875000000000002,10.74401862817303,10.425,12.004018628173032,11.685,12.004018628173032,11.685,0.3661479920286501,0.3661479920286501,0.1088139281828073,0.2020283961743683,0.2256634387952753,4.4403744768,1.5548407808,0.0097468632,0.0035969324,0.0386267456,0.010360768,0.0042894028,0.0042593984,0.0051857308,2.080228759765625e-07,6.848370361328125e-08,2.378743171691894e-09
162705,81807783,46.0329508791125,27.7363783744,0.2331022483127132,1.998102248312713,1.765,4.1381022483127134,3.905,9.638102248312713,9.405,12.238102248312714,12.005,13.718102248312714,13.485,13.718102248312714,13.485,0.6955638238638551,0.6955638238638551,0.1280409731113956,0.0712729217195538,0.2982925728982681,20.4126191616,7.0320553984,0.0346503968,0.0127529336,0.1528007808,0.0400004672,0.01700624,0.0161648128,0.016897968,5.63338671875e-07,1.8559449462890625e-07,7.932630157470703e-09
163537,80810110,57.197119956725,34.18622194679375,0.2101755136517038,2.815175513651704,2.605,4.175175513651704,3.965,7.645175513651704,7.435,10.005175513651704,9.795,13.495175513651706,13.285000000000002,13.495175513651706,13.285000000000002,0.6302664433939118,0.6302664433939118,0.1261034047919293,0.0858013077700887,0.2807237186519766,25.1011334144,8.6990651392,0.0472335776,0.0174586528,0.1991766528,0.0525424288,0.0221775168,0.0214211056,0.0235844224,8.7737939453125e-07,2.880515625e-07,1.1053327941894533e-08
167794,90509652,21.1185896398875,12.6944783405625,0.2247437736820643,3.4097437736820644,3.185,6.219743773682064,5.995,9.129743773682064,8.905000000000001,10.549743773682064,10.325,13.589743773682065,13.365,13.589743773682065,13.365,0.4827957823130377,0.4827957823130377,0.0834028356964136,0.0799899533498748,0.2153961904531088,9.2198084608,3.2819695616,0.024152776,0.0094386176,0.0947137472,0.0254317536,0.0107626912,0.0111181976,0.0151990528,5.8261669921875e-07,1.5910511474609376e-07,6.3677818298339855e-09
168312,78650690,14.460951087225,8.62579282663125,0.2569762843689762,4.101976284368976,3.845,4.401976284368976,4.145,7.021976284368977,6.765000000000001,7.611976284368977,7.355,10.881976284368978,10.625000000000002,10.881976284368978,10.625000000000002,0.2765399596171995,0.2765399596171995,0.120627261761158,0.2790288422422034,0.2253986878735203,6.2623383552,2.2304567296,0.0166575056,0.0061952564,0.0678555392,0.0180571056,0.0076805888,0.0073936848,0.00825162,2.798781005859375e-07,9.735241088867188e-08,3.729514694213867e-09
169148,86988649,5.434588672,3.2623578032125,0.2140560143733161,1.429056014373316,1.215,2.1190560143733164,1.905,8.639056014373317,8.425,11.869056014373315,11.655,13.719056014373315,13.505,13.719056014373315,13.505,0.7735992703179689,0.7735992703179689,0.2624671916010498,0.0698200831145005,0.3686288483445064,2.3876005888,0.833826304,0.004873674,0.0018505886,0.0211691552,0.0056157656,0.002351077,0.002286789,0.00256545,7.123292846679687e-08,2.3552392578125e-08,1.2229692459106444e-09
172049,74586872,256.3745179393125,154.2932824949875,0.2153624070057844,3.200362407005785,2.9850000000000003,5.8803624070057845,5.665,9.480362407005783,9.265,11.000362407005785,10.785,13.660362407005785,13.445,13.660362407005785,13.445,0.5139879595451551,0.5139879595451551,0.088261253309797,0.0741785989296609,0.2254759372615377,113.4682832896,39.1565410304,0.1975898624,0.0718400576,0.8699232256,0.2259005696,0.0971961536,0.0933312192,0.1024762432,3.40305859375e-06,1.1122140625e-06,4.5862142944335946e-08
173081,3292378,6.832386493,4.07560244398125,0.2920108430191526,4.307010843019153,4.015000000000001,4.747010843019153,4.455,5.247010843019153,4.955,5.617010843019153,5.325,9.157010843019153,8.865,9.157010843019153,8.865,0.1292393238189431,0.1292393238189431,0.1122334455667789,0.406878639486911,0.2161171362908776,2.9763948544,1.045489664,0.0067953808,0.002489797,0.0273398624,0.0073432016,0.0030189094,0.0029483316,0.0033858896,1.3882794189453125e-07,4.595329895019532e-08,1.5909771919250488e-09
177532,91009464,22.4995045623125,13.56527411763125,0.3028932461411528,5.457893246141153,5.155,6.807893246141153,6.505,9.337893246141151,9.035,10.357893246141153,10.055,12.977893246141154,12.675,12.977893246141154,12.675,0.131892130966994,0.131892130966994,0.0768639508070714,0.1301128852242203,0.1129563223327619,9.8461270016,3.5105079296,0.0265577776,0.0102033488,0.1026660288,0.0275134656,0.0116267064,0.0119486592,0.0160192112,6.56524609375e-07,1.8636790771484374e-07,6.7245140075683606e-09
177824,87500318,9.99393129465,5.95681046095625,0.2462486773824537,4.361248677382454,4.115,4.861248677382454,4.615,5.241248677382454,4.995,5.541248677382454,5.295,8.591248677382453,8.344999999999999,8.591248677382453,8.344999999999999,0.2732174749351853,0.2732174749351853,0.1083423618634886,0.4446524432183019,0.2754040933389919,4.3280515072,1.5392244736,0.0114990368,0.004310694,0.0448935264,0.012122476,0.005078684,0.005012626,0.0058904488,2.533614990234375e-07,7.395115356445313e-08,2.6603143692016604e-09
180533,6689810,93.0582580605625,55.80357304315,0.2186745341500788,2.953674534150079,2.7350000000000003,4.943674534150079,4.725,8.44367453415008,8.225000000000001,10.42367453415008,10.205000000000002,13.66367453415008,13.445,13.66367453415008,13.445,0.5652054251939118,0.5652054251939118,0.1058201058201058,0.0741785989296609,0.2484013766478928,40.8805376,14.2437318656,0.0824514624,0.0305971776,0.347815168,0.0915616576,0.0388221344,0.038144128,0.0449249152,1.63027099609375e-06,5.1007041015625e-07,1.999203186035156e-08
183993,5186997,20.3633322701625,12.198136983625,0.2538680344595239,3.258868034459524,3.005,4.628868034459524,4.375,6.648868034459524,6.3950000000000005,9.288868034459524,9.035,13.628868034459526,13.375000000000002,13.628868034459526,13.375000000000002,0.5626557151650833,0.5626557151650833,0.1142857142857142,0.079263534047348,0.2520683211660485,8.9521127424,3.1060723712,0.01737296,0.0062769088,0.071547072,0.01911796,0.0079335648,0.0077355288,0.0089440392,3.6918212890625e-07,1.219213134765625e-07,4.0929611206054684e-09
191695,9795577,17.0834329145,10.14192456946875,0.2764611324868848,2.631461132486885,2.355,3.071461132486885,2.795,3.901461132486885,3.625,4.761461132486885,4.485,12.761461132486886,12.485,12.761461132486886,12.485,0.8330055760687548,0.8330055760687548,0.1788908765652951,0.1439148519722285,0.3852704348687595,7.4388570112,2.5848256512,0.0145892304,0.0053686912,0.0612435456,0.0162277936,0.006786872,0.0064779664,0.006847636,2.607381103515625e-07,8.936506958007813e-08,3.2974365234375e-09
192199,13192241,8.0408618456875,4.79121516368125,0.32784449772352,2.97284449772352,2.645,4.43284449772352,4.105,6.30284449772352,5.975,7.70284449772352,7.375,11.22284449772352,10.895,11.22284449772352,10.895,0.5684290424043724,0.5684290424043724,0.1218026796589524,0.2594155210739813,0.3165490810457687,3.5028873216,1.226845184,0.0076862248,0.0028605622,0.031041648,0.0082811136,0.003469262,0.0034537212,0.0042060608,1.73159619140625e-07,5.168002319335937e-08,1.870017433166504e-09
195113,20178866,14.3661124695375,8.67394428385,0.3258938317746676,4.390893831774668,4.065,6.620893831774668,6.295,9.750893831774668,9.425,11.360893831774668,11.035,13.650893831774669,13.325,13.650893831774669,13.325,0.3051289981106574,0.3051289981106574,0.0794281175536139,0.0828956305599819,0.1558175820747511,6.3098912768,2.2377719808,0.015976064,0.0061167444,0.0616180288,0.0165932208,0.0069294232,0.0072780728,0.0103955048,4.081640380859375e-07,1.168508544921875e-07,4.324467468261719e-09
195539,16684677,6.744578837675,4.02973416936875,0.2621029528871883,4.857102952887189,4.595000000000001,5.727102952887188,5.465,6.037102952887189,5.775,6.167102952887189,5.905,10.807102952887188,10.545,10.807102952887188,10.545,0.208128520384217,0.208128520384217,0.091491308325709,0.2848401966624175,0.1948200084574478,2.9263364096,1.0420132864,0.0078672664,0.002934526,0.030821584,0.008270412,0.0034915164,0.0034416748,0.0040552128,1.617431396484375e-07,5.1086764526367195e-08,1.8155643463134763e-09
200039,10038179,18.1457197651,10.86202669428125,0.2507965377315315,4.415796537731532,4.165,5.015796537731532,4.765000000000001,5.595796537731532,5.345000000000001,6.645796537731532,6.3950000000000005,13.50579653773153,13.255,13.50579653773153,13.255,0.2333976953711464,0.2333976953711464,0.104931794333683,0.0879805656776691,0.1421033517941662,7.925530624,2.7897501696,0.0185339664,0.0068535432,0.0744592704,0.0199267952,0.0083520984,0.0081455432,0.0093723096,3.74174072265625e-07,1.2021197509765626e-07,4.310197830200195e-09
201868,6975820,12.8393692975375,7.64381975061875,0.2625194419408494,2.487519441940849,2.225,4.2175194419408495,3.955,5.477519441940849,5.215,6.187519441940849,5.925,13.32751944194085,13.065,13.32751944194085,13.065,0.625900515435854,0.625900515435854,0.1264222503160556,0.1017825324256772,0.2847017660591956,5.6083402752,1.9474628608,0.0110028216,0.0040228956,0.0443455136,0.0118821464,0.0048954316,0.0049231504,0.0061970632,2.61264013671875e-07,8.39216064453125e-08,2.7495607376098634e-09
208515,18965578,9.8838021750125,5.91423114859375,0.2601215309605038,2.985121530960504,2.725,3.665121530960504,3.405,5.685121530960504,5.425,10.465121530960506,10.205000000000002,13.605121530960504,13.345,13.605121530960504,13.345,0.6207877326070359,0.6207877326070359,0.1468428781204111,0.0814427919549284,0.2830244675607918,4.33128448,1.5111849984,0.0090368192,0.0033244774,0.0365911168,0.0098025768,0.004043802,0.0039379684,0.0045020136,1.8220286865234373e-07,6.128748779296874e-08,2.124155044555664e-09
209299,5912059,22.793352125175,13.62333392415,0.2739220109422078,3.998922010942208,3.725000000000001,5.478922010942208,5.205,6.808922010942208,6.535,7.808922010942208,7.535,12.388922010942208,12.115,12.388922010942208,12.115,0.3872138969289379,0.3872138969289379,0.0960614793467819,0.1707923661657182,0.2180225808138126,9.942409216,3.498328064,0.023249176,0.0086334048,0.0916843968,0.024579072,0.0102193144,0.0101954104,0.012474296,5.2155439453125e-07,1.6316619873046874e-07,5.618871688842774e-09
