HaloCatalogueIndex,TrackId_sample,DoR,track_id,TrackId_SOAP,DescendantTrackId,IsCentral,logM,logR,r50_kpc,compactness,age_mass_gyr,age_lum_gyr,MgFe,logZstar_rel,logZstar_loc,log_ssfr,ssfr,bh_mass_raw,bh_mass_corr,log_bh_ratio_raw,log_bh_ratio_corr,exsitu_frac,Zstar_raw,Z_local_raw,HostHaloIndex,matched_to_SOAP,DoR_pct,compactness_pct,logM_pct,logR_pct,age_lum_gyr_pct,MgFe_pct,logZstar_rel_pct,logZstar_loc_pct,log_ssfr_pct,exsitu_frac_pct,log_bh_ratio_corr_pct
775921,775921,0.6014065745857468,775921,775921,-1,True,10.218907488217742,0.2604334539681036,1.8215179443359373,9.828257307265586,11.01820031978242,10.465797322720158,0.23235893,-0.1181586112206836,0.0008979431616618,-11.336412201386898,4.608799325010088e-12,32256113.458003394,32256113.458003394,-2.710295450193521,-2.710295450193521,0.1131468234075399,0.0102081298828125,0.013427734375,547161,True,0.033707865168539325,0.26217228464419473,0.21348314606741572,0.4232209737827715,0.04868913857677903,0.13857677902621723,0.0599250936329588,0.14606741573033707,0.7936507936507936,0.5730337078651685,0.19172932330827067
809503,809503,0.6315994382294959,809503,809503,-1,False,10.61766614837046,0.1915876911243339,1.5544891357421875,10.330284611683958,11.01820031978242,11.048059941245246,0.27943936,0.0220872422315999,0.1155998886428644,,0.0,102792531.77633232,102792531.77633232,-2.60570458552198,-2.60570458552198,0.1029851858657342,0.01409912109375,0.017486572265625,2235781,True,0.31835205992509363,0.9700374531835206,0.7153558052434457,0.250936329588015,0.14794007490636704,0.5880149812734082,0.797752808988764,0.8033707865168539,,0.550561797752809,0.3157894736842105
25311,25311,0.6061328658656949,25311,25311,-1,False,10.30081159260084,0.3218227675425823,2.09808349609375,9.818077441286968,11.13763880563372,11.182428237827958,0.22045028,-0.0208592709952467,0.0776045700814312,,0.0,39500394.25826421,39500394.25826421,-2.7042101622064285,-2.7042101622064285,0.0464940737397985,0.0127716064453125,0.016021728515625,2359176,True,0.07865168539325842,0.2247191011235955,0.3258426966292135,0.5543071161048689,0.2340823970037453,0.07865168539325842,0.6273408239700374,0.5823970037453183,,0.40074906367041196,0.19924812030075187
83700,83700,0.6566717963671045,83700,83700,-1,False,9.919921235063748,0.1129389950905936,1.2969970703125,9.750512742427857,11.421305209530558,11.481024452456207,0.20959383,0.0008979431616618,0.1427751016862415,,0.0,0.0,8035432.5,,-3.0149119778214617,0.0003772384886386,0.013427734375,0.01861572265625,2695320,True,0.602996254681648,0.00749063670411985,0.08426966292134831,0.11235955056179775,0.5636704119850188,0.0599250936329588,0.7153558052434457,0.9026217228464419,,0.04119850187265917,0.05263157894736842
2860534,2860534,0.647990293420894,2860534,2860534,-1,False,10.350453524022983,0.2627013154239257,1.8310546875,9.956401550887094,11.406375398799144,11.391445588067732,0.27481624,-0.0229397275817191,0.0445281112798451,,0.0,0.0,96082040.0,,-2.367811308652512,0.2881811439618938,0.0127105712890625,0.0148468017578125,2695320,True,0.5168539325842697,0.5917602996254682,0.37453183520599254,0.42696629213483145,0.4681647940074906,0.5393258426966292,0.601123595505618,0.3782771535580524,,0.7865168539325843,0.6691729323308271
8002,8002,0.6010852373195695,8002,8002,-1,True,10.257122622642962,0.3226116769001235,2.101898193359375,9.773205107292776,10.794253158811232,8.793658520801959,0.27077803,-0.1554163578473391,-0.0415818376377773,-10.877385299756089,1.3262173348879982e-11,45829608.01007102,45829608.01007102,-2.5959764799910445,-2.5959764799910445,0.1251986484079936,0.009368896484375,0.012176513671875,3821235,True,0.02247191011235955,0.0898876404494382,0.250936329588015,0.5617977528089888,0.00749063670411985,0.5056179775280899,0.026217228464419477,0.033707865168539325,0.9365079365079365,0.602996254681648,0.34210526315789475
1874277,1874277,0.6267316195050473,1874277,1874277,-1,False,10.296549590958346,0.2812978039155842,1.911163330078125,9.87460288508497,11.06298975197666,11.077919562708068,0.24378198,-0.0345638747773507,0.1216213990658051,,0.0,48956087.09228884,48956087.09228884,-2.6067428922403137,-2.6067428922403137,0.0844652599396453,0.0123748779296875,0.017730712890625,4449184,True,0.2808988764044944,0.35580524344569286,0.31835205992509363,0.4794007490636704,0.16292134831460675,0.20973782771535582,0.5318352059925093,0.8183520599250936,,0.5131086142322098,0.3082706766917293
17066,17066,0.6137409075294514,17066,17066,-1,True,10.896032159398498,0.6164893602507066,4.1351318359375,9.97129811902244,11.421305209530558,10.89876183393112,0.29746687,-0.0399522129042691,0.1201238304029106,-11.531596766944796,2.9403784628995258e-12,445942674.9465812,445942674.9465812,-2.2467531247995143,-2.2467531247995143,0.5386319723018472,0.0122222900390625,0.017669677734375,4539183,True,0.13857677902621723,0.6179775280898876,0.9138576779026217,0.9363295880149812,0.09363295880149813,0.7865168539325843,0.5,0.8108614232209738,0.6984126984126984,0.9250936329588015,0.7894736842105263
552,552,0.6904961368601793,552,552,-1,False,10.522999502314017,0.3380961862941865,2.178192138671875,10.015855222872736,12.40667271780378,12.346953474878132,0.3106587,-0.0673668883968645,0.0018838561433129,,0.0,0.0,258963968.0,,-2.10976016135006,0.0414570605295741,0.011474609375,0.013458251953125,4778400,True,0.8689138576779026,0.704119850187266,0.6179775280898876,0.5917602996254682,0.9887640449438202,0.898876404494382,0.32209737827715357,0.149812734082397,,0.36704119850187267,0.8721804511278195
553,553,0.7124777848063014,553,553,-1,False,10.647683893684064,0.5862112336393396,3.856658935546875,9.768367043225052,12.242444799758244,12.242444799758244,0.32596877,-0.0772973899043118,-0.0005851356224662,,0.0,0.0,351995776.0,,-2.101146441770983,0.6524647899751719,0.0112152099609375,0.0133819580078125,4778400,True,0.9625468164794008,0.07116104868913857,0.7771535580524345,0.9101123595505618,0.9775280898876404,0.949438202247191,0.2303370786516854,0.1348314606741573,,0.9625468164794008,0.8796992481203008
71883,71883,0.6492821745148009,71883,71883,-1,False,10.452478252325102,0.44951643987138,2.81524658203125,9.778203592518032,11.704971613427396,11.719901424158806,0.2522741,-0.0856494642690777,0.0800791892092866,,0.0,0.0,122466472.0,,-2.3644610454075266,0.0821560822066811,0.0110015869140625,0.01611328125,4778400,True,0.5318352059925093,0.11610486891385768,0.5093632958801498,0.7715355805243446,0.7659176029962547,0.2883895131086142,0.17228464419475656,0.599250936329588,,0.50187265917603,0.6804511278195489
72033,72033,0.6611736134081211,72033,72033,-1,False,10.620112884317548,0.2062576570090996,1.6078948974609375,10.3107263988039,11.540743695381856,11.570603316844682,0.27692795,0.0336814834387859,0.1312317116566679,,0.0,127956875.60881723,127956875.60881723,-2.513049257175687,-2.513049257175687,0.1635349340001289,0.0144805908203125,0.01812744140625,4778400,True,0.6704119850187266,0.9588014981273408,0.7191011235955056,0.2958801498127341,0.6423220973782772,0.5730337078651685,0.8558052434456929,0.8745318352059925,,0.6629213483146067,0.5
74170,74170,0.6329071544436423,74170,74170,-1,False,10.616027299324177,0.4588314239181125,2.87628173828125,9.927780163447007,11.510884073919032,11.540743695381856,0.20341301,0.0048282367900942,0.1079536615268206,,0.0,0.0,201924784.0,,-2.310837672337646,0.5129623940353314,0.0135498046875,0.017181396484375,4778400,True,0.3445692883895131,0.5355805243445693,0.7116104868913857,0.7790262172284644,0.6198501872659176,0.04119850187265917,0.7378277153558053,0.7528089887640449,,0.9101123595505618,0.7330827067669173
74285,74285,0.6951509463023098,74285,74285,-1,False,9.618891239399764,-0.1218747316901304,0.75531005859375,9.801703336934962,11.80948028854728,11.824410099278694,0.32939854,-0.0377888486206382,-0.014165803274214,,0.0,0.0,130397048.0,,-1.5036234796896175,0.0129384874437614,0.0122833251953125,0.012969970703125,4778400,True,0.9101123595505618,0.18726591760299627,0.03745318352059925,0.03745318352059925,0.8426966292134831,0.9662921348314607,0.5168539325842697,0.07116104868913857,,0.2247191011235955,1.0
100031,100031,0.6839624251195557,100031,100031,-1,False,10.32952895795844,0.3426358912040699,2.201080322265625,9.815575121152335,11.913988963667167,11.899059152935756,0.29810354,-0.0487150722432542,0.0422906283198868,,0.0,0.0,98217192.0,,-2.3373414443340788,0.0404414265660783,0.0119781494140625,0.0147705078125,4778400,True,0.8277153558052435,0.21348314606741572,0.35767790262172283,0.6067415730337079,0.8707865168539326,0.8052434456928839,0.4344569288389513,0.36704119850187267,,0.3595505617977528,0.706766917293233
798108,798108,0.638630359266431,798108,798108,-1,False,10.153239164279002,0.234189774117586,1.7147064208984375,9.801954503102625,11.49595426318762,11.540743695381856,0.20472619,-0.0784807543473788,0.0130638502166965,,0.0,0.0,22228504.0,,-2.8063289290387305,0.0280146804598898,0.0111846923828125,0.0138092041015625,4778400,True,0.41947565543071164,0.19101123595505617,0.16104868913857678,0.35580524344569286,0.6198501872659176,0.0449438202247191,0.21348314606741572,0.19101123595505617,,0.2958801498127341,0.10526315789473684
1977002,1977002,0.6153248005596197,1977002,1977002,-1,False,10.142991629597883,0.2418511764508055,1.7452239990234375,9.780214864921676,11.25707729148502,11.316796534410669,0.23348203,-0.0599232938348891,-0.009086277744939,,0.0,0.0,23906126.0,,-2.764482425424269,0.030494854050033,0.0116729736328125,0.01312255859375,4778400,True,0.15730337078651685,0.12359550561797752,0.15355805243445692,0.36891385767790263,0.37640449438202245,0.149812734082397,0.3595505617977528,0.09737827715355805,,0.3146067415730337,0.14285714285714285
3028815,3028815,0.6531510103884934,3028815,3028815,-1,False,10.63055895362242,0.2021165578679593,1.5926361083984375,10.327384116820484,11.048059941245246,11.107779184170894,0.3014883,0.0654410130984035,0.1969233140496728,,0.0,0.0,88303968.0,,-2.6845787342828458,0.2788978616997826,0.0155792236328125,0.021087646484375,4778400,True,0.5767790262172284,0.9662921348314607,0.7322097378277154,0.2846441947565543,0.17790262172284643,0.8352059925093633,0.9307116104868914,0.9812734082397003,,0.7790262172284644,0.21428571428571427
97114,97114,0.6621051872474024,97114,97114,-1,False,10.56651362592308,0.3717452420815801,2.353668212890625,10.008895762800709,11.958778395861406,11.943848585129992,0.26774526,-0.0679447919843383,0.0197307823976044,,0.0,124601629.76448593,124601629.76448593,-2.470989903077503,-2.470989903077503,0.22419576246061,0.0114593505859375,0.0140228271484375,4778400,True,0.6816479400749064,0.6928838951310862,0.6685393258426966,0.6591760299625468,0.8932584269662921,0.45692883895131087,0.31647940074906367,0.2303370786516854,,0.7340823970037453,0.5601503759398496
9659,9659,0.6204142004366383,9659,9659,-1,False,10.127468373020578,0.1736368354442053,1.491546630859375,9.86701311985427,11.212287859290782,11.25707729148502,0.20473245,-0.0778886690724362,0.0187846066815143,,0.0,26841966.754650574,26841966.754650574,-2.698654038893269,-2.698654038893269,0.0082672322939537,0.011199951171875,0.0139923095703125,5088026,True,0.2247191011235955,0.3445692883895131,0.1348314606741573,0.21722846441947566,0.32209737827715357,0.04868913857677903,0.2209737827715356,0.21722846441947566,,0.1947565543071161,0.20300751879699247
496129,496129,0.6820498448598892,496129,496129,-1,True,10.065757895701264,0.1646588520169612,1.461029052734375,9.81876961767582,11.85426972074152,11.80948028854728,0.25371316,-0.0802618688680508,0.0082383063274051,,0.0,27108861.31044966,27108861.31044966,-2.632646619986301,-2.632646619986301,0.0446381190009931,0.011138916015625,0.0136566162109375,5102703,True,0.8127340823970037,0.23220973782771537,0.11235955056179775,0.19101123595505617,0.8333333333333334,0.3146067415730337,0.20411985018726592,0.17415730337078653,,0.38202247191011235,0.2744360902255639
77613,77613,0.616261287245523,77613,77613,-1,True,10.177566014011983,0.1549119000838237,1.4286041259765625,9.94519816388625,11.152568616365132,10.719604105154168,0.23088479,-0.0947800279367029,0.0413923974269865,-11.524249515473898,2.9905459827361418e-12,21542203.432354517,21542203.432354517,-2.8442758912073494,-2.8442758912073494,0.0746418575908398,0.010772705078125,0.014739990234375,5252239,True,0.16853932584269662,0.5805243445692884,0.19101123595505617,0.1760299625468165,0.06741573033707865,0.12734082397003746,0.13857677902621723,0.35767790262172283,0.7142857142857143,0.48314606741573035,0.08270676691729323
16955,16955,0.6093009881349091,16955,16955,-1,False,10.561888507855103,0.4673864178497695,2.933502197265625,9.86080888108045,11.09284937343948,10.674814672959933,0.24687234,-0.1009754893779446,0.0239632472303552,,0.0,134972389.64696455,134972389.64696455,-2.431643570844117,-2.431643570844117,0.2729268093245872,0.0106201171875,0.01416015625,5854109,True,0.09737827715355805,0.31835205992509363,0.6554307116104869,0.7865168539325843,0.0599250936329588,0.23595505617977527,0.11235955056179775,0.2640449438202247,,0.7752808988764045,0.6015037593984962
23328,23328,0.6325683073057371,23328,23328,-1,False,10.170180841593082,0.2026363598233737,1.59454345703125,9.86622630185802,11.182428237827958,11.19735804855937,0.25621098,0.0776045700814312,0.1370417579332989,,0.0,0.0,166542192.0,,-1.9486565651230936,0.696472891649774,0.016021728515625,0.01837158203125,6227203,True,0.3408239700374532,0.3408239700374532,0.18352059925093633,0.2902621722846442,0.24719101123595505,0.3295880149812734,0.951310861423221,0.8838951310861424,,0.9737827715355806,0.9360902255639098
100221,100221,0.7144579189526166,100221,100221,-1,False,10.163250463433696,0.1298494961812566,1.3484954833984375,9.968476219161811,12.123006313906943,12.123006313906943,0.30900544,0.024430985005135,0.0662909047236534,,0.0,0.0,86473832.0,,-2.2263657587129595,0.0021962121928284,0.0141754150390625,0.0156097412109375,6227203,True,0.9662921348314607,0.6067415730337079,0.17228464419475656,0.12359550561797752,0.9625468164794008,0.8913857677902621,0.8071161048689138,0.5,,0.08614232209737828,0.8007518796992481
229037,229037,0.627827642640436,229037,229037,-1,False,10.594139612344918,0.4094751422723153,2.567291259765625,9.979926898936444,11.660182181233155,11.630322559770333,0.24999553,-0.0714284562402138,0.0130638502166965,,0.0,29973.50968446727,29973.50968446727,-6.117402013631664,-6.117402013631664,0.0467370602272833,0.0113677978515625,0.0138092041015625,6227203,True,0.2958801498127341,0.6404494382022472,0.6947565543071161,0.7340823970037453,0.6947565543071161,0.25842696629213485,0.27340823970037453,0.19101123595505617,,0.4044943820224719,0.0037593984962406013
229539,229539,0.6364485035977898,229539,229539,-1,False,10.413709710993029,0.3304229393044999,2.140045166015625,9.918075302036277,11.37651577733632,11.421305209530558,0.22621354,-0.0070709865096134,0.0662909047236534,,0.0,41711806.29202803,41711806.29202803,-2.793450714010417,-2.793450714010417,0.0330928185183625,0.01318359375,0.0156097412109375,6227203,True,0.37453183520599254,0.49812734082397003,0.46441947565543074,0.5730337078651685,0.50187265917603,0.09737827715355805,0.6891385767790262,0.5,,0.3408239700374532,0.11654135338345864
4679778,4679778,0.6001942545673514,4679778,4679778,-1,False,10.262714474340092,0.2535579359840559,1.79290771484375,9.88237757036401,10.973410887588182,11.033130130513833,0.24826077,-0.0229397275817191,0.0946379093802117,,0.0,0.0,26346304.0,,-2.841994775663995,0.0225757778038768,0.0127105712890625,0.01666259765625,6227203,True,0.011235955056179775,0.3857677902621723,0.25842696629213485,0.3951310861423221,0.13670411985018727,0.24344569288389514,0.601123595505618,0.6872659176029963,,0.2846441947565543,0.09022556390977443
2226,2226,0.664697544972055,2226,2226,-1,False,10.691912176742573,0.1974101297047395,1.575469970703125,10.395796982185464,11.525813884650445,11.570603316844682,0.28135702,0.0422906283198868,0.1574746259196087,,0.0,106757822.31963298,106757822.31963298,-2.663512470415156,-2.663512470415156,0.1935825667166976,0.0147705078125,0.019256591796875,6227203,True,0.704119850187266,0.9887640449438202,0.8164794007490637,0.27153558052434457,0.6423220973782772,0.5917602996254682,0.8745318352059925,0.949438202247191,,0.704119850187266,0.23308270676691728
435755,435755,0.653036736824823,435755,435755,-1,False,10.010670939366983,0.0585813327680009,1.1444091796875,9.922798940214983,11.003270509051006,11.048059941245246,0.25738674,0.0734486103102735,0.1392006413279433,,0.0,0.0,27490138.0,,-2.57149401936753,0.0021954015696943,0.015869140625,0.018463134765625,6955316,True,0.5730337078651685,0.5168539325842697,0.09363295880149813,0.07865168539325842,0.14794007490636704,0.3408239700374532,0.9419475655430711,0.8951310861423221,,0.08239700374531835,0.38721804511278196
436157,436157,0.632480981104096,436157,436157,-1,False,10.427865747331762,0.4459711591067303,2.7923583984375,9.758909008671663,11.540743695381856,11.525813884650445,0.27554476,-0.02977087660479,0.0568493484908118,,0.0,0.0,366026816.0,,-1.864352843319296,0.7425718400904932,0.01251220703125,0.0152740478515625,6955316,True,0.33707865168539325,0.04868913857677903,0.4756554307116105,0.7640449438202247,0.6086142322097379,0.5617977528089888,0.550561797752809,0.45131086142322097,,0.9887640449438202,0.9548872180451128
1782066,1782066,0.7404743771822154,1782066,1782066,-1,False,10.265943444470292,0.2535579359840559,1.79290771484375,9.885606540494209,12.436532339266607,12.45146214999802,0.3384374,-0.0731808237094796,-0.0426716612508377,,0.0,0.0,54065212.0,,-2.5330255341891417,0.0024482644611471,0.011322021484375,0.01214599609375,6955316,True,0.9925093632958801,0.39325842696629215,0.2696629213483146,0.3951310861423221,0.9925093632958801,0.9850187265917603,0.25842696629213485,0.0299625468164794,,0.09363295880149813,0.4699248120300752
10571683,10571683,0.6680773258759971,10571683,10571683,-1,False,10.459597993448051,0.2234296757503978,1.6727447509765625,10.124453479822456,11.37651577733632,11.391445588067732,0.3067196,0.0220872422315999,0.0751157696777365,,0.0,0.0,180573232.0,,-2.2029446220901807,0.1005517391809915,0.01409912109375,0.01593017578125,6955316,True,0.7340823970037453,0.8052434456928839,0.5243445692883895,0.32209737827715357,0.4681647940074906,0.8764044943820225,0.797752808988764,0.5580524344569289,,0.5430711610486891,0.8195488721804511
215760,215760,0.6355447257667793,215760,215760,-1,True,10.55580126182186,0.4139689907545748,2.593994140625,9.934847775689995,11.152568616365132,9.614798111029646,0.2582123,-0.0260792194359601,0.0938417689521169,-10.871578000775097,1.3440703453584996e-11,75569287.08482592,75569287.08482592,-2.677455936687404,-2.677455936687404,0.0699981251390789,0.0126190185546875,0.016632080078125,7545161,True,0.3595505617977528,0.5580524344569289,0.6460674157303371,0.7378277153558053,0.026217228464419477,0.352059925093633,0.5861423220973783,0.6797752808988764,0.9523809523809523,0.4681647940074906,0.22180451127819548
995106,995106,0.6802090174058896,995106,995106,-1,True,10.57561866552784,0.1894509365955133,1.5468597412109375,10.29144226063457,11.61539274903892,11.49595426318762,0.3058913,-0.0737665210091785,0.0192579522127356,-13.407143768411746,3.9161221673035496e-14,166237180.4691428,166237180.4691428,-2.3548905012740566,-2.3548905012740566,0.1859756537604235,0.0113067626953125,0.014007568359375,7598329,True,0.8014981273408239,0.951310861423221,0.6816479400749064,0.24719101123595505,0.5805243445692884,0.8689138576779026,0.2546816479400749,0.2209737827715356,0.06349206349206349,0.6853932584269663,0.6879699248120301
1011731,1011731,0.6443797003773413,1011731,1011731,-1,True,10.317453263920058,0.2847514561669999,1.926422119140625,9.890326079669558,11.749761045621632,11.719901424158806,0.22820523,-0.0725959152279314,0.0033585417093186,,0.0,56734157.00414781,56734157.00414781,-2.563608657725,-2.563608657725,0.0355099511551422,0.0113372802734375,0.0135040283203125,7719399,True,0.4756554307116105,0.41198501872659177,0.34831460674157305,0.49063670411985016,0.7659176029962547,0.11610486891385768,0.26217228464419473,0.15355805243445692,,0.34831460674157305,0.41353383458646614
25850,25850,0.6657124844476187,25850,25850,-1,False,10.675760318364247,0.3523120896904826,2.25067138671875,10.147292183828522,11.406375398799144,11.421305209530558,0.28455925,0.0192579522127356,0.1312317116566679,,0.0,198569549.5145173,198569549.5145173,-2.3778476678189158,-2.3778476678189158,0.1195986980910708,0.014007568359375,0.01812744140625,7911684,True,0.7153558052434457,0.8277153558052435,0.797752808988764,0.6292134831460674,0.50187265917603,0.6367041198501873,0.7865168539325843,0.8745318352059925,,0.5917602996254682,0.6616541353383458
185825,185825,0.6589066725443175,185825,185825,-1,False,9.867428591926236,0.0721207314044752,1.1806488037109375,9.759247494819522,11.212287859290782,11.272007102216431,0.26071513,0.0220872422315999,0.1260833679230888,,0.0,0.0,13459111.0,,-2.7384122170713416,0.00186763869038,0.01409912109375,0.017913818359375,8153764,True,0.6292134831460674,0.052434456928838954,0.07116104868913857,0.08614232209737828,0.3333333333333333,0.39325842696629215,0.797752808988764,0.8539325842696629,,0.0749063670411985,0.17293233082706766
415368,415368,0.6877238228986977,415368,415368,-1,False,10.413055160029783,0.3426358912040699,2.201080322265625,9.89910132322368,11.73483123489022,11.779620667084457,0.29669997,-0.0778886690724362,0.0211461920651225,,0.0,77628187.94384742,77628187.94384742,-2.523035711379864,-2.523035711379864,0.0562165312167714,0.011199951171875,0.014068603515625,8375568,True,0.8576779026217228,0.43820224719101125,0.4606741573033708,0.6067415730337079,0.8202247191011236,0.7640449438202247,0.2209737827715356,0.24344569288389514,,0.4232209737827715,0.4849624060150376
884010,884010,0.6028653478303433,884010,884010,-1,False,10.693288705571376,0.3218227675425823,2.09808349609375,10.210554554257502,11.182428237827958,11.182428237827958,0.28197992,0.0922450962643214,0.1377625788156257,,0.0,0.0,538059392.0,,-1.962458489023494,0.1485459143599884,0.016571044921875,0.018402099609375,8375568,True,0.04119850187265917,0.8838951310861424,0.8202247191011236,0.5543071161048689,0.2340823970037453,0.602996254681648,0.9775280898876404,0.8895131086142322,,0.6367041198501873,0.9285714285714286
1699510,1699510,0.652445029846908,1699510,1699510,-1,False,10.594139612344918,0.251241693256875,1.7833709716796875,10.217277072459606,11.212287859290782,11.242147480753609,0.31739944,-0.0111109643113535,0.1094937144949129,,0.0,0.0,124906648.0,,-2.49755405857542,0.3078828163089661,0.0130615234375,0.017242431640625,8375568,True,0.5617977528089888,0.8951310861423221,0.6947565543071161,0.3857677902621723,0.30337078651685395,0.9213483146067416,0.6666666666666666,0.7696629213483146,,0.797752808988764,0.5225563909774437
884395,884395,0.6390632154935596,884395,884395,-1,False,10.381122343789436,0.3855995103836889,2.429962158203125,9.8027230782139,11.272007102216431,11.286936912947844,0.25365093,-0.0966294039686827,-0.0100974411398013,,0.0,58335524.33894231,58335524.33894231,-2.615189237986639,-2.615189237986639,0.0658801279200888,0.0107269287109375,0.013092041015625,8375568,True,0.42696629213483145,0.19850187265917604,0.41198501872659177,0.6666666666666666,0.34831460674157305,0.31086142322097376,0.1254681647940075,0.08426966292134831,,0.449438202247191,0.2857142857142857
1415,1415,0.6206592467390807,1415,1415,-1,True,11.081218923288708,0.6067659433131087,4.0435791015625,10.171070008319044,11.466094641724794,11.107779184170894,0.24523365,-0.0167280200388144,0.1505368668520546,-11.652325541608088,2.226765368587537e-12,444722585.5486425,444722585.5486425,-2.4331297373296112,-2.4331297373296112,0.4011354064055706,0.0128936767578125,0.018951416015625,8762177,True,0.22846441947565543,0.8651685393258427,0.9775280898876404,0.9250936329588015,0.17790262172284643,0.21722846441947566,0.6573033707865169,0.9213483146067416,0.6666666666666666,0.8539325842696629,0.5977443609022557
503453,503453,0.623574460789296,503453,503453,-1,True,10.883354319092128,0.4152444527048174,2.60162353515625,10.2604876400349,11.406375398799144,10.988340698319597,0.2921768,-0.0570940038160248,0.0993843444046733,-11.770730899632229,1.6953879823672364e-12,461803837.1197838,461803837.1197838,-2.2188967819509333,-2.2188967819509333,0.4591712642779405,0.011749267578125,0.016845703125,9356197,True,0.2696629213483146,0.9213483146067416,0.9101123595505618,0.7415730337078652,0.12172284644194757,0.7078651685393258,0.3782771535580524,0.7265917602996255,0.5873015873015873,0.8801498127340824,0.8045112781954887
9952,9952,0.6148557942710099,9952,9952,-1,True,10.524015396302165,0.4221933126601452,2.643585205078125,9.890725427311946,11.510884073919032,11.242147480753609,0.23049223,-0.1320097231179134,-0.0187887331905945,-11.965879799734584,1.0817333026450473e-12,113315802.8335533,113315802.8335533,-2.469724916228428,-2.469724916228428,0.2448266326850422,0.0098876953125,0.0128326416015625,9605725,True,0.149812734082397,0.4157303370786517,0.6217228464419475,0.7453183520599251,0.30337078651685395,0.12359550561797752,0.04119850187265917,0.06179775280898876,0.4603174603174603,0.7528089887640449,0.5676691729323309
12172,12172,0.6559461671706917,12172,12172,-1,True,10.673608565910122,0.5337680877104637,3.41796875,9.872956434344427,11.600462938307508,11.346656155873497,0.3052956,-0.1022252585336518,0.0507324236811299,-11.833051446178883,1.4687522801114197e-12,230291873.86092255,230291873.86092255,-2.3113299523037933,-2.3113299523037933,0.4290068812745528,0.010589599609375,0.0150604248046875,9775896,True,0.599250936329588,0.352059925093633,0.7902621722846442,0.8689138576779026,0.4044943820224719,0.8651685393258427,0.10112359550561797,0.41947565543071164,0.5555555555555556,0.8689138576779026,0.7293233082706767
423945,423945,0.6160925936924683,423945,423945,-1,True,10.489718115122686,0.1921202411382184,1.556396484375,10.20153775341536,11.301866723679256,11.242147480753609,0.26998034,-0.0303008272280883,0.0538016554088065,-11.8356322727485,1.460049995370799e-12,110875624.03767598,110875624.03767598,-2.4448820379504883,-2.4448820379504883,0.1217063051804978,0.0124969482421875,0.015167236328125,9823293,True,0.16104868913857678,0.8801498127340824,0.5917602996254682,0.2546816479400749,0.30337078651685395,0.4868913857677903,0.5468164794007491,0.4400749063670412,0.5396825396825397,0.5955056179775281,0.5864661654135338
415381,415381,0.6453416373556711,415381,415381,-1,False,10.153239164279002,0.1578014282541313,1.438140869140625,9.916537021897804,11.09284937343948,11.152568616365132,0.27289954,-0.0245066366124328,0.076776553659201,,0.0,0.0,21275308.0,,-2.825363308249419,0.0296880348304685,0.012664794921875,0.0159912109375,11116594,True,0.48314606741573035,0.4943820224719101,0.16104868913857678,0.1797752808988764,0.20786516853932585,0.5243445692883895,0.5917602996254682,0.5730337078651685,,0.30337078651685395,0.09774436090225563
8411,8411,0.6602161561269901,8411,8411,-1,False,10.3594392476431,0.3380961862941865,2.178192138671875,9.85229496820182,11.406375398799144,11.466094641724794,0.25014764,-0.0203407103582302,0.0742829899749988,,0.0,0.0,37555876.0,,-2.784761351183639,0.1921842804321817,0.012786865234375,0.015899658203125,11116594,True,0.6591760299625468,0.299625468164794,0.38202247191011235,0.5917602996254682,0.5449438202247191,0.26217228464419473,0.6385767790262172,0.550561797752809,,0.700374531835206,0.12781954887218044
80976,80976,0.6033654774044561,80976,80976,-1,False,9.697051816394984,-0.0761172411294552,0.8392333984375,9.811227678089166,11.13763880563372,11.227217670022194,0.16668242,0.0866100563682444,0.1716928624073946,,0.0,0.0,5423678.5,,-2.962757878495813,0.004904024865541,0.016357421875,0.0198974609375,11116594,True,0.0599250936329588,0.20973782771535582,0.04119850187265917,0.04868913857677903,0.27715355805243447,0.011235955056179775,0.9644194756554307,0.9662921348314607,,0.15355805243445692,0.06015037593984962
189514,189514,0.6548322989200139,189514,189514,-1,False,9.58717682622256,-0.1229728219891824,0.7534027099609375,9.771636059206331,11.570603316844682,11.61539274903892,0.22490847,0.0053170319817069,0.003848992898544,,0.0,0.0,17824744.0,,-2.336153525016229,0.00111495214864,0.0135650634765625,0.013519287109375,11116594,True,0.5955056179775281,0.08614232209737828,0.033707865168539325,0.033707865168539325,0.6779026217228464,0.09363295880149813,0.7453183520599251,0.15917602996254682,,0.052434456928838954,0.7105263157894737
189629,189629,0.69951897542127,189629,189629,-1,False,9.832090879907607,-0.0881261486024706,0.81634521484375,9.964280102811315,11.764690856353043,11.779620667084457,0.29670095,0.0700949683026857,0.079255881888021,,0.0,0.0,52006308.0,,-2.116034856206612,0.0,0.0157470703125,0.016082763671875,11116594,True,0.9288389513108615,0.602996254681648,0.06741573033707865,0.04119850187265917,0.8202247191011236,0.7677902621722846,0.9363295880149812,0.5936329588014981,,0.013108614232209739,0.868421052631579
189716,189716,0.6626176341494049,189716,189716,-1,False,10.263639489560727,0.1942439347680739,1.56402587890625,9.972273587408615,11.09284937343948,11.122708994902307,0.28652307,0.0784310108292134,0.1574746259196087,,0.0,0.0,30047.9765625,,-5.785824257725405,0.0030511432237277,0.01605224609375,0.019256591796875,11116594,True,0.6853932584269663,0.6217228464419475,0.26217228464419473,0.25842696629213485,0.19101123595505617,0.6629213483146067,0.9569288389513109,0.949438202247191,,0.10112359550561797,0.011278195488721804
190293,190293,0.7092008799549306,190293,190293,-1,False,10.164993453660497,0.1525863551326501,1.4209747314453125,9.93611392096152,12.078216881712708,12.108076503175532,0.3048401,-0.0372496871834161,0.0607366447941358,,0.0,0.0,56810412.0,,-2.410565514784966,0.0050089770335202,0.012298583984375,0.015411376953125,11116594,True,0.951310861423221,0.5655430711610487,0.1760299625468165,0.17228464419475656,0.9569288389513109,0.8614232209737828,0.5224719101123596,0.4756554307116105,,0.16104868913857678,0.6203007518796992
413656,413656,0.6699043556650096,413656,413656,-1,False,9.761803347019969,-0.0307053495608508,0.9317398071289062,9.807861371361245,11.704971613427396,11.764690856353043,0.20492071,0.0914445532138613,0.1231138214344884,,0.0,0.0,12544044.0,,-2.6633657783279063,0.0051471362417559,0.01654052734375,0.017791748046875,11116594,True,0.7453183520599251,0.20599250936329588,0.052434456928838954,0.0599250936329588,0.8033707865168539,0.052434456928838954,0.9737827715355806,0.8370786516853933,,0.16853932584269662,0.23684210526315788
1648535,1648535,0.6011675726480279,1648535,1648535,-1,False,10.426597733345126,0.4029736064531116,2.529144287109375,9.82213732366546,11.346656155873497,11.37651577733632,0.2340303,-0.0941653151916073,0.0313872653095622,,0.0,51701288.237650834,51701288.237650834,-2.713096368828884,-2.713096368828884,0.1461016067093307,0.0107879638671875,0.014404296875,11116594,True,0.0299625468164794,0.24344569288389514,0.47191011235955055,0.7191011235955056,0.4400749063670412,0.15355805243445692,0.14232209737827714,0.31086142322097376,,0.6329588014981273,0.18796992481203006
1703813,1703813,0.6366114684190697,1703813,1703813,-1,False,10.28789802035834,0.2590670307688316,1.8157958984375,9.899297474205094,11.286936912947844,11.361585966604906,0.24637172,-0.0208592709952467,0.1297669733983942,,0.0,0.0,26765710.0,,-2.860319252183356,0.0339244847889205,0.0127716064453125,0.01806640625,11116594,True,0.38202247191011235,0.4419475655430712,0.30711610486891383,0.41198501872659177,0.41947565543071164,0.2247191011235955,0.6273408239700374,0.8651685393258427,,0.3445692883895131,0.07518796992481203
83271,83271,0.684790105962043,83271,83271,-1,True,10.467181568629178,0.3903459454081506,2.4566650390625,9.881662650516953,11.869199531472931,11.85426972074152,0.2605732,-0.0790736479301149,-0.008581577534852,,0.0,81288456.1376634,81288456.1376634,-2.5571526932894457,-2.5571526932894457,0.0489759175341315,0.01116943359375,0.0131378173828125,11299763,True,0.8314606741573034,0.38202247191011235,0.5393258426966292,0.6816479400749064,0.8539325842696629,0.3895131086142322,0.20973782771535582,0.10299625468164794,,0.4157303370786517,0.424812030075188
471061,471061,0.6833864921403746,471061,471061,-1,False,10.268235241249876,0.1846044506685208,1.529693603515625,9.991328565247096,11.675111991964569,11.719901424158806,0.2835506,-0.0208592709952467,0.0598758031209997,,0.0,0.0,40720484.0,,-2.658422309905456,0.0449471441605588,0.0127716064453125,0.015380859375,12197019,True,0.8202247191011236,0.6741573033707865,0.27715355805243447,0.2397003745318352,0.7659176029962547,0.6104868913857678,0.6273408239700374,0.4700374531835206,,0.3857677902621723,0.24436090225563908
1896059,1896059,0.6838720708795906,1896059,1896059,-1,False,10.020485921660583,0.1674844604353142,1.4705657958984375,9.769259231007611,11.540743695381856,11.570603316844682,0.29691696,0.0028675360245663,0.0849865237040308,,0.0,0.0,43389428.0,,-2.38310199676947,0.0010968893658698,0.01348876953125,0.01629638671875,12197019,True,0.8239700374531835,0.07865168539325842,0.09737827715355805,0.20037453183520598,0.6423220973782772,0.7790262172284644,0.7303370786516854,0.6273408239700374,,0.04868913857677903,0.6578947368421053
1970,1970,0.6209475595063677,1970,1970,-1,False,10.546266422604072,0.5169673438730513,3.28826904296875,9.770815406794496,11.182428237827958,11.152568616365132,0.25936612,-0.1240407934466381,-0.0035665739808435,,0.0,131464632.6278909,131464632.6278909,-2.4274574904662,-2.4274574904662,0.1408090265738177,0.01007080078125,0.0132904052734375,12511704,True,0.2397003745318352,0.08239700374531835,0.6404494382022472,0.850187265917603,0.20786516853932585,0.3595505617977528,0.04868913857677903,0.11235955056179775,,0.6292134831460674,0.6090225563909775
104782,104782,0.6943957712516015,104782,104782,-1,False,10.840495247120716,0.3098138600695669,2.040863037109375,10.375774457016368,11.839339910010109,11.704971613427396,0.28358793,0.0581489838204937,0.1756711602894299,-11.984215343126648,1.0370140891585157e-12,227241650.36607596,227241650.36607596,-2.484007312395283,-2.484007312395283,0.1058572211250217,0.01531982421875,0.02008056640625,14461431,True,0.9026217228464419,0.9775280898876404,0.8801498127340824,0.5187265917602997,0.7490636704119851,0.6142322097378277,0.9138576779026217,0.9700374531835206,0.4444444444444444,0.5543071161048689,0.5375939849624061
1040964,1040964,0.6432128055050877,1040964,1040964,-1,False,10.714739706657008,0.3639327022146247,2.31170654296875,10.16884065333507,11.316796534410669,11.331726345142082,0.28539178,0.006292975048368,0.1201238304029106,,0.0,230291873.86092255,230291873.86092255,-2.352461093050678,-2.352461093050678,0.12568332096647,0.0135955810546875,0.017669677734375,14461431,True,0.4606741573033708,0.8614232209737828,0.8277153558052435,0.6404494382022472,0.39325842696629215,0.6441947565543071,0.7565543071161048,0.8108614232209738,,0.6067415730337079,0.6992481203007519
3198019,3198019,0.6124418973164785,3198019,3198019,-1,True,10.642307942858052,0.2273733530821827,1.6880035400390625,10.30124791323478,10.83904259100547,8.972816249578909,0.25630334,-0.0080774631637939,0.1512356513662931,-10.838921222887665,1.4490346715623078e-11,84643701.98199472,84643701.98199472,-2.714713293422216,-2.714713293422216,0.2364810784596989,0.013153076171875,0.01898193359375,14735979,True,0.13108614232209737,0.9550561797752809,0.7659176029962547,0.3295880149812734,0.018726591760299626,0.3333333333333333,0.6797752808988764,0.9269662921348315,0.9682539682539683,0.7453183520599251,0.18421052631578946
15531,15531,0.66689122433132,15531,15531,-1,True,10.903718988064789,0.6172899033011666,4.14276123046875,9.97778413311304,11.540743695381856,11.242147480753609,0.31285217,-0.0448595473990132,0.125342882693565,-11.708540110059111,1.956410071769761e-12,316613198.76508296,316613198.76508296,-2.403189972575208,-2.403189972575208,0.3887480020312018,0.0120849609375,0.01788330078125,15326234,True,0.7228464419475655,0.6292134831460674,0.9288389513108615,0.9419475655430711,0.30337078651685395,0.9101123595505618,0.4700374531835206,0.846441947565543,0.6190476190476191,0.8314606741573034,0.631578947368421
15398,15398,0.6415685020249383,15398,15398,-1,False,10.86708332002632,0.5840580587682471,3.83758544921875,9.990996231873948,12.04835726024988,11.958778395861406,0.30095765,-0.0394103607043432,0.0946379093802117,,0.0,0.0,978511680.0,,-1.8765173060473483,0.4571472875540147,0.012237548828125,0.01666259765625,15472933,True,0.4419475655430712,0.6704119850187266,0.9026217228464419,0.9063670411985019,0.9082397003745318,0.8277153558052435,0.5056179775280899,0.6872659176029963,,0.8764044943820225,0.9511278195488722
15788,15788,0.6506497685922836,15788,15788,-1,False,10.439114290767122,0.2337064190516616,1.712799072265625,10.08855466218963,11.73483123489022,11.73483123489022,0.25015518,0.0053170319817069,0.0692524957166654,,0.0,0.0,92574280.0,,-2.4726239477744336,0.0125864181269571,0.0135650634765625,0.015716552734375,15472933,True,0.5430711610486891,0.7902621722846442,0.48314606741573035,0.352059925093633,0.7771535580524345,0.26591760299625467,0.7453183520599251,0.5243445692883895,,0.2209737827715356,0.556390977443609
460550,460550,0.6869908876345444,460550,460550,-1,False,10.314997303660196,0.1623850537239577,1.453399658203125,10.07141972307426,11.540743695381856,11.570603316844682,0.32811344,0.0267621472415866,0.1117936023864933,,0.0,0.0,36335788.0,,-2.754662720654492,0.0268943248540957,0.014251708984375,0.017333984375,15472933,True,0.8539325842696629,0.7752808988764045,0.3445692883895131,0.18352059925093633,0.6423220973782772,0.9625468164794008,0.8164794007490637,0.7846441947565543,,0.29213483146067415,0.15037593984962405
1685,1685,0.6598136854666824,1685,1685,-1,False,11.126075387630124,0.5770952726458884,3.77655029296875,10.260432478661292,11.764690856353043,11.749761045621632,0.30601627,0.0149791542334606,0.1231138214344884,,0.0,0.0,1142003712.0,,-2.0684078720753774,0.700238967527253,0.0138702392578125,0.017791748046875,15472933,True,0.651685393258427,0.9176029962546817,0.9850187265917603,0.898876404494382,0.7883895131086143,0.8726591760299626,0.7790262172284644,0.8370786516853933,,0.9812734082397003,0.8984962406015038
17559,17559,0.6162753120910791,17559,17559,-1,False,10.737048803034671,0.5628255871268829,3.65447998046875,9.892810422344349,11.406375398799144,11.37651577733632,0.24206033,-0.0808572006705321,0.0183107446793436,,0.0,242797790.18979388,242797790.18979388,-2.3518040733198617,-2.3518040733198617,0.3782735967994822,0.0111236572265625,0.01397705078125,15472933,True,0.17228464419475656,0.4232209737827715,0.8389513108614233,0.8876404494382022,0.4400749063670412,0.19850187265917604,0.19662921348314608,0.21348314606741572,,0.8239700374531835,0.7030075187969925
17910,17910,0.6208004211758845,17910,17910,-1,False,9.510619724001083,-0.2534440471974434,0.5578994750976562,9.890785794797248,11.06298975197666,11.107779184170894,0.17963186,0.1392006413279433,0.1643032961942918,,0.0,0.0,243362.546875,,-4.124365982223247,0.0,0.018463134765625,0.019561767578125,15472933,True,0.23220973782771537,0.41947565543071164,0.018726591760299626,0.011235955056179775,0.17790262172284643,0.0299625468164794,0.9925093632958801,0.9625468164794008,,0.013108614232209739,0.02631578947368421
18005,18005,0.7227492410942181,18005,18005,-1,False,9.74459390669212,-0.0780958071115431,0.835418701171875,9.861737617359434,12.003567828055646,12.033427449518468,0.30787736,0.0624532260088104,0.0954325930089051,,0.0,0.0,13020641.0,,-2.6299615418216606,0.0003638208047919,0.015472412109375,0.016693115234375,15472933,True,0.9775280898876404,0.3258426966292135,0.04868913857677903,0.0449438202247191,0.9344569288389513,0.8876404494382022,0.9250936329588015,0.6966292134831461,,0.03745318352059925,0.2819548872180451
18413,18413,0.6218062366987339,18413,18413,-1,False,10.761803347019969,0.619682716417057,4.1656494140625,9.83227927239438,11.466094641724794,11.466094641724794,0.24107465,-0.095395611997108,0.0173614667453246,,0.0,455093345.4311212,455093345.4311212,-2.1037028619061755,-2.1037028619061755,0.4008574703544244,0.0107574462890625,0.013946533203125,15472933,True,0.2546816479400749,0.27340823970037453,0.8576779026217228,0.947565543071161,0.5449438202247191,0.18352059925093633,0.1348314606741573,0.20973782771535582,,0.850187265917603,0.8759398496240601
458677,458677,0.686697642801295,458677,458677,-1,False,10.289206794272683,0.2676493122923621,1.8520355224609373,9.88773282583414,11.749761045621632,11.779620667084457,0.29677594,-0.0542830264821964,0.0211461920651225,,0.0,60318169.61059263,60318169.61059263,-2.5087586401258286,-2.5087586401258286,0.1187419228031769,0.0118255615234375,0.014068603515625,15472933,True,0.850187265917603,0.4044943820224719,0.31086142322097376,0.4419475655430712,0.8202247191011236,0.7752808988764045,0.39325842696629215,0.24344569288389514,,0.5842696629213483,0.5075187969924813
943990,943990,0.6360825254458574,943990,943990,-1,False,10.252407109628878,0.2595229830226837,1.8177032470703125,9.863122635094852,11.167498427096543,11.212287859290782,0.22709551,0.0013911794235411,0.0751157696777365,,0.0,0.0,43999472.0,,-2.608959644707744,0.0102181313942991,0.0134429931640625,0.01593017578125,15472933,True,0.36329588014981273,0.3295880149812734,0.24719101123595505,0.41760299625468167,0.25842696629213485,0.10486891385767791,0.7209737827715356,0.5580524344569289,,0.20599250936329588,0.29699248120300753
1817624,1817624,0.6470367911485998,1817624,1817624,-1,False,10.302504750620283,0.3426358912040699,2.201080322265625,9.78855091381418,11.346656155873497,11.391445588067732,0.24484968,-0.0465077257790864,0.0404923049143239,,0.0,0.0,33361818.0,,-2.779255041812404,0.0047498377479873,0.0120391845703125,0.01470947265625,15472933,True,0.5056179775280899,0.15355805243445692,0.33146067415730335,0.6067415730337079,0.4681647940074906,0.21348314606741572,0.45318352059925093,0.350187265917603,,0.14606741573033707,0.13157894736842105
1852695,1852695,0.6577851205454481,1852695,1852695,-1,False,10.54336466694092,0.1708511011852715,1.4820098876953125,10.287088015163013,11.466094641724794,11.49595426318762,0.251973,0.024430985005135,0.0784310108292134,,0.0,0.0,141377856.0,,-2.392983275656308,0.0434096445515432,0.0141754150390625,0.01605224609375,15472933,True,0.6104868913857678,0.947565543071161,0.6367041198501873,0.20973782771535582,0.5805243445692884,0.2846441947565543,0.8071161048689138,0.5880149812734082,,0.3782771535580524,0.6428571428571429
1870301,1870301,0.6936497593756278,1870301,1870301,-1,False,9.919921235063748,0.1110187510695016,1.2912750244140625,9.753393108459496,11.869199531472931,11.913988963667167,0.28182575,-0.1360497009196534,-9.021308240422508e-05,,0.0,0.0,7320536.0,,-3.0553783543714617,0.0007592361025168,0.009796142578125,0.013397216796875,15472933,True,0.898876404494382,0.033707865168539325,0.08426966292134831,0.10486891385767791,0.8801498127340824,0.599250936329588,0.035580524344569285,0.13857677902621723,,0.0449438202247191,0.041353383458646614
3299260,3299260,0.619763767025986,3299260,3299260,-1,False,9.875407980098478,0.052751789107277,1.129150390625,9.796280296437562,11.301866723679256,11.391445588067732,0.17246589,0.0930441663736543,0.2444996447264314,,0.0,0.0,2216178.0,,-3.529803340778002,0.0745213170540694,0.0166015625,0.023529052734375,15472933,True,0.2209737827715356,0.17228464419475656,0.07865168539325842,0.0749063670411985,0.4681647940074906,0.018726591760299626,0.9812734082397003,0.9962546816479401,,0.4794007490636704,0.03759398496240601
6098149,6098149,0.6011218372668866,6098149,6098149,-1,False,10.259927548315009,0.2249127545345259,1.678466796875,9.92255841651322,11.107779184170894,11.182428237827958,0.2317793,0.0309269637488216,0.1491359156955924,,0.0,0.0,20474624.0,,-2.948711613278137,0.082767202790118,0.0143890380859375,0.018890380859375,15472933,True,0.026217228464419477,0.5131086142322098,0.2546816479400749,0.3258426966292135,0.2340823970037453,0.13108614232209737,0.8445692883895131,0.9176029962546817,,0.5093632958801498,0.06390977443609022
107,107,0.6579168815021977,107,107,-1,False,10.929200522651152,0.6642454483647886,4.61578369140625,9.93283235010397,11.824410099278694,11.80948028854728,0.29456943,-0.0055656315122964,0.0489687888436288,,0.0,0.0,1695924224.0,,-1.6997940791136283,0.5520716620448768,0.0132293701171875,0.0149993896484375,15773704,True,0.6142322097378277,0.5543071161048689,0.9400749063670412,0.9588014981273408,0.8333333333333334,0.7453183520599251,0.6966292134831461,0.40823970037453183,,0.9363295880149812,0.9774436090225563
20315,20315,0.6397176478391793,20315,20315,-1,False,10.632143971739085,0.2521696732721356,1.7871856689453125,10.25388946183088,12.04835726024988,11.958778395861406,0.2534848,0.0440815359377677,0.0833568989705226,,0.0,0.0,263844320.0,,-2.2107962225502127,0.0138267183156138,0.01483154296875,0.0162353515625,15773704,True,0.4344569288389513,0.9101123595505618,0.7415730337078652,0.3895131086142322,0.9082397003745318,0.30711610486891383,0.8820224719101124,0.6161048689138576,,0.24344569288389514,0.8082706766917294
218204,218204,0.6999881300551886,218204,218204,-1,False,10.112679715329046,0.1383653471037863,1.3751983642578125,9.905131694673369,11.869199531472931,11.913988963667167,0.29776663,-0.0696831311240454,0.0130638502166965,,0.0,0.0,33781224.0,,-2.5840043339538727,0.0132360996465959,0.01141357421875,0.0138092041015625,15773704,True,0.9363295880149812,0.46441947565543074,0.12734082397003746,0.13857677902621723,0.8801498127340824,0.7940074906367042,0.301498127340824,0.19101123595505617,,0.22846441947565543,0.36466165413533835
218313,218313,0.685368226449491,218313,218313,-1,False,9.550583023946103,-0.1554959386384959,0.6990432739257812,9.783826931903848,11.869199531472931,11.913988963667167,0.32596877,-0.1360497009196534,-0.1611121048222205,,0.0,0.0,29549040.0,,-2.080039648017327,0.0,0.009796142578125,0.009246826171875,15773704,True,0.8352059925093633,0.14232209737827714,0.026217228464419477,0.0299625468164794,0.8801498127340824,0.949438202247191,0.035580524344569285,0.009363295880149813,,0.013108614232209739,0.8909774436090225
8251358,8251358,0.6280103559279913,8251358,8251358,-1,False,10.44706078729281,0.1974101297047395,1.575469970703125,10.1509455927357,11.09284937343948,11.122708994902307,0.2593726,-0.0167280200388144,0.0776045700814312,,0.0,63902182.217037454,63902182.217037454,-2.6415450980133546,-2.6415450980133546,0.0901609825557291,0.0128936767578125,0.016021728515625,15773704,True,0.299625468164794,0.8314606741573034,0.4943820224719101,0.27153558052434457,0.19101123595505617,0.36329588014981273,0.6573033707865169,0.5823970037453183,,0.5205992509363296,0.2669172932330827
2022282,2022282,0.690100320212374,2022282,2022282,-1,False,10.229531412409695,0.1255281223986141,1.33514404296875,10.041239228811774,11.540743695381856,11.570603316844682,0.32774502,-0.0095915651572644,0.0248982195654283,,0.0,45753352.422699854,45753352.422699854,-2.5691084913768725,-2.5691084913768725,0.0051218386305269,0.0131072998046875,0.014190673828125,16098020,True,0.8651685393258427,0.7490636704119851,0.2209737827715356,0.11610486891385768,0.6423220973782772,0.9588014981273408,0.6722846441947565,0.27340823970037453,,0.1647940074906367,0.39849624060150374
103252,103252,0.6399017231499968,103252,103252,-1,True,10.333480709354207,0.2108696771510574,1.62506103515625,10.017176193627623,11.45116483099338,11.361585966604906,0.22211286,-0.070845901515838,-0.001080622820426,-12.42712194101682,3.7400556040838956e-13,56200367.89254965,56200367.89254965,-2.583741550845978,-2.583741550845978,0.063206394707045,0.011383056640625,0.01336669921875,16193284,True,0.43820224719101125,0.7078651685393258,0.3651685393258427,0.30711610486891383,0.41947565543071164,0.08239700374531835,0.28651685393258425,0.12921348314606743,0.2222222222222222,0.4419475655430712,0.3684210526315789
23874,23874,0.6440065273446565,23874,23874,-1,False,10.360918957701148,0.1383653471037863,1.3751983642578125,10.15337093704547,11.958778395861406,11.943848585129992,0.23180237,0.0866100563682444,0.1223682513253628,,0.0,0.0,29973.509765625,,-5.884181357811977,0.0031894532148272,0.016357421875,0.01776123046875,16236968,True,0.4681647940074906,0.8389513108614233,0.3857677902621723,0.13857677902621723,0.8932584269662921,0.1348314606741573,0.9644194756554307,0.8277153558052435,,0.11235955056179775,0.007518796992481203
496985,496985,0.6628986367088184,496985,496985,-1,False,10.563744470004076,0.2729836002164929,1.8749237060546875,10.154269069679335,11.45116483099338,11.481024452456207,0.28557962,0.0359636457155883,0.0962258251598435,,0.0,97454640.66035068,97454640.66035068,-2.574941945532514,-2.574941945532514,0.0310769060816645,0.014556884765625,0.0167236328125,16236968,True,0.6891385767790262,0.8426966292134831,0.6591760299625468,0.4606741573033708,0.5636704119850188,0.6479400749063671,0.8651685393258427,0.7059925093632958,,0.32209737827715357,0.37969924812030076
81796,81796,0.6447050287842978,81796,81796,-1,False,10.200602181555096,0.2549417751216856,1.7986297607421875,9.818189518872568,11.884129342204345,11.869199531472931,0.2543628,-0.0514901262980263,0.0391386586800385,,0.0,64817249.265491456,64817249.265491456,-2.388911585191625,-2.388911585191625,0.1546267589041649,0.01190185546875,0.0146636962890625,16479608,True,0.4794007490636704,0.22846441947565543,0.20599250936329588,0.40074906367041196,0.8614232209737828,0.32209737827715357,0.41385767790262173,0.34269662921348315,,0.6441947565543071,0.6541353383458647
1708028,1708028,0.6374923191842267,1708028,1708028,-1,False,10.4802825923079,0.3508374041244769,2.2430419921875,9.954026486121188,11.122708994902307,11.152568616365132,0.28380919,-0.0213784515494903,0.0418417450944948,,0.0,74425453.27425842,74425453.27425842,-2.608561103992032,-2.608561103992032,0.0219708761011402,0.01275634765625,0.0147552490234375,16479608,True,0.40074906367041196,0.5842696629213483,0.5692883895131086,0.6254681647940075,0.20786516853932585,0.6217228464419475,0.6179775280898876,0.36329588014981273,,0.27715355805243447,0.3007518796992481
18408,18408,0.7739284345876163,18408,18408,-1,False,10.279070592839645,0.149074520779183,1.4095306396484375,10.055458811670867,12.675409310969206,12.660479500237791,0.32679206,-0.0334941833944386,0.0239632472303552,,0.0,109350512.29025264,109350512.29025264,-2.240249770858684,-2.240249770858684,0.0784320909529355,0.0124053955078125,0.01416015625,15472933,True,1.0,0.7565543071161048,0.2958801498127341,0.16104868913857678,1.0,0.9550561797752809,0.5374531835205992,0.2640449438202247,,0.4868913857677903,0.7969924812030075
2330,2330,0.6139142587520242,2330,2330,-1,False,10.400427498984822,0.3162599076371854,2.071380615234375,9.926037637529044,11.525813884650445,11.466094641724794,0.23496503,-0.0755283671654651,0.0248982195654283,,0.0,62529581.64435646,62529581.64435646,-2.604341975951926,-2.604341975951926,0.1342361439446321,0.011260986328125,0.014190673828125,18042760,True,0.14232209737827714,0.5280898876404494,0.43820224719101125,0.5374531835205992,0.5449438202247191,0.1647940074906367,0.250936329588015,0.27340823970037453,,0.6179775280898876,0.31954887218045114
18028,18028,0.7003127085380463,18028,18028,-1,False,10.78522266116629,0.5376285085237018,3.448486328125,9.978779898380738,12.302164042683891,12.242444799758244,0.30760118,-0.0778886690724362,0.0391386586800385,,0.0,653967917.2951232,653967917.2951232,-1.9696662181684172,-1.9696662181684172,0.1372876148212971,0.011199951171875,0.0146636962890625,18984138,True,0.9400749063670412,0.6367041198501873,0.8689138576779026,0.8726591760299626,0.9775280898876404,0.8801498127340824,0.2209737827715356,0.34269662921348315,,0.6217228464419475,0.924812030075188
1867573,1867573,0.6459186292607492,1867573,1867573,-1,False,10.582324323428146,0.4931502368021996,3.11279296875,9.842598968224848,11.55567350611327,11.510884073919032,0.24177498,-0.0767069146510079,0.0116218085534349,,0.0,103250065.30055933,103250065.30055933,-2.568433988429843,-2.568433988429843,0.3547984381024748,0.01123046875,0.013763427734375,18984138,True,0.4868913857677903,0.2883895131086142,0.6853932584269663,0.8164794007490637,0.5955056179775281,0.1947565543071161,0.23782771535580524,0.18352059925093633,,0.8089887640449438,0.40225563909774437
1172843,1172843,0.6280945210452531,1172843,1172843,-1,False,10.95175624492036,0.7941802324661809,6.2255859375,9.76048589622109,11.570603316844682,11.525813884650445,0.26029,-0.0923263802694314,0.0404923049143239,,0.0,560631078.3528155,560631078.3528155,-2.203079075893128,-2.203079075893128,0.7490201964379777,0.010833740234375,0.01470947265625,18984138,True,0.30337078651685395,0.056179775280898875,0.9456928838951311,0.9850187265917603,0.6086142322097379,0.38202247191011235,0.15355805243445692,0.350187265917603,,0.9925093632958801,0.8157894736842105
964959,964959,0.678977150618202,964959,964959,-1,False,9.868003435798254,0.0400979270739877,1.0967254638671875,9.807856545187272,11.704971613427396,11.719901424158806,0.2925064,-0.0239837052043957,0.0253649519928358,,0.0,0.0,171727584.0,,-1.6331633758335025,0.0017040840724874,0.0126800537109375,0.0142059326171875,19305811,True,0.7865168539325843,0.20224719101123595,0.0749063670411985,0.07116104868913857,0.7659176029962547,0.7153558052434457,0.5955056179775281,0.28277153558052437,,0.06741573033707865,0.981203007518797
1027827,1027827,0.6526772959494253,1027827,1027827,-1,False,10.32952895795844,0.2283537022160836,1.6918182373046875,9.986998404634312,11.316796534410669,11.346656155873497,0.27380222,-0.0121268582995017,0.0413923974269865,,0.0,47049697.40800968,47049697.40800968,-2.65697212327602,-2.65697212327602,0.0014176030105718,0.013031005859375,0.014739990234375,19645250,True,0.5655430711610487,0.651685393258427,0.35767790262172283,0.33707865168539325,0.4044943820224719,0.5318352059925093,0.6629213483146067,0.35767790262172283,,0.06367041198501873,0.24812030075187969
7997,7997,0.7331995762812181,7997,7997,-1,True,10.456052712683402,0.436373100356194,2.7313232421875,9.801493062149111,12.137936124638356,11.391445588067732,0.36974767,-0.1705300356242441,-0.008581577534852,-11.42047640975844,3.797725671019127e-12,213515644.63926595,213515644.63926595,-2.126623010692003,-2.126623010692003,0.2415915918750533,0.0090484619140625,0.0131378173828125,19890591,True,0.9812734082397003,0.18352059925093633,0.5205992509363296,0.7528089887640449,0.4681647940074906,0.9962546816479401,0.011235955056179775,0.10299625468164794,0.746031746031746,0.7490636704119851,0.8609022556390977
239461,239461,0.6225507894912651,239461,239461,-1,False,10.169033431462235,0.1652254463333382,1.4629364013671875,9.921195261962229,11.003270509051006,11.06298975197666,0.265584,-0.0075739332732971,0.1087243706588167,,0.0,18816066.183835316,18816066.183835316,-2.894504599471382,-2.894504599471382,0.0315593731393099,0.0131683349609375,0.0172119140625,19967665,True,0.26217228464419473,0.5056179775280899,0.1797752808988764,0.1947565543071161,0.15355805243445692,0.43820224719101125,0.6853932584269663,0.7602996254681648,,0.3258426966292135,0.06766917293233082
21069,21069,0.6777893009987741,21069,21069,-1,False,10.30419133325222,0.2332225254284493,1.7108917236328125,9.954357545109543,11.675111991964569,11.690041802695982,0.2671733,-0.0610601910336262,0.003848992898544,,0.0,75111753.56059892,75111753.56059892,-2.4284834321054305,-2.4284834321054305,0.0579839603109608,0.0116424560546875,0.013519287109375,20906545,True,0.7827715355805244,0.5880149812734082,0.33707865168539325,0.34831460674157305,0.7322097378277154,0.45318352059925093,0.3464419475655431,0.15917602996254682,,0.4344569288389513,0.6052631578947368
482149,482149,0.6481326706955381,482149,482149,-1,False,10.129360726698284,0.1322996831141236,1.3561248779296875,9.9309112020271,11.436235020261968,11.45116483099338,0.31389225,-0.0514901262980263,0.0067801253876163,,0.0,42855640.10259552,42855640.10259552,-2.497352740480044,-2.497352740480044,0.0098068070698974,0.01190185546875,0.01361083984375,21349381,True,0.5205992509363296,0.5430711610486891,0.13857677902621723,0.12734082397003746,0.5262172284644194,0.9176029962546817,0.41385767790262173,0.16853932584269662,,0.20224719101123595,0.5263157894736842
280889,280889,0.6612462848563534,280889,280889,-1,False,10.434150871235572,0.1122998566648589,1.2950897216796875,10.265701086238282,11.272007102216431,11.316796534410669,0.27526623,0.0072667299000397,0.0684083856707501,,0.0,73815408.57528909,73815408.57528909,-2.5660038432779992,-2.5660038432779992,0.0905742555320811,0.0136260986328125,0.01568603515625,22614407,True,0.6741573033707865,0.9325842696629213,0.4794007490636704,0.10861423220973783,0.37640449438202245,0.5543071161048689,0.7602996254681648,0.5205992509363296,,0.5243445692883895,0.40977443609022557
4191,4191,0.659869495975509,4191,4191,-1,False,10.386726221307434,0.4234448826384523,2.651214599609375,9.751558897349756,11.704971613427396,11.675111991964569,0.2873737,-0.1313400321881375,-0.0157013186577998,,0.0,0.0,107977912.0,,-2.3533912961685584,0.2211431043063603,0.0099029541015625,0.0129241943359375,22848537,True,0.6554307116104869,0.018726591760299626,0.42696629213483145,0.7490636704119851,0.7209737827715356,0.6816479400749064,0.0449438202247191,0.06741573033707865,,0.7303370786516854,0.6954887218045113
2370827,2370827,0.6584083080664815,2370827,2370827,-1,False,10.48861863483443,0.1496618021153334,1.41143798828125,10.264125931661429,11.645252370501746,11.660182181233155,0.29354367,0.0559807592374755,0.1223682513253628,,0.0,0.0,189723904.0,,-2.2104965821678317,0.041974478526855,0.0152435302734375,0.01776123046875,22848537,True,0.6217228464419475,0.9288389513108615,0.5842696629213483,0.16666666666666666,0.7134831460674157,0.7340823970037453,0.9101123595505618,0.8277153558052435,,0.3707865168539326,0.8120300751879699
237565,237565,0.6365896034080193,237565,237565,-1,False,10.62173641698176,0.5655371119511693,3.6773681640625,9.773430749055008,11.704971613427396,11.704971613427396,0.3221126,-0.0966294039686827,-0.0610601910336262,,0.0,0.0,472174592.0,,-1.9476338032587028,0.5874385810143158,0.0107269287109375,0.0116424560546875,22911832,True,0.3782771535580524,0.09363295880149813,0.7228464419475655,0.8913857677902621,0.7490636704119851,0.9438202247191011,0.1254681647940075,0.026217228464419477,,0.947565543071161,0.9398496240601504
246865,246865,0.6617600857676199,246865,246865,-1,False,9.46223808961426,-0.266251577568605,0.54168701171875,9.861615455967168,11.286936912947844,11.316796534410669,0.17620641,0.2105347965273399,0.2135697109177747,,0.0,0.0,7444451.5,,-2.590405384745496,0.0,0.021759033203125,0.02191162109375,24619523,True,0.6779026217228464,0.32209737827715357,0.00749063670411985,0.00749063670411985,0.37640449438202245,0.02247191011235955,1.0,0.9850187265917603,,0.013108614232209739,0.3458646616541353
1317,1317,0.7586374718540401,1317,1317,-1,False,10.363129112506265,0.2451610034379866,1.758575439453125,9.995387607349285,12.555970825117909,12.57090063584932,0.27487472,0.0400415581360277,0.0857990486967028,,0.0,0.0,83271096.0,,-2.442634831700258,0.0013088366174763,0.0146942138671875,0.016326904296875,25199160,True,0.9962546816479401,0.6816479400749064,0.3895131086142322,0.37453183520599254,0.9962546816479401,0.5430711610486891,0.8689138576779026,0.6367041198501873,,0.0599250936329588,0.5939849624060151
1350,1350,0.621941451538026,1350,1350,-1,False,10.866622530081868,0.6920497883475875,4.92095947265625,9.828547847560486,11.899059152935756,11.779620667084457,0.3201587,-0.1015999243983928,0.047197962814631,,0.0,513047591.83320767,513047591.83320767,-2.1564648766428336,-2.1564648766428336,0.5551161020918824,0.0106048583984375,0.0149383544921875,25199160,True,0.25842696629213485,0.26591760299625467,0.898876404494382,0.9625468164794008,0.8202247191011236,0.9400749063670412,0.10674157303370786,0.398876404494382,,0.9400749063670412,0.8458646616541353
14823,14823,0.6807473739389485,14823,14823,-1,False,10.029292194445397,0.1353431046922128,1.36566162109375,9.826277537407078,11.704971613427396,11.764690856353043,0.21639442,0.0111400619905561,0.0700949683026857,,0.0,0.0,9875098.0,,-3.0347507802078573,0.0066060186245012,0.0137481689453125,0.0157470703125,25199160,True,0.8089887640449438,0.250936329588015,0.10486891385767791,0.13108614232209737,0.8033707865168539,0.07116104868913857,0.7659176029962547,0.5299625468164794,,0.18352059925093633,0.045112781954887216
22568,22568,0.6249553254607334,22568,22568,-1,False,10.409767525238966,0.3530475589295938,2.254486083984375,9.880196186844575,11.286936912947844,11.286936912947844,0.2499004,0.1040794656130531,0.145613637816642,,0.0,0.0,189723904.0,,-2.1316454725723664,0.0049268783825193,0.01702880859375,0.01873779296875,25624811,True,0.27340823970037453,0.3782771535580524,0.45318352059925093,0.6329588014981273,0.34831460674157305,0.2546816479400749,0.9887640449438202,0.9063670411985019,,0.15730337078651685,0.8533834586466166
4253,4253,0.6215317279475285,4253,4253,-1,False,10.56651362592308,0.4947439798087569,3.124237060546875,9.824397656209944,11.49595426318762,11.37651577733632,0.21872735,-0.0929384938054402,-0.0020732963541037,,0.0,199179594.21348667,199179594.21348667,-2.2672687826708637,-2.2672687826708637,0.1867280792690664,0.0108184814453125,0.013336181640625,25989895,True,0.24719101123595505,0.24719101123595505,0.6685393258426966,0.8314606741573034,0.4400749063670412,0.0749063670411985,0.149812734082397,0.1198501872659176,,0.6928838951310862,0.7744360902255639
19217,19217,0.6954969942631268,19217,19217,-1,False,10.24087649033715,0.2991305810506006,1.99127197265625,9.79218061876125,11.943848585129992,11.97370820659282,0.28334698,-0.1117149547080051,-0.0616297576489062,,0.0,0.0,45143308.0,,-2.5862831103072432,0.0030619670473951,0.0103607177734375,0.011627197265625,27053327,True,0.9138576779026217,0.15730337078651685,0.23595505617977527,0.5,0.9176029962546817,0.6067415730337079,0.0749063670411985,0.02247191011235955,,0.10486891385767791,0.35714285714285715
127129,127129,0.656771434015632,127129,127129,-1,False,10.189784823278632,0.2765037368696326,1.8901824951171875,9.775029217974184,11.660182181233155,11.690041802695982,0.2099086,-0.0772973899043118,-0.0203407103582302,,0.0,0.0,22266632.0,,-2.842130291670373,0.0031035409666711,0.0112152099609375,0.012786865234375,27053327,True,0.6067415730337079,0.10486891385767791,0.20224719101123595,0.4681647940074906,0.7322097378277154,0.06367041198501873,0.2303370786516854,0.056179775280898875,,0.10861423220973783,0.08646616541353383
216550,216550,0.6588044417999849,216550,216550,-1,False,10.406454812900083,0.201596133022096,1.590728759765625,10.10406061336694,11.25707729148502,11.316796534410669,0.26639324,-0.0015766759661935,0.0922450962643214,,0.0,0.0,48956088.0,,-2.7166481061296524,0.0119887428487547,0.0133514404296875,0.016571044921875,27053327,True,0.6254681647940075,0.7940074906367042,0.449438202247191,0.2808988764044944,0.37640449438202245,0.44569288389513106,0.7078651685393258,0.6704119850187266,,0.21722846441947566,0.18045112781954886
284458,284458,0.7116675477635107,284458,284458,-1,False,10.357210186384023,0.2184491798605675,1.6536712646484375,10.02953641659317,12.078216881712708,12.09314669244412,0.31293076,-0.0271307804385816,0.0262969147579931,,0.0,0.0,63139624.0,,-2.556908195068107,0.0033776502975812,0.0125885009765625,0.0142364501953125,27053327,True,0.9550561797752809,0.7265917602996255,0.3782771535580524,0.31835205992509363,0.951310861423221,0.9138576779026217,0.5786516853932584,0.29213483146067415,,0.12359550561797752,0.42857142857142855
600989,600989,0.6187741132299455,600989,600989,-1,False,10.720586691512969,0.5259427501985071,3.35693359375,9.931672566215203,11.331726345142082,11.286936912947844,0.25053605,-0.1233832695028665,0.0225570037505258,,0.0,0.0,260794096.0,,-2.3042889361388377,0.5219592029084273,0.0100860595703125,0.0141143798828125,27053327,True,0.20973782771535582,0.550561797752809,0.8314606741573034,0.8614232209737828,0.34831460674157305,0.27340823970037453,0.052434456928838954,0.25842696629213485,,0.9176029962546817,0.7443609022556391
1950115,1950115,0.6103629922430767,1950115,1950115,-1,False,10.860587341282631,0.487255958416207,3.070831298828125,10.129703403658322,11.600462938307508,11.19735804855937,0.28824824,-0.0271307804385816,0.1094937144949129,-11.947402585952087,1.1287490922231517e-12,495966340.2620664,495966340.2620664,-2.165135138047442,-2.165135138047442,0.378179404190578,0.0125885009765625,0.017242431640625,27261833,True,0.11235955056179775,0.8164794007490637,0.8876404494382022,0.8014981273408239,0.24719101123595505,0.6853932584269663,0.5786516853932584,0.7696629213483146,0.47619047619047616,0.8202247191011236,0.8421052631578947
590734,590734,0.6033133299434295,590734,590734,-1,False,10.479721125543334,0.3862807567695008,2.43377685546875,9.900299990389083,11.122708994902307,11.152568616365132,0.24348846,-0.0696831311240454,0.0327652500147666,,0.0,57649224.05260181,57649224.05260181,-2.718927659392949,-2.718927659392949,0.0675000946302803,0.01141357421875,0.0144500732421875,30264647,True,0.052434456928838954,0.449438202247191,0.5655430711610487,0.6704119850187266,0.20786516853932585,0.20599250936329588,0.301498127340824,0.32209737827715357,,0.4606741573033708,0.17669172932330826
304,304,0.6521650115556714,304,304,-1,True,10.970302806941383,0.7621592793443732,5.7830810546875,9.827063887924822,11.675111991964569,11.525813884650445,0.28659463,-0.118808266512961,0.0248982195654283,-13.169266141496848,6.772263669999588e-14,690570599.233283,690570599.233283,-2.131094722448008,-2.131094722448008,0.590490519874479,0.01019287109375,0.014190673828125,28659351,True,0.5580524344569289,0.25842696629213485,0.9588014981273408,0.9775280898876404,0.6086142322097379,0.6704119850187266,0.056179775280898875,0.27340823970037453,0.09523809523809523,0.951310861423221,0.8571428571428571
602429,602429,0.6932706303643063,602429,602429,-1,False,10.622545912988546,0.4790871693387799,3.01361083984375,9.903915158980377,11.913988963667167,11.85426972074152,0.31146896,-0.0604913704128168,0.0350522193959676,,0.0,0.0,314173024.0,,-2.1253770207342977,0.4183758493689344,0.01165771484375,0.0145263671875,28819450,True,0.8951310861423221,0.4606741573033708,0.7265917602996255,0.797752808988764,0.8539325842696629,0.9063670411985019,0.3539325842696629,0.33146067415730335,,0.8614232209737828,0.8646616541353384
41178,41178,0.6081134177336593,41178,41178,-1,False,10.401774149620094,0.3486159441305189,2.231597900390625,9.878850233424316,11.19735804855937,11.242147480753609,0.23248908,-0.0481621829490988,0.0654410130984035,,0.0,0.0,63368392.0,,-2.5999014627629182,0.1222375944444213,0.011993408203125,0.0155792236328125,28819450,True,0.0898876404494382,0.37453183520599254,0.4438202247191011,0.6179775280898876,0.30337078651685395,0.14606741573033707,0.4400749063670412,0.4943820224719101,,0.599250936329588,0.3308270676691729
41356,41356,0.6635748267856949,41356,41356,-1,False,10.187037853450583,0.1496618021153334,1.41143798828125,9.962545150277585,11.242147480753609,11.286936912947844,0.27358067,0.0178363650779414,0.0906425317820438,,0.0,0.0,27223244.0,,-2.752097977720866,0.0051947065612887,0.0139617919921875,0.016510009765625,28819450,True,0.6928838951310862,0.599250936329588,0.19850187265917604,0.16666666666666666,0.34831460674157305,0.5280898876404494,0.7827715355805244,0.6591760299625468,,0.17228464419475656,0.15413533834586465
1219113,1219113,0.6894189806994522,1219113,1219113,-1,False,10.153239164279002,0.1769562998739126,1.50299072265625,9.887804714468134,11.749761045621632,11.779620667084457,0.29998055,0.0262969147579931,0.0857990486967028,,0.0,0.0,25316854.0,,-2.7498294272041286,0.0204484252431268,0.0142364501953125,0.016326904296875,28819450,True,0.8614232209737828,0.40823970037453183,0.16104868913857678,0.2209737827715356,0.8202247191011236,0.8164794007490637,0.8127340823970037,0.6367041198501873,,0.26591760299625467,0.16165413533834586
2348093,2348093,0.6708237911462418,2348093,2348093,-1,False,10.481403352883198,0.2834595529379753,1.9207000732421875,10.056214023476237,11.331726345142082,11.37651577733632,0.2945864,0.076776553659201,0.1567858161290561,,0.0,0.0,81593480.0,,-2.5697478964964104,0.3746448573902117,0.0159912109375,0.01922607421875,28819450,True,0.7528089887640449,0.7602996254681648,0.5730337078651685,0.4850187265917603,0.4400749063670412,0.7490636704119851,0.947565543071161,0.9419475655430711,,0.8127340823970037,0.39097744360902253
129078,129078,0.6375284806671631,129078,129078,-1,True,10.516853723124658,0.4068861958161616,2.552032470703125,9.906524429400417,11.212287859290782,11.242147480753609,0.2613548,-0.0565303509375497,0.0717750264207074,,0.0,80830922.6134364,80830922.6134364,-2.60927618721071,-2.60927618721071,0.0824871117706711,0.0117645263671875,0.01580810546875,29064897,True,0.4044943820224719,0.47191011235955055,0.6104868913857678,0.7303370786516854,0.30337078651685395,0.4044943820224719,0.38202247191011235,0.5430711610486891,,0.5056179775280899,0.2932330827067669
27683,27683,0.6106240165324701,27683,27683,-1,False,10.044094694853936,0.1674844604353142,1.4705657958984375,9.792868004200963,11.152568616365132,11.227217670022194,0.22418904,-0.029241571869066,0.1155998886428644,,0.0,0.0,20055220.0,,-2.7418672644244784,0.0032313987095633,0.0125274658203125,0.017486572265625,29245776,True,0.1198501872659176,0.16104868913857678,0.10861423220973783,0.20037453183520598,0.27715355805243447,0.0898876404494382,0.5543071161048689,0.8033707865168539,,0.1198501872659176,0.16917293233082706
537268,537268,0.6380915598157948,537268,537268,-1,False,10.41108556716688,0.1449411634427491,1.39617919921875,10.193673822002754,11.107779184170894,10.958481076856769,0.2414723,0.0216169720374052,0.1140813749213224,,0.0,41635550.70465686,41635550.70465686,-2.7916212538129623,-2.7916212538129623,0.048934152346611,0.0140838623046875,0.017425537109375,29367139,True,0.41198501872659177,0.8764044943820225,0.45692883895131087,0.15730337078651685,0.10674157303370786,0.18726591760299627,0.7902621722846442,0.7921348314606742,,0.41198501872659177,0.12406015037593984
252431,252431,0.6610079472497637,252431,252431,-1,False,10.448874128056278,0.394373434691194,2.47955322265625,9.857313976019489,11.346656155873497,11.406375398799144,0.2679768,-0.0218982535049046,0.0930441663736543,,0.0,0.0,57344200.0,,-2.6903846297139604,0.048263742917213,0.0127410888671875,0.0166015625,27837743,True,0.6666666666666666,0.31086142322097376,0.49812734082397003,0.6966292134831461,0.4887640449438202,0.4606741573033708,0.6104868913857678,0.6741573033707865,,0.40823970037453183,0.21052631578947367
587227,587227,0.6168696639388952,587227,587227,-1,False,10.55627255267864,0.4931502368021996,3.11279296875,9.81654719747534,11.227217670022194,11.227217670022194,0.28382874,-0.0531637101875924,0.0751157696777365,,0.0,245542991.33515587,245542991.33515587,-2.1661450103336293,-2.1661450103336293,0.262318767714953,0.0118560791015625,0.01593017578125,30295917,True,0.1760299625468165,0.2209737827715356,0.651685393258427,0.8164794007490637,0.27715355805243447,0.6254681647940075,0.3970037453183521,0.5580524344569289,,0.7677902621722846,0.8383458646616542
2299855,2299855,0.6596370304335647,2299855,2299855,-1,False,10.336616423207069,0.1395683796788881,1.3790130615234375,10.127263853688737,11.346656155873497,11.391445588067732,0.25767535,0.0013911794235411,0.0564152710114932,,0.0,47278464.17012318,47278464.17012318,-2.6619530630596344,-2.6619530630596344,0.0061225982340742,0.0134429931640625,0.0152587890625,30295917,True,0.6404494382022472,0.8127340823970037,0.3707865168539326,0.14606741573033707,0.4681647940074906,0.3445692883895131,0.7209737827715356,0.44569288389513106,,0.1797752808988764,0.24060150375939848
39339,39339,0.6533108203535366,39339,39339,-1,False,10.643850731272332,0.2586105993217712,1.8138885498046875,10.255934832289675,11.466094641724794,11.49595426318762,0.28146076,0.0734486103102735,0.2243230810129733,,0.0,116823559.85262696,116823559.85262696,-2.576320295326569,-2.576320295326569,0.3830128243397888,0.015869140625,0.0224609375,30264647,True,0.5805243445692884,0.9138576779026217,0.7715355805243446,0.40823970037453183,0.5805243445692884,0.5955056179775281,0.9419475655430711,0.9887640449438202,,0.8277153558052435,0.37593984962406013
3843,3843,0.6912472697372388,3843,3843,-1,True,10.471210837257065,0.4639846160032189,2.910614013671875,9.775233913252237,12.063287070981294,12.033427449518468,0.29772758,-0.1575435187459525,-0.0126356978209837,-12.966435395839426,1.0803503181445869e-13,143970548.9567622,143970548.9567622,-2.312937176645834,-2.312937176645834,0.262011048883334,0.0093231201171875,0.0130157470703125,30378376,True,0.8726591760299626,0.10861423220973783,0.5543071161048689,0.7827715355805244,0.9344569288389513,0.7902621722846442,0.02247191011235955,0.07865168539325842,0.14285714285714285,0.7640449438202247,0.7255639097744361
43678,43678,0.6210874896163027,43678,43678,-1,False,10.265943444470292,0.3098138600695669,2.040863037109375,9.801222654365942,10.794253158811232,10.824112780274058,0.29214936,0.0053170319817069,0.0598758031209997,,0.0,0.0,53302656.0,,-2.5391945945918404,0.0047697664413176,0.0135650634765625,0.015380859375,30718882,True,0.24344569288389514,0.1797752808988764,0.2696629213483146,0.5187265917602997,0.07677902621722846,0.704119850187266,0.7453183520599251,0.4700374531835206,,0.149812734082397,0.45112781954887216
3471263,3471263,0.6077150067294418,3471263,3471263,-1,True,10.38602967828418,0.2703246461031303,1.8634796142578125,9.980542709129484,11.510884073919032,11.077919562708068,0.2658531,-0.0203407103582302,0.08741955237503,-12.188425183766954,6.479997170465907e-13,73357875.05106209,73357875.05106209,-2.5205829355971874,-2.5205829355971874,0.1571863726697915,0.012786865234375,0.016387939453125,32371102,True,0.08614232209737828,0.6441947565543071,0.4232209737827715,0.449438202247191,0.16292134831460675,0.4419475655430712,0.6385767790262172,0.651685393258427,0.36507936507936506,0.651685393258427,0.48872180451127817
29113,29113,0.6004966686491379,29113,29113,-1,False,10.897752139792772,0.7650146116672002,5.82122802734375,9.750230222291972,11.421305209530558,11.391445588067732,0.2527125,-0.0714284562402138,0.0667152276513052,,0.0,0.0,757675520.0,,-2.0182688840870457,0.5327561250232662,0.0113677978515625,0.015625,33722541,True,0.0149812734082397,0.003745318352059925,0.9176029962546817,0.9812734082397003,0.4681647940074906,0.29213483146067415,0.27340823970037453,0.5074906367041199,,0.9213483146067416,0.9097744360902256
29125,29125,0.6857704775717242,29125,29125,-1,False,10.600992527423704,0.3218227675425823,2.09808349609375,10.118258376109829,11.585533127576094,11.630322559770333,0.3194745,-0.0260792194359601,0.1001703979801726,,0.0,0.0,116366024.0,,-2.535166331845581,0.2337298312606857,0.0126190185546875,0.016876220703125,33722541,True,0.8389513108614233,0.797752808988764,0.704119850187266,0.5543071161048689,0.6947565543071161,0.9325842696629213,0.5861423220973783,0.7340823970037453,,0.7415730337078652,0.45864661654135336
245505,245505,0.6102369265141454,245505,245505,-1,False,11.276386993269425,0.8656651457501326,7.3394775390625,9.977889274644223,11.80948028854728,11.704971613427396,0.27587023,-0.0554052350701818,0.0709358097694169,-13.33443999234058,4.6297763024696977e-14,1964343930.681247,1964343930.681247,-1.9831694639324688,-1.9831694639324688,0.6480011016664744,0.0117950439453125,0.015777587890625,33722541,True,0.10861423220973783,0.6329588014981273,0.9943820224719101,0.9925093632958801,0.7490636704119851,0.5655430711610487,0.3895131086142322,0.5374531835205992,0.07936507936507936,0.9588014981273408,0.9210526315789473
2081964,2081964,0.6596498656054957,2081964,2081964,-1,False,10.374014255791296,0.3996859716622939,2.51007080078125,9.774485298297856,11.25707729148502,11.286936912947844,0.29148465,-0.0838461627913598,0.027226881884011,,0.0,0.0,58640544.0,,-2.6058162652512955,0.0982117942043283,0.01104736328125,0.0142669677734375,33722541,True,0.6441947565543071,0.10112359550561797,0.4044943820224719,0.7078651685393258,0.34831460674157305,0.6966292134831461,0.1760299625468165,0.299625468164794,,0.5355805243445693,0.31203007518796994
44523,44523,0.6064688200675034,44523,44523,-1,False,10.974638561574103,0.6459180672752569,4.425048828125,10.005761460661216,11.45116483099338,11.316796534410669,0.27004686,-0.0218982535049046,0.1001703979801726,-12.49683618648264,3.1853988102646863e-13,752795158.5281549,752795158.5281549,-2.0979617442357585,-2.0979617442357585,0.8266702284130598,0.0127410888671875,0.016876220703125,35276896,True,0.08239700374531835,0.6891385767790262,0.9625468164794008,0.9550561797752809,0.37640449438202245,0.49063670411985016,0.6104868913857678,0.7340823970037453,0.20634920634920634,1.0,0.8834586466165414
112514,112514,0.6804460923564565,112514,112514,-1,False,9.708812927280771,-0.0741476482665508,0.843048095703125,9.8200343996806,11.570603316844682,11.600462938307508,0.25170717,0.0422906283198868,0.0511722155991213,,0.0,0.0,21732842.0,,-2.371696404632051,0.0002115120941523,0.0147705078125,0.01507568359375,35779442,True,0.8052434456928839,0.2397003745318352,0.0449438202247191,0.052434456928838954,0.6704119850187266,0.2808988764044944,0.8745318352059925,0.4250936329588015,,0.0299625468164794,0.6654135338345865
112637,112637,0.6969642700465215,112637,112637,-1,False,10.13808429510314,0.1071526025533493,1.2798309326171875,9.977355391273116,11.719901424158806,11.764690856353043,0.3348521,-0.0443115416709029,0.0538016554088065,,0.0,0.0,23944254.0,,-2.7588829842624305,0.0017397247757618,0.0121002197265625,0.015167236328125,35779442,True,0.9213483146067416,0.6254681647940075,0.14232209737827714,0.10112359550561797,0.8033707865168539,0.9812734082397003,0.4756554307116105,0.4400749063670412,,0.07116104868913857,0.14661654135338345
541846,541846,0.6490138629232616,541846,541846,-1,False,10.27368670799884,0.188915101263007,1.544952392578125,9.990314056104332,11.048059941245246,11.107779184170894,0.28866363,0.0276911197495984,0.1377625788156257,,0.0,0.0,29892190.0,,-2.7981289739540744,0.0073417625747862,0.0142822265625,0.018402099609375,35779442,True,0.5280898876404494,0.6629213483146067,0.29213483146067415,0.24344569288389514,0.17790262172284643,0.6928838951310862,0.8277153558052435,0.8895131086142322,,0.18726591760299627,0.10902255639097744
1095974,1095974,0.6429123488267003,1095974,1095974,-1,False,10.839514897986817,0.6172899033011666,4.14276123046875,9.913580043035068,11.45116483099338,11.391445588067732,0.28589106,0.0594447415651112,0.1268225927516129,,0.0,0.0,1028535360.0,,-1.8272956710966624,0.5190117717755256,0.0153656005859375,0.0179443359375,35779442,True,0.45692883895131087,0.49063670411985016,0.8764044943820225,0.9419475655430711,0.4681647940074906,0.6591760299625468,0.9176029962546817,0.8576779026217228,,0.9138576779026217,0.9624060150375939
1125165,1125165,0.6180330776660589,1125165,1125165,-1,False,10.63842682246272,0.5026261286860771,3.18145751953125,9.884487629433604,10.973410887588182,8.883237385190434,0.29388118,-0.0667897527878062,0.076776553659201,-11.02441357355622,9.453364996957359e-12,147173283.62635118,147173283.62635118,-2.470597842805767,-2.470597842805767,0.1810015679692175,0.0114898681640625,0.0159912109375,35828148,True,0.19101123595505617,0.3895131086142322,0.7584269662921348,0.8408239700374532,0.0149812734082397,0.7378277153558053,0.3258426966292135,0.5730337078651685,0.873015873015873,0.6779026217228464,0.5639097744360902
561091,561091,0.6546967874871191,561091,561091,-1,False,10.647683893684064,0.340371970446312,2.18963623046875,10.137125938014597,11.988638017324233,11.943848585129992,0.2634084,-0.0095915651572644,0.043187005277738,,0.0,0.0,398969216.0,,-2.046744506360968,0.0168604634437704,0.0131072998046875,0.014801025390625,36032496,True,0.5917602996254682,0.8239700374531835,0.7771535580524345,0.599250936329588,0.8932584269662921,0.41198501872659177,0.6722846441947565,0.3707865168539326,,0.2546816479400749,0.9060150375939849
258026,258026,0.6757229738568599,258026,258026,-1,False,10.46660289501671,0.3689205525667535,2.338409423828125,9.91322206616658,11.585533127576094,11.630322559770333,0.27201104,-0.0172422823628516,0.0841724757020467,,0.0,0.0,65961080.0,,-2.647315137155802,0.0184729894557284,0.01287841796875,0.016265869140625,37372039,True,0.7790262172284644,0.4868913857677903,0.5355805243445693,0.6554307116104869,0.6947565543071161,0.5205992509363296,0.651685393258427,0.6217228464419475,,0.26217228464419473,0.2556390977443609
127454,127454,0.6275766955159647,127454,127454,-1,True,10.460186070019835,0.2804300823843573,1.9073486328125,10.0395409464433,11.391445588067732,11.37651577733632,0.2503226,-0.0218982535049046,0.0954325930089051,,0.0,71070207.4299271,71070207.4299271,-2.608498487016675,-2.608498487016675,0.0329918149045772,0.0127410888671875,0.016693115234375,38082507,True,0.29213483146067415,0.7378277153558053,0.5280898876404494,0.4756554307116105,0.4400749063670412,0.2696629213483146,0.6104868913857678,0.6966292134831461,,0.33707865168539325,0.30451127819548873
586019,586019,0.6714912439164086,586019,586019,-1,False,10.028498962294458,0.1273854074041812,1.3408660888671875,9.837420851188186,11.481024452456207,11.466094641724794,0.2775533,-0.0714284562402138,0.0101749627447219,,0.0,23982382.22823184,23982382.22823184,-2.6486066418639926,-2.6486066418639926,0.0221703324215671,0.0113677978515625,0.0137176513671875,39260804,True,0.7565543071161048,0.2808988764044944,0.10112359550561797,0.1198501872659176,0.5449438202247191,0.5767790262172284,0.27340823970037453,0.1797752808988764,,0.2808988764044944,0.2518796992481203
129308,129308,0.6189566768837892,129308,129308,-1,False,10.587615286110283,0.4904809322594945,3.093719482421875,9.851893887721044,11.421305209530558,10.883832023199709,0.23721823,0.0309269637488216,0.1223682513253628,,0.0,0.0,594183552.0,,-1.8136946604778907,0.3183617880894365,0.0143890380859375,0.01776123046875,39760179,True,0.21348314606741572,0.2958801498127341,0.6891385767790262,0.8089887640449438,0.0898876404494382,0.16853932584269662,0.8445692883895131,0.8277153558052435,,0.8014981273408239,0.9661654135338346
40638,40638,0.6469504784134035,40638,40638,-1,True,11.116327080946231,0.8057340923425962,6.3934326171875,9.907725942432336,11.869199531472931,11.421305209530558,0.27087712,-0.0696831311240454,0.0938417689521169,-11.54553114464053,2.847533587148497e-12,877244277.1178985,877244277.1178985,-2.173206537258246,-2.173206537258246,0.7382658268391085,0.01141357421875,0.016632080078125,40758960,True,0.49812734082397003,0.4794007490636704,0.9812734082397003,0.9887640449438202,0.50187265917603,0.5093632958801498,0.301498127340824,0.6797752808988764,0.6825396825396826,0.9850187265917603,0.8345864661654135
126915,126915,0.6322243090380213,126915,126915,-1,True,10.746269839065166,0.6100313307408761,4.0740966796875,9.831222842953853,11.107779184170894,10.226920351017558,0.27490106,-0.1059962907529954,0.0709358097694169,-10.994199186820651,1.0134464673750249e-11,175082828.6041981,175082828.6041981,-2.5030262846900504,-2.5030262846900504,0.4507128945785261,0.010498046875,0.015777587890625,42186845,True,0.3333333333333333,0.2696629213483146,0.8539325842696629,0.9288389513108615,0.03745318352059925,0.5468164794007491,0.09737827715355805,0.5374531835205992,0.8888888888888888,0.8726591760299626,0.5150375939849624
4323,4323,0.6001028217200032,4323,4323,-1,False,10.496797680373462,0.4752218401062819,2.986907958984375,9.78396492021404,11.466094641724794,11.45116483099338,0.17164007,-0.0308314253171837,0.0825397877569435,-13.833913893643542,1.4658384398487152e-14,53531422.33455882,53531422.33455882,-2.768188897594477,-2.768188897594477,0.0213425515122496,0.012481689453125,0.016204833984375,42436999,True,0.00749063670411985,0.14606741573033707,0.602996254681648,0.7940074906367042,0.5262172284644194,0.0149812734082397,0.5430711610486891,0.6086142322097379,0.047619047619047616,0.2696629213483146,0.13909774436090225
250132,250132,0.6367544063618816,250132,250132,-1,False,10.67432700194146,0.520479854497005,3.314971923828125,9.893607220195952,11.048059941245246,11.033130130513833,0.2686656,-0.0656377773593185,0.0825397877569435,,0.0,166237180.4691428,166237180.4691428,-2.453598837687676,-2.453598837687676,0.3778806930035302,0.0115203857421875,0.016204833984375,42887527,True,0.3895131086142322,0.4307116104868914,0.7940074906367042,0.8539325842696629,0.13670411985018727,0.4681647940074906,0.3295880149812734,0.6086142322097379,,0.8164794007490637,0.5789473684210527
42536,42536,0.6195340219782417,42536,42536,-1,True,10.138700752952428,0.258153687673205,1.811981201171875,9.75147022144262,11.85426972074152,11.55567350611327,0.26432908,-0.1676103978591376,-0.0691029112890403,-12.067135868844389,8.567697632409921e-13,44304496.26264769,44304496.26264769,-2.4922529499129173,-2.4922529499129173,0.0950500567545981,0.0091094970703125,0.0114288330078125,43968228,True,0.21722846441947566,0.0149812734082397,0.14606741573033707,0.4044943820224719,0.6254681647940075,0.4232209737827715,0.018726591760299626,0.018726591760299626,0.3968253968253968,0.5280898876404494,0.5300751879699248
645160,645160,0.6361371555496546,645160,645160,-1,True,10.67288893942914,0.5026261286860771,3.18145751953125,9.918949746400026,11.690041802695982,11.525813884650445,0.2583071,-0.082648108288413,0.0502921859527044,-14.30810269642567,4.9192319819674575e-15,208635287.0475113,208635287.0475113,-2.3535011757318847,-2.3535011757318847,0.1816880619628945,0.011077880859375,0.015045166015625,44369861,True,0.3707865168539326,0.50187265917603,0.7865168539325843,0.8408239700374532,0.6086142322097379,0.35580524344569286,0.18352059925093633,0.41385767790262173,0.015873015873015872,0.6816479400749064,0.6917293233082706
308423,308423,0.6387986712863496,308423,308423,-1,False,10.528557739089823,0.1032517276874619,1.2683868408203125,10.37368014755863,10.70467429442276,8.808588331533372,0.29249516,0.0018838561433129,0.0970176111255663,-10.903886422001266,1.2477097763908606e-11,70917696.25518477,70917696.25518477,-2.67780311988671,-2.67780311988671,0.1118148055756126,0.013458251953125,0.016754150390625,46091846,True,0.4232209737827715,0.9737827715355806,0.6254681647940075,0.09737827715355805,0.011235955056179775,0.7116104868913857,0.7265917602996255,0.7116104868913857,0.9206349206349206,0.5692883895131086,0.21804511278195488
48750,48750,0.6918444995272178,48750,48750,-1,False,10.470063427126217,0.2756263739815367,1.8863677978515625,10.056623866153911,12.063287070981294,11.958778395861406,0.2847299,-0.0917151282587404,0.0467541257990946,,0.0,165627135.77017346,165627135.77017346,-2.250931935560228,-2.250931935560228,0.1548847747357771,0.0108489990234375,0.014923095703125,46091846,True,0.8876404494382022,0.7640449438202247,0.550561797752809,0.46441947565543074,0.9082397003745318,0.6404494382022472,0.15730337078651685,0.3913857677902622,,0.6479400749063671,0.7819548872180451
34442,34442,0.6209260924046233,34442,34442,-1,False,10.44157488931478,0.3441386417757747,2.208709716796875,9.925366926651115,11.286936912947844,11.25707729148502,0.2594764,-0.0281848937762369,0.0258311833654746,,0.0,0.0,235477248.0,,-2.069625937702922,0.0327106991826884,0.0125579833984375,0.01422119140625,44776315,True,0.23595505617977527,0.5243445692883895,0.4887640449438202,0.6142322097378277,0.32209737827715357,0.36704119850187267,0.5636704119850188,0.2883895131086142,,0.3295880149812734,0.8947368421052632
271684,271684,0.6642799875957334,271684,271684,-1,True,10.290511635961028,0.2394714747054508,1.735687255859375,9.931304423902851,11.406375398799144,11.077919562708068,0.2634698,-0.0281848937762369,0.0667152276513052,-12.366768232600316,4.297657161373946e-13,27604522.62836224,27604522.62836224,-2.849531394778684,-2.849531394778684,0.0361875180471179,0.0125579833984375,0.015625,45007523,True,0.6966292134831461,0.5468164794007491,0.3146067415730337,0.36329588014981273,0.16292134831460675,0.4157303370786517,0.5636704119850188,0.5074906367041199,0.25396825396825395,0.352059925093633,0.07894736842105263
3173,3173,0.6360965679873668,3173,3173,-1,False,11.276386993269425,0.970980543894716,9.3536376953125,9.819916177427348,11.45116483099338,11.45116483099338,0.27532235,-0.0633429530930264,0.0985968655272594,,0.0,0.0,1842334976.0,,-2.011018396180558,0.7520847952103176,0.0115814208984375,0.016815185546875,46091846,True,0.36704119850187267,0.23595505617977527,0.9943820224719101,0.9962546816479401,0.5262172284644194,0.5580524344569289,0.3352059925093633,0.7209737827715356,,0.9962546816479401,0.9172932330827067
31990,31990,0.6643157340920557,31990,31990,-1,False,10.745051620925848,0.5476018107873711,3.528594970703125,9.923648904744793,11.645252370501746,11.645252370501746,0.27432624,-0.0276575172913909,0.0524889254967685,,0.0,537449379.7919809,537449379.7919809,-2.0147140548726767,-2.0147140548726767,0.4003148643840053,0.0125732421875,0.0151214599609375,46091846,True,0.700374531835206,0.5205992509363296,0.850187265917603,0.8764044943820225,0.7078651685393258,0.5355805243445693,0.5730337078651685,0.43258426966292135,,0.846441947565543,0.9135338345864662
32330,32330,0.6476142037663953,32330,32330,-1,False,11.032450713690228,0.5836261398048461,3.833770751953125,10.15701150398296,12.018497638787055,11.958778395861406,0.30307966,0.0440815359377677,0.0833568989705226,,0.0,3299121732.026144,3299121732.026144,-1.514052373115525,-1.514052373115525,0.4907711225236892,0.01483154296875,0.0162353515625,46091846,True,0.5131086142322098,0.846441947565543,0.9737827715355806,0.9026217228464419,0.9082397003745318,0.8426966292134831,0.8820224719101124,0.6161048689138576,,0.8951310861423221,0.9962406015037594
49186,49186,0.6339485458575399,49186,49186,-1,False,10.068662886344672,0.1786065658820338,1.5087127685546875,9.800753037521622,11.660182181233155,11.690041802695982,0.17795151,-0.0880655733207066,-0.0131451342218066,,0.0,0.0,10923613.0,,-3.030296580719312,0.0031897925784085,0.0109405517578125,0.01300048828125,46091846,True,0.352059925093633,0.1760299625468165,0.11610486891385768,0.2247191011235955,0.7322097378277154,0.026217228464419477,0.16104868913857678,0.0749063670411985,,0.11610486891385768,0.04887218045112782
49188,49188,0.6378597937533205,49188,49188,-1,False,10.232023068595431,0.2164408780995668,1.6460418701171875,9.90736175144608,11.660182181233155,11.630322559770333,0.26501232,-0.0065686215236925,0.0594447415651112,,0.0,0.0,56962924.0,,-2.4764307943487927,0.0132998098281374,0.0131988525390625,0.0153656005859375,46091846,True,0.40823970037453183,0.4756554307116105,0.2247191011235955,0.3146067415730337,0.6947565543071161,0.4344569288389513,0.6928838951310862,0.46441947565543074,,0.23595505617977527,0.5451127819548872
1107677,1107677,0.6316649978290075,1107677,1107677,-1,False,10.95175624492036,0.7306791907037183,5.37872314453125,9.855737458864784,11.839339910010109,11.824410099278694,0.28359503,-0.0454082454908302,0.0211461920651225,,0.0,0.0,1525111680.0,,-1.7684545978068311,0.3941917563014274,0.0120697021484375,0.014068603515625,46091846,True,0.32209737827715357,0.30711610486891383,0.9456928838951311,0.9737827715355806,0.8426966292134831,0.6179775280898876,0.46254681647940077,0.24344569288389514,,0.8389513108614233,0.9736842105263158
1109054,1109054,0.6178003059705462,1109054,1109054,-1,False,10.141157871144095,0.2385159309054424,1.73187255859375,9.78338397478593,11.182428237827958,11.227217670022194,0.16318366,-0.0498229669305633,0.0502921859527044,,0.0,0.0,31835.216796875,,-5.638250059401721,0.0020115889697288,0.0119476318359375,0.015045166015625,46091846,True,0.18726591760299627,0.13857677902621723,0.149812734082397,0.3595505617977528,0.27715355805243447,0.00749063670411985,0.4307116104868914,0.41385767790262173,,0.07865168539325842,0.015037593984962405
11322651,11322651,0.6499601665799971,11322651,11322651,-1,False,11.1473613146862,0.6108438557335482,4.08172607421875,10.23109553108588,11.077919562708068,11.122708994902307,0.3003366,0.0906425317820438,0.2806892853057509,,0.0,0.0,468514304.0,,-2.476638460010028,0.699667513839768,0.016510009765625,0.02557373046875,46091846,True,0.5393258426966292,0.9026217228464419,0.9887640449438202,0.9325842696629213,0.19101123595505617,0.8239700374531835,0.9700374531835206,1.0,,0.9775280898876404,0.5413533834586466
37835,37835,0.6607338881507444,37835,37835,-1,False,10.287023308115208,0.1984604191692374,1.57928466796875,9.989332679361352,12.04835726024988,11.988638017324233,0.25790888,-0.0399522129042691,-0.002570485282937,,0.0,0.0,125059160.0,,-2.189907800839084,0.0045936687352038,0.0122222900390625,0.0133209228515625,46706333,True,0.6629213483146067,0.6554307116104869,0.30337078651685395,0.27715355805243447,0.9232209737827716,0.34831460674157305,0.5,0.11610486891385768,,0.14232209737827714,0.8308270676691729
3859,3859,0.6047750707089494,3859,3859,-1,True,10.632934316783237,0.5677838550991038,3.696441650390625,9.78125853413458,11.436235020261968,10.973410887588182,0.25651252,-0.1085286272683905,0.032306407413286,-11.839359464555924,1.4475732045012668e-12,211685510.542358,211685510.542358,-2.3072431843512384,-2.3072431843512384,0.663846007295756,0.01043701171875,0.014434814453125,46823071,True,0.07116104868913857,0.13108614232209737,0.7453183520599251,0.8951310861423221,0.11423220973782772,0.33707865168539325,0.0898876404494382,0.31647940074906367,0.5238095238095238,0.9662921348314607,0.7406015037593985
133204,133204,0.6104780507118654,133204,133204,-1,True,10.59843533957291,0.3500981792959529,2.239227294921875,10.073288070628982,11.25707729148502,10.34635883686886,0.2630211,-0.0582235089569947,0.1117936023864933,-11.21352436140941,6.116114941238308e-12,96692084.78663902,96692084.78663902,-2.613044415378017,-2.613044415378017,0.291862170572173,0.01171875,0.017333984375,47277313,True,0.11610486891385768,0.7790262172284644,0.700374531835206,0.6217228464419475,0.04119850187265917,0.40823970037453183,0.37453183520599254,0.7846441947565543,0.8412698412698413,0.7902621722846442,0.2894736842105263
48958,48958,0.6722382549742901,48958,48958,-1,False,10.38182679565825,0.0790807278296262,1.1997222900390625,10.263205703913812,11.182428237827958,11.212287859290782,0.3313638,0.0654410130984035,0.147730430708716,,0.0,52158821.76187783,52158821.76187783,-2.6644990232889563,-2.6644990232889563,0.0635617574068026,0.0155792236328125,0.018829345703125,47656618,True,0.7715355805243446,0.9250936329588015,0.4157303370786517,0.09363295880149813,0.25842696629213485,0.9700374531835206,0.9307116104868914,0.9138576779026217,,0.44569288389513106,0.22932330827067668
145106,145106,0.6462121186005444,145106,145106,-1,True,10.882466191007763,0.69339435438102,4.93621826171875,9.842374659436231,11.525813884650445,10.928621455393944,0.29501295,-0.1098003543320278,0.0350522193959676,-11.73987954817042,1.820205623706892e-12,486205625.0785571,486205625.0785571,-2.195646211970529,-2.195646211970529,0.4663346327050499,0.010406494140625,0.0145263671875,47890332,True,0.49063670411985016,0.2846441947565543,0.9063670411985019,0.9662921348314607,0.09737827715355805,0.7528089887640449,0.08426966292134831,0.33146067415730335,0.6031746031746031,0.8876404494382022,0.8233082706766918
3586,3586,0.65087904992931,3586,3586,-1,False,10.863847476027097,0.394373434691194,2.47955322265625,10.272287323990303,11.316796534410669,11.19735804855937,0.28654566,0.0611664266024943,0.1615846990108248,-12.27250122234873,5.339477707429749e-13,1060257686.8086978,1060257686.8086978,-1.838436046273326,-1.838436046273326,0.1941117479555469,0.0154266357421875,0.019439697265625,48000687,True,0.5468164794007491,0.9400749063670412,0.8951310861423221,0.6966292134831461,0.24719101123595505,0.6666666666666666,0.9213483146067416,0.9550561797752809,0.30158730158730157,0.7078651685393258,0.9586466165413534
150956,150956,0.6112348731793519,150956,150956,-1,True,10.731420718026246,0.4931502368021996,3.11279296875,9.991695362822949,11.61539274903892,11.49595426318762,0.3045706,-0.0182726374888572,0.125342882693565,-12.62390828673061,2.377342275071149e-13,283975807.37022376,283975807.37022376,-2.278139375067762,-2.278139375067762,0.3936821841072326,0.012847900390625,0.01788330078125,48220332,True,0.12359550561797752,0.6779026217228464,0.8352059925093633,0.8164794007490637,0.5805243445692884,0.850187265917603,0.6479400749063671,0.846441947565543,0.15873015873015872,0.8352059925093633,0.7706766917293233
328522,328522,0.6718535456827563,328522,328522,-1,True,10.912103311820246,0.5879261202975702,3.871917724609375,10.03021413137389,11.49595426318762,11.346656155873497,0.31825462,-0.0593559593559028,0.0675626317872907,-12.286610245230316,5.168800318219951e-13,428251378.6764706,428251378.6764706,-2.280404542049318,-2.280404542049318,0.5508029526906838,0.011688232421875,0.015655517578125,48269940,True,0.7640449438202247,0.7303370786516854,0.9325842696629213,0.9138576779026217,0.4044943820224719,0.9250936329588015,0.36329588014981273,0.5149812734082397,0.2857142857142857,0.9325842696629213,0.7631578947368421
140928,140928,0.6420956686438234,140928,140928,-1,False,10.461359839604338,0.1953018999244077,1.567840576171875,10.168406989717726,11.003270509051006,10.83904259100547,0.24705344,-0.002570485282937,0.0978079561697182,,0.0,72519063.58997926,72519063.58997926,-2.600907652017745,-2.600907652017745,0.0218838477607417,0.0133209228515625,0.01678466796875,49172921,True,0.44569288389513106,0.8576779026217228,0.5318352059925093,0.26217228464419473,0.08239700374531835,0.2397003745318352,0.700374531835206,0.7153558052434457,,0.27340823970037453,0.3233082706766917
38324,38324,0.6930907738966435,38324,38324,-1,False,10.451280197822156,0.3675012882908927,2.330780029296875,9.900028265385815,12.063287070981294,12.003567828055646,0.298918,0.0140225580715884,0.0524889254967685,,0.0,0.0,310512736.0,,-1.9592007799083124,0.0054453982743759,0.0138397216796875,0.0151214599609375,49550248,True,0.8913857677902621,0.44569288389513106,0.5037453183520599,0.6479400749063671,0.9288389513108615,0.8089887640449438,0.7752808988764045,0.43258426966292135,,0.1760299625468165,0.9323308270676691
1382810,1382810,0.6914281742535744,1382810,1382810,-1,False,10.265943444470292,0.2595229830226837,1.8177032470703125,9.876658969936264,11.824410099278694,11.85426972074152,0.29608425,-0.0761172411294552,-0.0095915651572644,,0.0,0.0,79610832.0,,-2.364971281785675,0.01137214171895,0.0112457275390625,0.0131072998046875,49550248,True,0.8764044943820225,0.3707865168539326,0.2696629213483146,0.41760299625468167,0.8539325842696629,0.7602996254681648,0.24531835205992508,0.09176029962546817,,0.21348314606741572,0.6766917293233082
1419622,1419622,0.6748904435518694,1419622,1419622,-1,True,10.611902914272717,0.4003454926423483,2.513885498046875,10.011384675309197,11.749761045621632,11.73483123489022,0.26122627,-0.0509336951112064,0.0467541257990946,,0.0,121246383.9201546,121246383.9201546,-2.5282341193030877,-2.5282341193030877,0.114345290801877,0.0119171142578125,0.014923095703125,49766469,True,0.7752808988764045,0.6966292134831461,0.7078651685393258,0.7116104868913857,0.7771535580524345,0.40074906367041196,0.4232209737827715,0.3913857677902622,,0.5805243445692884,0.47368421052631576
152636,152636,0.6437833297143299,152636,152636,-1,True,10.688451644633066,0.4465640526894664,2.796173095703125,10.018605565598866,11.406375398799144,10.54044637637722,0.2706383,-0.0372496871834161,0.0849865237040308,-11.356984985696531,4.395568114063512e-12,194604258.9712167,194604258.9712167,-2.3992993039347623,-2.3992993039347623,0.1487265754085832,0.012298583984375,0.01629638671875,49814756,True,0.46441947565543074,0.7153558052434457,0.8089887640449438,0.7677902621722846,0.052434456928838954,0.49812734082397003,0.5224719101123596,0.6273408239700374,0.7777777777777778,0.6404494382022472,0.6353383458646616
51234,51234,0.6040470808596735,51234,51234,-1,False,10.78243334854718,0.4375845222906388,2.73895263671875,10.126056565111222,11.645252370501746,11.570603316844682,0.2943698,-0.070845901515838,0.0817211362762634,,0.0,341625031.4228256,341625031.4228256,-2.2488836638998566,-2.2488836638998566,0.3031674489777661,0.011383056640625,0.01617431640625,50479576,True,0.06741573033707865,0.8089887640449438,0.8651685393258427,0.7565543071161048,0.6423220973782772,0.7415730337078652,0.28651685393258425,0.602996254681648,,0.7940074906367042,0.7857142857142857
702000,702000,0.6161241624593478,702000,702000,-1,True,10.968847882693208,0.7219681210865181,5.27191162109375,9.885895701063433,11.13763880563372,10.943551266125358,0.29212287,-0.0997293063653456,0.0985968655272594,-12.517194248619376,3.0395252210676493e-13,467904284.1094772,467904284.1094772,-2.298690861103105,-2.298690861103105,0.5493000122292537,0.010650634765625,0.016815185546875,50928272,True,0.1647940074906367,0.3970037453183521,0.9550561797752809,0.9700374531835206,0.10112359550561797,0.700374531835206,0.11610486891385768,0.7209737827715356,0.19047619047619047,0.9288389513108615,0.7481203007518797
1443766,1443766,0.6183732603441066,1443766,1443766,-1,False,10.4746349902007,0.3040940005821507,2.01416015625,10.018493989327474,11.077919562708068,10.958481076856769,0.23481801,-0.0350997101098569,0.0628813132607249,,0.0,64359715.741264455,64359715.741264455,-2.666020872925865,-2.666020872925865,0.0423640596635448,0.012359619140625,0.0154876708984375,51271232,True,0.20224719101123595,0.7116104868913857,0.5580524344569289,0.5056179775280899,0.10674157303370786,0.16104868913857678,0.5280898876404494,0.4868913857677903,,0.37453183520599254,0.22556390977443608
59531,59531,0.7344147424352562,59531,59531,-1,True,10.565592534417886,0.2649573957281498,1.8405914306640625,10.168156440825662,12.391742907072368,11.167498427096543,0.29780617,0.027226881884011,0.1064081279316358,-11.21826237043717,6.049752804597985e-12,190638968.42791605,190638968.42791605,-2.2853808550966703,-2.2853808550966703,0.0819510895924065,0.0142669677734375,0.017120361328125,51375735,True,0.9850187265917603,0.8539325842696629,0.6629213483146067,0.4363295880149813,0.22284644194756553,0.8014981273408239,0.8220973782771536,0.7490636704119851,0.8253968253968254,0.49812734082397003,0.7593984962406015
53300,53300,0.6259020252382109,53300,53300,-1,True,10.24233467127694,0.3162599076371854,2.071380615234375,9.76794480982116,11.033130130513833,9.450570192984108,0.22676226,-0.083246722417513,0.0857990486967028,-10.766034447015167,1.7138213666332364e-11,28214567.327331573,28214567.327331573,-2.7918612765607667,-2.7918612765607667,0.0591760766614132,0.0110626220703125,0.016326904296875,53609725,True,0.27715355805243447,0.06741573033707865,0.2397003745318352,0.5374531835205992,0.02247191011235955,0.10112359550561797,0.1797752808988764,0.6367041198501873,0.9841269841269841,0.43820224719101125,0.12030075187969924
1295671,1295671,0.6321841526992807,1295671,1295671,-1,True,10.481962650425924,0.3178565803249809,2.079010009765625,10.005177779938451,11.09284937343948,10.615095430034282,0.26398003,-0.0426716612508377,0.0914445532138613,-11.381268168916757,4.1565387255601116e-12,79000788.51652841,79000788.51652841,-2.584331224367531,-2.584331224367531,0.1617248661335482,0.01214599609375,0.01654052734375,54483821,True,0.3295880149812734,0.6853932584269663,0.5767790262172284,0.5468164794007491,0.056179775280898875,0.41947565543071164,0.4850187265917603,0.6647940074906367,0.7619047619047619,0.6591760299625468,0.3609022556390977
50269,50269,0.7151884979919824,50269,50269,-1,True,10.270969528237128,0.2636051544221702,1.834869384765625,9.875561796603872,12.361883285609546,12.242444799758244,0.2967123,-0.1098003543320278,-0.0260792194359601,-12.421988862984556,3.784522895950669e-13,106147777.62066366,106147777.62066366,-2.2450586223134064,-2.2450586223134064,0.0363511361470782,0.010406494140625,0.0126190185546875,54838796,True,0.9700374531835206,0.3595505617977528,0.2846441947565543,0.4307116104868914,0.9775280898876404,0.7715355805243446,0.08426966292134831,0.04868913857677903,0.23809523809523808,0.35580524344569286,0.793233082706767
319646,319646,0.6831502780138443,319646,319646,-1,False,10.365328076606202,0.3660773706812138,2.323150634765625,9.81621202058438,11.749761045621632,11.660182181233155,0.2925176,-0.0966294039686827,-0.0187887331905945,-12.205612107182274,6.228563448265327e-13,65808571.90131662,65808571.90131662,-2.547045610241814,-2.547045610241814,0.1951456213937232,0.0107269287109375,0.0128326416015625,54984705,True,0.8164794007490637,0.21722846441947566,0.39325842696629215,0.6441947565543071,0.7134831460674157,0.7191011235955056,0.1254681647940075,0.06179775280898876,0.3333333333333333,0.7116104868913857,0.43609022556390975
5046,5046,0.6647422966254792,5046,5046,-1,False,10.401774149620094,0.4049343072186395,2.54058837890625,9.794372688792134,11.660182181233155,11.690041802695982,0.25293717,-0.0476099966294422,0.0759469555427486,,0.0,70002629.20673077,70002629.20673077,-2.5566597977696723,-2.5566597977696723,0.0102341266608135,0.0120086669921875,0.015960693359375,56411600,True,0.7078651685393258,0.1647940074906367,0.4438202247191011,0.7247191011235955,0.7322097378277154,0.299625468164794,0.44756554307116103,0.5655430711610487,,0.20973782771535582,0.4323308270676692
54269,54269,0.6296119988355976,54269,54269,-1,False,10.101415916629728,0.1719675400569217,1.4858245849609375,9.843464606544345,11.122708994902307,11.182428237827958,0.2488333,-0.0388691837098258,0.076776553659201,,0.0,24935577.07037142,24935577.07037142,-2.704596493320264,-2.704596493320264,0.004068428010526,0.0122528076171875,0.0159912109375,56806194,True,0.31086142322097376,0.29213483146067415,0.12359550561797752,0.21348314606741572,0.2340823970037453,0.250936329588015,0.5112359550561798,0.5730337078651685,,0.13108614232209737,0.19548872180451127
156087,156087,0.6091140452882459,156087,156087,-1,True,10.333480709354207,0.2649573957281498,1.8405914306640625,9.936044615761984,11.227217670022194,11.272007102216431,0.20819947,0.034138876300341,0.1629461248338746,-12.21068166082432,6.156279645336113e-13,31569813.171662897,31569813.171662897,-2.8342086975841307,-2.8342086975841307,0.0410844773846518,0.014495849609375,0.019500732421875,57106334,True,0.09363295880149813,0.5617977528089888,0.3651685393258427,0.4363295880149813,0.3333333333333333,0.056179775280898875,0.8614232209737828,0.9588014981273408,0.31746031746031744,0.36329588014981273,0.09398496240601503
141036,141036,0.6006012868655463,141036,141036,-1,False,10.739526952308816,0.1813431501220263,1.51824951171875,10.467512227125775,10.600165619302867,8.644360413487833,0.25491568,0.027226881884011,0.151933313334644,-10.671000239428125,2.1330437371915008e-11,141225347.8114002,141225347.8114002,-2.589614299313721,-2.589614299313721,0.1267763548269496,0.0142669677734375,0.019012451171875,57896067,True,0.018726591760299626,1.0,0.846441947565543,0.23595505617977527,0.003745318352059925,0.3258426966292135,0.8220973782771536,0.9325842696629213,1.0,0.6104868913857678,0.34962406015037595
3913617,3913617,0.6349442877756575,3913617,3913617,-1,True,10.63529675859369,0.5129179487373435,3.25775146484375,9.865919835487674,11.346656155873497,11.331726345142082,0.30122602,-0.0966294039686827,0.1102616978637458,,0.0,146715750.10212418,146715750.10212418,-2.468820020242716,-2.468820020242716,0.4761298904439379,0.0107269287109375,0.01727294921875,58181754,True,0.35580524344569286,0.33707865168539325,0.7528089887640449,0.846441947565543,0.39325842696629215,0.8314606741573034,0.1254681647940075,0.7752808988764045,,0.8913857677902621,0.5714285714285714
708413,708413,0.6669746959515012,708413,708413,-1,True,10.322323907291398,0.3780344112587682,2.38800048828125,9.755272290403246,11.600462938307508,11.585533127576094,0.25434065,-0.0935514712987377,0.0082383063274051,,0.0,57954246.40208648,57954246.40208648,-2.559238644361429,-2.559238644361429,0.0713585886868605,0.01080322265625,0.0136566162109375,58707407,True,0.7265917602996255,0.03745318352059925,0.352059925093633,0.6629213483146067,0.6629213483146067,0.31835205992509363,0.14606741573033707,0.17415730337078653,,0.4756554307116105,0.42105263157894735
154378,154378,0.6000143242723192,154378,154378,-1,False,10.55580126182186,0.3896710509725605,2.452850341796875,9.971294685363018,11.01820031978242,11.003270509051006,0.25164,-0.0808572006705321,0.0568493484908118,,0.0,154493820.01398316,154493820.01398316,-2.366890150148418,-2.366890150148418,0.2676010187307105,0.0111236572265625,0.0152740478515625,58724015,True,0.003745318352059925,0.6142322097378277,0.6460674157303371,0.6760299625468165,0.12734082397003746,0.27715355805243447,0.19662921348314608,0.45131086142322097,,0.7715355805243446,0.6729323308270677
1277093,1277093,0.6865494011773712,1277093,1277093,-1,False,9.97937620401582,0.0685984535255249,1.171112060546875,9.876478523727531,11.585533127576094,11.61539274903892,0.26690072,0.003848992898544,0.0675626317872907,,0.0,0.0,14564817.0,,-2.816071171721511,0.0813088093738155,0.013519287109375,0.015655517578125,58963059,True,0.8426966292134831,0.36704119850187267,0.0898876404494382,0.08239700374531835,0.6779026217228464,0.449438202247191,0.7340823970037453,0.5149812734082397,,0.4943820224719101,0.10150375939849623
3786109,3786109,0.6990965993191339,3786109,3786109,-1,False,9.218651342836148,-0.3550189222616707,0.4415512084960937,9.751179726228656,11.510884073919032,11.510884073919032,0.513038,-0.3951953108555885,-0.3872822282212195,,0.0,0.0,0.0,,,0.1754284353650861,0.0053939819335937,0.0054931640625,58963059,True,0.9250936329588015,0.011235955056179775,0.003745318352059925,0.003745318352059925,0.5955056179775281,1.0,0.003745318352059925,0.003745318352059925,,0.6741573033707865,
1277858,1277858,0.6686289053207274,1277858,1277858,-1,False,10.642307942858052,0.3896710509725605,2.452850341796875,10.057801366399213,11.570603316844682,11.436235020261968,0.26083094,-0.0476099966294422,0.045865088678185,,0.0,126279252.6866516,126279252.6866516,-2.540975939760012,-2.540975939760012,0.1389256069473496,0.0120086669921875,0.014892578125,58963059,True,0.7415730337078652,0.7677902621722846,0.7659176029962547,0.6760299625468165,0.5149812734082397,0.3970037453183521,0.44756554307116103,0.38202247191011235,,0.6254681647940075,0.4473684210526316
1265641,1265641,0.6333589901836453,1265641,1265641,-1,False,10.453076042484048,0.3081872870749108,2.033233642578125,9.990795111871682,11.675111991964569,11.630322559770333,0.27129966,-0.0520472713159423,0.0197307823976044,,0.0,149460951.24748617,149460951.24748617,-2.2785483004783926,-2.2785483004783926,0.2025312063193307,0.0118865966796875,0.0140228271484375,59077734,True,0.34831460674157305,0.6666666666666666,0.5131086142322098,0.5131086142322098,0.6947565543071161,0.5131086142322098,0.4044943820224719,0.2303370786516854,,0.7228464419475655,0.7669172932330827
139676,139676,0.6177370286401197,139676,139676,-1,False,9.578313365891256,-0.2096956326109235,0.6170272827148438,9.89285681480764,11.242147480753609,11.301866723679256,0.15853179,0.1629461248338746,0.1815711005920234,,0.0,0.0,33473.51953125,,-5.053611987783816,0.0,0.019500732421875,0.020355224609375,59411473,True,0.18352059925093633,0.42696629213483145,0.0299625468164794,0.018726591760299626,0.36142322097378277,0.003745318352059925,0.9962546816479401,0.9775280898876404,,0.013108614232209739,0.018796992481203006
5119,5119,0.6427715549490975,5119,5119,-1,False,10.52956072910122,0.4049343072186395,2.54058837890625,9.92215926827326,11.704971613427396,11.704971613427396,0.22719193,-0.0426716612508377,0.0197307823976044,,0.0,0.0,113315800.0,,-2.475270259887369,0.0039539110433776,0.01214599609375,0.0140228271484375,59411473,True,0.45318352059925093,0.5093632958801498,0.6292134831460674,0.7247191011235955,0.7490636704119851,0.11235955056179775,0.4850187265917603,0.2303370786516854,,0.12734082397003746,0.5488721804511278
51474,51474,0.6135802877116582,51474,51474,-1,False,11.344051032413851,1.0468429294967567,11.138916015625,9.77378663816872,11.585533127576094,11.466094641724794,0.3078042,-0.0005851356224662,0.0734486103102735,,0.0,5329350490.196078,5329350490.196078,-1.617376749412068,-1.617376749412068,0.6804681895289981,0.0133819580078125,0.015869140625,59411473,True,0.1348314606741573,0.09737827715355805,1.0,1.0,0.5449438202247191,0.8838951310861424,0.7116104868913857,0.5468164794007491,,0.9700374531835206,0.9887218045112782
2604197,2604197,0.6674939213376935,2604197,2604197,-1,False,10.677188919921866,0.3257530611710147,2.117156982421875,10.188559328165343,11.331726345142082,11.391445588067732,0.3046675,0.0498515015091049,0.2249127545345259,,0.0,84948724.33147939,84948724.33147939,-2.748032058434977,-2.748032058434977,0.286035371717575,0.0150299072265625,0.022491455078125,59679411,True,0.7303370786516854,0.8689138576779026,0.8014981273408239,0.5655430711610487,0.4681647940074906,0.8576779026217228,0.9044943820224719,0.9925093632958801,,0.7827715355805244,0.16541353383458646
690249,690249,0.6034784938415919,690249,690249,-1,False,10.46833660782571,0.3327391820316808,2.1514892578125,9.96922783477819,10.928621455393944,10.973410887588182,0.2382116,0.0286181093905577,0.1087243706588167,,0.0,104012621.174271,104012621.174271,-2.451250566856072,-2.451250566856072,0.0133462816563864,0.014312744140625,0.0172119140625,59975999,True,0.06367041198501873,0.6104868913857678,0.5449438202247191,0.5767790262172284,0.11423220973782772,0.1760299625468165,0.8352059925093633,0.7602996254681648,,0.2397003745318352,0.5827067669172933
1406104,1406104,0.6661149855419845,1406104,1406104,-1,False,10.489168722915451,0.2689890392629728,1.857757568359375,10.085685164020992,11.55567350611327,11.585533127576094,0.2600515,-0.0080774631637939,0.0866100563682444,,0.0,79610833.21549773,79610833.21549773,-2.588196553600029,-2.588196553600029,0.0807870775652925,0.013153076171875,0.016357421875,59975999,True,0.7191011235955056,0.7865168539325843,0.5880149812734082,0.44569288389513106,0.6629213483146067,0.3782771535580524,0.6797752808988764,0.6460674157303371,,0.49063670411985016,0.3533834586466165
2687587,2687587,0.6543468626512038,2687587,2687587,-1,True,10.518398340574702,0.3170589777465183,2.0751953125,10.042809873954925,11.25707729148502,10.406078079794508,0.28575462,-0.0802618688680508,0.0620247163717736,-11.44668651196115,3.5753082253505996e-12,95471995.38870037,95471995.38870037,-2.538522341051112,-2.538522341051112,0.2454674174224893,0.011138916015625,0.0154571533203125,62690823,True,0.5880149812734082,0.7528089887640449,0.6142322097378277,0.5430711610486891,0.0449438202247191,0.6554307116104869,0.20411985018726592,0.48314606741573035,0.7301587301587301,0.7565543071161048,0.4548872180451128
717639,717639,0.6098542589930279,717639,717639,-1,True,10.505355484008726,0.500014608598612,3.162384033203125,9.755333571110809,11.331726345142082,11.033130130513833,0.22711185,-0.1129960603033624,-0.0250301984382332,-12.198484372834043,6.331631443339709e-13,129634498.53098293,129634498.53098293,-2.392634891981273,-2.392634891981273,0.1084271322090061,0.0103302001953125,0.0126495361328125,62901910,True,0.10486891385767791,0.04119850187265917,0.6067415730337079,0.8352059925093633,0.13670411985018727,0.10861423220973783,0.06741573033707865,0.052434456928838954,0.3492063492063492,0.5617977528089888,0.650375939849624
154382,154382,0.6590025718223093,154382,154382,-1,True,10.302504750620283,0.248445796377999,1.7719268798828125,9.929836056053286,11.630322559770333,11.675111991964569,0.27902305,-0.0520472713159423,0.1087243706588167,,0.0,46439652.70904035,46439652.70904035,-2.635615787338231,-2.635615787338231,0.1067478547954562,0.0118865966796875,0.0172119140625,62926387,True,0.6329588014981273,0.5393258426966292,0.33146067415730335,0.38202247191011235,0.7209737827715356,0.5805243445692884,0.4044943820224719,0.7602996254681648,,0.5580524344569289,0.2706766917293233
325018,325018,0.6499127719203154,325018,325018,-1,False,9.4636979043733,-0.2103673952845398,0.6160736083984375,9.779248997300112,11.764690856353043,11.749761045621632,0.26921585,0.0498515015091049,0.0611664266024943,,0.0,0.0,30159.6796875,,-4.984271179598973,0.0,0.0150299072265625,0.0154266357421875,64798628,True,0.5355805243445693,0.1198501872659176,0.011235955056179775,0.0149812734082397,0.7883895131086143,0.47191011235955055,0.9044943820224719,0.4794007490636704,,0.013108614232209739,0.022556390977443608
682377,682377,0.7124545366045215,682377,682377,-1,False,9.545180535015948,-0.1669017015034495,0.6809234619140625,9.795533087271124,12.197655367564009,12.152865935369768,0.36531448,-0.1683384692482703,-0.1554163578473391,,0.0,0.0,98217192.0,,-1.5529930213915868,0.0462998312467674,0.00909423828125,0.009368896484375,64798628,True,0.9588014981273408,0.16853932584269662,0.02247191011235955,0.026217228464419477,0.9662921348314607,0.9925093632958801,0.0149812734082397,0.0149812734082397,,0.3970037453183521,0.9924812030075187
53810,53810,0.646345198594246,53810,53810,-1,False,10.899465335236892,0.5900602498102561,3.8909912109375,10.014374960521508,11.481024452456207,11.167498427096543,0.29257634,-0.0388691837098258,0.1040794656130531,-11.659769049656004,2.188925347390552e-12,564901391.2456008,564901391.2456008,-2.1474926909138343,-2.1474926909138343,0.5074586949946592,0.0122528076171875,0.01702880859375,64893996,True,0.4943820224719101,0.700374531835206,0.9213483146067416,0.9176029962546817,0.22284644194756553,0.7228464419475655,0.5112359550561798,0.7453183520599251,0.6507936507936508,0.9026217228464419,0.849624060150376
146543,146543,0.6374250543638406,146543,146543,-1,True,10.487516363984074,0.246102053604464,1.76239013671875,10.11836328357738,12.063287070981294,11.630322559770333,0.30998594,-0.0587893650395258,0.0355081716498196,-11.697861669093593,2.0051105908472163e-12,155561398.2371795,155561398.2371795,-2.2956145259089964,-2.2956145259089964,0.1024763037149746,0.0117034912109375,0.0145416259765625,64914352,True,0.3970037453183521,0.8014981273408239,0.5805243445692884,0.3782771535580524,0.6947565543071161,0.8951310861423221,0.36891385767790263,0.33707865168539325,0.6349206349206349,0.5468164794007491,0.7518796992481203
429,429,0.679367329402015,429,429,-1,True,10.220441196045616,0.2067725290100123,1.60980224609375,9.910282402530598,11.80948028854728,11.749761045621632,0.2603269,-0.070264127173108,0.0220872422315999,-12.996184506756952,1.0088242036169565e-13,49566131.79125817,49566131.79125817,-2.525256168753582,-2.525256168753582,0.0578100220860112,0.0113983154296875,0.01409912109375,65363514,True,0.7902621722846442,0.48314606741573035,0.21722846441947566,0.299625468164794,0.7883895131086143,0.3857677902621723,0.29213483146067415,0.25280898876404495,0.12698412698412698,0.4307116104868914,0.4774436090225564
134041,134041,0.6539438614173496,134041,134041,-1,False,10.388809172455726,0.2991305810506006,1.99127197265625,9.940113300879826,11.436235020261968,11.466094641724794,0.25299355,-0.0767069146510079,0.0135434686883062,,0.0,73129108.2889486,73129108.2889486,-2.524718894635884,-2.524718894635884,0.070222575054366,0.01123046875,0.013824462890625,65619990,True,0.5842696629213483,0.5767790262172284,0.4307116104868914,0.5,0.5449438202247191,0.30337078651685395,0.23782771535580524,0.20037453183520598,,0.47191011235955055,0.48120300751879697
682784,682784,0.691543936038801,682784,682784,-1,False,10.533549684647324,0.0735216825609374,1.1844635009765625,10.423267160805915,11.675111991964569,11.570603316844682,0.31991398,0.0336814834387859,0.111028325568381,,0.0,0.0,104317640.0,,-2.5151919312841216,0.0534210702179221,0.0144805908203125,0.017303466796875,64798628,True,0.8801498127340824,0.9925093632958801,0.6329588014981273,0.0898876404494382,0.6423220973782772,0.9363295880149812,0.8558052434456929,0.7790262172284644,,0.41947565543071164,0.49624060150375937
684934,684934,0.6681414031623797,684934,684934,-1,False,10.567891610628283,0.4942133817196615,3.12042236328125,9.82657153804879,11.719901424158806,11.704971613427396,0.29732358,-0.0814533496754695,0.0004041460852651,,0.0,143818037.78201985,143818037.78201985,-2.4100782515777945,-2.4100782515777945,0.2589065723398106,0.0111083984375,0.0134124755859375,66371631,True,0.7378277153558053,0.2546816479400749,0.6741573033707865,0.8258426966292135,0.7490636704119851,0.7827715355805244,0.19101123595505617,0.14232209737827714,,0.7602996254681648,0.6240601503759399
1373485,1373485,0.6510122956417426,1373485,1373485,-1,False,10.44157488931478,0.1680473827200934,1.47247314453125,10.18950381523464,11.167498427096543,11.227217670022194,0.27068868,0.045865088678185,0.1399178908417606,,0.0,43999473.91316302,43999473.91316302,-2.7981274055098684,-2.7981274055098684,0.015754261790411,0.014892578125,0.01849365234375,66371631,True,0.550561797752809,0.8726591760299626,0.4887640449438202,0.20599250936329588,0.27715355805243447,0.50187265917603,0.8951310861423221,0.898876404494382,,0.250936329588015,0.11278195488721804
5612,5612,0.6969484753478227,5612,5612,-1,False,10.902871583928803,0.4942133817196615,3.12042236328125,10.16155151134931,12.063287070981294,12.04835726024988,0.29990324,0.0111400619905561,0.0962258251598435,,0.0,711312118.9982404,711312118.9982404,-2.050811375864685,-2.050811375864685,0.6171052884799161,0.0137481689453125,0.0167236328125,66629641,True,0.9176029962546817,0.850187265917603,0.9250936329588015,0.8258426966292135,0.9419475655430711,0.8127340823970037,0.7659176029962547,0.7059925093632958,,0.9550561797752809,0.9022556390977443
56230,56230,0.6390757830224267,56230,56230,-1,False,10.394998747273425,0.3567063377885749,2.2735595703125,9.85993924059056,11.391445588067732,11.421305209530558,0.21424416,-0.0481621829490988,0.0304661738043706,,0.0,0.0,44075728.0,,-2.750799252989035,0.0041218054548596,0.011993408203125,0.014373779296875,66629641,True,0.4307116104868914,0.3146067415730337,0.4344569288389513,0.6367041198501873,0.50187265917603,0.06741573033707865,0.4400749063670412,0.30711610486891383,,0.1348314606741573,0.15789473684210525
2679391,2679391,0.6949853270504308,2679391,2679391,-1,False,10.573812864664578,0.2139173702330627,1.636505126953125,10.252936809314985,11.73483123489022,11.764690856353043,0.31843308,0.0485267587984428,0.1297669733983942,,0.0,0.0,102640016.0,,-2.56249615359787,0.03291261055975,0.014984130859375,0.01806640625,66629641,True,0.9063670411985019,0.9063670411985019,0.6779026217228464,0.31086142322097376,0.8033707865168539,0.9288389513108615,0.898876404494382,0.8651685393258427,,0.3333333333333333,0.41729323308270677
1442638,1442638,0.6268365252058251,1442638,1442638,-1,False,10.201669244701003,0.2834595529379753,1.9207000732421875,9.776479915294042,11.301866723679256,11.361585966604906,0.24568865,-0.0696831311240454,0.0572829925427201,,0.0,20512753.002843767,20512753.002843767,-2.889645294049418,-2.889645294049418,0.0451009428379957,0.01141357421875,0.015289306640625,65619990,True,0.2883895131086142,0.11235955056179775,0.20973782771535582,0.4850187265917603,0.41947565543071164,0.2209737827715356,0.301498127340824,0.45880149812734083,,0.3895131086142322,0.07142857142857142
69297,69297,0.605413483466434,69297,69297,-1,False,11.011827516566928,0.5323115369368849,3.406524658203125,10.2133602111616,11.361585966604906,11.227217670022194,0.28452337,-0.0020732963541037,0.1297669733983942,,0.0,491085982.67031175,491085982.67031175,-2.320669978557937,-2.320669978557937,0.4619345592707178,0.013336181640625,0.01806640625,66371631,True,0.0749063670411985,0.8913857677902621,0.9700374531835206,0.8651685393258427,0.27715355805243447,0.6329588014981273,0.704119850187266,0.8651685393258427,,0.8838951310861424,0.7180451127819549
808565,808565,0.6140029010090511,808565,808565,-1,False,10.451280197822156,0.3916925960434225,2.46429443359375,9.863741303757022,11.361585966604906,11.37651577733632,0.19897339,-0.0509336951112064,0.0197307823976044,,0.0,74044175.3374026,74044175.3374026,-2.5817892972649727,-2.5817892972649727,0.0182286104412768,0.0119171142578125,0.0140228271484375,70506744,True,0.14606741573033707,0.3333333333333333,0.5037453183520599,0.6853932584269663,0.4400749063670412,0.03745318352059925,0.4232209737827715,0.2303370786516854,,0.25842696629213485,0.37218045112781956
297376,297376,0.6866315743227543,297376,297376,-1,False,10.097369665479846,0.1968840309342824,1.5735626220703125,9.802043619078422,11.97370820659282,11.988638017324233,0.2697871,-0.0820503181294689,0.0267621472415866,,0.0,31722324.34640523,31722324.34640523,-2.596004664203924,-2.596004664203924,0.0074378489895794,0.0110931396484375,0.014251708984375,70877032,True,0.846441947565543,0.1947565543071161,0.1198501872659176,0.26591760299625467,0.9232209737827716,0.48314606741573035,0.18726591760299627,0.2958801498127341,,0.19101123595505617,0.3383458646616541
6818,6818,0.6470608066618607,6818,6818,-1,True,10.63135218577336,0.394373434691194,2.47955322265625,10.039792033736568,11.585533127576094,9.82381546126942,0.31121847,-0.0281848937762369,0.1470259788398998,-10.953485976754004,1.1130483322374178e-11,185148566.13719207,185148566.13719207,-2.3638318327209613,-2.3638318327209613,0.1615622310172955,0.0125579833984375,0.018798828125,71576298,True,0.5093632958801498,0.7415730337078652,0.7378277153558053,0.6966292134831461,0.0299625468164794,0.9026217228464419,0.5636704119850188,0.9101123595505618,0.9047619047619048,0.6554307116104869,0.6842105263157895
1451575,1451575,0.6649807873984348,1451575,1451575,-1,True,11.00584631975334,0.4894085996606108,3.086090087890625,10.271733420262423,12.16779574610118,11.61539274903892,0.33212906,0.0332236083495595,0.1526298563578984,-12.046904073862123,8.976270387564697e-13,1176166179.612871,1176166179.612871,-1.9353776325454068,-1.9353776325454068,0.32326423872023,0.01446533203125,0.01904296875,72107228,True,0.7116104868913857,0.9363295880149812,0.9662921348314607,0.8052434456928839,0.6779026217228464,0.9775280898876404,0.850187265917603,0.9363295880149812,0.4126984126984127,0.8052434456928839,0.943609022556391
65590,65590,0.6033561670766467,65590,65590,-1,False,10.242819645623154,0.2312815412729037,1.7032623291015625,9.895897333713798,11.242147480753609,11.301866723679256,0.18990204,-0.0334941833944386,0.0463098347302662,,0.0,18091638.103809237,18091638.103809237,-2.9853417538746445,-2.9853417538746445,0.0023109849518908,0.0124053955078125,0.0149078369140625,72648696,True,0.056179775280898875,0.4344569288389513,0.24344569288389514,0.3445692883895131,0.36142322097378277,0.033707865168539325,0.5374531835205992,0.3857677902621723,,0.0898876404494382,0.05639097744360902
759540,759540,0.636711124282444,759540,759540,-1,False,9.800385920965748,0.0317091863676995,1.07574462890625,9.752822141414198,11.212287859290782,11.272007102216431,0.23045176,-0.0208592709952467,0.0954325930089051,,0.0,0.0,1458388.125,,-3.636512801569492,0.0147581131750732,0.0127716064453125,0.016693115234375,72648696,True,0.3857677902621723,0.026217228464419477,0.06367041198501873,0.06741573033707865,0.3333333333333333,0.1198501872659176,0.6273408239700374,0.6966292134831461,,0.24719101123595505,0.03383458646616541
1542414,1542414,0.632163275205445,1542414,1542414,-1,False,10.778497967090422,0.4685144560992955,2.941131591796875,10.075726282941478,11.003270509051006,10.988340698319597,0.28564,-0.0610601910336262,0.0700949683026857,,0.0,330644226.8413776,330644226.8413776,-2.2591370229109127,-2.2591370229109127,0.1862682832061117,0.0116424560546875,0.0157470703125,72997884,True,0.3258426966292135,0.7827715355805244,0.8614232209737828,0.7902621722846442,0.12172284644194757,0.651685393258427,0.3464419475655431,0.5299625468164794,,0.6891385767790262,0.7781954887218046
1568419,1568419,0.6116856779612636,1568419,1568419,-1,True,10.494631618616951,0.227863804271408,1.689910888671875,10.15283591220984,11.182428237827958,10.70467429442276,0.26480675,-0.0633429530930264,0.0485267587984428,-11.78303450942694,1.6480314322747896e-12,101419931.20365134,101419931.20365134,-2.4885083070006884,-2.4885083070006884,0.2210540699129655,0.0115814208984375,0.014984130859375,73199962,True,0.12734082397003746,0.8352059925093633,0.599250936329588,0.3333333333333333,0.06367041198501873,0.4307116104868914,0.3352059925093633,0.4044943820224719,0.5714285714285714,0.7265917602996255,0.5338345864661654
171276,171276,0.602874772643495,171276,171276,-1,False,10.63055895362242,0.562372015825182,3.650665283203125,9.787000929884648,11.212287859290782,11.242147480753609,0.24678752,-0.0862522325572383,0.0168860485457921,,0.0,0.0,115603472.0,,-2.567588075871843,0.1988619823839519,0.010986328125,0.0139312744140625,73320576,True,0.0449438202247191,0.149812734082397,0.7322097378277154,0.8838951310861424,0.30337078651685395,0.23220973782771537,0.16853932584269662,0.20599250936329588,,0.7191011235955056,0.40601503759398494
171673,171673,0.734682944021175,171673,171673,-1,False,9.785361657641122,-0.0329336483533493,0.926971435546875,9.834762130171146,12.302164042683891,12.302164042683891,0.3424063,-0.0281848937762369,-0.0015766759661935,,0.0,0.0,48727320.0,,-2.097589131776314,0.0001740359682173,0.0125579833984375,0.0133514404296875,73320576,True,0.9887640449438202,0.27715355805243447,0.056179775280898875,0.056179775280898875,0.9850187265917603,0.9887640449438202,0.5636704119850188,0.12359550561797752,,0.026217228464419477,0.8872180451127819
789267,789267,0.7090781361721415,789267,789267,-1,False,9.504692944624848,-0.1842757975728722,0.6542205810546875,9.781106640984156,11.869199531472931,11.884129342204345,0.33198464,-0.1930763341371605,-0.1611121048222205,,0.0,0.0,440852.59375,,-3.860399544323597,0.000310851147956,0.0085906982421875,0.009246826171875,73320576,True,0.947565543071161,0.12734082397003746,0.0149812734082397,0.02247191011235955,0.8651685393258427,0.9737827715355806,0.00749063670411985,0.009363295880149813,,0.033707865168539325,0.03007518796992481
789289,789289,0.64428074205663,789289,789289,-1,False,9.78951099954118,0.0247230655070335,1.0585784912109375,9.75242640128063,11.988638017324233,11.943848585129992,0.29777703,-0.0459576376980653,-0.0095915651572644,,0.0,0.0,95624504.0,,-1.8089418040396037,0.0132885061133114,0.012054443359375,0.0131072998046875,73320576,True,0.47191011235955055,0.02247191011235955,0.0599250936329588,0.06367041198501873,0.8932584269662921,0.797752808988764,0.45692883895131087,0.09176029962546817,,0.23220973782771537,0.9699248120300752
75753,75753,0.6016829810267675,75753,75753,-1,False,10.633723226140775,0.4016615375339787,2.521514892578125,10.031230919839809,11.167498427096543,11.152568616365132,0.23810837,-0.0714284562402138,0.0572829925427201,,0.0,123229029.19180492,123229029.19180492,-2.54301019905303,-2.54301019905303,0.4238658233099228,0.0113677978515625,0.015289306640625,73667903,True,0.03745318352059925,0.7340823970037453,0.7490636704119851,0.7153558052434457,0.20786516853932585,0.17228464419475656,0.27340823970037453,0.45880149812734083,,0.8651685393258427,0.44360902255639095
6334,6334,0.7161295565286975,6334,6334,-1,True,10.269148584345505,0.2418511764508055,1.7452239990234375,9.906371819669294,12.152865935369768,12.16779574610118,0.27668592,-0.0587893650395258,0.006292975048368,,0.0,56505390.24203432,56505390.24203432,-2.5170587057169955,-2.5170587057169955,0.0282405390864681,0.0117034912109375,0.0135955810546875,73997124,True,0.9737827715355806,0.4681647940074906,0.2808988764044944,0.36891385767790263,0.9700374531835206,0.5692883895131086,0.36891385767790263,0.1647940074906367,,0.299625468164794,0.4924812030075188
769618,769618,0.6520426553405002,769618,769618,-1,True,10.82301122205569,0.3342765092366099,2.15911865234375,10.321596458200776,11.540743695381856,11.033130130513833,0.27500212,0.0121030213249989,0.1512356513662931,-11.23756652836885,5.786733361934406e-12,255608728.86814985,255608728.86814985,-2.4154355414482733,-2.4154355414482733,0.225753103810259,0.0137786865234375,0.01898193359375,74192769,True,0.5543071161048689,0.9625468164794008,0.8726591760299626,0.5805243445692884,0.13670411985018727,0.550561797752809,0.7715355805243446,0.9269662921348315,0.8095238095238095,0.7378277153558053,0.6165413533834586
73351,73351,0.6182077740095974,73351,73351,-1,False,10.38463323180159,0.2974634216831376,1.983642578125,9.938438099276883,12.018497638787055,11.824410099278694,0.2463822,-0.0874602847462064,-0.0100974411398013,,0.0,119416249.8232466,119416249.8232466,-2.307569803430486,-2.307569803430486,0.030132060098608,0.010955810546875,0.013092041015625,74934949,True,0.1947565543071161,0.5730337078651685,0.41947565543071164,0.4943820224719101,0.8426966292134831,0.22846441947565543,0.1647940074906367,0.08426966292134831,,0.30711610486891383,0.7368421052631579
376593,376593,0.6373428868167499,376593,376593,-1,False,10.1718962927316,0.2716561580768521,1.86920166015625,9.764412055616322,11.45116483099338,11.481024452456207,0.2387529,-0.0761172411294552,0.0276911197495984,,0.0,34620036.666509554,34620036.666509554,-2.6325687692253186,-2.6325687692253186,0.0267241480290967,0.0112457275390625,0.0142822265625,76181526,True,0.39325842696629215,0.0599250936329588,0.18726591760299627,0.45318352059925093,0.5636704119850188,0.1797752808988764,0.24531835205992508,0.30337078651685395,,0.2883895131086142,0.2781954887218045
1533565,1533565,0.6916868491770868,1533565,1533565,-1,True,10.272330243131693,0.3380961862941865,2.178192138671875,9.765185963690412,12.09314669244412,12.063287070981294,0.29350084,-0.1015999243983928,0.0220872422315999,,0.0,88608992.52529538,88608992.52529538,-2.3248524444282013,-2.3248524444282013,0.0567449878493567,0.0106048583984375,0.01409912109375,79882130,True,0.8838951310861424,0.06367041198501873,0.2883895131086142,0.5917602996254682,0.947565543071161,0.7303370786516854,0.10674157303370786,0.25280898876404495,,0.42696629213483145,0.7142857142857143
813496,813496,0.6301922653218894,813496,813496,-1,True,10.863383238161507,0.5573512144501312,3.60870361328125,10.027356416486311,11.49595426318762,11.361585966604906,0.26832327,-0.0714284562402138,0.1140813749213224,-13.067861497388275,8.55339449159738e-14,353215880.70324284,353215880.70324284,-2.31534301679295,-2.31534301679295,0.5090968091301858,0.0113677978515625,0.017425537109375,80372962,True,0.3146067415730337,0.7191011235955056,0.8913857677902621,0.8801498127340824,0.41947565543071164,0.46441947565543074,0.27340823970037453,0.7921348314606742,0.1111111111111111,0.9063670411985019,0.7218045112781954
4107179,4107179,0.6215625423296004,4107179,4107179,-1,False,10.850657475810076,0.6322263892813808,4.2877197265625,9.902317891888003,11.331726345142082,10.809182969542643,0.30167207,-0.0454082454908302,0.1001703979801726,-11.894007026698445,1.2764181567459694e-12,279705494.4774384,279705494.4774384,-2.4039564781629137,-2.4039564781629137,0.4114773243556779,0.0120697021484375,0.016876220703125,80606632,True,0.250936329588015,0.45692883895131087,0.8838951310861424,0.951310861423221,0.07116104868913857,0.8389513108614233,0.46254681647940077,0.7340823970037453,0.49206349206349204,0.8576779026217228,0.6278195488721805
774849,774849,0.6719565437540477,774849,774849,-1,False,10.47746797142644,0.3937047748487077,2.475738525390625,9.88691080915338,11.943848585129992,11.899059152935756,0.2706359,-0.0679447919843383,0.0135434686883062,,0.0,154341308.83924082,154341308.83924082,-2.2889857926095,-2.2889857926095,0.0460084538634876,0.0114593505859375,0.013824462890625,80977134,True,0.7677902621722846,0.40074906367041196,0.5617977528089888,0.6891385767790262,0.8707865168539326,0.4943820224719101,0.31647940074906367,0.20037453183520598,,0.39325842696629215,0.7556390977443609
72262,72262,0.6794855734606449,72262,72262,-1,False,10.369692882008652,0.3288718859347618,2.132415771484375,9.87638505310651,11.645252370501746,11.316796534410669,0.30021977,-0.1066279919289563,0.0345957879489072,-12.12721137261379,7.460855476344783e-13,78695766.16704375,78695766.16704375,-2.4737415140682817,-2.4737415140682817,0.1725263944706654,0.0104827880859375,0.0145111083984375,81400135,True,0.7940074906367042,0.36329588014981273,0.3970037453183521,0.5692883895131086,0.37640449438202245,0.8202247191011236,0.09363295880149813,0.3258426966292135,0.38095238095238093,0.6704119850187266,0.5526315789473685
64391,64391,0.6151488291360955,64391,64391,-1,False,10.956280186680408,0.5968198334575527,3.9520263671875,10.061050436494078,11.869199531472931,11.331726345142082,0.2597701,-0.0509336951112064,0.1216213990658051,-11.8706882585068,1.3468267746589701e-12,2171759128.33082,2171759128.33082,-1.6194685310664103,-1.6194685310664103,0.1955428447199472,0.0119171142578125,0.017730712890625,81807783,True,0.15355805243445692,0.7715355805243446,0.951310861423221,0.9213483146067416,0.39325842696629215,0.37453183520599254,0.4232209737827715,0.8183520599250936,0.5079365079365079,0.7153558052434457,0.9849624060150376
61127,61127,0.6699223508183056,61127,61127,-1,True,10.63842682246272,0.1407680889553509,1.3828277587890625,10.427274689029693,11.421305209530558,11.406375398799144,0.29274037,0.04541988671003,0.125342882693565,-14.221385374589548,6.006405179003806e-15,127041808.56036323,127041808.56036323,-2.534480154742772,-2.534480154742772,0.1270197593302371,0.0148773193359375,0.01788330078125,83016374,True,0.7490636704119851,0.9962546816479401,0.7584269662921348,0.149812734082397,0.4887640449438202,0.7265917602996255,0.8913857677902621,0.846441947565543,0.031746031746031744,0.6142322097378277,0.462406015037594
750387,750387,0.6231832383440952,750387,750387,-1,True,10.45545900858287,0.3106248677411085,2.044677734375,9.989521706971209,11.55567350611327,11.481024452456207,0.2696504,-0.0520472713159423,0.0253649519928358,,0.0,106910333.49437532,106910333.49437532,-2.4264393243030518,-2.4264393243030518,0.0673753484876555,0.0118865966796875,0.0142059326171875,83068673,True,0.26591760299625467,0.6591760299625468,0.5168539325842697,0.5243445692883895,0.5636704119850188,0.4756554307116105,0.4044943820224719,0.28277153558052437,,0.45692883895131087,0.6127819548872181
359382,359382,0.6580374234559165,359382,359382,-1,False,10.23990164260594,0.2083134927150642,1.6155242919921875,9.927431403533346,11.73483123489022,11.749761045621632,0.2696873,-0.0604913704128168,0.043634500919498,,0.0,39424138.67089304,39424138.67089304,-2.64413942886282,-2.64413942886282,0.0083765937340516,0.01165771484375,0.0148162841796875,83288130,True,0.6179775280898876,0.5318352059925093,0.2303370786516854,0.30337078651685395,0.7883895131086143,0.4794007490636704,0.3539325842696629,0.37453183520599254,,0.19850187265917604,0.2593984962406015
1506631,1506631,0.6094104634168761,1506631,1506631,-1,False,10.29953737804794,0.1802505848114535,1.514434814453125,10.029161500830758,11.212287859290782,11.212287859290782,0.2424227,-0.0691029112890403,-0.001080622820426,,0.0,62910859.5812123,62910859.5812123,-2.5008117588488346,-2.5008117588488346,0.004435613613392,0.0114288330078125,0.01336669921875,83288130,True,0.10112359550561797,0.7228464419475655,0.32209737827715357,0.2303370786516854,0.25842696629213485,0.20224719101123595,0.31086142322097376,0.12921348314606743,,0.13857677902621723,0.518796992481203
168374,168374,0.6483397759946641,168374,168374,-1,True,10.690531271026186,0.3065545991298075,2.025604248046875,10.230699372331475,11.286936912947844,11.077919562708068,0.27145818,-0.0421264075923944,0.0882275423418636,-12.298535397046606,5.028802770679997e-13,153426241.79078683,153426241.79078683,-2.5046316239931183,-2.5046316239931183,0.5655616789755166,0.0121612548828125,0.01641845703125,83637371,True,0.5243445692883895,0.898876404494382,0.8127340823970037,0.5093632958801498,0.16292134831460675,0.5168539325842697,0.49063670411985016,0.6554307116104869,0.2698412698412698,0.9438202247191011,0.5112781954887218
6399,6399,0.6527093123761406,6399,6399,-1,False,10.125567737681145,0.1802505848114535,1.514434814453125,9.855191860463965,11.510884073919032,11.510884073919032,0.30329242,0.0281548618992715,0.0866100563682444,,0.0,0.0,166847216.0,,-1.903248773234683,0.0308883446147679,0.0142974853515625,0.016357421875,84415698,True,0.5692883895131086,0.30337078651685395,0.13108614232209737,0.2303370786516854,0.5955056179775281,0.846441947565543,0.8314606741573034,0.6460674157303371,,0.31835205992509363,0.9473684210526315
66449,66449,0.6597457439161772,66449,66449,-1,False,10.378293053770571,0.278689420808056,1.89971923828125,9.960258922558488,11.19735804855937,11.25707729148502,0.28716362,0.0300048944387501,0.1363197386782139,,0.0,0.0,60013148.0,,-2.60004664541522,0.1888825418465555,0.0143585205078125,0.018341064453125,84415698,True,0.6479400749063671,0.5955056179775281,0.40823970037453183,0.47191011235955055,0.32209737827715357,0.6779026217228464,0.8389513108614233,0.8801498127340824,,0.6966292134831461,0.32706766917293234
761509,761509,0.680198273787178,761509,761509,-1,False,10.687756216971415,0.2026363598233737,1.59454345703125,10.383801677236354,11.525813884650445,11.570603316844682,0.29545802,0.0784310108292134,0.1148412954684986,,0.0,195824348.36915532,195824348.36915532,-2.39588952692542,-2.39588952692542,0.169471379912742,0.01605224609375,0.0174560546875,84415698,True,0.797752808988764,0.9812734082397003,0.8052434456928839,0.2902621722846442,0.6423220973782772,0.7565543071161048,0.9569288389513109,0.797752808988764,,0.6666666666666666,0.6390977443609023
5807583,5807583,0.603265189731833,5807583,5807583,-1,False,10.659727493371172,0.4506917977793147,2.8228759765625,9.9836897967022,11.45116483099338,11.45116483099338,0.22410733,-0.0437642265614105,0.079255881888021,,0.0,133447277.89954124,133447277.89954124,-2.534417774035698,-2.534417774035698,0.0667904629427267,0.012115478515625,0.016082763671875,85104252,True,0.04868913857677903,0.6479400749063671,0.7827715355805244,0.7752808988764045,0.5262172284644194,0.08614232209737828,0.4794007490636704,0.5936329588014981,,0.45318352059925093,0.46616541353383456
794862,794862,0.6183361170396101,794862,794862,-1,True,10.310043320492284,0.3682115001938997,2.3345947265625,9.757726070201434,11.600462938307508,11.436235020261968,0.23407215,-0.1136380330468708,-0.0329603240993055,,0.0,55056534.08198215,55056534.08198215,-2.569234452273466,-2.569234452273466,0.0304799686132346,0.01031494140625,0.012420654296875,86049352,True,0.19850187265917604,0.0449438202247191,0.3408239700374532,0.651685393258427,0.5149812734082397,0.15730337078651685,0.06367041198501873,0.04119850187265917,,0.31086142322097376,0.39473684210526316
10223610,10223610,0.6176055146725293,10223610,10223610,-1,True,10.162084571506908,0.272541570171307,1.873016357421875,9.753272216249949,11.242147480753609,10.211990540286145,0.25949222,-0.1387640502673444,-0.0287129114484563,-11.158300103005796,6.945442128516575e-12,32980541.53802948,32980541.53802948,-2.643826789056895,-2.643826789056895,0.1187469094824708,0.009735107421875,0.012542724609375,86226173,True,0.1797752808988764,0.0299625468164794,0.16853932584269662,0.45692883895131087,0.033707865168539325,0.3707865168539326,0.0299625468164794,0.0449438202247191,0.8571428571428571,0.5880149812734082,0.2631578947368421
6301,6301,0.6267726950901156,6301,6301,-1,True,10.91869614403444,0.5219765629809057,3.326416015625,10.135731299563082,11.913988963667167,11.585533127576094,0.28390417,-0.0415818376377773,0.0914445532138613,-11.986463964122944,1.0316586784616266e-12,528908754.00641024,528908754.00641024,-2.195315388917108,-2.195315388917108,0.3943023614772102,0.012176513671875,0.01654052734375,86570273,True,0.2846441947565543,0.8202247191011236,0.9363295880149812,0.8576779026217228,0.6629213483146067,0.6292134831460674,0.4943820224719101,0.6647940074906367,0.42857142857142855,0.8426966292134831,0.8270676691729323
372258,372258,0.6469758089981922,372258,372258,-1,True,10.700106655357844,0.4399972756179776,2.75421142578125,10.040110741930878,11.540743695381856,11.152568616365132,0.24167457,-0.0559674286527706,0.0511722155991213,-12.572759979077237,2.674484103669875e-13,172032605.10935143,172032605.10935143,-2.4644958893973605,-2.4644958893973605,0.0995069282325423,0.01177978515625,0.01507568359375,87060753,True,0.50187265917603,0.7453183520599251,0.8239700374531835,0.7602996254681648,0.20786516853932585,0.19101123595505617,0.3857677902621723,0.4250936329588015,0.1746031746031746,0.5393258426966292,0.575187969924812
75441,75441,0.6283978052976779,75441,75441,-1,False,10.73828964525565,0.2288430481629583,1.6937255859375,10.395025073011212,10.824112780274058,10.868902212468294,0.30460978,0.0445281112798451,0.1567858161290561,,0.0,138480146.66603822,138480146.66603822,-2.5969021304214044,-2.5969021304214044,0.5037417905164681,0.0148468017578125,0.01922607421875,87581506,True,0.30711610486891383,0.9850187265917603,0.8426966292134831,0.3408239700374532,0.08614232209737828,0.8539325842696629,0.8876404494382022,0.9419475655430711,,0.898876404494382,0.33458646616541354
176704,176704,0.6385286141720474,176704,176704,-1,False,10.286585290446304,0.3365723444434096,2.170562744140625,9.78172677378119,11.37651577733632,11.421305209530558,0.2324385,-0.019305442926625,0.047197962814631,,0.0,0.0,32484880.0,,-2.7749040236371765,0.0011848315242962,0.0128173828125,0.0149383544921875,88418734,True,0.4157303370786517,0.1348314606741573,0.299625468164794,0.5842696629213483,0.50187265917603,0.14232209737827714,0.6441947565543071,0.398876404494382,,0.056179775280898875,0.13533834586466165
73661,73661,0.6716468067631327,73661,73661,-1,False,10.46833660782571,0.3990254476081192,2.506256103515625,9.869798436413532,11.540743695381856,11.49595426318762,0.28833172,-0.0627711367077154,0.0633089789593937,,0.0,90896660.14643036,90896660.14643036,-2.5097886817723136,-2.5097886817723136,0.1089082880195757,0.0115966796875,0.0155029296875,88447314,True,0.7602996254681648,0.34831460674157305,0.5449438202247191,0.704119850187266,0.5805243445692884,0.6891385767790262,0.3408239700374532,0.49063670411985016,,0.5655430711610487,0.5037593984962406
64105,64105,0.7043249407385668,64105,64105,-1,False,10.37185894376516,0.313853837871307,2.0599365234375,9.9010781869582,12.09314669244412,12.108076503175532,0.2870654,-0.1117149547080051,-0.0404947419965631,,0.0,84948724.33147939,84948724.33147939,-2.442702082278272,-2.442702082278272,0.0855376552127269,0.0103607177734375,0.01220703125,88984019,True,0.9438202247191011,0.45318352059925093,0.40074906367041196,0.5299625468164794,0.9569288389513109,0.6741573033707865,0.0749063670411985,0.03745318352059925,,0.5168539325842697,0.5902255639097744
361487,361487,0.6423251547812795,361487,361487,-1,True,10.23990164260594,0.313853837871307,2.0599365234375,9.769120885798982,11.80948028854728,11.227217670022194,0.24851435,-0.1117149547080051,-0.0040654763698882,,0.0,46592163.88378268,46592163.88378268,-2.5715887617142084,-2.5715887617142084,0.1140910162574427,0.0103607177734375,0.013275146484375,89022596,True,0.449438202247191,0.0749063670411985,0.2303370786516854,0.5299625468164794,0.27715355805243447,0.24719101123595505,0.0749063670411985,0.10861423220973783,,0.5767790262172284,0.38345864661654133
735584,735584,0.6998065777049812,735584,735584,-1,False,10.182049093633593,0.1629546203392377,1.4553070068359375,9.937617163124736,12.018497638787055,12.04835726024988,0.27916288,-0.0448595473990132,0.032306407413286,,0.0,43236918.03945136,43236918.03945136,-2.5461943640915075,-2.5461943640915075,0.002933450172638,0.0120849609375,0.014434814453125,90006227,True,0.9325842696629213,0.5692883895131086,0.1947565543071161,0.18726591760299627,0.9419475655430711,0.5842696629213483,0.4700374531835206,0.31647940074906367,,0.09737827715355805,0.4398496240601504
5647818,5647818,0.659300943594705,5647818,5647818,-1,False,10.418910904678835,0.1383653471037863,1.3751983642578125,10.211362884023156,11.301866723679256,11.361585966604906,0.26451626,0.005805277656406,0.1033004618492033,,0.0,53455166.74718766,53455166.74718766,-2.690921216062997,-2.690921216062997,0.0955383937298988,0.013580322265625,0.016998291015625,90293649,True,0.6367041198501873,0.8876404494382022,0.4681647940074906,0.13857677902621723,0.41947565543071164,0.42696629213483145,0.7528089887640449,0.7415730337078652,,0.5318352059925093,0.20676691729323307
805018,805018,0.6186872361765806,805018,805018,-1,False,10.494088410939002,0.1437529425048131,1.392364501953125,10.27845899718178,10.85397240173688,10.824112780274058,0.252758,0.0993843444046733,0.1796133460434919,,0.0,0.0,126279248.0,,-2.3927564239591037,0.0687262867340659,0.016845703125,0.020263671875,90952621,True,0.20599250936329588,0.9438202247191011,0.5955056179775281,0.15355805243445692,0.07677902621722846,0.2958801498127341,0.9850187265917603,0.9737827715355806,,0.46441947565543074,0.6466165413533834
