HaloCatalogueIndex,TrackId_sample,DoR,track_id,TrackId_SOAP,DescendantTrackId,IsCentral,logM,logR,r50_kpc,compactness,age_mass_gyr,age_lum_gyr,MgFe,logZstar_rel,logZstar_loc,log_ssfr,ssfr,bh_mass_raw,bh_mass_corr,log_bh_ratio_raw,log_bh_ratio_corr,exsitu_frac,sigma,log_sigma,Zstar_raw,Z_local_raw,HostHaloIndex,matched_to_SOAP,fexsitu_limited
775921,775921,0.6014065745857468,775921,775921,-1,True,10.218907488217742,0.2604334539681036,1.8215179443359373,9.828257307265586,11.01820031978242,10.465797322720158,0.23235893,-0.1181586112206836,0.0008979431616618,-11.336412201386898,4.608799325010088e-12,32256113.458003394,32256113.458003394,-2.710295450193521,-2.710295450193521,0.1131468234075399,63.642345,1.8037462,0.0102081298828125,0.013427734375,547161,True,0.0440404365581183
809503,809503,0.6315994382294959,809503,809503,-1,False,10.61766614837046,0.1915876911243339,1.5544891357421875,10.330284611683958,11.01820031978242,11.048059941245246,0.27943936,0.0220872422315999,0.1155998886428644,,0.0,102792531.77633232,102792531.77633232,-2.60570458552198,-2.60570458552198,0.1029851858657342,83.51956,1.9217882,0.01409912109375,0.017486572265625,2235781,True,5.416687838189796e-05
25311,25311,0.6061328658656949,25311,25311,-1,False,10.30081159260084,0.3218227675425823,2.09808349609375,9.818077441286968,11.13763880563372,11.182428237827958,0.22045028,-0.0208592709952467,0.0776045700814312,,0.0,39500394.25826421,39500394.25826421,-2.7042101622064285,-2.7042101622064285,0.0464940737397985,61.99852,1.7923814,0.0127716064453125,0.016021728515625,2359176,True,0.0384706293418084
83700,83700,0.6566717963671045,83700,83700,-1,False,9.919921235063748,0.1129389950905936,1.2969970703125,9.750512742427857,11.421305209530558,11.481024452456207,0.20959383,0.0008979431616618,0.1427751016862415,,0.0,0.0,8035432.5,,-3.0149119778214617,0.0003772384886386,43.533066,1.6388193,0.013427734375,0.01861572265625,2695320,True,0.0
2860534,2860534,0.647990293420894,2860534,2860534,-1,False,10.350453524022983,0.2627013154239257,1.8310546875,9.956401550887094,11.406375398799144,11.391445588067732,0.27481624,-0.0229397275817191,0.0445281112798451,,0.0,0.0,96082040.0,,-2.367811308652512,0.2881811439618938,69.82156,1.8439896,0.0127105712890625,0.0148468017578125,2695320,True,0.0011658214009211
8002,8002,0.6010852373195695,8002,8002,-1,True,10.257122622642962,0.3226116769001235,2.101898193359375,9.773205107292776,10.794253158811232,8.793658520801959,0.27077803,-0.1554163578473391,-0.0415818376377773,-10.877385299756089,1.3262173348879982e-11,45829608.01007102,45829608.01007102,-2.5959764799910445,-2.5959764799910445,0.1251986484079936,59.412167,1.7738755,0.009368896484375,0.012176513671875,3821235,True,0.0905803224458117
1874277,1874277,0.6267316195050473,1874277,1874277,-1,False,10.296549590958346,0.2812978039155842,1.911163330078125,9.87460288508497,11.06298975197666,11.077919562708068,0.24378198,-0.0345638747773507,0.1216213990658051,,0.0,48956087.09228884,48956087.09228884,-2.6067428922403137,-2.6067428922403137,0.0844652599396453,64.98703,1.8128268,0.0123748779296875,0.017730712890625,4449184,True,0.0
17066,17066,0.6137409075294514,17066,17066,-1,True,10.896032159398498,0.6164893602507066,4.1351318359375,9.97129811902244,11.421305209530558,10.89876183393112,0.29746687,-0.0399522129042691,0.1201238304029106,-11.531596766944796,2.9403784628995258e-12,445942674.9465812,445942674.9465812,-2.2467531247995143,-2.2467531247995143,0.5386319723018472,108.848625,2.036823,0.0122222900390625,0.017669677734375,4539183,True,0.3876626250884026
552,552,0.6904961368601793,552,552,-1,False,10.522999502314017,0.3380961862941865,2.178192138671875,10.015855222872736,12.40667271780378,12.346953474878132,0.3106587,-0.0673668883968645,0.0018838561433129,,0.0,0.0,258963968.0,,-2.10976016135006,0.0414570605295741,76.01982,1.8809268,0.011474609375,0.013458251953125,4778400,True,0.0267097013925787
553,553,0.7124777848063014,553,553,-1,False,10.647683893684064,0.5862112336393396,3.856658935546875,9.768367043225052,12.242444799758244,12.242444799758244,0.32596877,-0.0772973899043118,-0.0005851356224662,,0.0,0.0,351995776.0,,-2.101146441770983,0.6524647899751719,106.31481,2.026594,0.0112152099609375,0.0133819580078125,4778400,True,0.3308760589453824
71883,71883,0.6492821745148009,71883,71883,-1,False,10.452478252325102,0.44951643987138,2.81524658203125,9.778203592518032,11.704971613427396,11.719901424158806,0.2522741,-0.0856494642690777,0.0800791892092866,,0.0,0.0,122466472.0,,-2.3644610454075266,0.0821560822066811,89.25353,1.9506254,0.0110015869140625,0.01611328125,4778400,True,0.0
72033,72033,0.6611736134081211,72033,72033,-1,False,10.620112884317548,0.2062576570090996,1.6078948974609375,10.3107263988039,11.540743695381856,11.570603316844682,0.27692795,0.0336814834387859,0.1312317116566679,,0.0,127956875.60881723,127956875.60881723,-2.513049257175687,-2.513049257175687,0.1635349340001289,95.76849,1.9812226,0.0144805908203125,0.01812744140625,4778400,True,0.0176660068954803
74170,74170,0.6329071544436423,74170,74170,-1,False,10.616027299324177,0.4588314239181125,2.87628173828125,9.927780163447007,11.510884073919032,11.540743695381856,0.20341301,0.0048282367900942,0.1079536615268206,,0.0,0.0,201924784.0,,-2.310837672337646,0.5129623940353314,87.012375,1.939581,0.0135498046875,0.017181396484375,4778400,True,0.0
74285,74285,0.6951509463023098,74285,74285,-1,False,9.618891239399764,-0.1218747316901304,0.75531005859375,9.801703336934962,11.80948028854728,11.824410099278694,0.32939854,-0.0377888486206382,-0.014165803274214,,0.0,0.0,130397048.0,,-1.5036234796896175,0.0129384874437614,29.796625,1.4741672,0.0122833251953125,0.012969970703125,4778400,True,0.0
100031,100031,0.6839624251195557,100031,100031,-1,False,10.32952895795844,0.3426358912040699,2.201080322265625,9.815575121152335,11.913988963667167,11.899059152935756,0.29810354,-0.0487150722432542,0.0422906283198868,,0.0,0.0,98217192.0,,-2.3373414443340788,0.0404414265660783,69.29959,1.8407307,0.0119781494140625,0.0147705078125,4778400,True,0.0
798108,798108,0.638630359266431,798108,798108,-1,False,10.153239164279002,0.234189774117586,1.7147064208984375,9.801954503102625,11.49595426318762,11.540743695381856,0.20472619,-0.0784807543473788,0.0130638502166965,,0.0,0.0,22228504.0,,-2.8063289290387305,0.0280146804598898,54.123394,1.7333851,0.0111846923828125,0.0138092041015625,4778400,True,0.0
1977002,1977002,0.6153248005596197,1977002,1977002,-1,False,10.142991629597883,0.2418511764508055,1.7452239990234375,9.780214864921676,11.25707729148502,11.316796534410669,0.23348203,-0.0599232938348891,-0.009086277744939,,0.0,0.0,23906126.0,,-2.764482425424269,0.030494854050033,54.293526,1.7347481,0.0116729736328125,0.01312255859375,4778400,True,0.0
3028815,3028815,0.6531510103884934,3028815,3028815,-1,False,10.63055895362242,0.2021165578679593,1.5926361083984375,10.327384116820484,11.048059941245246,11.107779184170894,0.3014883,0.0654410130984035,0.1969233140496728,,0.0,0.0,88303968.0,,-2.6845787342828458,0.2788978616997826,90.13539,1.9548954,0.0155792236328125,0.021087646484375,4778400,True,0.0003440083735457
97114,97114,0.6621051872474024,97114,97114,-1,False,10.56651362592308,0.3717452420815801,2.353668212890625,10.008895762800709,11.958778395861406,11.943848585129992,0.26774526,-0.0679447919843383,0.0197307823976044,,0.0,124601629.76448593,124601629.76448593,-2.470989903077503,-2.470989903077503,0.22419576246061,87.392,1.9414717,0.0114593505859375,0.0140228271484375,4778400,True,0.0
9659,9659,0.6204142004366383,9659,9659,-1,False,10.127468373020578,0.1736368354442053,1.491546630859375,9.86701311985427,11.212287859290782,11.25707729148502,0.20473245,-0.0778886690724362,0.0187846066815143,,0.0,26841966.754650574,26841966.754650574,-2.698654038893269,-2.698654038893269,0.0082672322939537,58.703556,1.7686645,0.011199951171875,0.0139923095703125,5088026,True,0.0
496129,496129,0.6820498448598892,496129,496129,-1,True,10.065757895701264,0.1646588520169612,1.461029052734375,9.81876961767582,11.85426972074152,11.80948028854728,0.25371316,-0.0802618688680508,0.0082383063274051,,0.0,27108861.31044966,27108861.31044966,-2.632646619986301,-2.632646619986301,0.0446381190009931,66.28319,1.8214034,0.011138916015625,0.0136566162109375,5102703,True,0.0080575614524351
77613,77613,0.616261287245523,77613,77613,-1,True,10.177566014011983,0.1549119000838237,1.4286041259765625,9.94519816388625,11.152568616365132,10.719604105154168,0.23088479,-0.0947800279367029,0.0413923974269865,-11.524249515473898,2.9905459827361418e-12,21542203.432354517,21542203.432354517,-2.8442758912073494,-2.8442758912073494,0.0746418575908398,56.883404,1.7549856,0.010772705078125,0.014739990234375,5252239,True,0.0119252489079682
16955,16955,0.6093009881349091,16955,16955,-1,False,10.561888507855103,0.4673864178497695,2.933502197265625,9.86080888108045,11.09284937343948,10.674814672959933,0.24687234,-0.1009754893779446,0.0239632472303552,,0.0,134972389.64696455,134972389.64696455,-2.431643570844117,-2.431643570844117,0.2729268093245872,86.08528,1.9349289,0.0106201171875,0.01416015625,5854109,True,0.0523338824951544
23328,23328,0.6325683073057371,23328,23328,-1,False,10.170180841593082,0.2026363598233737,1.59454345703125,9.86622630185802,11.182428237827958,11.19735804855937,0.25621098,0.0776045700814312,0.1370417579332989,,0.0,0.0,166542192.0,,-1.9486565651230936,0.696472891649774,69.85527,1.8441992,0.016021728515625,0.01837158203125,6227203,True,0.4330016836942221
100221,100221,0.7144579189526166,100221,100221,-1,False,10.163250463433696,0.1298494961812566,1.3484954833984375,9.968476219161811,12.123006313906943,12.123006313906943,0.30900544,0.024430985005135,0.0662909047236534,,0.0,0.0,86473832.0,,-2.2263657587129595,0.0021962121928284,61.45301,1.7885432,0.0141754150390625,0.0156097412109375,6227203,True,0.0
229037,229037,0.627827642640436,229037,229037,-1,False,10.594139612344918,0.4094751422723153,2.567291259765625,9.979926898936444,11.660182181233155,11.630322559770333,0.24999553,-0.0714284562402138,0.0130638502166965,,0.0,29973.50968446727,29973.50968446727,-6.117402013631664,-6.117402013631664,0.0467370602272833,84.649635,1.9276251,0.0113677978515625,0.0138092041015625,6227203,True,2.6881220485438496e-05
229539,229539,0.6364485035977898,229539,229539,-1,False,10.413709710993029,0.3304229393044999,2.140045166015625,9.918075302036277,11.37651577733632,11.421305209530558,0.22621354,-0.0070709865096134,0.0662909047236534,,0.0,41711806.29202803,41711806.29202803,-2.793450714010417,-2.793450714010417,0.0330928185183625,75.65384,1.878831,0.01318359375,0.0156097412109375,6227203,True,0.0
4679778,4679778,0.6001942545673514,4679778,4679778,-1,False,10.262714474340092,0.2535579359840559,1.79290771484375,9.88237757036401,10.973410887588182,11.033130130513833,0.24826077,-0.0229397275817191,0.0946379093802117,,0.0,0.0,26346304.0,,-2.841994775663995,0.0225757778038768,72.41414,1.8598233,0.0127105712890625,0.01666259765625,6227203,True,0.0
2226,2226,0.664697544972055,2226,2226,-1,False,10.691912176742573,0.1974101297047395,1.575469970703125,10.395796982185464,11.525813884650445,11.570603316844682,0.28135702,0.0422906283198868,0.1574746259196087,,0.0,106757822.31963298,106757822.31963298,-2.663512470415156,-2.663512470415156,0.1935825667166976,86.967285,1.939356,0.0147705078125,0.019256591796875,6227203,True,0.0815718380177522
435755,435755,0.653036736824823,435755,435755,-1,False,10.010670939366983,0.0585813327680009,1.1444091796875,9.922798940214983,11.003270509051006,11.048059941245246,0.25738674,0.0734486103102735,0.1392006413279433,,0.0,0.0,27490138.0,,-2.57149401936753,0.0021954015696943,48.799572,1.688416,0.015869140625,0.018463134765625,6955316,True,0.0
436157,436157,0.632480981104096,436157,436157,-1,False,10.427865747331762,0.4459711591067303,2.7923583984375,9.758909008671663,11.540743695381856,11.525813884650445,0.27554476,-0.02977087660479,0.0568493484908118,,0.0,0.0,366026816.0,,-1.864352843319296,0.7425718400904932,86.54865,1.9372604,0.01251220703125,0.0152740478515625,6955316,True,0.6693287401480746
1782066,1782066,0.7404743771822154,1782066,1782066,-1,False,10.265943444470292,0.2535579359840559,1.79290771484375,9.885606540494209,12.436532339266607,12.45146214999802,0.3384374,-0.0731808237094796,-0.0426716612508377,,0.0,0.0,54065212.0,,-2.5330255341891417,0.0024482644611471,91.62551,1.9620165,0.011322021484375,0.01214599609375,6955316,True,0.0
10571683,10571683,0.6680773258759971,10571683,10571683,-1,False,10.459597993448051,0.2234296757503978,1.6727447509765625,10.124453479822456,11.37651577733632,11.391445588067732,0.3067196,0.0220872422315999,0.0751157696777365,,0.0,0.0,180573232.0,,-2.2029446220901807,0.1005517391809915,80.35665,1.9050219,0.01409912109375,0.01593017578125,6955316,True,0.0
215760,215760,0.6355447257667793,215760,215760,-1,True,10.55580126182186,0.4139689907545748,2.593994140625,9.934847775689995,11.152568616365132,9.614798111029646,0.2582123,-0.0260792194359601,0.0938417689521169,-10.871578000775097,1.3440703453584996e-11,75569287.08482592,75569287.08482592,-2.677455936687404,-2.677455936687404,0.0699981251390789,79.49124,1.9003193,0.0126190185546875,0.016632080078125,7545161,True,0.0172793377448483
995106,995106,0.6802090174058896,995106,995106,-1,True,10.57561866552784,0.1894509365955133,1.5468597412109375,10.29144226063457,11.61539274903892,11.49595426318762,0.3058913,-0.0737665210091785,0.0192579522127356,-13.407143768411746,3.9161221673035496e-14,166237180.4691428,166237180.4691428,-2.3548905012740566,-2.3548905012740566,0.1859756537604235,82.514565,1.9165306,0.0113067626953125,0.014007568359375,7598329,True,0.0728760176709892
1011731,1011731,0.6443797003773413,1011731,1011731,-1,True,10.317453263920058,0.2847514561669999,1.926422119140625,9.890326079669558,11.749761045621632,11.719901424158806,0.22820523,-0.0725959152279314,0.0033585417093186,,0.0,56734157.00414781,56734157.00414781,-2.563608657725,-2.563608657725,0.0355099511551422,69.06578,1.839263,0.0113372802734375,0.0135040283203125,7719399,True,0.0022138432928596
25850,25850,0.6657124844476187,25850,25850,-1,False,10.675760318364247,0.3523120896904826,2.25067138671875,10.147292183828522,11.406375398799144,11.421305209530558,0.28455925,0.0192579522127356,0.1312317116566679,,0.0,198569549.5145173,198569549.5145173,-2.3778476678189158,-2.3778476678189158,0.1195986980910708,93.78909,1.9721524,0.014007568359375,0.01812744140625,7911684,True,0.0003073065102323
185825,185825,0.6589066725443175,185825,185825,-1,False,9.867428591926236,0.0721207314044752,1.1806488037109375,9.759247494819522,11.212287859290782,11.272007102216431,0.26071513,0.0220872422315999,0.1260833679230888,,0.0,0.0,13459111.0,,-2.7384122170713416,0.00186763869038,45.553097,1.658518,0.01409912109375,0.017913818359375,8153764,True,0.0
415368,415368,0.6877238228986977,415368,415368,-1,False,10.413055160029783,0.3426358912040699,2.201080322265625,9.89910132322368,11.73483123489022,11.779620667084457,0.29669997,-0.0778886690724362,0.0211461920651225,,0.0,77628187.94384742,77628187.94384742,-2.523035711379864,-2.523035711379864,0.0562165312167714,70.44035,1.8478216,0.011199951171875,0.014068603515625,8375568,True,0.0005415881989287
884010,884010,0.6028653478303433,884010,884010,-1,False,10.693288705571376,0.3218227675425823,2.09808349609375,10.210554554257502,11.182428237827958,11.182428237827958,0.28197992,0.0922450962643214,0.1377625788156257,,0.0,0.0,538059392.0,,-1.962458489023494,0.1485459143599884,110.914276,2.0449877,0.016571044921875,0.018402099609375,8375568,True,0.1238104282862007
1699510,1699510,0.652445029846908,1699510,1699510,-1,False,10.594139612344918,0.251241693256875,1.7833709716796875,10.217277072459606,11.212287859290782,11.242147480753609,0.31739944,-0.0111109643113535,0.1094937144949129,,0.0,0.0,124906648.0,,-2.49755405857542,0.3078828163089661,81.18156,1.9094574,0.0130615234375,0.017242431640625,8375568,True,0.0345325418129327
884395,884395,0.6390632154935596,884395,884395,-1,False,10.381122343789436,0.3855995103836889,2.429962158203125,9.8027230782139,11.272007102216431,11.286936912947844,0.25365093,-0.0966294039686827,-0.0100974411398013,,0.0,58335524.33894231,58335524.33894231,-2.615189237986639,-2.615189237986639,0.0658801279200888,69.529305,1.8421679,0.0107269287109375,0.013092041015625,8375568,True,0.0444104696983102
1415,1415,0.6206592467390807,1415,1415,-1,True,11.081218923288708,0.6067659433131087,4.0435791015625,10.171070008319044,11.466094641724794,11.107779184170894,0.24523365,-0.0167280200388144,0.1505368668520546,-11.652325541608088,2.226765368587537e-12,444722585.5486425,444722585.5486425,-2.4331297373296112,-2.4331297373296112,0.4011354064055706,139.94002,2.1459422,0.0128936767578125,0.018951416015625,8762177,True,0.2220215714409602
503453,503453,0.623574460789296,503453,503453,-1,True,10.883354319092128,0.4152444527048174,2.60162353515625,10.2604876400349,11.406375398799144,10.988340698319597,0.2921768,-0.0570940038160248,0.0993843444046733,-11.770730899632229,1.6953879823672364e-12,461803837.1197838,461803837.1197838,-2.2188967819509333,-2.2188967819509333,0.4591712642779405,141.19362,2.1498153,0.011749267578125,0.016845703125,9356197,True,0.1537512615646362
9952,9952,0.6148557942710099,9952,9952,-1,True,10.524015396302165,0.4221933126601452,2.643585205078125,9.890725427311946,11.510884073919032,11.242147480753609,0.23049223,-0.1320097231179134,-0.0187887331905945,-11.965879799734584,1.0817333026450473e-12,113315802.8335533,113315802.8335533,-2.469724916228428,-2.469724916228428,0.2448266326850422,87.20652,1.940549,0.0098876953125,0.0128326416015625,9605725,True,0.1959418821010888
12172,12172,0.6559461671706917,12172,12172,-1,True,10.673608565910122,0.5337680877104637,3.41796875,9.872956434344427,11.600462938307508,11.346656155873497,0.3052956,-0.1022252585336518,0.0507324236811299,-11.833051446178883,1.4687522801114197e-12,230291873.86092255,230291873.86092255,-2.3113299523037933,-2.3113299523037933,0.4290068812745528,136.94391,2.1365428,0.010589599609375,0.0150604248046875,9775896,True,0.1680420073348032
423945,423945,0.6160925936924683,423945,423945,-1,True,10.489718115122686,0.1921202411382184,1.556396484375,10.20153775341536,11.301866723679256,11.242147480753609,0.26998034,-0.0303008272280883,0.0538016554088065,-11.8356322727485,1.460049995370799e-12,110875624.03767598,110875624.03767598,-2.4448820379504883,-2.4448820379504883,0.1217063051804978,78.47192,1.8947142,0.0124969482421875,0.015167236328125,9823293,True,0.070247790509487
415381,415381,0.6453416373556711,415381,415381,-1,False,10.153239164279002,0.1578014282541313,1.438140869140625,9.916537021897804,11.09284937343948,11.152568616365132,0.27289954,-0.0245066366124328,0.076776553659201,,0.0,0.0,21275308.0,,-2.825363308249419,0.0296880348304685,52.943966,1.7238165,0.012664794921875,0.0159912109375,11116594,True,0.0
8411,8411,0.6602161561269901,8411,8411,-1,False,10.3594392476431,0.3380961862941865,2.178192138671875,9.85229496820182,11.406375398799144,11.466094641724794,0.25014764,-0.0203407103582302,0.0742829899749988,,0.0,0.0,37555876.0,,-2.784761351183639,0.1921842804321817,70.53226,1.8483878,0.012786865234375,0.015899658203125,11116594,True,0.0
80976,80976,0.6033654774044561,80976,80976,-1,False,9.697051816394984,-0.0761172411294552,0.8392333984375,9.811227678089166,11.13763880563372,11.227217670022194,0.16668242,0.0866100563682444,0.1716928624073946,,0.0,0.0,5423678.5,,-2.962757878495813,0.004904024865541,33.428326,1.5241147,0.016357421875,0.0198974609375,11116594,True,0.0
189514,189514,0.6548322989200139,189514,189514,-1,False,9.58717682622256,-0.1229728219891824,0.7534027099609375,9.771636059206331,11.570603316844682,11.61539274903892,0.22490847,0.0053170319817069,0.003848992898544,,0.0,0.0,17824744.0,,-2.336153525016229,0.00111495214864,32.332367,1.5096376,0.0135650634765625,0.013519287109375,11116594,True,0.0
189629,189629,0.69951897542127,189629,189629,-1,False,9.832090879907607,-0.0881261486024706,0.81634521484375,9.964280102811315,11.764690856353043,11.779620667084457,0.29670095,0.0700949683026857,0.079255881888021,,0.0,0.0,52006308.0,,-2.116034856206612,0.0,41.670086,1.6198245,0.0157470703125,0.016082763671875,11116594,True,
189716,189716,0.6626176341494049,189716,189716,-1,False,10.263639489560727,0.1942439347680739,1.56402587890625,9.972273587408615,11.09284937343948,11.122708994902307,0.28652307,0.0784310108292134,0.1574746259196087,,0.0,0.0,30047.9765625,,-5.785824257725405,0.0030511432237277,69.91354,1.8445613,0.01605224609375,0.019256591796875,11116594,True,0.0
190293,190293,0.7092008799549306,190293,190293,-1,False,10.164993453660497,0.1525863551326501,1.4209747314453125,9.93611392096152,12.078216881712708,12.108076503175532,0.3048401,-0.0372496871834161,0.0607366447941358,,0.0,0.0,56810412.0,,-2.410565514784966,0.0050089770335202,57.396103,1.7588824,0.012298583984375,0.015411376953125,11116594,True,0.0
413656,413656,0.6699043556650096,413656,413656,-1,False,9.761803347019969,-0.0307053495608508,0.9317398071289062,9.807861371361245,11.704971613427396,11.764690856353043,0.20492071,0.0914445532138613,0.1231138214344884,,0.0,0.0,12544044.0,,-2.6633657783279063,0.0051471362417559,36.92433,1.5673127,0.01654052734375,0.017791748046875,11116594,True,0.0
1648535,1648535,0.6011675726480279,1648535,1648535,-1,False,10.426597733345126,0.4029736064531116,2.529144287109375,9.82213732366546,11.346656155873497,11.37651577733632,0.2340303,-0.0941653151916073,0.0313872653095622,,0.0,51701288.237650834,51701288.237650834,-2.713096368828884,-2.713096368828884,0.1461016067093307,69.42318,1.8415046,0.0107879638671875,0.014404296875,11116594,True,0.0680727786629908
1703813,1703813,0.6366114684190697,1703813,1703813,-1,False,10.28789802035834,0.2590670307688316,1.8157958984375,9.899297474205094,11.286936912947844,11.361585966604906,0.24637172,-0.0208592709952467,0.1297669733983942,,0.0,0.0,26765710.0,,-2.860319252183356,0.0339244847889205,62.846935,1.7982842,0.0127716064453125,0.01806640625,11116594,True,0.0
83271,83271,0.684790105962043,83271,83271,-1,True,10.467181568629178,0.3903459454081506,2.4566650390625,9.881662650516953,11.869199531472931,11.85426972074152,0.2605732,-0.0790736479301149,-0.008581577534852,,0.0,81288456.1376634,81288456.1376634,-2.5571526932894457,-2.5571526932894457,0.0489759175341315,89.37962,1.9512385,0.01116943359375,0.0131378173828125,11299763,True,0.0101829133877553
471061,471061,0.6833864921403746,471061,471061,-1,False,10.268235241249876,0.1846044506685208,1.529693603515625,9.991328565247096,11.675111991964569,11.719901424158806,0.2835506,-0.0208592709952467,0.0598758031209997,,0.0,0.0,40720484.0,,-2.658422309905456,0.0449471441605588,60.700153,1.7831898,0.0127716064453125,0.015380859375,12197019,True,0.0002522408205307
1896059,1896059,0.6838720708795906,1896059,1896059,-1,False,10.020485921660583,0.1674844604353142,1.4705657958984375,9.769259231007611,11.540743695381856,11.570603316844682,0.29691696,0.0028675360245663,0.0849865237040308,,0.0,0.0,43389428.0,,-2.38310199676947,0.0010968893658698,53.72443,1.7301718,0.01348876953125,0.01629638671875,12197019,True,0.0
1970,1970,0.6209475595063677,1970,1970,-1,False,10.546266422604072,0.5169673438730513,3.28826904296875,9.770815406794496,11.182428237827958,11.152568616365132,0.25936612,-0.1240407934466381,-0.0035665739808435,,0.0,131464632.6278909,131464632.6278909,-2.4274574904662,-2.4274574904662,0.1408090265738177,80.61379,1.9064094,0.01007080078125,0.0132904052734375,12511704,True,0.0718643659388583
104782,104782,0.6943957712516015,104782,104782,-1,False,10.840495247120716,0.3098138600695669,2.040863037109375,10.375774457016368,11.839339910010109,11.704971613427396,0.28358793,0.0581489838204937,0.1756711602894299,-11.984215343126648,1.0370140891585157e-12,227241650.36607596,227241650.36607596,-2.484007312395283,-2.484007312395283,0.1058572211250217,100.50371,2.0021822,0.01531982421875,0.02008056640625,14461431,True,0.0073961862426826
1040964,1040964,0.6432128055050877,1040964,1040964,-1,False,10.714739706657008,0.3639327022146247,2.31170654296875,10.16884065333507,11.316796534410669,11.331726345142082,0.28539178,0.006292975048368,0.1201238304029106,,0.0,230291873.86092255,230291873.86092255,-2.352461093050678,-2.352461093050678,0.12568332096647,95.15859,1.978448,0.0135955810546875,0.017669677734375,14461431,True,0.0436520723627194
3198019,3198019,0.6124418973164785,3198019,3198019,-1,True,10.642307942858052,0.2273733530821827,1.6880035400390625,10.30124791323478,10.83904259100547,8.972816249578909,0.25630334,-0.0080774631637939,0.1512356513662931,-10.838921222887665,1.4490346715623078e-11,84643701.98199472,84643701.98199472,-2.714713293422216,-2.714713293422216,0.2364810784596989,99.62191,1.998355,0.013153076171875,0.01898193359375,14735979,True,0.0281208969135879
15531,15531,0.66689122433132,15531,15531,-1,True,10.903718988064789,0.6172899033011666,4.14276123046875,9.97778413311304,11.540743695381856,11.242147480753609,0.31285217,-0.0448595473990132,0.125342882693565,-11.708540110059111,1.956410071769761e-12,316613198.76508296,316613198.76508296,-2.403189972575208,-2.403189972575208,0.3887480020312018,174.57178,2.241974,0.0120849609375,0.01788330078125,15326234,True,0.2260779003806489
15398,15398,0.6415685020249383,15398,15398,-1,False,10.86708332002632,0.5840580587682471,3.83758544921875,9.990996231873948,12.04835726024988,11.958778395861406,0.30095765,-0.0394103607043432,0.0946379093802117,,0.0,0.0,978511680.0,,-1.8765173060473483,0.4571472875540147,110.116646,2.0418532,0.012237548828125,0.01666259765625,15472933,True,0.0216723989661686
15788,15788,0.6506497685922836,15788,15788,-1,False,10.439114290767122,0.2337064190516616,1.712799072265625,10.08855466218963,11.73483123489022,11.73483123489022,0.25015518,0.0053170319817069,0.0692524957166654,,0.0,0.0,92574280.0,,-2.4726239477744336,0.0125864181269571,93.33777,1.9700575,0.0135650634765625,0.015716552734375,15472933,True,0.0
460550,460550,0.6869908876345444,460550,460550,-1,False,10.314997303660196,0.1623850537239577,1.453399658203125,10.07141972307426,11.540743695381856,11.570603316844682,0.32811344,0.0267621472415866,0.1117936023864933,,0.0,0.0,36335788.0,,-2.754662720654492,0.0268943248540957,74.28462,1.870899,0.014251708984375,0.017333984375,15472933,True,0.000429905412552
1685,1685,0.6598136854666824,1685,1685,-1,False,11.126075387630124,0.5770952726458884,3.77655029296875,10.260432478661292,11.764690856353043,11.749761045621632,0.30601627,0.0149791542334606,0.1231138214344884,,0.0,0.0,1142003712.0,,-2.0684078720753774,0.700238967527253,143.67746,2.157389,0.0138702392578125,0.017791748046875,15472933,True,0.5573470020880938
17559,17559,0.6162753120910791,17559,17559,-1,False,10.737048803034671,0.5628255871268829,3.65447998046875,9.892810422344349,11.406375398799144,11.37651577733632,0.24206033,-0.0808572006705321,0.0183107446793436,,0.0,242797790.18979388,242797790.18979388,-2.3518040733198617,-2.3518040733198617,0.3782735967994822,91.14668,1.9597409,0.0111236572265625,0.01397705078125,15472933,True,0.1997076376267419
17910,17910,0.6208004211758845,17910,17910,-1,False,9.510619724001083,-0.2534440471974434,0.5578994750976562,9.890785794797248,11.06298975197666,11.107779184170894,0.17963186,0.1392006413279433,0.1643032961942918,,0.0,0.0,243362.546875,,-4.124365982223247,0.0,31.187864,1.4939858,0.018463134765625,0.019561767578125,15472933,True,
18005,18005,0.7227492410942181,18005,18005,-1,False,9.74459390669212,-0.0780958071115431,0.835418701171875,9.861737617359434,12.003567828055646,12.033427449518468,0.30787736,0.0624532260088104,0.0954325930089051,,0.0,0.0,13020641.0,,-2.6299615418216606,0.0003638208047919,43.930588,1.6427671,0.015472412109375,0.016693115234375,15472933,True,0.0
18413,18413,0.6218062366987339,18413,18413,-1,False,10.761803347019969,0.619682716417057,4.1656494140625,9.83227927239438,11.466094641724794,11.466094641724794,0.24107465,-0.095395611997108,0.0173614667453246,,0.0,455093345.4311212,455093345.4311212,-2.1037028619061755,-2.1037028619061755,0.4008574703544244,99.75935,1.9989538,0.0107574462890625,0.013946533203125,15472933,True,0.0001642297378497
458677,458677,0.686697642801295,458677,458677,-1,False,10.289206794272683,0.2676493122923621,1.8520355224609373,9.88773282583414,11.749761045621632,11.779620667084457,0.29677594,-0.0542830264821964,0.0211461920651225,,0.0,60318169.61059263,60318169.61059263,-2.5087586401258286,-2.5087586401258286,0.1187419228031769,64.86937,1.8120397,0.0118255615234375,0.014068603515625,15472933,True,0.0062998551589351
943990,943990,0.6360825254458574,943990,943990,-1,False,10.252407109628878,0.2595229830226837,1.8177032470703125,9.863122635094852,11.167498427096543,11.212287859290782,0.22709551,0.0013911794235411,0.0751157696777365,,0.0,0.0,43999472.0,,-2.608959644707744,0.0102181313942991,58.062416,1.7638952,0.0134429931640625,0.01593017578125,15472933,True,0.0
1817624,1817624,0.6470367911485998,1817624,1817624,-1,False,10.302504750620283,0.3426358912040699,2.201080322265625,9.78855091381418,11.346656155873497,11.391445588067732,0.24484968,-0.0465077257790864,0.0404923049143239,,0.0,0.0,33361818.0,,-2.779255041812404,0.0047498377479873,66.63341,1.8236921,0.0120391845703125,0.01470947265625,15472933,True,0.0
1852695,1852695,0.6577851205454481,1852695,1852695,-1,False,10.54336466694092,0.1708511011852715,1.4820098876953125,10.287088015163013,11.466094641724794,11.49595426318762,0.251973,0.024430985005135,0.0784310108292134,,0.0,0.0,141377856.0,,-2.392983275656308,0.0434096445515432,81.158424,1.9093336,0.0141754150390625,0.01605224609375,15472933,True,0.0299431488523464
1870301,1870301,0.6936497593756278,1870301,1870301,-1,False,9.919921235063748,0.1110187510695016,1.2912750244140625,9.753393108459496,11.869199531472931,11.913988963667167,0.28182575,-0.1360497009196534,-9.021308240422508e-05,,0.0,0.0,7320536.0,,-3.0553783543714617,0.0007592361025168,44.411434,1.6474949,0.009796142578125,0.013397216796875,15472933,True,0.0
3299260,3299260,0.619763767025986,3299260,3299260,-1,False,9.875407980098478,0.052751789107277,1.129150390625,9.796280296437562,11.301866723679256,11.391445588067732,0.17246589,0.0930441663736543,0.2444996447264314,,0.0,0.0,2216178.0,,-3.529803340778002,0.0745213170540694,42.93223,1.6327835,0.0166015625,0.023529052734375,15472933,True,0.0
6098149,6098149,0.6011218372668866,6098149,6098149,-1,False,10.259927548315009,0.2249127545345259,1.678466796875,9.92255841651322,11.107779184170894,11.182428237827958,0.2317793,0.0309269637488216,0.1491359156955924,,0.0,0.0,20474624.0,,-2.948711613278137,0.082767202790118,58.412285,1.7665042,0.0143890380859375,0.018890380859375,15472933,True,0.0
107,107,0.6579168815021977,107,107,-1,False,10.929200522651152,0.6642454483647886,4.61578369140625,9.93283235010397,11.824410099278694,11.80948028854728,0.29456943,-0.0055656315122964,0.0489687888436288,,0.0,0.0,1695924224.0,,-1.6997940791136283,0.5520716620448768,158.3522,2.1996243,0.0132293701171875,0.0149993896484375,15773704,True,0.2400062197244572
20315,20315,0.6397176478391793,20315,20315,-1,False,10.632143971739085,0.2521696732721356,1.7871856689453125,10.25388946183088,12.04835726024988,11.958778395861406,0.2534848,0.0440815359377677,0.0833568989705226,,0.0,0.0,263844320.0,,-2.2107962225502127,0.0138267183156138,92.20768,1.9647671,0.01483154296875,0.0162353515625,15773704,True,0.0
218204,218204,0.6999881300551886,218204,218204,-1,False,10.112679715329046,0.1383653471037863,1.3751983642578125,9.905131694673369,11.869199531472931,11.913988963667167,0.29776663,-0.0696831311240454,0.0130638502166965,,0.0,0.0,33781224.0,,-2.5840043339538727,0.0132360996465959,56.476845,1.7518704,0.01141357421875,0.0138092041015625,15773704,True,0.0
218313,218313,0.685368226449491,218313,218313,-1,False,9.550583023946103,-0.1554959386384959,0.6990432739257812,9.783826931903848,11.869199531472931,11.913988963667167,0.32596877,-0.1360497009196534,-0.1611121048222205,,0.0,0.0,29549040.0,,-2.080039648017327,0.0,31.600685,1.4996966,0.009796142578125,0.009246826171875,15773704,True,
8251358,8251358,0.6280103559279913,8251358,8251358,-1,False,10.44706078729281,0.1974101297047395,1.575469970703125,10.1509455927357,11.09284937343948,11.122708994902307,0.2593726,-0.0167280200388144,0.0776045700814312,,0.0,63902182.217037454,63902182.217037454,-2.6415450980133546,-2.6415450980133546,0.0901609825557291,70.94697,1.8509339,0.0128936767578125,0.016021728515625,15773704,True,0.0408344059834464
2022282,2022282,0.690100320212374,2022282,2022282,-1,False,10.229531412409695,0.1255281223986141,1.33514404296875,10.041239228811774,11.540743695381856,11.570603316844682,0.32774502,-0.0095915651572644,0.0248982195654283,,0.0,45753352.422699854,45753352.422699854,-2.5691084913768725,-2.5691084913768725,0.0051218386305269,56.94446,1.7554516,0.0131072998046875,0.014190673828125,16098020,True,6.3741594929436e-05
103252,103252,0.6399017231499968,103252,103252,-1,True,10.333480709354207,0.2108696771510574,1.62506103515625,10.017176193627623,11.45116483099338,11.361585966604906,0.22211286,-0.070845901515838,-0.001080622820426,-12.42712194101682,3.7400556040838956e-13,56200367.89254965,56200367.89254965,-2.583741550845978,-2.583741550845978,0.063206394707045,72.137245,1.8581595,0.011383056640625,0.01336669921875,16193284,True,0.0208157008276189
23874,23874,0.6440065273446565,23874,23874,-1,False,10.360918957701148,0.1383653471037863,1.3751983642578125,10.15337093704547,11.958778395861406,11.943848585129992,0.23180237,0.0866100563682444,0.1223682513253628,,0.0,0.0,29973.509765625,,-5.884181357811977,0.0031894532148272,86.788635,1.9384629,0.016357421875,0.01776123046875,16236968,True,0.0
496985,496985,0.6628986367088184,496985,496985,-1,False,10.563744470004076,0.2729836002164929,1.8749237060546875,10.154269069679335,11.45116483099338,11.481024452456207,0.28557962,0.0359636457155883,0.0962258251598435,,0.0,97454640.66035068,97454640.66035068,-2.574941945532514,-2.574941945532514,0.0310769060816645,86.969315,1.9393661,0.014556884765625,0.0167236328125,16236968,True,3.222231422030026e-05
81796,81796,0.6447050287842978,81796,81796,-1,False,10.200602181555096,0.2549417751216856,1.7986297607421875,9.818189518872568,11.884129342204345,11.869199531472931,0.2543628,-0.0514901262980263,0.0391386586800385,,0.0,64817249.265491456,64817249.265491456,-2.388911585191625,-2.388911585191625,0.1546267589041649,63.41455,1.802189,0.01190185546875,0.0146636962890625,16479608,True,0.0
1708028,1708028,0.6374923191842267,1708028,1708028,-1,False,10.4802825923079,0.3508374041244769,2.2430419921875,9.954026486121188,11.122708994902307,11.152568616365132,0.28380919,-0.0213784515494903,0.0418417450944948,,0.0,74425453.27425842,74425453.27425842,-2.608561103992032,-2.608561103992032,0.0219708761011402,76.288376,1.8824584,0.01275634765625,0.0147552490234375,16479608,True,0.0
18408,18408,0.7739284345876163,18408,18408,-1,False,10.279070592839645,0.149074520779183,1.4095306396484375,10.055458811670867,12.675409310969206,12.660479500237791,0.32679206,-0.0334941833944386,0.0239632472303552,,0.0,109350512.29025264,109350512.29025264,-2.240249770858684,-2.240249770858684,0.0784320909529355,72.59578,1.8609114,0.0124053955078125,0.01416015625,15472933,True,0.0
2330,2330,0.6139142587520242,2330,2330,-1,False,10.400427498984822,0.3162599076371854,2.071380615234375,9.926037637529044,11.525813884650445,11.466094641724794,0.23496503,-0.0755283671654651,0.0248982195654283,,0.0,62529581.64435646,62529581.64435646,-2.604341975951926,-2.604341975951926,0.1342361439446321,73.2225,1.8646446,0.011260986328125,0.014190673828125,18042760,True,0.0966296279704288
18028,18028,0.7003127085380463,18028,18028,-1,False,10.78522266116629,0.5376285085237018,3.448486328125,9.978779898380738,12.302164042683891,12.242444799758244,0.30760118,-0.0778886690724362,0.0391386586800385,,0.0,653967917.2951232,653967917.2951232,-1.9696662181684172,-1.9696662181684172,0.1372876148212971,108.59317,2.0358026,0.011199951171875,0.0146636962890625,18984138,True,0.0867298905530273
1867573,1867573,0.6459186292607492,1867573,1867573,-1,False,10.582324323428146,0.4931502368021996,3.11279296875,9.842598968224848,11.55567350611327,11.510884073919032,0.24177498,-0.0767069146510079,0.0116218085534349,,0.0,103250065.30055933,103250065.30055933,-2.568433988429843,-2.568433988429843,0.3547984381024748,85.827415,1.933626,0.01123046875,0.013763427734375,18984138,True,0.3239328425834938
1172843,1172843,0.6280945210452531,1172843,1172843,-1,False,10.95175624492036,0.7941802324661809,6.2255859375,9.76048589622109,11.570603316844682,11.525813884650445,0.26029,-0.0923263802694314,0.0404923049143239,,0.0,560631078.3528155,560631078.3528155,-2.203079075893128,-2.203079075893128,0.7490201964379777,124.03022,2.0935278,0.010833740234375,0.01470947265625,18984138,True,0.4573902287173752
964959,964959,0.678977150618202,964959,964959,-1,False,9.868003435798254,0.0400979270739877,1.0967254638671875,9.807856545187272,11.704971613427396,11.719901424158806,0.2925064,-0.0239837052043957,0.0253649519928358,,0.0,0.0,171727584.0,,-1.6331633758335025,0.0017040840724874,50.801968,1.7058805,0.0126800537109375,0.0142059326171875,19305811,True,0.0
1027827,1027827,0.6526772959494253,1027827,1027827,-1,False,10.32952895795844,0.2283537022160836,1.6918182373046875,9.986998404634312,11.316796534410669,11.346656155873497,0.27380222,-0.0121268582995017,0.0413923974269865,,0.0,47049697.40800968,47049697.40800968,-2.65697212327602,-2.65697212327602,0.0014176030105718,64.70481,1.8109366,0.013031005859375,0.014739990234375,19645250,True,5.219704929035218e-05
7997,7997,0.7331995762812181,7997,7997,-1,True,10.456052712683402,0.436373100356194,2.7313232421875,9.801493062149111,12.137936124638356,11.391445588067732,0.36974767,-0.1705300356242441,-0.008581577534852,-11.42047640975844,3.797725671019127e-12,213515644.63926595,213515644.63926595,-2.126623010692003,-2.126623010692003,0.2415915918750533,86.90129,1.9390262,0.0090484619140625,0.0131378173828125,19890591,True,0.0219788942081781
239461,239461,0.6225507894912651,239461,239461,-1,False,10.169033431462235,0.1652254463333382,1.4629364013671875,9.921195261962229,11.003270509051006,11.06298975197666,0.265584,-0.0075739332732971,0.1087243706588167,,0.0,18816066.183835316,18816066.183835316,-2.894504599471382,-2.894504599471382,0.0315593731393099,64.111115,1.8069334,0.0131683349609375,0.0172119140625,19967665,True,0.0
21069,21069,0.6777893009987741,21069,21069,-1,False,10.30419133325222,0.2332225254284493,1.7108917236328125,9.954357545109543,11.675111991964569,11.690041802695982,0.2671733,-0.0610601910336262,0.003848992898544,,0.0,75111753.56059892,75111753.56059892,-2.4284834321054305,-2.4284834321054305,0.0579839603109608,71.79143,1.8560727,0.0116424560546875,0.013519287109375,20906545,True,5.440173910678237e-05
482149,482149,0.6481326706955381,482149,482149,-1,False,10.129360726698284,0.1322996831141236,1.3561248779296875,9.9309112020271,11.436235020261968,11.45116483099338,0.31389225,-0.0514901262980263,0.0067801253876163,,0.0,42855640.10259552,42855640.10259552,-2.497352740480044,-2.497352740480044,0.0098068070698974,65.319824,1.815045,0.01190185546875,0.01361083984375,21349381,True,0.0
280889,280889,0.6612462848563534,280889,280889,-1,False,10.434150871235572,0.1122998566648589,1.2950897216796875,10.265701086238282,11.272007102216431,11.316796534410669,0.27526623,0.0072667299000397,0.0684083856707501,,0.0,73815408.57528909,73815408.57528909,-2.5660038432779992,-2.5660038432779992,0.0905742555320811,77.30406,1.8882023,0.0136260986328125,0.01568603515625,22614407,True,3.893934861006862e-05
4191,4191,0.659869495975509,4191,4191,-1,False,10.386726221307434,0.4234448826384523,2.651214599609375,9.751558897349756,11.704971613427396,11.675111991964569,0.2873737,-0.1313400321881375,-0.0157013186577998,,0.0,0.0,107977912.0,,-2.3533912961685584,0.2211431043063603,88.601494,1.9474411,0.0099029541015625,0.0129241943359375,22848537,True,0.2108388679917288
2370827,2370827,0.6584083080664815,2370827,2370827,-1,False,10.48861863483443,0.1496618021153334,1.41143798828125,10.264125931661429,11.645252370501746,11.660182181233155,0.29354367,0.0559807592374755,0.1223682513253628,,0.0,0.0,189723904.0,,-2.2104965821678317,0.041974478526855,78.18597,1.8931289,0.0152435302734375,0.01776123046875,22848537,True,0.0366126798421396
237565,237565,0.6365896034080193,237565,237565,-1,False,10.62173641698176,0.5655371119511693,3.6773681640625,9.773430749055008,11.704971613427396,11.704971613427396,0.3221126,-0.0966294039686827,-0.0610601910336262,,0.0,0.0,472174592.0,,-1.9476338032587028,0.5874385810143158,93.54636,1.9710269,0.0107269287109375,0.0116424560546875,22911832,True,0.3717467668067384
246865,246865,0.6617600857676199,246865,246865,-1,False,9.46223808961426,-0.266251577568605,0.54168701171875,9.861615455967168,11.286936912947844,11.316796534410669,0.17620641,0.2105347965273399,0.2135697109177747,,0.0,0.0,7444451.5,,-2.590405384745496,0.0,39.796867,1.599849,0.021759033203125,0.02191162109375,24619523,True,
1317,1317,0.7586374718540401,1317,1317,-1,False,10.363129112506265,0.2451610034379866,1.758575439453125,9.995387607349285,12.555970825117909,12.57090063584932,0.27487472,0.0400415581360277,0.0857990486967028,,0.0,0.0,83271096.0,,-2.442634831700258,0.0013088366174763,88.47155,1.9468037,0.0146942138671875,0.016326904296875,25199160,True,0.0
1350,1350,0.621941451538026,1350,1350,-1,False,10.866622530081868,0.6920497883475875,4.92095947265625,9.828547847560486,11.899059152935756,11.779620667084457,0.3201587,-0.1015999243983928,0.047197962814631,,0.0,513047591.83320767,513047591.83320767,-2.1564648766428336,-2.1564648766428336,0.5551161020918824,125.82554,2.0997689,0.0106048583984375,0.0149383544921875,25199160,True,0.4980069363749982
14823,14823,0.6807473739389485,14823,14823,-1,False,10.029292194445397,0.1353431046922128,1.36566162109375,9.826277537407078,11.704971613427396,11.764690856353043,0.21639442,0.0111400619905561,0.0700949683026857,,0.0,0.0,9875098.0,,-3.0347507802078573,0.0066060186245012,46.280563,1.6653987,0.0137481689453125,0.0157470703125,25199160,True,0.0
22568,22568,0.6249553254607334,22568,22568,-1,False,10.409767525238966,0.3530475589295938,2.254486083984375,9.880196186844575,11.286936912947844,11.286936912947844,0.2499004,0.1040794656130531,0.145613637816642,,0.0,0.0,189723904.0,,-2.1316454725723664,0.0049268783825193,74.431366,1.871756,0.01702880859375,0.01873779296875,25624811,True,0.0005899235278686
4253,4253,0.6215317279475285,4253,4253,-1,False,10.56651362592308,0.4947439798087569,3.124237060546875,9.824397656209944,11.49595426318762,11.37651577733632,0.21872735,-0.0929384938054402,-0.0020732963541037,,0.0,199179594.21348667,199179594.21348667,-2.2672687826708637,-2.2672687826708637,0.1867280792690664,82.843994,1.918261,0.0108184814453125,0.013336181640625,25989895,True,0.0047623618226995
19217,19217,0.6954969942631268,19217,19217,-1,False,10.24087649033715,0.2991305810506006,1.99127197265625,9.79218061876125,11.943848585129992,11.97370820659282,0.28334698,-0.1117149547080051,-0.0616297576489062,,0.0,0.0,45143308.0,,-2.5862831103072432,0.0030619670473951,60.10826,1.7789342,0.0103607177734375,0.011627197265625,27053327,True,0.0
127129,127129,0.656771434015632,127129,127129,-1,False,10.189784823278632,0.2765037368696326,1.8901824951171875,9.775029217974184,11.660182181233155,11.690041802695982,0.2099086,-0.0772973899043118,-0.0203407103582302,,0.0,0.0,22266632.0,,-2.842130291670373,0.0031035409666711,55.807114,1.7466896,0.0112152099609375,0.012786865234375,27053327,True,0.0
216550,216550,0.6588044417999849,216550,216550,-1,False,10.406454812900083,0.201596133022096,1.590728759765625,10.10406061336694,11.25707729148502,11.316796534410669,0.26639324,-0.0015766759661935,0.0922450962643214,,0.0,0.0,48956088.0,,-2.7166481061296524,0.0119887428487547,64.824356,1.8117383,0.0133514404296875,0.016571044921875,27053327,True,0.0
284458,284458,0.7116675477635107,284458,284458,-1,False,10.357210186384023,0.2184491798605675,1.6536712646484375,10.02953641659317,12.078216881712708,12.09314669244412,0.31293076,-0.0271307804385816,0.0262969147579931,,0.0,0.0,63139624.0,,-2.556908195068107,0.0033776502975812,77.26602,1.8879886,0.0125885009765625,0.0142364501953125,27053327,True,0.000154038953867
600989,600989,0.6187741132299455,600989,600989,-1,False,10.720586691512969,0.5259427501985071,3.35693359375,9.931672566215203,11.331726345142082,11.286936912947844,0.25053605,-0.1233832695028665,0.0225570037505258,,0.0,0.0,260794096.0,,-2.3042889361388377,0.5219592029084273,117.72905,2.0708838,0.0100860595703125,0.0141143798828125,27053327,True,0.4018234423783438
1950115,1950115,0.6103629922430767,1950115,1950115,-1,False,10.860587341282631,0.487255958416207,3.070831298828125,10.129703403658322,11.600462938307508,11.19735804855937,0.28824824,-0.0271307804385816,0.1094937144949129,-11.947402585952087,1.1287490922231517e-12,495966340.2620664,495966340.2620664,-2.165135138047442,-2.165135138047442,0.378179404190578,157.72446,2.1978993,0.0125885009765625,0.017242431640625,27261833,True,0.1828744159014564
590734,590734,0.6033133299434295,590734,590734,-1,False,10.479721125543334,0.3862807567695008,2.43377685546875,9.900299990389083,11.122708994902307,11.152568616365132,0.24348846,-0.0696831311240454,0.0327652500147666,,0.0,57649224.05260181,57649224.05260181,-2.718927659392949,-2.718927659392949,0.0675000946302803,72.09035,1.8578771,0.01141357421875,0.0144500732421875,30264647,True,0.0376337465228617
304,304,0.6521650115556714,304,304,-1,True,10.970302806941383,0.7621592793443732,5.7830810546875,9.827063887924822,11.675111991964569,11.525813884650445,0.28659463,-0.118808266512961,0.0248982195654283,-13.169266141496848,6.772263669999588e-14,690570599.233283,690570599.233283,-2.131094722448008,-2.131094722448008,0.590490519874479,147.96701,2.170165,0.01019287109375,0.014190673828125,28659351,True,0.5413730704266418
602429,602429,0.6932706303643063,602429,602429,-1,False,10.622545912988546,0.4790871693387799,3.01361083984375,9.903915158980377,11.913988963667167,11.85426972074152,0.31146896,-0.0604913704128168,0.0350522193959676,,0.0,0.0,314173024.0,,-2.1253770207342977,0.4183758493689344,130.16423,2.114492,0.01165771484375,0.0145263671875,28819450,True,0.0001024262761515
41178,41178,0.6081134177336593,41178,41178,-1,False,10.401774149620094,0.3486159441305189,2.231597900390625,9.878850233424316,11.19735804855937,11.242147480753609,0.23248908,-0.0481621829490988,0.0654410130984035,,0.0,0.0,63368392.0,,-2.5999014627629182,0.1222375944444213,70.33796,1.8471898,0.011993408203125,0.0155792236328125,28819450,True,0.0012861905079288
41356,41356,0.6635748267856949,41356,41356,-1,False,10.187037853450583,0.1496618021153334,1.41143798828125,9.962545150277585,11.242147480753609,11.286936912947844,0.27358067,0.0178363650779414,0.0906425317820438,,0.0,0.0,27223244.0,,-2.752097977720866,0.0051947065612887,75.56092,1.8782973,0.0139617919921875,0.016510009765625,28819450,True,0.0
1219113,1219113,0.6894189806994522,1219113,1219113,-1,False,10.153239164279002,0.1769562998739126,1.50299072265625,9.887804714468134,11.749761045621632,11.779620667084457,0.29998055,0.0262969147579931,0.0857990486967028,,0.0,0.0,25316854.0,,-2.7498294272041286,0.0204484252431268,66.843445,1.8250588,0.0142364501953125,0.016326904296875,28819450,True,0.0
2348093,2348093,0.6708237911462418,2348093,2348093,-1,False,10.481403352883198,0.2834595529379753,1.9207000732421875,10.056214023476237,11.331726345142082,11.37651577733632,0.2945864,0.076776553659201,0.1567858161290561,,0.0,0.0,81593480.0,,-2.5697478964964104,0.3746448573902117,83.77473,1.923113,0.0159912109375,0.01922607421875,28819450,True,0.3494441292927142
129078,129078,0.6375284806671631,129078,129078,-1,True,10.516853723124658,0.4068861958161616,2.552032470703125,9.906524429400417,11.212287859290782,11.242147480753609,0.2613548,-0.0565303509375497,0.0717750264207074,,0.0,80830922.6134364,80830922.6134364,-2.60927618721071,-2.60927618721071,0.0824871117706711,87.39361,1.9414797,0.0117645263671875,0.01580810546875,29064897,True,0.0153776773407212
27683,27683,0.6106240165324701,27683,27683,-1,False,10.044094694853936,0.1674844604353142,1.4705657958984375,9.792868004200963,11.152568616365132,11.227217670022194,0.22418904,-0.029241571869066,0.1155998886428644,,0.0,0.0,20055220.0,,-2.7418672644244784,0.0032313987095633,46.49492,1.6674056,0.0125274658203125,0.017486572265625,29245776,True,0.0
537268,537268,0.6380915598157948,537268,537268,-1,False,10.41108556716688,0.1449411634427491,1.39617919921875,10.193673822002754,11.107779184170894,10.958481076856769,0.2414723,0.0216169720374052,0.1140813749213224,,0.0,41635550.70465686,41635550.70465686,-2.7916212538129623,-2.7916212538129623,0.048934152346611,69.05342,1.8391852,0.0140838623046875,0.017425537109375,29367139,True,0.0004969034172192
252431,252431,0.6610079472497637,252431,252431,-1,False,10.448874128056278,0.394373434691194,2.47955322265625,9.857313976019489,11.346656155873497,11.406375398799144,0.2679768,-0.0218982535049046,0.0930441663736543,,0.0,0.0,57344200.0,,-2.6903846297139604,0.048263742917213,71.13232,1.852067,0.0127410888671875,0.0166015625,27837743,True,0.0
587227,587227,0.6168696639388952,587227,587227,-1,False,10.55627255267864,0.4931502368021996,3.11279296875,9.81654719747534,11.227217670022194,11.227217670022194,0.28382874,-0.0531637101875924,0.0751157696777365,,0.0,245542991.33515587,245542991.33515587,-2.1661450103336293,-2.1661450103336293,0.262318767714953,79.4309,1.8999895,0.0118560791015625,0.01593017578125,30295917,True,0.0008680269960401
2299855,2299855,0.6596370304335647,2299855,2299855,-1,False,10.336616423207069,0.1395683796788881,1.3790130615234375,10.127263853688737,11.346656155873497,11.391445588067732,0.25767535,0.0013911794235411,0.0564152710114932,,0.0,47278464.17012318,47278464.17012318,-2.6619530630596344,-2.6619530630596344,0.0061225982340742,66.15122,1.8205379,0.0134429931640625,0.0152587890625,30295917,True,0.0
39339,39339,0.6533108203535366,39339,39339,-1,False,10.643850731272332,0.2586105993217712,1.8138885498046875,10.255934832289675,11.466094641724794,11.49595426318762,0.28146076,0.0734486103102735,0.2243230810129733,,0.0,116823559.85262696,116823559.85262696,-2.576320295326569,-2.576320295326569,0.3830128243397888,91.72135,1.9624705,0.015869140625,0.0224609375,30264647,True,0.0241117463493257
3843,3843,0.6912472697372388,3843,3843,-1,True,10.471210837257065,0.4639846160032189,2.910614013671875,9.775233913252237,12.063287070981294,12.033427449518468,0.29772758,-0.1575435187459525,-0.0126356978209837,-12.966435395839426,1.0803503181445869e-13,143970548.9567622,143970548.9567622,-2.312937176645834,-2.312937176645834,0.262011048883334,88.892395,1.9488647,0.0093231201171875,0.0130157470703125,30378376,True,0.0332059281426998
43678,43678,0.6210874896163027,43678,43678,-1,False,10.265943444470292,0.3098138600695669,2.040863037109375,9.801222654365942,10.794253158811232,10.824112780274058,0.29214936,0.0053170319817069,0.0598758031209997,,0.0,0.0,53302656.0,,-2.5391945945918404,0.0047697664413176,56.14072,1.7492781,0.0135650634765625,0.015380859375,30718882,True,0.0027497502638326
3471263,3471263,0.6077150067294418,3471263,3471263,-1,True,10.38602967828418,0.2703246461031303,1.8634796142578125,9.980542709129484,11.510884073919032,11.077919562708068,0.2658531,-0.0203407103582302,0.08741955237503,-12.188425183766954,6.479997170465907e-13,73357875.05106209,73357875.05106209,-2.5205829355971874,-2.5205829355971874,0.1571863726697915,84.72173,1.9279948,0.012786865234375,0.016387939453125,32371102,True,0.0392936797363877
29113,29113,0.6004966686491379,29113,29113,-1,False,10.897752139792772,0.7650146116672002,5.82122802734375,9.750230222291972,11.421305209530558,11.391445588067732,0.2527125,-0.0714284562402138,0.0667152276513052,,0.0,0.0,757675520.0,,-2.0182688840870457,0.5327561250232662,131.86757,2.1201382,0.0113677978515625,0.015625,33722541,True,0.4924974049642247
29125,29125,0.6857704775717242,29125,29125,-1,False,10.600992527423704,0.3218227675425823,2.09808349609375,10.118258376109829,11.585533127576094,11.630322559770333,0.3194745,-0.0260792194359601,0.1001703979801726,,0.0,0.0,116366024.0,,-2.535166331845581,0.2337298312606857,124.486465,2.0951223,0.0126190185546875,0.016876220703125,33722541,True,0.0
245505,245505,0.6102369265141454,245505,245505,-1,False,11.276386993269425,0.8656651457501326,7.3394775390625,9.977889274644223,11.80948028854728,11.704971613427396,0.27587023,-0.0554052350701818,0.0709358097694169,-13.33443999234058,4.6297763024696977e-14,1964343930.681247,1964343930.681247,-1.9831694639324688,-1.9831694639324688,0.6480011016664744,159.82428,2.2036428,0.0117950439453125,0.015777587890625,33722541,True,0.3182103782042422
2081964,2081964,0.6596498656054957,2081964,2081964,-1,False,10.374014255791296,0.3996859716622939,2.51007080078125,9.774485298297856,11.25707729148502,11.286936912947844,0.29148465,-0.0838461627913598,0.027226881884011,,0.0,0.0,58640544.0,,-2.6058162652512955,0.0982117942043283,64.65059,1.8105725,0.01104736328125,0.0142669677734375,33722541,True,0.0012619333834333
44523,44523,0.6064688200675034,44523,44523,-1,False,10.974638561574103,0.6459180672752569,4.425048828125,10.005761460661216,11.45116483099338,11.316796534410669,0.27004686,-0.0218982535049046,0.1001703979801726,-12.49683618648264,3.1853988102646863e-13,752795158.5281549,752795158.5281549,-2.0979617442357585,-2.0979617442357585,0.8266702284130598,128.89555,2.110238,0.0127410888671875,0.016876220703125,35276896,True,0.6532461282222337
112514,112514,0.6804460923564565,112514,112514,-1,False,9.708812927280771,-0.0741476482665508,0.843048095703125,9.8200343996806,11.570603316844682,11.600462938307508,0.25170717,0.0422906283198868,0.0511722155991213,,0.0,0.0,21732842.0,,-2.371696404632051,0.0002115120941523,34.124153,1.533062,0.0147705078125,0.01507568359375,35779442,True,0.0
112637,112637,0.6969642700465215,112637,112637,-1,False,10.13808429510314,0.1071526025533493,1.2798309326171875,9.977355391273116,11.719901424158806,11.764690856353043,0.3348521,-0.0443115416709029,0.0538016554088065,,0.0,0.0,23944254.0,,-2.7588829842624305,0.0017397247757618,55.97183,1.7479695,0.0121002197265625,0.015167236328125,35779442,True,0.0
541846,541846,0.6490138629232616,541846,541846,-1,False,10.27368670799884,0.188915101263007,1.544952392578125,9.990314056104332,11.048059941245246,11.107779184170894,0.28866363,0.0276911197495984,0.1377625788156257,,0.0,0.0,29892190.0,,-2.7981289739540744,0.0073417625747862,64.53309,1.8097825,0.0142822265625,0.018402099609375,35779442,True,0.0
1095974,1095974,0.6429123488267003,1095974,1095974,-1,False,10.839514897986817,0.6172899033011666,4.14276123046875,9.913580043035068,11.45116483099338,11.391445588067732,0.28589106,0.0594447415651112,0.1268225927516129,,0.0,0.0,1028535360.0,,-1.8272956710966624,0.5190117717755256,124.28205,2.0944085,0.0153656005859375,0.0179443359375,35779442,True,0.2872765530939538
1125165,1125165,0.6180330776660589,1125165,1125165,-1,False,10.63842682246272,0.5026261286860771,3.18145751953125,9.884487629433604,10.973410887588182,8.883237385190434,0.29388118,-0.0667897527878062,0.076776553659201,-11.02441357355622,9.453364996957359e-12,147173283.62635118,147173283.62635118,-2.470597842805767,-2.470597842805767,0.1810015679692175,94.074196,1.9734706,0.0114898681640625,0.0159912109375,35828148,True,0.0126578848095846
561091,561091,0.6546967874871191,561091,561091,-1,False,10.647683893684064,0.340371970446312,2.18963623046875,10.137125938014597,11.988638017324233,11.943848585129992,0.2634084,-0.0095915651572644,0.043187005277738,,0.0,0.0,398969216.0,,-2.046744506360968,0.0168604634437704,105.0973,2.0215917,0.0131072998046875,0.014801025390625,36032496,True,0.0131341882510138
258026,258026,0.6757229738568599,258026,258026,-1,False,10.46660289501671,0.3689205525667535,2.338409423828125,9.91322206616658,11.585533127576094,11.630322559770333,0.27201104,-0.0172422823628516,0.0841724757020467,,0.0,0.0,65961080.0,,-2.647315137155802,0.0184729894557284,75.37316,1.8772168,0.01287841796875,0.016265869140625,37372039,True,0.0
127454,127454,0.6275766955159647,127454,127454,-1,True,10.460186070019835,0.2804300823843573,1.9073486328125,10.0395409464433,11.391445588067732,11.37651577733632,0.2503226,-0.0218982535049046,0.0954325930089051,,0.0,71070207.4299271,71070207.4299271,-2.608498487016675,-2.608498487016675,0.0329918149045772,96.939026,1.9864988,0.0127410888671875,0.016693115234375,38082507,True,0.0094192082533387
586019,586019,0.6714912439164086,586019,586019,-1,False,10.028498962294458,0.1273854074041812,1.3408660888671875,9.837420851188186,11.481024452456207,11.466094641724794,0.2775533,-0.0714284562402138,0.0101749627447219,,0.0,23982382.22823184,23982382.22823184,-2.6486066418639926,-2.6486066418639926,0.0221703324215671,56.436073,1.7515569,0.0113677978515625,0.0137176513671875,39260804,True,0.0001021349926909
129308,129308,0.6189566768837892,129308,129308,-1,False,10.587615286110283,0.4904809322594945,3.093719482421875,9.851893887721044,11.421305209530558,10.883832023199709,0.23721823,0.0309269637488216,0.1223682513253628,,0.0,0.0,594183552.0,,-1.8136946604778907,0.3183617880894365,101.63004,2.0070224,0.0143890380859375,0.01776123046875,39760179,True,0.1025596826967729
40638,40638,0.6469504784134035,40638,40638,-1,True,11.116327080946231,0.8057340923425962,6.3934326171875,9.907725942432336,11.869199531472931,11.421305209530558,0.27087712,-0.0696831311240454,0.0938417689521169,-11.54553114464053,2.847533587148497e-12,877244277.1178985,877244277.1178985,-2.173206537258246,-2.173206537258246,0.7382658268391085,210.36966,2.3229833,0.01141357421875,0.016632080078125,40758960,True,0.6102765927704279
126915,126915,0.6322243090380213,126915,126915,-1,True,10.746269839065166,0.6100313307408761,4.0740966796875,9.831222842953853,11.107779184170894,10.226920351017558,0.27490106,-0.1059962907529954,0.0709358097694169,-10.994199186820651,1.0134464673750249e-11,175082828.6041981,175082828.6041981,-2.5030262846900504,-2.5030262846900504,0.4507128945785261,122.985275,2.0898533,0.010498046875,0.015777587890625,42186845,True,0.3696473126505084
4323,4323,0.6001028217200032,4323,4323,-1,False,10.496797680373462,0.4752218401062819,2.986907958984375,9.78396492021404,11.466094641724794,11.45116483099338,0.17164007,-0.0308314253171837,0.0825397877569435,-13.833913893643542,1.4658384398487152e-14,53531422.33455882,53531422.33455882,-2.768188897594477,-2.768188897594477,0.0213425515122496,76.227615,1.8821124,0.012481689453125,0.016204833984375,42436999,True,0.0002462969508582
250132,250132,0.6367544063618816,250132,250132,-1,False,10.67432700194146,0.520479854497005,3.314971923828125,9.893607220195952,11.048059941245246,11.033130130513833,0.2686656,-0.0656377773593185,0.0825397877569435,,0.0,166237180.4691428,166237180.4691428,-2.453598837687676,-2.453598837687676,0.3778806930035302,105.60165,2.023671,0.0115203857421875,0.016204833984375,42887527,True,0.3468073416244748
42536,42536,0.6195340219782417,42536,42536,-1,True,10.138700752952428,0.258153687673205,1.811981201171875,9.75147022144262,11.85426972074152,11.55567350611327,0.26432908,-0.1676103978591376,-0.0691029112890403,-12.067135868844389,8.567697632409921e-13,44304496.26264769,44304496.26264769,-2.4922529499129173,-2.4922529499129173,0.0950500567545981,77.37716,1.8886127,0.0091094970703125,0.0114288330078125,43968228,True,0.0204401287065761
645160,645160,0.6361371555496546,645160,645160,-1,True,10.67288893942914,0.5026261286860771,3.18145751953125,9.918949746400026,11.690041802695982,11.525813884650445,0.2583071,-0.082648108288413,0.0502921859527044,-14.30810269642567,4.9192319819674575e-15,208635287.0475113,208635287.0475113,-2.3535011757318847,-2.3535011757318847,0.1816880619628945,89.29475,1.9508259,0.011077880859375,0.015045166015625,44369861,True,0.0848043878089011
308423,308423,0.6387986712863496,308423,308423,-1,False,10.528557739089823,0.1032517276874619,1.2683868408203125,10.37368014755863,10.70467429442276,8.808588331533372,0.29249516,0.0018838561433129,0.0970176111255663,-10.903886422001266,1.2477097763908606e-11,70917696.25518477,70917696.25518477,-2.67780311988671,-2.67780311988671,0.1118148055756126,75.50855,1.8779962,0.013458251953125,0.016754150390625,46091846,True,0.0149339088739391
48750,48750,0.6918444995272178,48750,48750,-1,False,10.470063427126217,0.2756263739815367,1.8863677978515625,10.056623866153911,12.063287070981294,11.958778395861406,0.2847299,-0.0917151282587404,0.0467541257990946,,0.0,165627135.77017346,165627135.77017346,-2.250931935560228,-2.250931935560228,0.1548847747357771,84.56036,1.9271668,0.0108489990234375,0.014923095703125,46091846,True,0.0513098884937258
34442,34442,0.6209260924046233,34442,34442,-1,False,10.44157488931478,0.3441386417757747,2.208709716796875,9.925366926651115,11.286936912947844,11.25707729148502,0.2594764,-0.0281848937762369,0.0258311833654746,,0.0,0.0,235477248.0,,-2.069625937702922,0.0327106991826884,91.956726,1.9635836,0.0125579833984375,0.01422119140625,44776315,True,0.0262026540484367
271684,271684,0.6642799875957334,271684,271684,-1,True,10.290511635961028,0.2394714747054508,1.735687255859375,9.931304423902851,11.406375398799144,11.077919562708068,0.2634698,-0.0281848937762369,0.0667152276513052,-12.366768232600316,4.297657161373946e-13,27604522.62836224,27604522.62836224,-2.849531394778684,-2.849531394778684,0.0361875180471179,70.26103,1.8467145,0.0125579833984375,0.015625,45007523,True,0.0036240095664557
3173,3173,0.6360965679873668,3173,3173,-1,False,11.276386993269425,0.970980543894716,9.3536376953125,9.819916177427348,11.45116483099338,11.45116483099338,0.27532235,-0.0633429530930264,0.0985968655272594,,0.0,0.0,1842334976.0,,-2.011018396180558,0.7520847952103176,181.14012,2.258015,0.0115814208984375,0.016815185546875,46091846,True,0.7025364707704734
31990,31990,0.6643157340920557,31990,31990,-1,False,10.745051620925848,0.5476018107873711,3.528594970703125,9.923648904744793,11.645252370501746,11.645252370501746,0.27432624,-0.0276575172913909,0.0524889254967685,,0.0,537449379.7919809,537449379.7919809,-2.0147140548726767,-2.0147140548726767,0.4003148643840053,119.59921,2.0777285,0.0125732421875,0.0151214599609375,46091846,True,0.2984159013600999
32330,32330,0.6476142037663953,32330,32330,-1,False,11.032450713690228,0.5836261398048461,3.833770751953125,10.15701150398296,12.018497638787055,11.958778395861406,0.30307966,0.0440815359377677,0.0833568989705226,,0.0,3299121732.026144,3299121732.026144,-1.514052373115525,-1.514052373115525,0.4907711225236892,171.45903,2.2341607,0.01483154296875,0.0162353515625,46091846,True,0.3667823560554482
49186,49186,0.6339485458575399,49186,49186,-1,False,10.068662886344672,0.1786065658820338,1.5087127685546875,9.800753037521622,11.660182181233155,11.690041802695982,0.17795151,-0.0880655733207066,-0.0131451342218066,,0.0,0.0,10923613.0,,-3.030296580719312,0.0031897925784085,52.128574,1.7170758,0.0109405517578125,0.01300048828125,46091846,True,0.0
49188,49188,0.6378597937533205,49188,49188,-1,False,10.232023068595431,0.2164408780995668,1.6460418701171875,9.90736175144608,11.660182181233155,11.630322559770333,0.26501232,-0.0065686215236925,0.0594447415651112,,0.0,0.0,56962924.0,,-2.4764307943487927,0.0132998098281374,78.570244,1.8952582,0.0131988525390625,0.0153656005859375,46091846,True,0.0
1107677,1107677,0.6316649978290075,1107677,1107677,-1,False,10.95175624492036,0.7306791907037183,5.37872314453125,9.855737458864784,11.839339910010109,11.824410099278694,0.28359503,-0.0454082454908302,0.0211461920651225,,0.0,0.0,1525111680.0,,-1.7684545978068311,0.3941917563014274,113.209435,2.0538828,0.0120697021484375,0.014068603515625,46091846,True,0.061605234272911
1109054,1109054,0.6178003059705462,1109054,1109054,-1,False,10.141157871144095,0.2385159309054424,1.73187255859375,9.78338397478593,11.182428237827958,11.227217670022194,0.16318366,-0.0498229669305633,0.0502921859527044,,0.0,0.0,31835.216796875,,-5.638250059401721,0.0020115889697288,53.105347,1.7251383,0.0119476318359375,0.015045166015625,46091846,True,0.0
11322651,11322651,0.6499601665799971,11322651,11322651,-1,False,11.1473613146862,0.6108438557335482,4.08172607421875,10.23109553108588,11.077919562708068,11.122708994902307,0.3003366,0.0906425317820438,0.2806892853057509,,0.0,0.0,468514304.0,,-2.476638460010028,0.699667513839768,147.2688,2.1681108,0.016510009765625,0.02557373046875,46091846,True,0.584451022965461
37835,37835,0.6607338881507444,37835,37835,-1,False,10.287023308115208,0.1984604191692374,1.57928466796875,9.989332679361352,12.04835726024988,11.988638017324233,0.25790888,-0.0399522129042691,-0.002570485282937,,0.0,0.0,125059160.0,,-2.189907800839084,0.0045936687352038,64.23368,1.8077629,0.0122222900390625,0.0133209228515625,46706333,True,0.0001124124040795
3859,3859,0.6047750707089494,3859,3859,-1,True,10.632934316783237,0.5677838550991038,3.696441650390625,9.78125853413458,11.436235020261968,10.973410887588182,0.25651252,-0.1085286272683905,0.032306407413286,-11.839359464555924,1.4475732045012668e-12,211685510.542358,211685510.542358,-2.3072431843512384,-2.3072431843512384,0.663846007295756,113.175156,2.0537512,0.01043701171875,0.014434814453125,46823071,True,0.6146841635029476
133204,133204,0.6104780507118654,133204,133204,-1,True,10.59843533957291,0.3500981792959529,2.239227294921875,10.073288070628982,11.25707729148502,10.34635883686886,0.2630211,-0.0582235089569947,0.1117936023864933,-11.21352436140941,6.116114941238308e-12,96692084.78663902,96692084.78663902,-2.613044415378017,-2.613044415378017,0.291862170572173,90.983604,1.9589632,0.01171875,0.017333984375,47277313,True,0.1377205209283027
48958,48958,0.6722382549742901,48958,48958,-1,False,10.38182679565825,0.0790807278296262,1.1997222900390625,10.263205703913812,11.182428237827958,11.212287859290782,0.3313638,0.0654410130984035,0.147730430708716,,0.0,52158821.76187783,52158821.76187783,-2.6644990232889563,-2.6644990232889563,0.0635617574068026,65.78747,1.8181432,0.0155792236328125,0.018829345703125,47656618,True,0.0
145106,145106,0.6462121186005444,145106,145106,-1,True,10.882466191007763,0.69339435438102,4.93621826171875,9.842374659436231,11.525813884650445,10.928621455393944,0.29501295,-0.1098003543320278,0.0350522193959676,-11.73987954817042,1.820205623706892e-12,486205625.0785571,486205625.0785571,-2.195646211970529,-2.195646211970529,0.4663346327050499,161.11093,2.2071252,0.010406494140625,0.0145263671875,47890332,True,0.291263815901895
3586,3586,0.65087904992931,3586,3586,-1,False,10.863847476027097,0.394373434691194,2.47955322265625,10.272287323990303,11.316796534410669,11.19735804855937,0.28654566,0.0611664266024943,0.1615846990108248,-12.27250122234873,5.339477707429749e-13,1060257686.8086978,1060257686.8086978,-1.838436046273326,-1.838436046273326,0.1941117479555469,128.63153,2.1093476,0.0154266357421875,0.019439697265625,48000687,True,0.0862303241084867
150956,150956,0.6112348731793519,150956,150956,-1,True,10.731420718026246,0.4931502368021996,3.11279296875,9.991695362822949,11.61539274903892,11.49595426318762,0.3045706,-0.0182726374888572,0.125342882693565,-12.62390828673061,2.377342275071149e-13,283975807.37022376,283975807.37022376,-2.278139375067762,-2.278139375067762,0.3936821841072326,104.02571,2.0171409,0.012847900390625,0.01788330078125,48220332,True,0.316380609175602
328522,328522,0.6718535456827563,328522,328522,-1,True,10.912103311820246,0.5879261202975702,3.871917724609375,10.03021413137389,11.49595426318762,11.346656155873497,0.31825462,-0.0593559593559028,0.0675626317872907,-12.286610245230316,5.168800318219951e-13,428251378.6764706,428251378.6764706,-2.280404542049318,-2.280404542049318,0.5508029526906838,116.654625,2.0669022,0.011688232421875,0.015655517578125,48269940,True,0.3991620867834988
140928,140928,0.6420956686438234,140928,140928,-1,False,10.461359839604338,0.1953018999244077,1.567840576171875,10.168406989717726,11.003270509051006,10.83904259100547,0.24705344,-0.002570485282937,0.0978079561697182,,0.0,72519063.58997926,72519063.58997926,-2.600907652017745,-2.600907652017745,0.0218838477607417,72.79962,1.8621291,0.0133209228515625,0.01678466796875,49172921,True,0.0004149718321699
38324,38324,0.6930907738966435,38324,38324,-1,False,10.451280197822156,0.3675012882908927,2.330780029296875,9.900028265385815,12.063287070981294,12.003567828055646,0.298918,0.0140225580715884,0.0524889254967685,,0.0,0.0,310512736.0,,-1.9592007799083124,0.0054453982743759,88.04217,1.9446907,0.0138397216796875,0.0151214599609375,49550248,True,8.732442028004916e-05
1382810,1382810,0.6914281742535744,1382810,1382810,-1,False,10.265943444470292,0.2595229830226837,1.8177032470703125,9.876658969936264,11.824410099278694,11.85426972074152,0.29608425,-0.0761172411294552,-0.0095915651572644,,0.0,0.0,79610832.0,,-2.364971281785675,0.01137214171895,67.40936,1.8287202,0.0112457275390625,0.0131072998046875,49550248,True,0.0
1419622,1419622,0.6748904435518694,1419622,1419622,-1,True,10.611902914272717,0.4003454926423483,2.513885498046875,10.011384675309197,11.749761045621632,11.73483123489022,0.26122627,-0.0509336951112064,0.0467541257990946,,0.0,121246383.9201546,121246383.9201546,-2.5282341193030877,-2.5282341193030877,0.114345290801877,93.91525,1.9727361,0.0119171142578125,0.014923095703125,49766469,True,0.0657824343871991
152636,152636,0.6437833297143299,152636,152636,-1,True,10.688451644633066,0.4465640526894664,2.796173095703125,10.018605565598866,11.406375398799144,10.54044637637722,0.2706383,-0.0372496871834161,0.0849865237040308,-11.356984985696531,4.395568114063512e-12,194604258.9712167,194604258.9712167,-2.3992993039347623,-2.3992993039347623,0.1487265754085832,93.23151,1.9695628,0.012298583984375,0.01629638671875,49814756,True,0.0177695039844534
51234,51234,0.6040470808596735,51234,51234,-1,False,10.78243334854718,0.4375845222906388,2.73895263671875,10.126056565111222,11.645252370501746,11.570603316844682,0.2943698,-0.070845901515838,0.0817211362762634,,0.0,341625031.4228256,341625031.4228256,-2.2488836638998566,-2.2488836638998566,0.3031674489777661,121.58853,2.0848927,0.011383056640625,0.01617431640625,50479576,True,0.221074750383023
702000,702000,0.6161241624593478,702000,702000,-1,True,10.968847882693208,0.7219681210865181,5.27191162109375,9.885895701063433,11.13763880563372,10.943551266125358,0.29212287,-0.0997293063653456,0.0985968655272594,-12.517194248619376,3.0395252210676493e-13,467904284.1094772,467904284.1094772,-2.298690861103105,-2.298690861103105,0.5493000122292537,113.81176,2.0561874,0.010650634765625,0.016815185546875,50928272,True,0.3693773915303287
1443766,1443766,0.6183732603441066,1443766,1443766,-1,False,10.4746349902007,0.3040940005821507,2.01416015625,10.018493989327474,11.077919562708068,10.958481076856769,0.23481801,-0.0350997101098569,0.0628813132607249,,0.0,64359715.741264455,64359715.741264455,-2.666020872925865,-2.666020872925865,0.0423640596635448,73.64111,1.8671204,0.012359619140625,0.0154876708984375,51271232,True,0.0135219344267014
59531,59531,0.7344147424352562,59531,59531,-1,True,10.565592534417886,0.2649573957281498,1.8405914306640625,10.168156440825662,12.391742907072368,11.167498427096543,0.29780617,0.027226881884011,0.1064081279316358,-11.21826237043717,6.049752804597985e-12,190638968.42791605,190638968.42791605,-2.2853808550966703,-2.2853808550966703,0.0819510895924065,79.76887,1.9018334,0.0142669677734375,0.017120361328125,51375735,True,0.0582984619206057
53300,53300,0.6259020252382109,53300,53300,-1,True,10.24233467127694,0.3162599076371854,2.071380615234375,9.76794480982116,11.033130130513833,9.450570192984108,0.22676226,-0.083246722417513,0.0857990486967028,-10.766034447015167,1.7138213666332364e-11,28214567.327331573,28214567.327331573,-2.7918612765607667,-2.7918612765607667,0.0591760766614132,55.948967,1.7477921,0.0110626220703125,0.016326904296875,53609725,True,0.0289778640331112
1295671,1295671,0.6321841526992807,1295671,1295671,-1,True,10.481962650425924,0.3178565803249809,2.079010009765625,10.005177779938451,11.09284937343948,10.615095430034282,0.26398003,-0.0426716612508377,0.0914445532138613,-11.381268168916757,4.1565387255601116e-12,79000788.51652841,79000788.51652841,-2.584331224367531,-2.584331224367531,0.1617248661335482,82.34297,1.9156265,0.01214599609375,0.01654052734375,54483821,True,0.0872558011971258
50269,50269,0.7151884979919824,50269,50269,-1,True,10.270969528237128,0.2636051544221702,1.834869384765625,9.875561796603872,12.361883285609546,12.242444799758244,0.2967123,-0.1098003543320278,-0.0260792194359601,-12.421988862984556,3.784522895950669e-13,106147777.62066366,106147777.62066366,-2.2450586223134064,-2.2450586223134064,0.0363511361470782,68.17242,1.8336087,0.010406494140625,0.0126190185546875,54838796,True,0.0149613868810378
319646,319646,0.6831502780138443,319646,319646,-1,False,10.365328076606202,0.3660773706812138,2.323150634765625,9.81621202058438,11.749761045621632,11.660182181233155,0.2925176,-0.0966294039686827,-0.0187887331905945,-12.205612107182274,6.228563448265327e-13,65808571.90131662,65808571.90131662,-2.547045610241814,-2.547045610241814,0.1951456213937232,67.33145,1.828218,0.0107269287109375,0.0128326416015625,54984705,True,0.01269907856375
5046,5046,0.6647422966254792,5046,5046,-1,False,10.401774149620094,0.4049343072186395,2.54058837890625,9.794372688792134,11.660182181233155,11.690041802695982,0.25293717,-0.0476099966294422,0.0759469555427486,,0.0,70002629.20673077,70002629.20673077,-2.5566597977696723,-2.5566597977696723,0.0102341266608135,68.87241,1.8380454,0.0120086669921875,0.015960693359375,56411600,True,0.0013784683253036
54269,54269,0.6296119988355976,54269,54269,-1,False,10.101415916629728,0.1719675400569217,1.4858245849609375,9.843464606544345,11.122708994902307,11.182428237827958,0.2488333,-0.0388691837098258,0.076776553659201,,0.0,24935577.07037142,24935577.07037142,-2.704596493320264,-2.704596493320264,0.004068428010526,58.13108,1.7644085,0.0122528076171875,0.0159912109375,56806194,True,0.0
156087,156087,0.6091140452882459,156087,156087,-1,True,10.333480709354207,0.2649573957281498,1.8405914306640625,9.936044615761984,11.227217670022194,11.272007102216431,0.20819947,0.034138876300341,0.1629461248338746,-12.21068166082432,6.156279645336113e-13,31569813.171662897,31569813.171662897,-2.8342086975841307,-2.8342086975841307,0.0410844773846518,70.28836,1.8468834,0.014495849609375,0.019500732421875,57106334,True,0.0184071686965361
141036,141036,0.6006012868655463,141036,141036,-1,False,10.739526952308816,0.1813431501220263,1.51824951171875,10.467512227125775,10.600165619302867,8.644360413487833,0.25491568,0.027226881884011,0.151933313334644,-10.671000239428125,2.1330437371915008e-11,141225347.8114002,141225347.8114002,-2.589614299313721,-2.589614299313721,0.1267763548269496,78.24441,1.8934534,0.0142669677734375,0.019012451171875,57896067,True,0.014409536356881
3913617,3913617,0.6349442877756575,3913617,3913617,-1,True,10.63529675859369,0.5129179487373435,3.25775146484375,9.865919835487674,11.346656155873497,11.331726345142082,0.30122602,-0.0966294039686827,0.1102616978637458,,0.0,146715750.10212418,146715750.10212418,-2.468820020242716,-2.468820020242716,0.4761298904439379,130.92018,2.1170068,0.0107269287109375,0.01727294921875,58181754,True,0.1173191933744608
708413,708413,0.6669746959515012,708413,708413,-1,True,10.322323907291398,0.3780344112587682,2.38800048828125,9.755272290403246,11.600462938307508,11.585533127576094,0.25434065,-0.0935514712987377,0.0082383063274051,,0.0,57954246.40208648,57954246.40208648,-2.559238644361429,-2.559238644361429,0.0713585886868605,67.675514,1.8304316,0.01080322265625,0.0136566162109375,58707407,True,0.0228090861699962
154378,154378,0.6000143242723192,154378,154378,-1,False,10.55580126182186,0.3896710509725605,2.452850341796875,9.971294685363018,11.01820031978242,11.003270509051006,0.25164,-0.0808572006705321,0.0568493484908118,,0.0,154493820.01398316,154493820.01398316,-2.366890150148418,-2.366890150148418,0.2676010187307105,84.54674,1.9270968,0.0111236572265625,0.0152740478515625,58724015,True,0.0117218915883615
1277093,1277093,0.6865494011773712,1277093,1277093,-1,False,9.97937620401582,0.0685984535255249,1.171112060546875,9.876478523727531,11.585533127576094,11.61539274903892,0.26690072,0.003848992898544,0.0675626317872907,,0.0,0.0,14564817.0,,-2.816071171721511,0.0813088093738155,48.29008,1.6838579,0.013519287109375,0.015655517578125,58963059,True,0.0001142305613181
3786109,3786109,0.6990965993191339,3786109,3786109,-1,False,9.218651342836148,-0.3550189222616707,0.4415512084960937,9.751179726228656,11.510884073919032,11.510884073919032,0.513038,-0.3951953108555885,-0.3872822282212195,,0.0,0.0,0.0,,,0.1754284353650861,19.342304,1.2865083,0.0053939819335937,0.0054931640625,58963059,True,0.0
1277858,1277858,0.6686289053207274,1277858,1277858,-1,False,10.642307942858052,0.3896710509725605,2.452850341796875,10.057801366399213,11.570603316844682,11.436235020261968,0.26083094,-0.0476099966294422,0.045865088678185,,0.0,126279252.6866516,126279252.6866516,-2.540975939760012,-2.540975939760012,0.1389256069473496,90.03352,1.9544042,0.0120086669921875,0.014892578125,58963059,True,0.0016046044775467
1265641,1265641,0.6333589901836453,1265641,1265641,-1,False,10.453076042484048,0.3081872870749108,2.033233642578125,9.990795111871682,11.675111991964569,11.630322559770333,0.27129966,-0.0520472713159423,0.0197307823976044,,0.0,149460951.24748617,149460951.24748617,-2.2785483004783926,-2.2785483004783926,0.2025312063193307,105.39444,2.0228179,0.0118865966796875,0.0140228271484375,59077734,True,0.1789808517085393
139676,139676,0.6177370286401197,139676,139676,-1,False,9.578313365891256,-0.2096956326109235,0.6170272827148438,9.89285681480764,11.242147480753609,11.301866723679256,0.15853179,0.1629461248338746,0.1815711005920234,,0.0,0.0,33473.51953125,,-5.053611987783816,0.0,26.313414,1.4201773,0.019500732421875,0.020355224609375,59411473,True,
5119,5119,0.6427715549490975,5119,5119,-1,False,10.52956072910122,0.4049343072186395,2.54058837890625,9.92215926827326,11.704971613427396,11.704971613427396,0.22719193,-0.0426716612508377,0.0197307823976044,,0.0,0.0,113315800.0,,-2.475270259887369,0.0039539110433776,82.953255,1.9188335,0.01214599609375,0.0140228271484375,59411473,True,0.0
51474,51474,0.6135802877116582,51474,51474,-1,False,11.344051032413851,1.0468429294967567,11.138916015625,9.77378663816872,11.585533127576094,11.466094641724794,0.3078042,-0.0005851356224662,0.0734486103102735,,0.0,5329350490.196078,5329350490.196078,-1.617376749412068,-1.617376749412068,0.6804681895289981,155.94055,2.1929593,0.0133819580078125,0.015869140625,59411473,True,0.5550495810334972
2604197,2604197,0.6674939213376935,2604197,2604197,-1,False,10.677188919921866,0.3257530611710147,2.117156982421875,10.188559328165343,11.331726345142082,11.391445588067732,0.3046675,0.0498515015091049,0.2249127545345259,,0.0,84948724.33147939,84948724.33147939,-2.748032058434977,-2.748032058434977,0.286035371717575,96.62904,1.9851079,0.0150299072265625,0.022491455078125,59679411,True,0.0001381649536577
690249,690249,0.6034784938415919,690249,690249,-1,False,10.46833660782571,0.3327391820316808,2.1514892578125,9.96922783477819,10.928621455393944,10.973410887588182,0.2382116,0.0286181093905577,0.1087243706588167,,0.0,104012621.174271,104012621.174271,-2.451250566856072,-2.451250566856072,0.0133462816563864,106.57776,2.0276668,0.014312744140625,0.0172119140625,59975999,True,3.799654913365745e-05
1406104,1406104,0.6661149855419845,1406104,1406104,-1,False,10.489168722915451,0.2689890392629728,1.857757568359375,10.085685164020992,11.55567350611327,11.585533127576094,0.2600515,-0.0080774631637939,0.0866100563682444,,0.0,79610833.21549773,79610833.21549773,-2.588196553600029,-2.588196553600029,0.0807870775652925,77.04327,1.8867347,0.013153076171875,0.016357421875,59975999,True,0.0425203051988089
2687587,2687587,0.6543468626512038,2687587,2687587,-1,True,10.518398340574702,0.3170589777465183,2.0751953125,10.042809873954925,11.25707729148502,10.406078079794508,0.28575462,-0.0802618688680508,0.0620247163717736,-11.44668651196115,3.5753082253505996e-12,95471995.38870037,95471995.38870037,-2.538522341051112,-2.538522341051112,0.2454674174224893,78.54747,1.8951322,0.011138916015625,0.0154571533203125,62690823,True,0.1550455210150313
717639,717639,0.6098542589930279,717639,717639,-1,True,10.505355484008726,0.500014608598612,3.162384033203125,9.755333571110809,11.331726345142082,11.033130130513833,0.22711185,-0.1129960603033624,-0.0250301984382332,-12.198484372834043,6.331631443339709e-13,129634498.53098293,129634498.53098293,-2.392634891981273,-2.392634891981273,0.1084271322090061,77.239944,1.8878419,0.0103302001953125,0.0126495361328125,62901910,True,0.0750124763980599
154382,154382,0.6590025718223093,154382,154382,-1,True,10.302504750620283,0.248445796377999,1.7719268798828125,9.929836056053286,11.630322559770333,11.675111991964569,0.27902305,-0.0520472713159423,0.1087243706588167,,0.0,46439652.70904035,46439652.70904035,-2.635615787338231,-2.635615787338231,0.1067478547954562,69.08685,1.8393954,0.0118865966796875,0.0172119140625,62926387,True,0.0012526703955237
325018,325018,0.6499127719203154,325018,325018,-1,False,9.4636979043733,-0.2103673952845398,0.6160736083984375,9.779248997300112,11.764690856353043,11.749761045621632,0.26921585,0.0498515015091049,0.0611664266024943,,0.0,0.0,30159.6796875,,-4.984271179598973,0.0,27.956795,1.4464874,0.0150299072265625,0.0154266357421875,64798628,True,
682377,682377,0.7124545366045215,682377,682377,-1,False,9.545180535015948,-0.1669017015034495,0.6809234619140625,9.795533087271124,12.197655367564009,12.152865935369768,0.36531448,-0.1683384692482703,-0.1554163578473391,,0.0,0.0,98217192.0,,-1.5529930213915868,0.0462998312467674,34.694622,1.5402622,0.00909423828125,0.009368896484375,64798628,True,0.0
53810,53810,0.646345198594246,53810,53810,-1,False,10.899465335236892,0.5900602498102561,3.8909912109375,10.014374960521508,11.481024452456207,11.167498427096543,0.29257634,-0.0388691837098258,0.1040794656130531,-11.659769049656004,2.188925347390552e-12,564901391.2456008,564901391.2456008,-2.1474926909138343,-2.1474926909138343,0.5074586949946592,112.5213,2.051235,0.0122528076171875,0.01702880859375,64893996,True,0.2760906144952857
146543,146543,0.6374250543638406,146543,146543,-1,True,10.487516363984074,0.246102053604464,1.76239013671875,10.11836328357738,12.063287070981294,11.630322559770333,0.30998594,-0.0587893650395258,0.0355081716498196,-11.697861669093593,2.0051105908472163e-12,155561398.2371795,155561398.2371795,-2.2956145259089964,-2.2956145259089964,0.1024763037149746,81.89194,1.9132411,0.0117034912109375,0.0145416259765625,64914352,True,0.0156277425822328
429,429,0.679367329402015,429,429,-1,True,10.220441196045616,0.2067725290100123,1.60980224609375,9.910282402530598,11.80948028854728,11.749761045621632,0.2603269,-0.070264127173108,0.0220872422315999,-12.996184506756952,1.0088242036169565e-13,49566131.79125817,49566131.79125817,-2.525256168753582,-2.525256168753582,0.0578100220860112,79.71817,1.9015573,0.0113983154296875,0.01409912109375,65363514,True,0.0317318747529481
134041,134041,0.6539438614173496,134041,134041,-1,False,10.388809172455726,0.2991305810506006,1.99127197265625,9.940113300879826,11.436235020261968,11.466094641724794,0.25299355,-0.0767069146510079,0.0135434686883062,,0.0,73129108.2889486,73129108.2889486,-2.524718894635884,-2.524718894635884,0.070222575054366,67.030876,1.8262749,0.01123046875,0.013824462890625,65619990,True,0.0349787710126447
682784,682784,0.691543936038801,682784,682784,-1,False,10.533549684647324,0.0735216825609374,1.1844635009765625,10.423267160805915,11.675111991964569,11.570603316844682,0.31991398,0.0336814834387859,0.111028325568381,,0.0,0.0,104317640.0,,-2.5151919312841216,0.0534210702179221,73.53836,1.866514,0.0144805908203125,0.017303466796875,64798628,True,0.0078997585663698
684934,684934,0.6681414031623797,684934,684934,-1,False,10.567891610628283,0.4942133817196615,3.12042236328125,9.82657153804879,11.719901424158806,11.704971613427396,0.29732358,-0.0814533496754695,0.0004041460852651,,0.0,143818037.78201985,143818037.78201985,-2.4100782515777945,-2.4100782515777945,0.2589065723398106,105.505394,2.023275,0.0111083984375,0.0134124755859375,66371631,True,3.1339175761169175e-05
1373485,1373485,0.6510122956417426,1373485,1373485,-1,False,10.44157488931478,0.1680473827200934,1.47247314453125,10.18950381523464,11.167498427096543,11.227217670022194,0.27068868,0.045865088678185,0.1399178908417606,,0.0,43999473.91316302,43999473.91316302,-2.7981274055098684,-2.7981274055098684,0.015754261790411,73.26802,1.8649145,0.014892578125,0.01849365234375,66371631,True,8.947638717421711e-05
5612,5612,0.6969484753478227,5612,5612,-1,False,10.902871583928803,0.4942133817196615,3.12042236328125,10.16155151134931,12.063287070981294,12.04835726024988,0.29990324,0.0111400619905561,0.0962258251598435,,0.0,711312118.9982404,711312118.9982404,-2.050811375864685,-2.050811375864685,0.6171052884799161,116.222244,2.0652895,0.0137481689453125,0.0167236328125,66629641,True,0.5610925051798543
56230,56230,0.6390757830224267,56230,56230,-1,False,10.394998747273425,0.3567063377885749,2.2735595703125,9.85993924059056,11.391445588067732,11.421305209530558,0.21424416,-0.0481621829490988,0.0304661738043706,,0.0,0.0,44075728.0,,-2.750799252989035,0.0041218054548596,65.48751,1.8161585,0.011993408203125,0.014373779296875,66629641,True,0.0
2679391,2679391,0.6949853270504308,2679391,2679391,-1,False,10.573812864664578,0.2139173702330627,1.636505126953125,10.252936809314985,11.73483123489022,11.764690856353043,0.31843308,0.0485267587984428,0.1297669733983942,,0.0,0.0,102640016.0,,-2.56249615359787,0.03291261055975,115.56915,2.0628421,0.014984130859375,0.01806640625,66629641,True,8.675468615210775e-05
1442638,1442638,0.6268365252058251,1442638,1442638,-1,False,10.201669244701003,0.2834595529379753,1.9207000732421875,9.776479915294042,11.301866723679256,11.361585966604906,0.24568865,-0.0696831311240454,0.0572829925427201,,0.0,20512753.002843767,20512753.002843767,-2.889645294049418,-2.889645294049418,0.0451009428379957,71.66911,1.855332,0.01141357421875,0.015289306640625,65619990,True,0.0002844372794632
69297,69297,0.605413483466434,69297,69297,-1,False,11.011827516566928,0.5323115369368849,3.406524658203125,10.2133602111616,11.361585966604906,11.227217670022194,0.28452337,-0.0020732963541037,0.1297669733983942,,0.0,491085982.67031175,491085982.67031175,-2.320669978557937,-2.320669978557937,0.4619345592707178,131.97556,2.1204937,0.013336181640625,0.01806640625,66371631,True,0.1836068566630672
808565,808565,0.6140029010090511,808565,808565,-1,False,10.451280197822156,0.3916925960434225,2.46429443359375,9.863741303757022,11.361585966604906,11.37651577733632,0.19897339,-0.0509336951112064,0.0197307823976044,,0.0,74044175.3374026,74044175.3374026,-2.5817892972649727,-2.5817892972649727,0.0182286104412768,75.46733,1.877759,0.0119171142578125,0.0140228271484375,70506744,True,0.0001523136649047
297376,297376,0.6866315743227543,297376,297376,-1,False,10.097369665479846,0.1968840309342824,1.5735626220703125,9.802043619078422,11.97370820659282,11.988638017324233,0.2697871,-0.0820503181294689,0.0267621472415866,,0.0,31722324.34640523,31722324.34640523,-2.596004664203924,-2.596004664203924,0.0074378489895794,53.698116,1.7299591,0.0110931396484375,0.014251708984375,70877032,True,0.0
6818,6818,0.6470608066618607,6818,6818,-1,True,10.63135218577336,0.394373434691194,2.47955322265625,10.039792033736568,11.585533127576094,9.82381546126942,0.31121847,-0.0281848937762369,0.1470259788398998,-10.953485976754004,1.1130483322374178e-11,185148566.13719207,185148566.13719207,-2.3638318327209613,-2.3638318327209613,0.1615622310172955,102.748886,2.0117774,0.0125579833984375,0.018798828125,71576298,True,0.0828615616876628
1451575,1451575,0.6649807873984348,1451575,1451575,-1,True,11.00584631975334,0.4894085996606108,3.086090087890625,10.271733420262423,12.16779574610118,11.61539274903892,0.33212906,0.0332236083495595,0.1526298563578984,-12.046904073862123,8.976270387564697e-13,1176166179.612871,1176166179.612871,-1.9353776325454068,-1.9353776325454068,0.32326423872023,131.38313,2.1185398,0.01446533203125,0.01904296875,72107228,True,0.2355964838624078
65590,65590,0.6033561670766467,65590,65590,-1,False,10.242819645623154,0.2312815412729037,1.7032623291015625,9.895897333713798,11.242147480753609,11.301866723679256,0.18990204,-0.0334941833944386,0.0463098347302662,,0.0,18091638.103809237,18091638.103809237,-2.9853417538746445,-2.9853417538746445,0.0023109849518908,59.33223,1.7732908,0.0124053955078125,0.0149078369140625,72648696,True,0.0
759540,759540,0.636711124282444,759540,759540,-1,False,9.800385920965748,0.0317091863676995,1.07574462890625,9.752822141414198,11.212287859290782,11.272007102216431,0.23045176,-0.0208592709952467,0.0954325930089051,,0.0,0.0,1458388.125,,-3.636512801569492,0.0147581131750732,41.098743,1.6138287,0.0127716064453125,0.016693115234375,72648696,True,0.0
1542414,1542414,0.632163275205445,1542414,1542414,-1,False,10.778497967090422,0.4685144560992955,2.941131591796875,10.075726282941478,11.003270509051006,10.988340698319597,0.28564,-0.0610601910336262,0.0700949683026857,,0.0,330644226.8413776,330644226.8413776,-2.2591370229109127,-2.2591370229109127,0.1862682832061117,97.97064,1.9910961,0.0116424560546875,0.0157470703125,72997884,True,0.1059045051898454
1568419,1568419,0.6116856779612636,1568419,1568419,-1,True,10.494631618616951,0.227863804271408,1.689910888671875,10.15283591220984,11.182428237827958,10.70467429442276,0.26480675,-0.0633429530930264,0.0485267587984428,-11.78303450942694,1.6480314322747896e-12,101419931.20365134,101419931.20365134,-2.4885083070006884,-2.4885083070006884,0.2210540699129655,74.02519,1.8693795,0.0115814208984375,0.014984130859375,73199962,True,0.0654511081403397
171276,171276,0.602874772643495,171276,171276,-1,False,10.63055895362242,0.562372015825182,3.650665283203125,9.787000929884648,11.212287859290782,11.242147480753609,0.24678752,-0.0862522325572383,0.0168860485457921,,0.0,0.0,115603472.0,,-2.567588075871843,0.1988619823839519,83.42663,1.9213047,0.010986328125,0.0139312744140625,73320576,True,0.000883161313462
171673,171673,0.734682944021175,171673,171673,-1,False,9.785361657641122,-0.0329336483533493,0.926971435546875,9.834762130171146,12.302164042683891,12.302164042683891,0.3424063,-0.0281848937762369,-0.0015766759661935,,0.0,0.0,48727320.0,,-2.097589131776314,0.0001740359682173,43.226246,1.6357477,0.0125579833984375,0.0133514404296875,73320576,True,0.0
789267,789267,0.7090781361721415,789267,789267,-1,False,9.504692944624848,-0.1842757975728722,0.6542205810546875,9.781106640984156,11.869199531472931,11.884129342204345,0.33198464,-0.1930763341371605,-0.1611121048222205,,0.0,0.0,440852.59375,,-3.860399544323597,0.000310851147956,31.016272,1.4915897,0.0085906982421875,0.009246826171875,73320576,True,0.0
789289,789289,0.64428074205663,789289,789289,-1,False,9.78951099954118,0.0247230655070335,1.0585784912109375,9.75242640128063,11.988638017324233,11.943848585129992,0.29777703,-0.0459576376980653,-0.0095915651572644,,0.0,0.0,95624504.0,,-1.8089418040396037,0.0132885061133114,44.936604,1.6526004,0.012054443359375,0.0131072998046875,73320576,True,0.0
75753,75753,0.6016829810267675,75753,75753,-1,False,10.633723226140775,0.4016615375339787,2.521514892578125,10.031230919839809,11.167498427096543,11.152568616365132,0.23810837,-0.0714284562402138,0.0572829925427201,,0.0,123229029.19180492,123229029.19180492,-2.54301019905303,-2.54301019905303,0.4238658233099228,97.19433,1.9876411,0.0113677978515625,0.015289306640625,73667903,True,0.1227872807312422
6334,6334,0.7161295565286975,6334,6334,-1,True,10.269148584345505,0.2418511764508055,1.7452239990234375,9.906371819669294,12.152865935369768,12.16779574610118,0.27668592,-0.0587893650395258,0.006292975048368,,0.0,56505390.24203432,56505390.24203432,-2.5170587057169955,-2.5170587057169955,0.0282405390864681,74.5043,1.8721814,0.0117034912109375,0.0135955810546875,73997124,True,0.0119469580863347
769618,769618,0.6520426553405002,769618,769618,-1,True,10.82301122205569,0.3342765092366099,2.15911865234375,10.321596458200776,11.540743695381856,11.033130130513833,0.27500212,0.0121030213249989,0.1512356513662931,-11.23756652836885,5.786733361934406e-12,255608728.86814985,255608728.86814985,-2.4154355414482733,-2.4154355414482733,0.225753103810259,116.92234,2.0678978,0.0137786865234375,0.01898193359375,74192769,True,0.0235873637928577
73351,73351,0.6182077740095974,73351,73351,-1,False,10.38463323180159,0.2974634216831376,1.983642578125,9.938438099276883,12.018497638787055,11.824410099278694,0.2463822,-0.0874602847462064,-0.0100974411398013,,0.0,119416249.8232466,119416249.8232466,-2.307569803430486,-2.307569803430486,0.030132060098608,65.43026,1.8157786,0.010955810546875,0.013092041015625,74934949,True,0.0100836022696549
376593,376593,0.6373428868167499,376593,376593,-1,False,10.1718962927316,0.2716561580768521,1.86920166015625,9.764412055616322,11.45116483099338,11.481024452456207,0.2387529,-0.0761172411294552,0.0276911197495984,,0.0,34620036.666509554,34620036.666509554,-2.6325687692253186,-2.6325687692253186,0.0267241480290967,92.41386,1.9657371,0.0112457275390625,0.0142822265625,76181526,True,0.0031542459401429
1533565,1533565,0.6916868491770868,1533565,1533565,-1,True,10.272330243131693,0.3380961862941865,2.178192138671875,9.765185963690412,12.09314669244412,12.063287070981294,0.29350084,-0.1015999243983928,0.0220872422315999,,0.0,88608992.52529538,88608992.52529538,-2.3248524444282013,-2.3248524444282013,0.0567449878493567,62.289112,1.7944121,0.0106048583984375,0.01409912109375,79882130,True,0.013117482145988
813496,813496,0.6301922653218894,813496,813496,-1,True,10.863383238161507,0.5573512144501312,3.60870361328125,10.027356416486311,11.49595426318762,11.361585966604906,0.26832327,-0.0714284562402138,0.1140813749213224,-13.067861497388275,8.55339449159738e-14,353215880.70324284,353215880.70324284,-2.31534301679295,-2.31534301679295,0.5090968091301858,154.49155,2.188905,0.0113677978515625,0.017425537109375,80372962,True,0.3796329229759325
4107179,4107179,0.6215625423296004,4107179,4107179,-1,False,10.850657475810076,0.6322263892813808,4.2877197265625,9.902317891888003,11.331726345142082,10.809182969542643,0.30167207,-0.0454082454908302,0.1001703979801726,-11.894007026698445,1.2764181567459694e-12,279705494.4774384,279705494.4774384,-2.4039564781629137,-2.4039564781629137,0.4114773243556779,150.12706,2.176459,0.0120697021484375,0.016876220703125,80606632,True,0.2787596024739673
774849,774849,0.6719565437540477,774849,774849,-1,False,10.47746797142644,0.3937047748487077,2.475738525390625,9.88691080915338,11.943848585129992,11.899059152935756,0.2706359,-0.0679447919843383,0.0135434686883062,,0.0,154341308.83924082,154341308.83924082,-2.2889857926095,-2.2889857926095,0.0460084538634876,74.153244,1.8701302,0.0114593505859375,0.013824462890625,80977134,True,0.0154103290949964
72262,72262,0.6794855734606449,72262,72262,-1,False,10.369692882008652,0.3288718859347618,2.132415771484375,9.87638505310651,11.645252370501746,11.316796534410669,0.30021977,-0.1066279919289563,0.0345957879489072,-12.12721137261379,7.460855476344783e-13,78695766.16704375,78695766.16704375,-2.4737415140682817,-2.4737415140682817,0.1725263944706654,73.46419,1.8660758,0.0104827880859375,0.0145111083984375,81400135,True,0.0042205730337744
64391,64391,0.6151488291360955,64391,64391,-1,False,10.956280186680408,0.5968198334575527,3.9520263671875,10.061050436494078,11.869199531472931,11.331726345142082,0.2597701,-0.0509336951112064,0.1216213990658051,-11.8706882585068,1.3468267746589701e-12,2171759128.33082,2171759128.33082,-1.6194685310664103,-1.6194685310664103,0.1955428447199472,126.70182,2.102783,0.0119171142578125,0.017730712890625,81807783,True,0.095527496149965
61127,61127,0.6699223508183056,61127,61127,-1,True,10.63842682246272,0.1407680889553509,1.3828277587890625,10.427274689029693,11.421305209530558,11.406375398799144,0.29274037,0.04541988671003,0.125342882693565,-14.221385374589548,6.006405179003806e-15,127041808.56036323,127041808.56036323,-2.534480154742772,-2.534480154742772,0.1270197593302371,85.88363,1.9339104,0.0148773193359375,0.01788330078125,83016374,True,0.024460610915183
750387,750387,0.6231832383440952,750387,750387,-1,True,10.45545900858287,0.3106248677411085,2.044677734375,9.989521706971209,11.55567350611327,11.481024452456207,0.2696504,-0.0520472713159423,0.0253649519928358,,0.0,106910333.49437532,106910333.49437532,-2.4264393243030518,-2.4264393243030518,0.0673753484876555,96.70751,1.9854604,0.0118865966796875,0.0142059326171875,83068673,True,0.0332125382949757
359382,359382,0.6580374234559165,359382,359382,-1,False,10.23990164260594,0.2083134927150642,1.6155242919921875,9.927431403533346,11.73483123489022,11.749761045621632,0.2696873,-0.0604913704128168,0.043634500919498,,0.0,39424138.67089304,39424138.67089304,-2.64413942886282,-2.64413942886282,0.0083765937340516,61.743385,1.7905904,0.01165771484375,0.0148162841796875,83288130,True,0.0
1506631,1506631,0.6094104634168761,1506631,1506631,-1,False,10.29953737804794,0.1802505848114535,1.514434814453125,10.029161500830758,11.212287859290782,11.212287859290782,0.2424227,-0.0691029112890403,-0.001080622820426,,0.0,62910859.5812123,62910859.5812123,-2.5008117588488346,-2.5008117588488346,0.004435613613392,61.79048,1.7909216,0.0114288330078125,0.01336669921875,83288130,True,0.0
168374,168374,0.6483397759946641,168374,168374,-1,True,10.690531271026186,0.3065545991298075,2.025604248046875,10.230699372331475,11.286936912947844,11.077919562708068,0.27145818,-0.0421264075923944,0.0882275423418636,-12.298535397046606,5.028802770679997e-13,153426241.79078683,153426241.79078683,-2.5046316239931183,-2.5046316239931183,0.5655616789755166,108.06673,2.0336921,0.0121612548828125,0.01641845703125,83637371,True,0.1012886329101373
6399,6399,0.6527093123761406,6399,6399,-1,False,10.125567737681145,0.1802505848114535,1.514434814453125,9.855191860463965,11.510884073919032,11.510884073919032,0.30329242,0.0281548618992715,0.0866100563682444,,0.0,0.0,166847216.0,,-1.903248773234683,0.0308883446147679,64.87731,1.8120929,0.0142974853515625,0.016357421875,84415698,True,0.030244565200506
66449,66449,0.6597457439161772,66449,66449,-1,False,10.378293053770571,0.278689420808056,1.89971923828125,9.960258922558488,11.19735804855937,11.25707729148502,0.28716362,0.0300048944387501,0.1363197386782139,,0.0,0.0,60013148.0,,-2.60004664541522,0.1888825418465555,90.24418,1.9554192,0.0143585205078125,0.018341064453125,84415698,True,0.0001411200260371
761509,761509,0.680198273787178,761509,761509,-1,False,10.687756216971415,0.2026363598233737,1.59454345703125,10.383801677236354,11.525813884650445,11.570603316844682,0.29545802,0.0784310108292134,0.1148412954684986,,0.0,195824348.36915532,195824348.36915532,-2.39588952692542,-2.39588952692542,0.169471379912742,112.93936,2.0528455,0.01605224609375,0.0174560546875,84415698,True,0.0006405793613788
5807583,5807583,0.603265189731833,5807583,5807583,-1,False,10.659727493371172,0.4506917977793147,2.8228759765625,9.9836897967022,11.45116483099338,11.45116483099338,0.22410733,-0.0437642265614105,0.079255881888021,,0.0,133447277.89954124,133447277.89954124,-2.534417774035698,-2.534417774035698,0.0667904629427267,85.79866,1.9334805,0.012115478515625,0.016082763671875,85104252,True,0.0014022412816866
794862,794862,0.6183361170396101,794862,794862,-1,True,10.310043320492284,0.3682115001938997,2.3345947265625,9.757726070201434,11.600462938307508,11.436235020261968,0.23407215,-0.1136380330468708,-0.0329603240993055,,0.0,55056534.08198215,55056534.08198215,-2.569234452273466,-2.569234452273466,0.0304799686132346,62.1898,1.7937192,0.01031494140625,0.012420654296875,86049352,True,0.0074211038014897
10223610,10223610,0.6176055146725293,10223610,10223610,-1,True,10.162084571506908,0.272541570171307,1.873016357421875,9.753272216249949,11.242147480753609,10.211990540286145,0.25949222,-0.1387640502673444,-0.0287129114484563,-11.158300103005796,6.945442128516575e-12,32980541.53802948,32980541.53802948,-2.643826789056895,-2.643826789056895,0.1187469094824708,59.874496,1.777242,0.009735107421875,0.012542724609375,86226173,True,0.0037800106689883
6301,6301,0.6267726950901156,6301,6301,-1,True,10.91869614403444,0.5219765629809057,3.326416015625,10.135731299563082,11.913988963667167,11.585533127576094,0.28390417,-0.0415818376377773,0.0914445532138613,-11.986463964122944,1.0316586784616266e-12,528908754.00641024,528908754.00641024,-2.195315388917108,-2.195315388917108,0.3943023614772102,147.32838,2.1682866,0.012176513671875,0.01654052734375,86570273,True,0.3094593705049234
372258,372258,0.6469758089981922,372258,372258,-1,True,10.700106655357844,0.4399972756179776,2.75421142578125,10.040110741930878,11.540743695381856,11.152568616365132,0.24167457,-0.0559674286527706,0.0511722155991213,-12.572759979077237,2.674484103669875e-13,172032605.10935143,172032605.10935143,-2.4644958893973605,-2.4644958893973605,0.0995069282325423,94.37475,1.9748558,0.01177978515625,0.01507568359375,87060753,True,0.0391136549248327
75441,75441,0.6283978052976779,75441,75441,-1,False,10.73828964525565,0.2288430481629583,1.6937255859375,10.395025073011212,10.824112780274058,10.868902212468294,0.30460978,0.0445281112798451,0.1567858161290561,,0.0,138480146.66603822,138480146.66603822,-2.5969021304214044,-2.5969021304214044,0.5037417905164681,147.5531,2.1689487,0.0148468017578125,0.01922607421875,87581506,True,0.488951337247867
176704,176704,0.6385286141720474,176704,176704,-1,False,10.286585290446304,0.3365723444434096,2.170562744140625,9.78172677378119,11.37651577733632,11.421305209530558,0.2324385,-0.019305442926625,0.047197962814631,,0.0,0.0,32484880.0,,-2.7749040236371765,0.0011848315242962,56.58765,1.7527217,0.0128173828125,0.0149383544921875,88418734,True,0.0
73661,73661,0.6716468067631327,73661,73661,-1,False,10.46833660782571,0.3990254476081192,2.506256103515625,9.869798436413532,11.540743695381856,11.49595426318762,0.28833172,-0.0627711367077154,0.0633089789593937,,0.0,90896660.14643036,90896660.14643036,-2.5097886817723136,-2.5097886817723136,0.1089082880195757,75.66469,1.8788933,0.0115966796875,0.0155029296875,88447314,True,0.0017769291743903
64105,64105,0.7043249407385668,64105,64105,-1,False,10.37185894376516,0.313853837871307,2.0599365234375,9.9010781869582,12.09314669244412,12.108076503175532,0.2870654,-0.1117149547080051,-0.0404947419965631,,0.0,84948724.33147939,84948724.33147939,-2.442702082278272,-2.442702082278272,0.0855376552127269,79.935005,1.902737,0.0103607177734375,0.01220703125,88984019,True,0.0018144797549645
361487,361487,0.6423251547812795,361487,361487,-1,True,10.23990164260594,0.313853837871307,2.0599365234375,9.769120885798982,11.80948028854728,11.227217670022194,0.24851435,-0.1117149547080051,-0.0040654763698882,,0.0,46592163.88378268,46592163.88378268,-2.5715887617142084,-2.5715887617142084,0.1140910162574427,62.438942,1.7954556,0.0103607177734375,0.013275146484375,89022596,True,0.0675640423456239
735584,735584,0.6998065777049812,735584,735584,-1,False,10.182049093633593,0.1629546203392377,1.4553070068359375,9.937617163124736,12.018497638787055,12.04835726024988,0.27916288,-0.0448595473990132,0.032306407413286,,0.0,43236918.03945136,43236918.03945136,-2.5461943640915075,-2.5461943640915075,0.002933450172638,66.46408,1.822587,0.0120849609375,0.014434814453125,90006227,True,0.0
5647818,5647818,0.659300943594705,5647818,5647818,-1,False,10.418910904678835,0.1383653471037863,1.3751983642578125,10.211362884023156,11.301866723679256,11.361585966604906,0.26451626,0.005805277656406,0.1033004618492033,,0.0,53455166.74718766,53455166.74718766,-2.690921216062997,-2.690921216062997,0.0955383937298988,72.42298,1.8598764,0.013580322265625,0.016998291015625,90293649,True,0.0038435542278506
805018,805018,0.6186872361765806,805018,805018,-1,False,10.494088410939002,0.1437529425048131,1.392364501953125,10.27845899718178,10.85397240173688,10.824112780274058,0.252758,0.0993843444046733,0.1796133460434919,,0.0,0.0,126279248.0,,-2.3927564239591037,0.0687262867340659,82.94711,1.9188013,0.016845703125,0.020263671875,90952621,True,0.0075548192494815
