subhalo_id,stellar_mass_current,stellar_halfmass_radius_kpc,logsigma
158660,0.0,2.29644775390625,10.11962487457736
6041,7.390999860268494,2.38800048828125,10.2930679866197
4084083,3.587242158871959,2.20489501953125,10.035023640143674
12231,10.31602063641185,4.2724609375,10.052405150596352
740743,46.55590913618653,9.8419189453125,10.027852553476126
2821775,5.772686385695124,1.735687255859375,10.401420777053856
2855260,0.0,4.78363037109375,10.0919955379233
1518042,10.988636270310964,3.742218017578125,10.118525287443417
3229802,8.474880773967016,2.979278564453125,10.191704916040344
1560853,19.126320970528468,6.16455078125,10.01734964298453
375396,3.864833988205646,2.13623046875,10.074793079332048
381539,11.983631738796248,3.60107421875,10.185028317134188
1580884,6.503946886383346,2.74658203125,10.142867784448232
5744026,12.232053911095136,4.49371337890625,10.05417161757804
807260,8.110261714267835,3.33404541015625,10.102431513934514
170652,32.60883367960923,7.9803466796875,10.036468637996842
1590258,6.442060721463349,2.38800048828125,10.231315890768707
179915,3.973640323296422,2.34222412109375,10.021626271184545
1623156,0.0,3.238677978515625,10.01744099365147
1623099,0.0,6.47735595703125,10.003446604977594
391703,5.436194104113383,2.445220947265625,10.040068751637811
813780,2.510012973820267,1.7299652099609375,10.03105991066876
2788924,3.356908702015062,1.819610595703125,10.12273999663007
1455155,4.688119234866463,2.41851806640625,10.056819967843976
1474761,3.656537371345621,2.170562744140625,10.023699222424709
843181,3.1685548218883923,1.964569091796875,10.058514205712786
352542,9.264779745040869,2.994537353515625,10.23650304955561
12831197,7.44840718825435,3.238677978515625,10.092691946070662
2858896,2.432151992841682,1.52587890625,10.1065466915938
12178,8.649379048205446,3.826141357421875,10.039619409755794
755578,6.526464081958693,2.971649169921875,10.080152326917055
5577975,8.930353145340632,2.8228759765625,10.239374541496549
66132,0.0,3.513336181640625,10.047581688348467
771562,7.333901030084235,2.532958984375,10.228143634870028
172541,4.2733765129887615,1.850128173828125,10.206936260161545
990049,8.769956323718361,3.37982177734375,10.092226025817247
71727,11.232557722381898,3.45611572265625,10.2245683001025
999532,5.225542873638915,1.9989013671875,10.243473837622624
72060,16.24579287996312,6.072998046875,10.00302422412178
990587,0.0,2.01416015625,10.119477664654614
175416,15.058826959844737,4.8828125,10.088992403665376
809503,4.150601699366234,1.5544891357421875,10.330284611683958
7510,15.407722729338277,5.4779052734375,10.028679439387084
25313,0.0,3.5858154296875,10.042960962856505
235419,0.0,1.995086669921875,10.093906990913716
2014494,0.0,6.1187744140625,10.05103145789887
4319750,0.0,2.910614013671875,10.145984709929076
62268,17.027599102751992,5.31768798828125,10.061185775712842
158744,2.613631294516381,1.8596649169921875,10.008247573940368
1454669,4.587679404496157,2.513885498046875,10.0562295207158
402510,0.0,3.54766845703125,10.128354927739192
1729256,0.0,1.6689300537109375,10.326070290261166
12388,5.210643184916989,2.838134765625,10.030587476457445
64410,1.624219508805254,1.2493133544921875,10.065627888687542
83494,17.77794778628595,4.9591064453125,10.0890162025967
195767,74.13305213730928,11.1083984375,10.080882653023105
750873,153.03972320687535,15.716552734375,10.005876828749726
1740703,3.21501497772988,1.7566680908203125,10.138320915136918
64460,15.005065715733508,4.31060791015625,10.193616875971246
191375,6.344426906915032,3.01361083984375,10.055325530051393
62929,42.610741290940496,8.4075927734375,10.065709964795907
199576,10.712924950123124,4.40216064453125,10.037662507286162
88790,5.43769960100326,2.811431884765625,10.042654507598208
4213754,16.900514067194308,4.8370361328125,10.120008962229198
793784,0.0,3.11279296875,10.000418931227804
22838652,3.21211971687444,1.522064208984375,10.20998677371286
173081,0.0,2.155303955078125,10.102426203599142
958172,5.557414163515205,2.2125244140625,10.213458741779702
222289,13.385867085708014,4.00543212890625,10.152950417396012
502997,5.706060408032499,2.55584716796875,10.129458423156642
2791247,0.0,2.1820068359375,10.148463599417278
61035,0.0,2.72369384765625,10.091703793281988
737877,5.866381413863564,2.231597900390625,10.22938627729036
861,56.93747308688762,9.9334716796875,10.064186159754524
5895626,3.5729594536314835,2.086639404296875,10.059313795750182
83656,5.311377948550216,2.384185791015625,10.14346532357603
782,3.1243176962962025,2.03704833984375,10.03112961600161
83079,57.22495501553203,11.322021484375,10.002236126816358
194406,6.651437513690325,3.360748291015625,10.007092015882574
5568023,7.522696634281601,3.59344482421875,10.022620667413278
3195990,4.934727466505137,2.819061279296875,10.0098065421225
192291,5.829840276644973,2.704620361328125,10.117150984914552
418439,5.627810663812852,2.76947021484375,10.060846353446845
198893,5.353188478940865,2.0294189453125,10.239725034698132
1056,2.604377727075189,1.77764892578125,10.03367647889316
83431,19.69762294911197,5.828857421875,10.063094193484462
86617,6.486452437318803,2.696990966796875,10.14988490560537
10699129,2.917516080553469,1.8787384033203125,10.045846136943185
7670343,0.0,1.766204833984375,10.297984354818922
3328409,6.826647986919852,3.23486328125,10.038412136720614
215236,0.0,2.620697021484375,10.06703566250889
226008,9.248637898199377,3.726959228515625,10.09015271919521
22654,8.568853954144288,3.047943115234375,10.178554455904752
552,3.339682475561858,2.178192138671875,10.015855222872736
2003,201.1175811032153,12.237548828125,10.211005148627947
7166,10.93774741008383,4.38690185546875,10.037222774868864
72033,4.176291072108143,1.6078948974609375,10.3107263988039
100531,6.039264264407393,2.6092529296875,10.149752328975907
382802,3.414274259157537,2.18963623046875,10.02150016088811
812385,2.3362664551314083,1.6002655029296875,10.061954750793834
3028815,4.273087447276339,1.5926361083984375,10.327384116820484
3071838,3.200985561721609,2.166748046875,10.001112912746391
97114,3.6887294146508793,2.353668212890625,10.008895762800709
98113,1.6457018499495462,1.3599395751953125,10.01347623623697
96779,8.976618357097323,3.154754638671875,10.183140567885074
176832,0.0325310139814973,10.6201171875,10.113196541183523
5865224,0.0002192662868765,1.9683837890625,10.039117922794576
1041257,0.0,1.3885498046875,10.239233849937955
1041630,0.0,1.689910888671875,10.11068254591799
8461425,0.0,1.9683837890625,10.325888775475132
18364834,0.0,1.6269683837890625,10.190926909847114
813809,7.367903395235771,3.253936767578125,10.071391685352248
1454545,11.239868662218214,3.73077392578125,10.155447159240932
157046,11.690986948888169,3.021240234375,10.218398525078282
183993,0.0,3.322601318359375,10.23092820891084
82177,8.650736743562447,3.467559814453125,10.095372910088702
436450,2.714817990148731,1.903533935546875,10.007256797837533
202570,8.211257860035403,3.147125244140625,10.115116499745575
908875,20.309563721377344,6.01959228515625,10.022074088316089
13750973,1.381707545617246,1.1692047119140625,10.03809521440377
1871788,4.09667354967678,2.43377685546875,10.028317849983198
955386,10.288186689540453,4.09698486328125,10.045020378622262
16940,9.16081773910264,3.505706787109375,10.130021297694205
1845543,8.007105635762855,3.040313720703125,10.143625836631578
1835283,0.0,3.07464599609375,10.017003391751148
209299,0.0,4.9591064453125,10.04536613416546
3281252,5.234109200566309,1.67083740234375,10.362309776795684
1484,6.336245841201162,2.422332763671875,10.213848013568962
950755,6.795347831357503,3.368377685546875,10.027782901475785
1012141,4.17245104774338,2.513885498046875,10.010555077192745
71756,3.781972267002857,2.12860107421875,10.040414459851704
3345581,16.73610043091321,5.39398193359375,10.068865245288842
2208,16.800805971288355,6.3323974609375,10.004929071111572
26277,4.4293966538025416,1.972198486328125,10.196779894513147
230181,2.235356390796369,1.59454345703125,10.044983120682971
475090,2.4516467476350954,1.689910888671875,10.044233971877068
480155,9.21400271083985,3.299713134765625,10.154667903167612
492527,6.132501186657464,2.5634765625,10.165818325808228
494559,3.667450005326828,2.109527587890625,10.05757182725758
494970,12.499857990842427,4.47845458984375,10.11233190655248
1008828,28.081927097089647,6.20269775390625,10.232103136283026
1009375,3.4250648092493066,2.079010009765625,10.054276013756157
1010350,11.94190034494386,3.810882568359375,10.200010225170676
2226,4.945794930375996,1.575469970703125,10.395796982185464
494654,1.8367182341244188,1.38092041015625,10.05107027396129
24712,6.13445858060004,2.899169921875,10.070734057341172
500334,3.99810440280271,1.6803741455078125,10.255598707186907
1995524,6.429658755550918,3.040313720703125,10.072909573400995
4706049,3.4487503755590296,1.8463134765625,10.137552057217704
1029438,0.0,2.239227294921875,10.090880030380248
3430707,5.811214908586408,2.7923583984375,10.081550153348322
11039252,0.0,2.010345458984375,10.256551001991674
25178,0.0091976646363036,3.4027099609375,10.05004076619424
231307,12.026691989347457,4.02069091796875,10.11192705204122
402161,0.0,2.00653076171875,10.00651733671672
78006,0.0,4.99725341796875,10.011200622312888
3143632,0.0,2.338409423828125,10.021335874812692
7832711,12.061522504263849,4.87518310546875,10.01226146032996
60871,0.0,5.11932373046875,10.007154078000775
180533,0.0,10.9710693359375,10.04619245531086
1647304,0.0,6.0272216796875,10.008403001864323
82904,6.545600409132021,2.8839111328125,10.08054576859386
4380620,26.542594755075697,6.9732666015625,10.07581432657753
12671,6.04406616189226,3.21197509765625,10.009784718836782
1254,127.06027269528568,12.908935546875,10.070837398292351
10571683,2.883476710143441,1.6727447509765625,10.124453479822456
201868,0.0,3.597259521484375,10.02287360130734
6034364,3.1594602574477904,1.861572265625,10.085446963137928
435538,4.223072689528635,1.499176025390625,10.346463187655605
1788266,5.179143943605595,2.5787353515625,10.092365305679689
89134,15.266135076300998,4.730224609375,10.114766265985816
87476,5.864727507199859,2.819061279296875,10.081332229582104
925424,0.0,3.0517578125,10.163569610474292
1368,0.0,3.345489501953125,10.042898227632236
460314,14.457630370096012,4.78363037109375,10.064944798128106
1919656,17.31549493703642,5.42449951171875,10.083731118669792
995106,4.069975140504539,1.5468597412109375,10.29144226063457
491584,5.395647185374401,2.872467041015625,10.015421563910516
1930766,0.0,2.613067626953125,10.04209191271808
224822,5.8893102295696735,2.67791748046875,10.075001675938324
26168,52.81782711655251,9.6282958984375,10.097038655338691
238697,10.068921269994462,3.803253173828125,10.076185199601252
492506,24.69171907295822,7.2021484375,10.00292656326054
1011037,9.480944183000249,4.06646728515625,10.056476882833046
1946318,4.58997501101112,2.712249755859375,10.006753241512165
25850,0.0,2.25067138671875,10.147292183828522
236847,0.0,4.28009033203125,10.043689761330969
495540,2.156687798589701,1.6155242919921875,10.010660157739151
102907,0.0,2.9296875,10.172797572445315
839898,0.0,2.32696533203125,10.245476744692276
4690410,8.179872898486792,3.704071044921875,10.031664153141426
834427,7.357251125606126,3.19671630859375,10.058240940264328
79235,7.081501164328074,2.6702880859375,10.20212445684001
186200,2.9928738164526294,1.73187255859375,10.117429170420465
186592,119.65300094083796,13.1378173828125,10.0416387438647
406502,1.3263042103280895,1.186370849609375,10.011050709628766
193651,4.528539328108309,2.460479736328125,10.066464421686794
848198,6.114412134549639,3.05938720703125,10.037440559605637
12490,55.82663831298851,9.368896484375,10.114830137493144
7916136,2.5064918713324005,1.64794921875,10.072983923848952
80989,3.9863795293931616,2.37274169921875,10.01722489439489
197137,9.41524151624617,2.498626708984375,10.344461363779212
412847,16.26042070114636,5.69915771484375,10.01412811910072
10850,4.524390451522777,2.658843994140625,10.012168451315317
80760,8.863998348271707,2.651214599609375,10.27776558597902
197016,6.651634238609404,2.8533935546875,10.13945867350438
197076,12.356619347825472,3.0670166015625,10.302376523495044
427231,7.905005140004505,3.543853759765625,10.061794169723631
427356,11.292724491686386,3.9520263671875,10.14901810794971
884010,4.938513190150843,2.09808349609375,10.210554554257502
1699510,3.938302933849627,1.7833709716796875,10.217277072459606
1702998,4.154643497742654,2.216339111328125,10.099211832712456
1752205,1.396000071137678,1.209259033203125,10.021038667362976
1753583,5.877558860534919,3.07464599609375,10.027756761846346
869305,9.653062730765669,2.964019775390625,10.24393459964648
4395237,10.997716821460926,4.3487548828125,10.034704874321024
877581,8.71337625830347,3.879547119140625,10.035524597577815
86728,4.397622916170803,2.216339111328125,10.12308017288715
427733,0.0,3.65447998046875,10.081757002085617
202897,6.541138883825624,2.76947021484375,10.10461651617051
1408,4.468693808368698,1.5888214111328125,10.343007449421712
1809935,3.4238015276932856,2.08282470703125,10.04906981632011
1415,13.134752938225574,4.0435791015625,10.171070008319044
88138,6.473527258480317,2.38037109375,10.227971754349316
466789,0.0,7.69805908203125,10.034291478424084
226646,12.748810675620916,3.536224365234375,10.276587785031587
489146,6.809648597976775,3.27301025390625,10.053131400366624
958228,0.0,3.5400390625,10.111241140403957
19674,4.474755893606925,2.51007080078125,10.040454477681973
485452,3.87751034667599,2.37274169921875,10.014541294824667
3353567,4.61617306041444,2.651214599609375,10.017072148020944
22152,14.910674350176125,5.37109375,10.031994811520027
489993,0.0,4.2266845703125,10.023979191367989
237598,21.25699876195722,6.62994384765625,10.010554870381675
1932216,3.837885549437488,2.254486083984375,10.043788900401282
3436911,0.0,3.147125244140625,10.004237784961234
503453,0.0,2.60162353515625,10.2604876400349
2495,9.124549363303233,3.24249267578125,10.166855461759118
839391,3.041114200277661,1.983642578125,10.031837224272785
4384498,8.71212654291594,3.658294677734375,10.081880860231037
3151984,1.6532381860306486,1.3751983642578125,10.010333978344372
11980,6.815310721081914,3.22723388671875,10.027502449155625
845312,4.80801887450798,2.66265869140625,10.039215668914617
79031,11.215315154775451,3.330230712890625,10.22943407586398
1740341,7.960436349858355,3.513336181640625,10.054904002698054
413936,2.782324800689821,1.796722412109375,10.047408592094667
191695,0.0,4.4097900390625,10.00440157714301
870514,0.0,6.3018798828125,10.00129014935182
11696,5.881787935373723,1.712799072265625,10.383996803301612
423945,3.258517533504346,1.556396484375,10.20153775341536
82837,14.06644236917782,4.61578369140625,10.101407818689951
436420,9.490441101581382,3.37982177734375,10.162188761470418
3233641,0.0,1.789093017578125,10.01468150836161
200039,0.0,3.4027099609375,10.195893583560412
15719,17.481939558303566,4.1046142578125,10.092578513478918
939527,4.057277071449789,1.5163421630859375,10.32207952787277
1826560,0.0,1.47247314453125,10.22028414982566
219721,0.0,4.05120849609375,10.14969221862134
465532,0.0,3.391265869140625,10.041017743834932
997544,13.07789423448412,4.180908203125,10.136756938049638
1948311,26.804746047972003,5.7830810546875,10.137433909842947
2167,3.963641588154133,2.44140625,10.001307629269164
4715933,0.0,2.330780029296875,10.041157420719898
492626,13.99750485473487,5.2490234375,10.027297707414942
104777,29.018755198994768,7.54547119140625,10.032408112453783
496954,3.7462751249186113,2.01416015625,10.10667647948989
2494,4.050103113804653,1.495361328125,10.332451884575432
10371452,6.221605896076653,3.192901611328125,10.027272920216282
849841,0.0,3.5247802734375,10.06442707121846
4345149,0.0321538976422743,4.7760009765625,10.046577948114724
10967,410.6911229046673,19.775390625,10.115346684779844
11028,5.890734991167847,2.67791748046875,10.12824718789155
76409,3.432287768700917,1.9321441650390625,10.10150211645672
1648213,0.7428439713476109,0.7772445678710938,10.03502975387709
1649222,2.9089442595432047,2.01416015625,10.00580453603081
1660385,5.630796218487376,2.4261474609375,10.168894048520038
4392837,4.9682395207782974,2.67791748046875,10.039750957797192
844903,0.0003235315816709,1.5163421630859375,10.178281079783195
82881,0.0,5.10406494140625,10.08789576620812
9746,40.34362599298038,9.4146728515625,10.017550055627174
937,0.0001306449994444,1.5163421630859375,10.352964575914488
399047,0.0,2.8533935546875,10.245358938672618
413056,0.029808075792971,2.5634765625,10.014926500333926
414057,0.0,2.254486083984375,10.164403998911956
1704377,0.0,4.67681884765625,10.060248736152747
3166287,0.0533628603516262,3.10516357421875,10.07717036087594
868355,0.0,3.0364990234375,10.054373128641492
1720040,0.0,2.353668212890625,10.007974671295516
4450148,3.229806831048336,1.773834228515625,10.130394141749989
418275,82.23148169093474,10.9710693359375,10.01632511326329
14130,6.357453263641219,3.185272216796875,10.019806768330682
12774,5.230188550704042,2.3345947265625,10.139594926451725
13656576,0.0,2.41851806640625,10.149117397674386
435436,3.742023783030163,1.83868408203125,10.17296147413164
87061,0.0,1.4190673828125,10.199861220436407
6105192,4.399323019148142,2.227783203125,10.103155999370852
445152,24.06016196471319,7.171630859375,10.01329398553066
1816792,2.794276419772359,1.5888214111328125,10.144235047739372
915033,2.973427439515945,1.911163330078125,10.045234862755802
204690,9.46043208274932,3.887176513671875,10.061198677690264
1839001,0.0,3.2958984375,10.008261930375443
1918,6.445058287143183,3.265380859375,10.028544397922824
221051,7.007212881471787,3.13568115234375,10.048986851644075
982499,6.709456896438496,2.899169921875,10.099528250451764
4588399,0.0,2.643585205078125,10.209646512674896
959876,0.0,1.861572265625,10.104752118333316
1874,0.0,3.025054931640625,10.270461368641254
793416,0.0,1.5888214111328125,10.294250379720935
1782,0.0,1.8310546875,10.195312739234849
19629,0.0,4.57763671875,10.09417709448159
19723,0.0,3.31878662109375,10.056078539700602
94690,0.0,1.8329620361328125,10.349711022939402
1922533,9.368556912399072,3.231048583984375,10.178549251640565
99072,2.861558714568673,1.434326171875,10.211482769468866
20735,17.34304960395093,5.340576171875,10.099168700858488
979145,3.515510329962126,2.002716064453125,10.08801432041378
222677,7.907488193821337,3.2501220703125,10.105180010342533
1876495,2.35167062979599,1.7185211181640625,10.012595766561072
2026906,6.574391965514224,3.4027099609375,10.011288177202225
23680,10.132029180844256,3.70025634765625,10.101676387904307
222999,90.07613926907652,10.2386474609375,10.158244681592183
1927992,2.242493139463477,1.5201568603515625,10.07762091835228
1930719,3.164387733428157,1.5163421630859375,10.227757175838356
1930950,17.847434870840516,6.0882568359375,10.02716213199821
26681,12.40792900143424,4.76837158203125,10.044102848191422
1041244,61.59391020420298,10.4217529296875,10.0576255704696
236425,3.5833166407828685,2.20489501953125,10.037405952655538
231187,2.284229194636282,1.6803741455078125,10.0198454925428
1014034,3.37341320469568,1.8863677978515625,10.114112866367911
104639,20.546176016214304,5.5084228515625,10.008917424979726
104607,3.5392662861486315,2.25067138671875,10.0124635037342
104782,7.262587770303071,2.040863037109375,10.375774457016368
1983319,3.897839254772407,1.651763916015625,10.249596796437949
411352,1.6893990551907336,1.40380859375,10.006565898343055
856050,15.414575933747985,4.6844482421875,10.134066220685815
10501,11.070581453750492,3.5400390625,10.171493251569526
1691500,12.607974846796424,4.98199462890625,10.016728460202858
1648239,2.554120586741192,1.6803741455078125,10.06768024116232
7778,6.7353306559161865,2.89154052734375,10.12722014839406
182031,20.669632012090005,6.40106201171875,10.03960190251644
5882801,4.1173473691160325,2.26593017578125,10.060405559889713
759,0.0,3.91387939453125,10.152879581708168
1643725,0.0125958884309511,1.861572265625,10.118687896276608
81536,2.8143688718264457,1.96075439453125,10.004776436789356
11694,0.0,4.7760009765625,10.068766774626791
868437,0.0,2.66265869140625,10.185547407449263
192199,0.0,1.873016357421875,10.231171079918452
12521,51.111003188103496,7.3699951171875,10.26604829497047
11968,17.686350013769697,5.828857421875,10.009486104717803
3195680,2.7667055771162268,1.94549560546875,10.002473426151278
10435574,0.0,2.86102294921875,10.093715954930364
13256,5.063664312459878,2.285003662109375,10.160421250616404
1763265,5.622707247450308,2.6092529296875,10.112274533381989
4460513,0.0,3.66973876953125,10.0668082012297
200709,7.484437273546064,3.6163330078125,10.008445340876689
444365,0.0,2.8839111328125,10.10623133304891
899406,0.0,2.51007080078125,10.07479804444802
927779,6.882696717038925,3.063201904296875,10.071793211177113
927634,3.3267635954616708,1.7871856689453125,10.143726716483506
444561,9.596960957424017,4.34112548828125,10.003610959904284
88547,11.524454304628309,3.620147705078125,10.143680558380694
1432,0.0,2.826690673828125,10.083710560070532
207528,4.187655608599016,2.483367919921875,10.025104548445665
18044,4.927366646843439,2.3956298828125,10.12278259406427
1819,3.077528751186037,2.00653076171875,10.033847630680958
20320,21.51254565286945,5.7830810546875,10.126638959340628
226643,0.0,3.437042236328125,10.17607574155743
97718,3.147234695054067,1.903533935546875,10.067623242156824
1036567,3.7080175352020888,2.17437744140625,10.051211202263872
1986105,18.38637987628317,5.83648681640625,10.02528629743091
511310,6.770122121502936,2.803802490234375,10.148320864629213
1040964,5.192079776476021,2.31170654296875,10.16884065333507
2031044,9.285578652583354,4.00543212890625,10.053803689665887
6313651,3.73288369319198,2.23541259765625,10.042016783262694
101148,5.744641037104884,2.544403076171875,10.12680199895222
3137917,3.2470687717723195,2.040863037109375,10.037978450260637
411815,7.556654459724086,3.589630126953125,10.024256705272448
867,102.6589538659682,13.2598876953125,10.037679420168226
187762,8.08367449465004,3.688812255859375,10.039628183489294
410403,31.79565754522628,8.5296630859375,10.004029683090735
849453,54.39148401661805,9.7808837890625,10.052819597242957
1644124,0.0,2.475738525390625,10.008732247352688
3167768,0.0015334688432631,2.155303955078125,10.039691808601946
3198019,4.525165947787173,1.6880035400390625,10.30124791323478
3169261,5.410312740124937,2.66265869140625,10.072163745841522
3199131,4.584409294286161,2.70843505859375,10.00164860910526
5986887,7.412554441973043,2.92205810546875,10.133058132216243
432682,0.0,4.15802001953125,10.005634448463772
888952,6.206716344575398,2.719879150390625,10.09566023774654
443354,2.327916917252878,1.5697479248046875,10.062719739879958
1852695,3.497786232197541,1.4820098876953125,10.287088015163013
1869368,2.0167039543230203,1.4820098876953125,10.047914681474312
17841579,2.7481623198546004,1.54876708984375,10.152280482153367
947867,2.2940448959052446,1.598358154296875,10.047958318523587
3294832,4.743103848908504,1.995086669921875,10.211267078163186
209889,15.785969411874248,5.096435546875,10.095071154341197
16780,5.8903076079441234,2.872467041015625,10.056447394634509
454282,0.0,3.154754638671875,10.07405280597225
471338,6.957240458519664,2.83050537109375,10.157775245663984
20315,4.290288914373377,1.7871856689453125,10.25388946183088
20435,396.81426715654015,20.99609375,10.018739903779675
95502,3.026923231409455,2.00653076171875,10.026613859004785
219248,6.103330472600646,2.826690673828125,10.107191655920056
220141,5.902307630669384,2.899169921875,10.074801058799464
1906592,1.0597663076405297,0.946044921875,10.061443827238042
8251358,2.8022959685040405,1.575469970703125,10.1509455927357
478246,15.158484074643638,4.8980712890625,10.091544792204411
1957348,0.0,3.223419189453125,10.068616171968436
98964,0.0,10.68115234375,10.009370558440946
1962395,0.0,1.800537109375,10.057243217653175
23277,31.86470804212149,7.8887939453125,10.052748215995823
222814,10.433736044513353,3.505706787109375,10.183296268320117
1934565,11.003529481014994,4.63104248046875,10.008664464339796
97559,9.104942041201866,3.871917724609375,10.0528640413584
26142,4.297922805148119,2.38037109375,10.061603912231234
2022282,1.6979432756270398,1.33514404296875,10.041239228811774
6334084,4.446305616671452,2.4261474609375,10.057134914473062
1998775,2.507562871913251,1.461029052734375,10.145270431881952
103252,2.198877269111108,1.62506103515625,10.017176193627623
2018512,4.220008884702111,1.476287841796875,10.35814634967184
143,133.32824763466488,10.55908203125,10.282238108349066
23874,2.2955343892535893,1.3751983642578125,10.15337093704547
496985,3.665824922405591,1.8749237060546875,10.154269069679335
845197,5.061238623267855,2.8533935546875,10.013668545755142
8699,5.007992172832019,2.64739990234375,10.037938795792025
5935216,3.2583782211659127,1.77764892578125,10.132699851214616
184421,3.39864041950932,2.178192138671875,10.023916604802348
835539,0.0,8.8043212890625,10.04419878150084
1655189,0.0,2.49481201171875,10.16858782327596
10442,7.701130124049087,2.582550048828125,10.246701345567832
978,0.0,2.63214111328125,10.29873676947276
5881245,0.001248516360647,2.544403076171875,10.324795099455732
858826,3.2315138570265844,1.70135498046875,10.14789600579828
195539,0.0,1.51824951171875,10.32855264852888
415924,0.0,2.910614013671875,10.179769775321976
437317,0.0,3.01361083984375,10.0786564185595
8018381,0.0,2.51007080078125,10.15696004675341
909970,6.765037159282656,2.826690673828125,10.115474700674586
444685,0.0,2.437591552734375,10.099590697497298
1813139,0.0,2.8228759765625,10.004702301761188
1536,5.186927333714266,2.559661865234375,10.07617774730707
18408,1.909655065050174,1.4095306396484375,10.055458811670867
211417,5.891470502632728,2.044677734375,10.295278764072156
211444,10.058280003271648,4.03594970703125,10.079171050990883
1864912,6.255504814485903,3.307342529296875,10.007114626060112
953438,5.98234781739302,3.170013427734375,10.00191659524041
17386,0.0,3.60870361328125,10.025494486595136
457833,13.70489151612128,4.4708251953125,10.094815064558055
17980,81.75550406449474,10.6658935546875,10.063225461233229
213694,5.1685578866890864,2.231597900390625,10.189849170578851
464444,8.141401268519985,3.91387939453125,10.00235562736444
949156,7.771163723213249,3.536224365234375,10.036372895681671
953241,3.8543691129234494,2.048492431640625,10.11826700094438
1867031,7.025342484099383,2.399444580078125,10.269348812746406
3299330,1.5853598680332652,1.2912750244140625,10.030318551161868
4574898,1.9523724813770968,1.4629364013671875,10.042673466461022
16561,0.0,3.757476806640625,10.028050245215791
17134,154.05169957198086,14.1448974609375,10.062315426831873
1843869,2.57415265540476,1.8711090087890625,10.00227841157256
3286924,2.365237287107448,1.5773773193359375,10.076393618372125
14064337,4.359358605848684,2.597808837890625,10.006259742045486
960194,0.0,1.781463623046875,10.097331165042934
17218,25.184137035903404,5.54656982421875,10.122887874882592
91263,4.156145474029472,1.99127197265625,10.166509678246902
937008,10.48953386193898,3.9520263671875,10.105906900835496
214608,0.0521514621505048,4.34112548828125,10.030988497482705
3323709,9.820305450746671,4.06646728515625,10.046931564926815
19859,9.04742245480884,2.696990966796875,10.280479650291683
465046,15.546212170134822,5.584716796875,10.016099484162948
95100,7.796968427028332,2.44903564453125,10.259443822489326
979716,3.6332229145191377,1.9683837890625,10.11416478945724
1959,4.353684554349456,2.0751953125,10.148571925855952
96592,10.238397780216474,3.28826904296875,10.179326420299128
998437,9.843333494725812,3.9215087890625,10.069834681003975
492251,3.8905946929371567,2.18963623046875,10.071322530743144
1036695,4.640425840021635,2.437591552734375,10.051702567428975
8406904,0.0,2.1514892578125,10.108630212089928
102788,7.31490725610638,2.49481201171875,10.254143085406897
233162,0.0,3.7841796875,10.034639744072123
234230,0.0,2.742767333984375,10.06715794892266
101773,6.635557444576989,3.204345703125,10.03103958433308
1670709,15.004490841638471,4.99725341796875,10.08101182822153
9,5.138086431012198,1.6918182373046875,10.348691719410134
8623,29.37469104651973,5.18035888671875,10.263197941084478
1991595,10.364862900896696,3.582000732421875,10.146316696754033
9823,44.188604324714106,8.2244873046875,10.102426259048494
514365,0.2472124748892383,4.32586669921875,10.029777088078374
710,0.0,3.612518310546875,10.062322583960803
182110,56.86246282819047,10.9100341796875,10.004591002273877
7,63.96801020450948,10.8184814453125,10.033992869606308
11450,0.0,3.95965576171875,10.01561716447908
198611,15.324279470172767,3.429412841796875,10.341136822656743
13563,0.0,2.445220947265625,10.00688755102
14746,12.496700977972068,4.14276123046875,10.15076012657691
16424,5.778860638842161,2.941131591796875,10.030533177751852
208515,0.0,2.880096435546875,10.06079357920397
949133,6.335322322331194,2.315521240234375,10.254083492482248
8266166,1.9130142791109392,1.5239715576171875,10.006829035216644
18505,9.940240040079516,4.1961669921875,10.047490849284294
18787,8.888232631783467,3.406524658203125,10.144870633116703
980107,3.053231638521538,1.5010833740234375,10.214551709845612
96003,8.035664228722453,3.513336181640625,10.059418539004213
1810,91.1254401393744,12.8173828125,10.000249920207857
472438,6.647399631045118,2.529144287109375,10.193907097977192
221517,12.059647327972923,4.23431396484375,10.110759534131748
977471,3.6021154158952413,1.77764892578125,10.179615320718744
4650466,5.404197420990386,2.18963623046875,10.18341738163688
2571,35.24661983236729,6.683349609375,10.100995771419514
507774,9.657590218477708,4.1351318359375,10.057742698352328
3438524,1.6907550218020333,1.415252685546875,10.0017785464833
503070,3.1710001316241687,1.96075439453125,10.062462865300764
503454,76.96617265971145,12.5579833984375,10.010009285716052
8417666,5.646052946249256,2.376556396484375,10.170634244817842
3403796,0.0,2.956390380859375,10.007942484861791
399197,19.064613877890224,6.40106201171875,10.00870923884061
8815,9.27224436821416,4.31060791015625,10.002216324078546
8961,3.693106233142316,2.23541259765625,10.030347771726609
2046121,7.446992364253674,3.62396240234375,10.010924299960024
512766,9.881896545484778,4.20379638671875,10.021567107669751
27269,23.817596624881844,6.7291259765625,10.02354564199289
3187486,9.210664921381976,3.742218017578125,10.077417759538973
5955362,2.8729980779098696,1.71661376953125,10.09987075046048
868100,5.636619933182374,2.960205078125,10.018736040241986
1698547,2.544492009881651,1.678466796875,10.056261757704952
14017,0.0,2.262115478515625,10.26116659882656
195113,0.0,3.94439697265625,10.023086369778763
868822,0.0,2.895355224609375,10.03886793711052
890760,2.565463115730381,1.697540283203125,10.05972485472396
4490335,3.002258776134113,2.048492431640625,10.002337037632357
910286,7.911521739260934,2.4566650390625,10.238001740344286
1807195,8.247722069660085,2.933502197265625,10.186248945101966
439711,0.005219236270932,5.2032470703125,10.076797237459868
88014,11.393534811970312,4.23431396484375,10.081442101924454
204670,7.218961077101994,3.086090087890625,10.101458321164117
912605,18.02438060269924,5.97381591796875,10.002351722897275
929942,7.794473926245701,3.070831298828125,10.12453037086592
6113226,2.4718261023735977,1.5583038330078125,10.093551898338664
89972,21.975870655078324,6.53839111328125,10.036348259813565
16215,14.634154043509623,5.21087646484375,10.064196160439764
452464,0.0,4.791259765625,10.070004049988118
93121,0.0,2.0751953125,10.242409278437036
928964,0.0001939830253832,2.55584716796875,10.04394786989268
10858706,7.39942081287154,2.38037109375,10.263615421408057
96584,7.9237421262514545,3.4637451171875,10.0646182465134
1875105,3.38763832233235,1.995086669921875,10.073056851940596
94921,5.4147742612913135,2.742767333984375,10.076021409253965
1902638,3.103103046407341,1.8634796142578125,10.08587516489741
4599977,7.026573571500194,3.055572509765625,10.10194884355494
95032,7.880601510667475,3.047943115234375,10.133641075389992
100252,19.2148246220022,5.5694580078125,10.073577380515465
956651,0.0,1.819610595703125,10.024395591295436
481649,0.0,2.72369384765625,10.09535334822002
22926,14.878964505114707,4.28009033203125,10.15329575522232
236688,5.273023221750918,2.38800048828125,10.136424291069538
236750,9.02319007992628,4.08172607421875,10.004063048379225
3367832,0.0,2.70843505859375,10.02092080952718
103807,8.391972358171188,2.910614013671875,10.212792056796602
481574,33.17368243195233,8.0108642578125,10.046523920218153
233326,7.833577793877339,2.513885498046875,10.262400264555565
5093786,5.722746748666395,2.796173095703125,10.072144962051691
24896,0.0,2.4261474609375,10.269920627722923
8903,9.378480699975626,4.0283203125,10.044827520981748
4356496,9.98944047038094,3.780364990234375,10.081649359863569
9128,5.448123736998241,3.0517578125,10.00835576933913
840334,7.304977940235403,3.63922119140625,10.008666235220437
1669290,17.594037849106826,5.6610107421875,10.0598958490635
26978,42.16974177201337,8.6822509765625,10.063949327387189
5899523,5.3184371491734055,2.582550048828125,10.098624341105316
193339,5.503673450395581,2.696990966796875,10.085730436895332
4472321,0.0,4.47845458984375,10.01139740717224
8074141,6.456975734254229,2.780914306640625,10.12060628042396
4518081,7.667896259554254,3.60870361328125,10.01510868883576
14516,10.448664466086484,3.894805908203125,10.09462431489566
450952,7.402188128638954,3.44085693359375,10.02055252582677
16689,2.922428138081159,1.71661376953125,10.107000231748538
6691755,6.714619705860969,2.8533935546875,10.120686722159768
456418,2.3339363680788665,1.64031982421875,10.042203524547384
453436,5.324021658459969,2.9449462890625,10.00519685970466
210319,6.677025949444214,2.689361572265625,10.15765386397056
275028,6.762793228735973,3.093719482421875,10.070664081283466
95714,12.786388209176948,4.2724609375,10.119740744623485
280889,2.720162348923622,1.2950897216796875,10.265701086238282
124269,15.810278447141172,4.18853759765625,10.173261299380677
4201,2.740578463883139,1.8978118896484373,10.008582590611418
96800,4.103701803571312,2.13623046875,10.108216834818998
25643,7.031388193681778,3.017425537109375,10.07566356428396
505821,10.236354398126425,4.35638427734375,10.024493062180149
22910,1.523781019357557,1.247406005859375,10.038594492588572
227734,2.0148643026477657,1.4629364013671875,10.056353163752211
491529,4.766329503909219,2.64739990234375,10.041530995609458
2368177,0.8942350210563745,0.9012222290039062,10.019129271120438
2370827,3.081740627014369,1.41143798828125,10.264125931661429
1936157,5.304116673025419,2.437591552734375,10.125711211547074
237677,11.95198865608836,4.57763671875,10.082881412704506
1961508,2.7161908684429363,1.934051513671875,10.001317622926695
15226003,4.198745608649915,2.262115478515625,10.084255142205276
2009639,2.5608322187908925,1.8253326416015625,10.004349280104371
2014949,3.1682697809592355,1.8634796142578125,10.092928197192384
5092304,3.2926457589856,1.8901824951171875,10.08741043120976
9133,0.0,2.727508544921875,10.028503159679287
839425,0.0,3.154754638671875,10.024936838168454
527469,12.972455844574142,4.75311279296875,10.06349566242725
871274,3.847292393365933,1.68609619140625,10.23798984479511
1713882,2.346330507316452,1.50299072265625,10.097694662695396
865552,4.623918618752214,2.170562744140625,10.151889243014208
109169,2.737857958731184,1.6613006591796875,10.10534645128266
1049,5.662056638437207,2.559661865234375,10.129102431014797
419679,4.485689262910455,2.44140625,10.060074410496814
1756461,6.806349600767135,3.047943115234375,10.090323302074196
85297,0.0,4.9591064453125,10.273040001488964
13656644,3.832503752732009,2.0904541015625,10.090273577464274
1777726,0.0,2.5787353515625,10.09302683586381
444592,6.290675311414816,3.215789794921875,10.015301583432988
907782,10.889813910602244,4.31060791015625,10.055374829223526
916372,7.14218538608111,3.025054931640625,10.101401289324665
4501150,4.055558201362146,2.349853515625,10.035848167837091
8150342,3.1105405705820885,1.6231536865234375,10.149903765786052
1898333,26.48076153748116,5.3253173828125,10.19680402313385
472461,0.0001025640813168,5.60760498046875,10.006949246237092
10854404,5.798901646179729,1.987457275390625,10.303060189986624
22065,15.94305164412799,4.9591064453125,10.050316979847304
217042,11.131007280375345,4.67681884765625,10.024366372099294
601712,9.796180626115529,3.326416015625,10.171812591637345
488259,0.0,3.02886962890625,10.064412518633782
39683,0.0,3.536224365234375,10.010776152705308
2338469,0.0,2.25830078125,10.038135166895414
4731537,4.217646043383866,1.8367767333984373,10.209136774652864
26472,18.76008434079268,5.10406494140625,10.173908930248524
611875,12.797806313901674,3.7994384765625,10.126796223536893
501783,0.0,2.048492431640625,10.06540432970874
1694775,7.218227599129023,2.63214111328125,10.225895701456157
526228,3.333795360624208,1.979827880859375,10.07754950894734
3482653,3.3857269411091693,2.1209716796875,10.039758424655629
402569,0.0,2.223968505859375,10.182782958746662
514602,2.6200316148388083,1.781463623046875,10.034920129245204
5888067,16.637873684936494,5.9814453125,10.01336954477333
1047901,28.068836043748888,6.58416748046875,10.011955106057716
7931028,6.436751178982377,2.6397705078125,10.147839668867082
81562,6.071896373701748,2.506256103515625,10.176557993831691
115357,0.0,5.9814453125,10.017842236024528
85427,0.0,3.88336181640625,10.003076995885008
553480,0.0,3.780364990234375,10.10905639880502
87850,4.640768207951624,2.63214111328125,10.006400857233276
34558,0.0,2.758026123046875,10.03376332215642
118668,0.0,3.84521484375,10.045385497408976
440918,0.0,2.9449462890625,10.23894841663302
4527032,7.767908339868882,3.406524658203125,10.075016259660506
16681,6.5243244487573975,2.5177001953125,10.204879459287396
269223,3.0575448913514265,1.964569091796875,10.04540243304866
938691,2.956045115366578,1.8711090087890625,10.044927407837587
16838,10.958721809649433,3.742218017578125,10.16256789134586
969387,5.852200648500002,3.0059814453125,10.025625441671918
126,94.17178998966848,11.2152099609375,10.145746497388105
997900,3.634465665607422,1.6460418701171875,10.231611235529288
3979,0.0,3.27301025390625,10.118409916867124
605496,0.0,4.05120849609375,10.005680402797475
227161,0.0,6.7901611328125,10.033562920226665
2367800,0.0,2.635955810546875,10.153815473032486
991478,3.485629337526916,2.086639404296875,10.045857812901062
22219,4.0320690229782485,1.71661376953125,10.242562214443105
127278,0.0,4.82177734375,10.137740575942258
504731,6.967187924266909,2.941131591796875,10.112525401133308
1236310,0.0,1.7642974853515625,10.203955141979494
44244,8.069297424139222,3.60870361328125,10.025960717967774
294230,4.80263184094656,2.155303955078125,10.172626150627476
402016,1.717974892744678,1.422882080078125,10.004747146249262
517138,6.736593319437816,2.17437744140625,10.28965921369969
1122132,19.012946369912243,6.04248046875,10.048720367959282
1121833,6.079981403534475,2.651214599609375,10.11654260062584
1192,3.0693120016148896,1.979827880859375,10.039251511657117
87310,0.0,1.9016265869140625,10.044426706126869
35931,11.936853853199864,4.21142578125,10.088827670071195
262637,0.0,4.29534912109375,10.030145130350029
450417,5.766321267714375,2.521514892578125,10.143777532764195
1177245,0.0,4.9896240234375,10.007436510598184
1202853,6.991586624106276,3.1890869140625,10.07858352669236
38482,0.0,2.384185791015625,10.333027526449602
2310559,6.277562965056859,3.093719482421875,10.021361309958142
38961,6.649127282711561,2.83050537109375,10.117865639289889
41064,179.16669401978288,13.5650634765625,10.143914059598872
216550,2.5539651881408645,1.590728759765625,10.10406061336694
284458,2.278808971219405,1.6536712646484375,10.02953641659317
471906,6.655329504304973,3.41033935546875,10.01349855831333
1218700,1.9256302011854127,1.2683868408203125,10.129510959371046
39446,9.719997810221685,3.551483154296875,10.13216311679878
6801301,7.397007287152519,3.265380859375,10.061689018208416
1184901,12.839939568897536,5.096435546875,10.011797698171248
1202651,4.351920892702765,2.410888671875,10.063598875915584
602731,18.45188734203112,5.6610107421875,10.058137569407164
41591,6.3637773005903,2.719879150390625,10.124975985071288
2358912,3.5247962380672107,1.9092559814453125,10.113244985195536
487605,0.0,3.139495849609375,10.000979969174251
1950115,8.09400888653181,3.070831298828125,10.129703403658322
607693,13.682801063267108,3.79180908203125,10.243886459834767
6818107,3.944271498527087,1.3141632080078125,10.410954059584348
3744107,7.645758707512869,3.2501220703125,10.079446909045496
1241171,6.186272420913156,2.8533935546875,10.077585475242833
291488,2.8560081137693487,1.8711090087890625,10.014622690845616
613188,4.175219090626342,1.911163330078125,10.190784224821572
2410683,3.4388975883557578,2.15911865234375,10.025130019223749
44486,4.382450978941051,2.017974853515625,10.178707766892131
524463,3.439457834407221,2.132415771484375,10.02509051167256
406453,7.814093514920387,2.5634765625,10.217847325812238
3476771,4.214186683151638,2.410888671875,10.031113121834098
1056558,5.018484389300284,1.89208984375,10.275809640926456
31536,21.305666099615337,6.70623779296875,10.013067817405204
28815,11.08483315079502,3.658294677734375,10.16492489511625
4816588,12.664590885076905,4.8675537109375,10.04743085825173
23506301,15.632811326766388,5.523681640625,10.016772405567664
252770,5.690048068921897,2.819061279296875,10.076553149918777
14624354,4.052785473199037,1.93023681640625,10.176805436583996
2105369,5.412890695835813,2.597808837890625,10.094786676263857
111781,9.07372624704294,3.4942626953125,10.113368124967534
3493374,2.932807715580566,1.8863677978515625,10.04850597593173
546747,7.887448553461581,3.6773681640625,10.009467660388149
3464,0.0,1.80816650390625,10.032406522210367
1129528,3.300209015782457,2.063751220703125,10.01331737895059
560617,0.0,3.040313720703125,10.102692479365883
268683,7.144796575477812,3.47137451171875,10.02083919818351
268100,6.836073424550705,2.3345947265625,10.278273474474352
122526,9.16378039119445,3.63922119140625,10.08044272584555
11618213,5.033654238271993,2.819061279296875,10.010506452800826
37996,0.0,2.155303955078125,10.012965318306946
2279089,9.473468154130387,3.997802734375,10.032808659638102
584622,5.615561434264237,2.60162353515625,10.09900872106279
2283615,0.0,2.67791748046875,10.069101735635732
124329,3.40510521941178,2.2125244140625,10.01072326668699
225236,4.13928073169518,2.384185791015625,10.049195406734182
38252,3.8672409558930654,2.384185791015625,10.00279770096368
1888663,3.0472500340038096,2.0294189453125,10.022021523782492
602395,9.88349197797652,3.795623779296875,10.115665359850691
2356795,3.820405056365416,2.002716064453125,10.128117175142105
41184,6.573367614793824,3.231048583984375,10.04606190427297
41593,8.271812507933646,2.742767333984375,10.249808713400082
225712,4.880286897961923,2.635955810546875,10.05634902883761
285570,5.259397230031027,2.76947021484375,10.0472024727803
605908,13.334096251062874,5.34820556640625,10.019319822219384
1197986,4.922912750262185,2.468109130859375,10.102675734658702
2313830,6.302158344391501,2.64739990234375,10.154868522023756
2348093,3.030258640981629,1.9207000732421875,10.056214023476237
3700629,3.74348903936334,1.773834228515625,10.196352602154985
606926,4.799732333623979,1.7108917236328125,10.317254804874867
1239079,4.552949198987335,2.4566650390625,10.052127500758822
244377,16.211695329380746,5.27191162109375,10.06873528984428
108215,9.397317927418044,4.24957275390625,10.01525985201423
132183,4.1012516988339485,2.09808349609375,10.117407652073052
2088331,5.732582491640642,3.017425537109375,10.038220759611097
2870,157.5520727912226,13.85498046875,10.08107581818058
241741,4.693710812156496,2.044677734375,10.185546218075302
516990,7.334132707372191,3.5552978515625,10.037997232573288
2050506,6.765904374362435,3.204345703125,10.061845991454366
537268,2.5815118801037897,1.39617919921875,10.193673822002754
1092906,0.0,1.6994476318359375,10.255530847791857
31291,99.2757830119226,13.36669921875,10.010799719248526
113391,2.550912879232783,1.5869140625,10.101615799281088
534493,0.0,3.795623779296875,10.06503957425612
1107735,5.208432125138643,2.655029296875,10.041797485811408
3549640,6.513317210090463,3.025054931640625,10.061333450498266
33058,11.50249837715819,4.5166015625,10.028949321859892
557228,3.453710482972383,1.8138885498046875,10.134574763809876
1148193,1.5731760374328587,1.3408660888671875,10.000346592592424
34594,2.9187756041355897,1.941680908203125,10.022597701167818
35903,3.799966674836469,2.071380615234375,10.090741393596488
3527,3.650616384475143,2.2430419921875,10.029545155635144
569454,21.226430553972023,6.3018798828125,10.034998781517992
2238688,2.1844729982476565,1.4705657958984375,10.082254018701237
268387,30.412292939923645,7.72857666015625,10.06339540774572
581720,0.0,1.9989013671875,10.078874309253404
578448,2.7996951860695845,1.979827880859375,10.002119633447617
1195883,0.0,2.105712890625,10.171649026013016
38960,12.035216308977397,3.810882568359375,10.204018244881093
276722,14.982022131342092,5.279541015625,10.071602844367206
1190207,4.890834648758755,2.658843994140625,10.050716932751891
2296701,4.052316568646347,2.292633056640625,10.064719503839584
2299855,2.1717073308245745,1.3790130615234375,10.127263853688737
2300264,14.989273164894255,4.7607421875,10.1451053418545
6787736,4.386772666119214,2.529144287109375,10.036299244615524
39339,4.40648581305868,1.8138885498046875,10.255934832289675
590565,7.694197005825117,2.34222412109375,10.331124051936074
1192409,14.770474550656218,4.52423095703125,10.117695833112684
6738838,3.097621539694956,2.06756591796875,10.017625772062525
3623303,0.0,1.453399658203125,10.32796742262282
279721,4.252612196192786,2.330780029296875,10.074516959959222
6705763,10.23786284205562,3.814697265625,10.11099221804489
128900,6.865784528592485,2.872467041015625,10.125312372206157
40730,7.807165372068994,3.292083740234375,10.09682320891977
5091446,9.64833468265715,3.8909912109375,10.05592305612401
9050004,3.385855546577659,2.15911865234375,10.017497230809116
43335,16.158962927329412,5.4931640625,10.040036198212954
617091,11.257644102435734,4.2266845703125,10.101557190311672
2399247,5.779486479332263,2.685546875,10.118254241234292
2403887,6.332475896364485,2.8533935546875,10.096019838592271
43404,4.266838771247421,2.490997314453125,10.02310625938534
291470,8.98927491694485,3.475189208984375,10.140288562388356
5108326,4.2819775260431925,1.9283294677734373,10.195582045992342
1068221,0.0,1.56402587890625,10.002606265918423
243087,13.154945406895422,4.852294921875,10.065047967568342
239929,10.89077369574079,4.00543212890625,10.106531396651215
28199,3.0361494773678714,1.895904541015625,10.06523795025342
28241,6.606808492804703,2.643585205078125,10.162371645290715
243734,10.738628030667314,3.787994384765625,10.099774078118584
1060394,6.311329621916229,3.269195556640625,10.000579482963738
4810514,3.637777379044565,2.26593017578125,10.007084812859311
254110,10.790370017231908,2.964019775390625,10.055153887294138
252901,2.484500988633954,1.6689300537109375,10.05860150679739
1098003,68.0900061966895,9.8724365234375,10.063692933903065
3517151,2.662916912988294,1.4095306396484375,10.193355968224058
531150,2.9016846638769493,1.995086669921875,10.003730360564628
1121346,4.760185781648033,2.3651123046875,10.094472539696538
4889847,2.6502440607073368,1.8405914306640625,10.00901871930786
256498,3.988027460698504,2.22015380859375,10.076288411360313
33120,16.831617373369227,5.3863525390625,10.08477230107514
1138445,25.84685335092945,7.1868896484375,10.026723993234818
1134909,6.840140986911138,2.3956298828125,10.238313862150738
116042,3.734854293674289,2.071380615234375,10.088427618907335
266497,12.549555253732253,4.95147705078125,10.029446418813126
36624,5.331994782856782,2.094268798828125,10.23253652194612
579269,10.476732702612937,4.29534912109375,10.036495609605728
276618,48.346237783611286,8.270263671875,10.073559122286865
2294918,2.8218778913942515,1.964569091796875,10.007765115233015
8898321,7.151926123304293,3.15093994140625,10.06607748987365
589453,15.68654196971329,4.05120849609375,10.194446787294703
1169959,6.046702504383575,2.8076171875,10.097436134580008
1190661,5.816060768323951,2.330780029296875,10.20285410571169
599396,5.818860816623783,2.056121826171875,10.282736928633522
3685356,4.417392471470521,2.033233642578125,10.168278023010055
3999,49.9693311959054,9.46044921875,10.066593805557948
42088,6.306878118055465,2.28118896484375,10.254054915823358
3705966,2.823571985172748,1.85394287109375,10.046729607090333
2399325,3.066291725663177,1.8482208251953125,10.08517260453027
1245075,8.992919152595277,3.810882568359375,10.032180638653308
290495,3.440019023983041,1.96075439453125,10.085887657982786
2386713,7.621382008350338,2.399444580078125,10.293681390786686
291462,4.078154922164686,1.5735626220703125,10.300106751460495
28590,4.98009900420584,2.54058837890625,10.082437707291747
109072,0.0,4.28009033203125,10.030325799772983
525147,0.0,2.96783447265625,10.050789929069447
1068905,0.0,2.628326416015625,10.056843062045864
1069568,0.0,6.96563720703125,10.062060116027528
243350,10.081976016925182,3.421783447265625,10.173978215966796
1063756,8.18764332315186,2.8533935546875,10.229060797951046
2068644,4.865779203304555,2.7008056640625,10.027804247848117
1092345,3.5514216982701328,2.23541259765625,10.01640685149558
111539,44.12262797341828,9.7198486328125,10.034331665119414
2115708,5.314894452152657,2.73895263671875,10.05442073746699
248613,4.944290849067329,2.208709716796875,10.16311508677089
31415,4.99789574843453,2.73895263671875,10.034154487590229
252627,6.556334198998229,3.200531005859375,10.020099789004943
4811570,7.923569842605502,2.872467041015625,10.20038533751261
249347,3.704598367352446,2.162933349609375,10.063948920511212
11326054,6.378446061491559,2.93731689453125,10.088821905955438
113996,10.696521655991091,4.3487548828125,10.01130048861599
34283,7.426846807815309,3.44085693359375,10.045657552424656
116045,5.954240000799473,3.032684326171875,10.036708631569278
265521,24.216962574275385,6.64520263671875,10.03974374753972
266769,9.434437220283144,3.894805908203125,10.06829537617331
261777,5.384337512092316,2.201080322265625,10.198819249968526
1129954,6.76119820446911,3.0975341796875,10.082904175304412
3570855,7.942985528497957,2.864837646484375,10.173063337449262
265302,8.926982016004331,4.02069091796875,10.01306222186072
35969,7.41640109418222,2.971649169921875,10.119589066186528
274309,5.650383179236087,2.6702880859375,10.031608922197837
2247263,2.2628114957915386,1.7108917236328125,10.004386407209772
120974,1.3009999963906012,1.1310577392578125,10.0337587015084
2304061,6.082810663414421,3.082275390625,10.038933674686657
1214714,3.1357515895797405,2.09808349609375,10.00256924236908
1218474,0.0,4.24957275390625,10.103563713260757
282398,5.142094819973863,2.3345947265625,10.14575523515654
3692674,2.917702937134891,1.6193389892578125,10.136673269977075
43379,3.091185632991256,1.7547607421875,10.123391250527815
2404201,8.561521946190624,3.475189208984375,10.0914039013968
1239398,3.537686705989472,2.201080322265625,10.01460390228372
1243661,9.623286077148803,3.18145751953125,10.192478861112129
28712,0.0,1.9016265869140625,10.002157543412014
29125,0.0,2.09808349609375,10.118258376109829
245231,0.0,1.70135498046875,10.125018432116342
246321,0.0,2.696990966796875,10.055812104156402
1256568,0.0,1.45721435546875,10.0952193314411
6439921,0.0,2.964019775390625,10.028605404638272
534492,9.17349295601889,3.757476806640625,10.072408758985832
537548,7.956822076383105,3.620147705078125,10.049239136163171
540251,12.902267983343336,3.513336181640625,10.264323763091502
1101316,7.71136351878522,2.960205078125,10.144630320650291
253550,4.224722814644338,2.37274169921875,10.050681677333994
253323,3.921099531973596,2.361297607421875,10.023484548402276
532946,1.7665397866658168,1.4495849609375,10.004814554438669
553025,6.860081022903614,2.971649169921875,10.081251807205312
554246,10.397967025404796,4.2266845703125,10.04488702932509
33767,2.88309904007474,2.00653076171875,10.00000427763493
2165764,3.977432420979312,2.429962158203125,10.00170132292809
2176118,9.562983058371174,3.3416748046875,10.149594424357543
35376,2.673498996919079,1.7528533935546875,10.042164540961087
116578,6.29897185464506,2.925872802734375,10.077417233925615
1135598,1.6194943215377862,1.331329345703125,10.022637909000023
1155884,8.519020980689675,2.704620361328125,10.232524997710236
269042,6.309741082535766,3.07464599609375,10.05129996630976
272,5.0051154009925085,2.3040771484375,10.135577524430348
265729,5.610169202140241,2.902984619140625,10.038410619517382
572616,4.985285699673113,2.490997314453125,10.089000213392689
120052,42.8708729646969,8.7890625,10.04579752356218
2292291,3.3535785411222605,2.117156982421875,10.036399327717191
37100,4.271260098459607,2.2735595703125,10.087486406305684
2244543,8.291488079055853,3.307342529296875,10.062742870647082
270195,24.261900949037223,7.293701171875,10.005710527792724
2253820,7.179239306031377,3.147125244140625,10.094602348361809
585532,20.224379553532344,6.49261474609375,10.01478272640596
40405,8.962557773622393,3.84521484375,10.022511664974967
1222254,3.324307978393336,2.14385986328125,10.003767895410066
44523,9.663650855552987,4.425048828125,10.005761460661216
28525,71.58920339472388,11.7034912109375,10.011414357906968
291441,2.948881446005544,1.9207000732421875,10.040834119917513
19493388,5.910954358841991,3.0364990234375,10.022101438461846
5137960,0.0,3.70025634765625,10.053903606108308
293836,0.0,7.27081298828125,10.023115146530683
620044,0.0,2.716064453125,10.1236164911008
19535611,0.0,1.995086669921875,10.266103206085871
245512,0.0,2.758026123046875,10.036494742995847
4783359,4.531229658561642,2.6397705078125,10.003732133259776
28864,0.0,3.11279296875,10.18627002757264
2689,2.7707427120330976,1.7547607421875,10.06469281440434
242910,24.91236930133164,7.32421875,10.002310337210284
2044962,3.7331192741985433,2.20489501953125,10.043539491066204
3024,12.08026144687028,4.150390625,10.119557692689089
3525995,2.4624010747284046,1.544952392578125,10.097044095505916
1101592,3.69948988896067,2.239227294921875,10.037670211419186
248620,51.5885821566917,9.5367431640625,10.077069879051717
32969,8.177825360173301,3.570556640625,10.025363210777176
260156,2.7647904589248355,1.9359588623046875,10.00255691512948
258520,4.778407846730261,2.54058837890625,10.04934629885136
117520,53.85256097731326,9.1552734375,10.072485921624745
561091,4.448531353176804,2.18963623046875,10.137125938014597
1141366,2.940379266088712,1.99127197265625,10.01964073624981
263703,16.97559692747018,5.07354736328125,10.133020428827148
117841,4.18335236619896,2.353668212890625,10.05095710780142
1158546,0.0,4.50897216796875,10.064354891792377
1166700,5.905615044786828,2.01416015625,10.303308440753264
1165966,4.358663262792106,1.987457275390625,10.169400794867984
6657709,5.6943713727159775,2.704620361328125,10.101141047824765
1176856,27.71524643390876,6.87408447265625,10.080794126169993
2303453,12.007980265581864,4.76837158203125,10.02176450433504
1173098,6.624818208292709,3.1280517578125,10.0522075109549
1191190,4.3973202330380445,2.50244140625,10.03931873427567
40084,10.23995332764025,4.21142578125,10.04653860795512
1202072,53.10713806780405,10.7421875,10.010950359923845
3878,8.81336216107593,4.058837890625,10.001158367347877
1188948,7.19441765981901,1.8863677978515625,10.381678845630676
2340967,2.2277098928097985,1.495361328125,10.080701518005156
129395,6.6837122771539725,3.08990478515625,10.065602503510782
1084519,2.4961052549260785,1.4820098876953125,10.135982058129487
107444,2.5161901337487507,1.3561248779296875,10.201977974313635
532707,5.84476385058224,2.99835205078125,10.019232495747485
533394,3.6998295996454544,2.277374267578125,10.01011480883751
251433,7.831131026869116,2.758026123046875,10.196875765300598
111496,7.888496083360224,3.70025634765625,10.030562763604715
31687,32.716371861155494,7.6751708984375,10.015804238020412
547467,3.606167044490576,1.956939697265625,10.112261315405862
113972,81.60318170583196,13.2598876953125,10.037163937043132
113819,2.55669156517979,1.697540283203125,10.059056194881476
1114943,6.919301925780019,3.429412841796875,10.017625382947346
2205403,3.978987491173029,2.223968505859375,10.052214191492526
561420,2.640030322414532,1.2569427490234375,10.271872158988485
561508,4.631522104042233,2.63214111328125,10.03442958083352
266910,4.940869766629476,2.06756591796875,10.201855204575187
2211651,4.559673058800399,2.597808837890625,10.025773108742378
37371,7.941586772220035,3.566741943359375,10.056275581694656
563376,3.183115354462643,1.6613006591796875,10.16774281025905
19033913,3.91712910059141,2.1514892578125,10.08542795700883
270337,14.798046630043244,3.94439697265625,10.219754024034303
37231,3.446855395559396,2.048492431640625,10.062909811179662
585950,8.949634764947405,3.711700439453125,10.067596027499166
1202204,4.746398226794554,2.593994140625,10.043205622038384
1207848,9.386466058640508,2.811431884765625,10.269173135348048
285956,0.0,4.0130615234375,10.252647526350732
127454,2.934467303515703,1.9073486328125,10.0395409464433
602892,3.396786688033899,2.03704833984375,10.061020450932864
598534,4.874895303757512,2.7618408203125,10.01964877669618
290643,12.420864539926695,4.608154296875,10.015876474012575
42480,2.594718912012468,1.67083740234375,10.072053530071427
6874130,3.599450545392756,2.231597900390625,10.015069980442306
293235,10.693633871014754,3.18145751953125,10.25457561119893
2622,6.169527565485623,2.76947021484375,10.126053582375762
243722,16.3037466600872,5.828857421875,10.003790357742924
27360,7.902124992775498,3.448486328125,10.057868455391215
1085786,5.5108098652999615,2.44140625,10.127352849232434
250005,3.2703412218688754,2.040863037109375,10.015561802203552
32763,5.40674181374925,2.74658203125,10.060457568270408
32759,8.184345526562538,3.94439697265625,10.005066744328827
2154906,8.755016007999075,3.27301025390625,10.16154326360165
2169855,2.421555874825572,1.712799072265625,10.026311838058284
2190420,3.156077150008059,1.9397735595703125,10.0630050656563
3579899,6.358172282467422,2.79998779296875,10.11559918240032
266779,4.494574247291894,1.9512176513671875,10.199052130873412
1140518,2.8905851558374707,1.7414093017578125,10.08510336405488
6619872,8.16325642682932,3.482818603515625,10.094195882672958
3406,11.647926272380571,4.0435791015625,10.093012422618576
1164038,2.833117326073989,1.8444061279296875,10.052495363121118
575823,3.4398391586728394,1.617431640625,10.205159438613096
581611,3.510836957044376,1.983642578125,10.089829171250472
593631,4.199910460338288,1.5811920166015625,10.298674157583344
5005063,2.847656527927029,1.979827880859375,10.003329368162698
127186,4.358012850541854,2.29644775390625,10.079340555350974
583176,3.5906807494247914,1.7185211181640625,10.191601764623972
308,3.842599846917437,2.00653076171875,10.130867996753237
1208440,37.499338217268814,8.0108642578125,10.019354335339044
286305,0.0,4.81414794921875,10.087852810303172
2370766,12.268309108825632,4.44793701171875,10.085874761304364
284703,3.771129813263542,1.8138885498046875,10.175828571021418
285668,0.0,2.056121826171875,10.035782219156111
1212340,4.266005769117328,2.460479736328125,10.025373225247307
129538,26.04952504432731,6.927490234375,10.047348723835036
19530271,5.639061648602365,2.288818359375,10.205024235370782
2120369,39.00736358545692,9.0484619140625,10.054965766103289
248715,2.519301242704387,1.583099365234375,10.087463959166788
30166,8.118428337627847,3.643035888671875,10.048199533586589
2201245,0.0,3.27301025390625,10.009452280949736
1144423,14.391932908642048,5.0811767578125,10.070162434453753
265317,7.585263503358874,2.70843505859375,10.218005679875198
35817,5.414230942391441,2.87628173828125,10.012535464336043
266984,6.077824135623814,2.994537353515625,10.036012289818032
272297,2.6368028894721647,1.773834228515625,10.047475858048596
3667719,5.26642119356984,2.964019775390625,10.001653821390772
278796,13.284947194086271,4.2572021484375,10.117971575801166
40452,9.460299199556175,3.704071044921875,10.094930996729476
41043,5.39668032539339,2.777099609375,10.03875944711752
1219141,8.39057091344148,3.66973876953125,10.042130574313942
41175,8.834816075839626,3.284454345703125,10.13906608210594
3709096,5.389668510237243,2.490997314453125,10.126026802527848
292979,2.6395421746128704,1.82342529296875,10.024335503550873
616316,3.5607431238968275,2.269744873046875,10.009399101275587
3740743,4.101377630358911,1.903533935546875,10.19090119478366
4357,110.23888622086088,12.359619140625,10.10164285697228
1252858,5.4738037032220745,2.28118896484375,10.18655942810093
3479778,2.749245278209856,1.903533935546875,10.016677871863097
11867901,3.420492931531044,1.5583038330078125,10.234021293938856
610489,2.2924392782733776,1.5106201171875,10.05760856525308
1055836,6.387289166952542,3.27301025390625,10.008891539126315
2619,7.634276199140004,3.08990478515625,10.07620851244878
240417,11.925014327651295,4.55474853515625,10.060818037998294
4811091,10.551119736286635,4.2724609375,10.025735722258837
2100068,3.5015132509724936,2.18963623046875,10.019503401132036
1102362,5.313858733017696,2.6702880859375,10.062294164830366
1100629,4.21249590269872,2.399444580078125,10.046681411649368
8560602,12.672886767511956,5.02777099609375,10.013111326039356
529646,4.1223766480979975,2.422332763671875,10.018651458724046
544799,2.167384646330902,1.4095306396484375,10.112222833578912
1125324,3.2972597877233056,2.063751220703125,10.03653566421303
4877512,12.073667395452503,4.08172607421875,10.111120214009128
2170792,4.534430384061125,2.58636474609375,10.015476047145087
118368,3.0255285606181133,1.6498565673828125,10.145614122746734
2223263,4.015854614925047,2.460479736328125,10.017005057258856
1169393,11.86892299264582,4.8980712890625,10.013476992589068
3627403,3.3461738858604804,2.040863037109375,10.0479868921584
11550879,5.261775972277974,2.666473388671875,10.056439471889936
269394,8.344197235259344,3.30352783203125,10.093197572828789
1180235,3.446627961413469,2.25067138671875,10.003091652096948
280968,2.5848860002734,1.811981201171875,10.023855035657071
2371569,10.682181744625268,3.391265869140625,10.192546911084314
1209557,2.7221137862288742,1.7604827880859375,10.061943047246862
1224517,8.205731717629533,2.2430419921875,10.371924966462554
1213171,4.040393570852757,2.468109130859375,10.01074287155019
285724,20.825640850744094,6.3323974609375,10.027878269182544
610608,3.5356623651387054,1.712799072265625,10.187925273745345
28518,9.377147230887203,3.79180908203125,10.077380377103934
133646,6.505476406324306,3.3111572265625,10.001342883134637
8510907,2.616059910156764,1.60980224609375,10.107457640810818
534906,17.76815097591316,5.83648681640625,10.009105280707695
30659,13.753790577618927,5.01251220703125,10.04931433841269
250116,7.502792960542138,2.96783447265625,10.162549063116424
254065,8.222491965498193,3.032684326171875,10.162384335063914
31582,3.905147141646012,1.5468597412109375,10.289636459771309
2195254,11.03898772192042,3.421783447265625,10.214390920682344
558750,10.948257053547422,4.34112548828125,10.02110169206462
117417,3.8463476783799706,2.262115478515625,10.037493079794956
1167153,5.749463345273398,2.716064453125,10.097180675428998
3931,16.767171437757497,5.77545166015625,10.01970564168832
15025222,14.026523494758294,5.07354736328125,10.076648288135404
1198912,8.093182777010952,2.750396728515625,10.231301693883063
3690937,19.83031768742512,5.22613525390625,10.12832376980511
3725838,3.3832542172676767,2.185821533203125,10.012559176368116
290452,59.58440414800134,9.5062255859375,10.05128336276154
1093110,3.458265407200088,2.239227294921875,10.006412517688744
4829651,10.834000134658709,4.4708251953125,10.01320467803978
541137,18.969129356082703,5.77545166015625,10.068256032433164
2168337,3.6371727958976408,1.567840576171875,10.262848411935249
3508423,5.045161790090788,2.826690673828125,10.011534215591563
2144374,3.986065405602858,2.292633056640625,10.050170347835763
138864,10.78539622509561,4.4403076171875,10.01697008206883
254629,22.019193107975298,7.0648193359375,10.005597320658447
308423,3.473227930291614,1.2683868408203125,10.37368014755863
48750,3.0879856994724832,1.8863677978515625,10.056623866153911
2166836,3.419183592443005,2.155303955078125,10.022227873990868
34086,11.816200836314238,4.69970703125,10.055313652117183
2189976,7.13736302992038,2.437591552734375,10.270216071499968
1112173,1.996104763784388,1.4247894287109375,10.059451097887376
1128690,14.352619501667505,3.566741943359375,10.27581849446089
1133191,8.815082597764558,3.7384033203125,10.06535466800811
34459,28.719789019705782,6.84356689453125,10.086185019228015
262194,6.114782344389823,3.12042236328125,10.023990382182166
3571883,8.909581741747388,3.055572509765625,10.194316513775336
3577531,0.0,1.4781951904296875,10.032425630779208
37298,19.335118202667218,6.439208984375,10.031891232961335
37299,85.88706862943945,10.894775390625,10.108478630947047
37431,53.96176212597493,9.613037109375,10.034861229130051
272145,2.363401098722534,1.68609619140625,10.032255049149995
2266235,5.161091373971431,2.826690673828125,10.008745798424073
6688902,6.436714006304101,3.139495849609375,10.037143478656269
54948,3.2686981019505765,2.08282470703125,10.020436085217469
2278318,13.37164396717708,4.5166015625,10.026297133575186
1211176,6.055974089365918,2.338409423828125,10.180550268893716
2354237,4.165610441363242,2.414703369140625,10.02413965747437
5056882,4.599981613268028,2.655029296875,10.013863679593666
4261,12.258342218294274,4.79888916015625,10.046372361916056
618229,7.950024211895652,3.66973876953125,10.030146215503557
8470696,0.0,3.467559814453125,10.019551792848343
47469,6.334576020068198,2.506256103515625,10.186684489754112
2993,8.933583296464349,3.246307373046875,10.160516452291969
30099,13.300201813079184,4.14276123046875,10.155846261919546
135532,72.59004898204876,9.6588134765625,10.162131367813611
1105045,2.448452131407976,1.4247894287109375,10.148376079843793
29814,63.86248327790963,10.6201171875,10.044636021941807
109337,12.564273533556843,4.180908203125,10.137335611662106
637722,3.5926959609569167,1.934051513671875,10.110741336522713
648829,3.703302408939635,2.18963623046875,10.057333654958816
32330,10.779123368927683,3.833770751953125,10.15701150398296
48835,6.267950187517272,3.15093994140625,10.04527856789238
138842,11.156521128112216,3.71551513671875,10.188606328252307
254923,12.148006926458038,4.302978515625,10.115686683882148
256662,1.8167544059833745,1.461029052734375,10.011539071929228
542478,12.625246519601204,4.730224609375,10.051682883416138
545484,10.889988701659604,4.7760009765625,10.01761425217941
11322651,14.060442267546025,4.08172607421875,10.23109553108588
543466,28.82053834758699,6.41632080078125,10.158184332051071
138666,12.312871942245692,4.547119140625,10.048981927364252
2173183,4.018490932030545,2.17437744140625,10.079416145984975
315173,13.040527749464673,4.638671875,10.062655581870215
2557475,2.410218868062657,1.7604827880859375,10.011262327650774
552961,5.491747440653853,1.80816650390625,10.334729061929332
34830,5.459945414913818,2.35748291015625,10.17148723581877
557220,3.1040213550732005,2.08282470703125,10.01228773208489
557222,4.054461199484649,2.40325927734375,10.035700445781345
1136671,2.2701271366822766,1.6613006591796875,10.02204508869271
2152268,4.148546708573122,2.033233642578125,10.142940398303836
3573819,3.512636491446756,1.8215179443359373,10.15416778734016
3873052,4.073641472132294,2.02178955078125,10.146617407442507
544311,16.62027446681168,5.6915283203125,10.052427278555438
4901640,3.7162751231662696,2.3651123046875,10.001110856535217
266997,17.8034535839397,5.74493408203125,10.035585985860283
2245012,6.37220446846186,2.1209716796875,10.28301109873888
121984,10.71138552659977,4.302978515625,10.036039456586058
273545,4.103875511114893,2.513885498046875,10.007220746173926
123286,28.42961120360269,7.232666015625,10.01524371667664
1389629,8.793639430579788,2.483367919921875,10.330204812720948
6722388,3.286154516041279,2.086639404296875,10.022461070646424
695815,3.825092111386766,2.01416015625,10.113124236040631
583523,4.002811516897054,2.18963623046875,10.080549164181525
40685,16.349998220801353,4.50897216796875,10.160898256841213
617942,64.4556283789716,11.2457275390625,10.012271878604484
610365,8.951558967179153,3.3416748046875,10.129465961840893
610819,6.006888498879562,2.712249755859375,10.044666367003568
717689,2.3644107448562863,1.50299072265625,10.107144120435272
301004,3.989094172073237,2.147674560546875,10.072225870659958
133204,4.101557551191945,2.239227294921875,10.073288070628982
132731,8.444512718095211,3.665924072265625,10.039732659211277
133036,38.381254946492845,6.805419921875,10.204867603457288
249894,9.316509259129816,3.62396240234375,10.098335862675622
638585,25.42581891190639,6.0577392578125,10.153035528688331
1302165,41.87415000396141,7.69805908203125,10.141409737696382
1304523,17.175107588933315,5.401611328125,10.031330368328732
2500358,2.647614970752329,1.804351806640625,10.026603738987651
3826282,3.032343651721021,1.89208984375,10.045360719548182
1127010,7.194099900661968,2.811431884765625,10.164156186839952
3864854,2.5061472642046283,1.7833709716796875,10.021537121258516
3396,19.736445280919725,6.53076171875,10.011758205482836
647297,12.672632899339078,4.425048828125,10.110650861841515
1329203,4.811553099301818,2.750396728515625,10.016667304212596
48751,7.219919982569991,3.39508056640625,10.031803766073828
48882,3.6510558174049934,1.7986297607421875,10.174800940162587
32409,10.411445620418815,4.31060791015625,10.006716825305224
48958,2.409089547705662,1.1997222900390625,10.263205703913812
546448,5.806360614828009,2.26593017578125,10.179245778286562
311539,12.93161713470181,4.4708251953125,10.045389361411182
33639,7.629312024459068,3.21197509765625,10.083750891762923
51413,12.52121524008544,4.119873046875,10.124974084426215
8719371,5.281611916689144,1.903533935546875,10.28947199177318
9338981,8.72979466398101,3.871917724609375,10.008068831239948
3586,7.807395869822358,2.47955322265625,10.272287323990303
1366265,8.890237700114085,2.910614013671875,10.206894659923975
325663,2.7248081087018363,1.7547607421875,10.06280320526565
323488,7.235373714589514,2.8839111328125,10.15393633576059
2669601,10.436495857356933,3.997802734375,10.089520227354171
37561,15.311165796803834,4.8980712890625,10.01649923500064
323031,5.939018540993857,2.468109130859375,10.176181361961724
581442,5.046287208315334,2.7618408203125,10.024564045611582
1395540,7.757367680344032,3.177642822265625,10.110689856844408
328522,8.877688769833185,3.871917724609375,10.03021413137389
55279,26.92914041838958,6.46209716796875,10.082528508200827
691874,3.657051094254712,2.208709716796875,10.04194465564328
38433,4.7036275335995015,1.8978118896484373,10.22260369048029
2671121,13.928191237951978,5.10406494140625,10.035901704016922
16101837,3.837820186578029,1.64794921875,10.247944501500797
725417,2.556502141953388,1.739501953125,10.020484962720277
634314,3.900531876526657,2.288818359375,10.032582531253135
298385,3.185022570207366,2.02178955078125,10.039272751956409
46078,9.552336744003696,2.72369384765625,10.278851514549633
4716,22.81215586594772,7.1563720703125,10.005683850656457
141415,12.705688348585682,4.69207763671875,10.051657813362496
48806,0.0,2.681732177734375,10.143155275746595
3563017,3.371058623990393,2.117156982421875,10.00708640815265
3837136,3.5851416058358154,1.800537109375,10.161714853268675
310258,6.526786965609063,3.307342529296875,10.009879081491722
1338299,9.758680685867148,3.269195556640625,10.20655756562854
140928,2.90374969538243,1.567840576171875,10.168406989717726
33611,7.476366867187608,2.34222412109375,10.318586845780832
3868931,5.536898057107464,2.22015380859375,10.202943729183287
52448,28.162370465841377,6.75201416015625,10.091214836613542
142960,4.319758664270921,2.41851806640625,10.058399222245669
317145,7.1013542299115215,3.448486328125,10.04277744370864
679306,10.7343872219717,2.9754638671875,10.294173882513444
1365176,5.9666744339047,2.635955810546875,10.141406215050669
2612820,10.914265242477995,3.86810302734375,10.09267188552464
677613,3.334005466545932,1.8634796142578125,10.101454497682584
332513,2.825148687523324,1.8634796142578125,10.040360704271396
5497,9.155417223388213,3.360748291015625,10.165123456418122
55547,3.7647333681889,2.25067138671875,10.036201350688984
38283,7.257502367712732,3.421783447265625,10.045917636629408
54809,13.874987091745425,3.658294677734375,10.287703371573134
568559,8.137600695292349,3.383636474609375,10.098930157948212
4995580,3.8310045439066016,1.6384124755859375,10.259801326020384
5412613,12.717972449434455,4.730224609375,10.022638448591966
331344,2.9307962631282862,1.964569091796875,10.022044576269742
2695584,4.460970961677958,2.285003662109375,10.087438541739086
9599967,8.10005249119422,3.74603271484375,10.023883285916009
41173,5.706137454770214,2.7923583984375,10.066224128239456
1419622,4.186772472792654,2.513885498046875,10.011384675309197
5726,6.135738604534708,2.872467041015625,10.096726503587997
152636,5.123247204319341,2.796173095703125,10.018605565598866
1422719,3.6870610185724217,2.307891845703125,10.012390423793908
712490,27.42404540148709,7.60650634765625,10.017951810595246
6012,23.98179522353894,6.195068359375,10.128730543554727
9695769,1.6201534546344192,1.2264251708984375,10.072421870538207
1447800,6.7040559411398135,3.2806396484375,10.0340336685634
5167556,4.307630880030047,1.85394287109375,10.213061028856854
300461,4.893782734769047,2.23541259765625,10.154576296431902
132519,6.607390834877151,2.8533935546875,10.108802300737397
6890067,11.507996726613785,4.38690185546875,10.04059726334513
1262810,9.785863423807314,3.41033935546875,10.16452052247369
641027,11.855694297752052,4.79888916015625,10.005037656129376
638754,19.00430854125443,4.608154296875,10.189093796255932
15615601,0.0,1.9092559814453125,10.057299769880451
315790,5.408270061510848,2.60162353515625,10.101574722512266
51234,6.353793024405604,2.73895263671875,10.126056565111222
1337997,8.43180723592377,3.543853759765625,10.08455529273846
3875157,9.614855322681253,3.9215087890625,10.067597966281909
316874,10.445521127789108,3.51715087890625,10.179135803021182
1339108,23.546168993096217,7.51495361328125,10.02769748732188
2519970,9.581316502255504,2.685546875,10.317950133185388
2565413,185.67888395311456,13.7939453125,10.045647241476436
7085241,4.923420630962937,2.67791748046875,10.043967442198356
1343832,14.613660723473004,3.9215087890625,10.192723536397889
2539154,18.464462930511218,5.6304931640625,10.020574412694025
2569014,4.7866170277193305,2.666473388671875,10.030366930586371
2592715,4.536427015867957,2.285003662109375,10.101653084518938
5309289,11.122504797400325,4.180908203125,10.086472137133484
2605591,2.919596483807254,1.9989013671875,10.00188899493595
1362297,4.829622229743109,1.71661376953125,10.315808999293704
2673730,21.72623436768481,6.9427490234375,10.012651731706985
1388057,7.873480570706306,3.3111572265625,10.075444603652986
150452,2.90380166695104,1.88446044921875,10.033674113474886
150450,31.63870779851277,8.453369140625,10.000613084949412
4015004,2.3770188652997604,1.5964508056640625,10.064959571442229
4003494,2.5474485371014453,1.7547607421875,10.02178910024057
1418168,4.23184534732718,2.57110595703125,10.006556455106274
718248,3.3772282603022177,1.74713134765625,10.15388087217144
715476,17.571840168988274,6.09588623046875,10.008157831200457
720041,6.096216556390573,2.887725830078125,10.092158709767288
1443766,3.076422202611866,2.01416015625,10.018493989327474
11983390,4.463560309704917,2.2125244140625,10.121094715045803
59531,3.8747767541353824,1.8405914306640625,10.168156440825662
133324,7.339695754693821,2.28118896484375,10.279609020295748
2446903,5.628257052085246,2.5482177734375,10.126449594601176
133194,7.915627102243889,3.3111572265625,10.09078243938916
133055,7.921308870034409,2.780914306640625,10.207202155516365
301820,3.30166421107424,2.033233642578125,10.042544602773065
44844,4.335722551746585,2.31170654296875,10.067658318120792
4730,4.533888419580762,1.6651153564453125,10.305479929736158
137387,10.954374991037184,4.1656494140625,10.058565594986558
1296730,29.945633441966493,7.8277587890625,10.034417242780258
48144,5.025799061229918,2.811431884765625,10.018520827881488
1286967,4.772529046640557,1.895904541015625,10.222481126054063
1288954,3.197941435930261,2.09808349609375,10.02156078398246
3812002,5.851792012916121,1.8367767333984373,10.353215963408536
5227792,16.760276725115546,5.0201416015625,10.102046048936558
362,14.818435945249805,3.80706787109375,10.225262473263395
313985,2.340041427152755,1.6002655029296875,10.052409432887604
3863452,5.177112079589278,2.8839111328125,10.023456806404374
1328813,5.021526161894144,2.017974853515625,10.23660171218106
1313820,10.989986301654426,3.589630126953125,10.189042134963556
1339152,7.436561114358483,2.54058837890625,10.227178219483344
5206,12.478193496572205,4.41741943359375,10.099169268608737
2557852,1.290539341061958,1.03759765625,10.086669622322862
1343242,5.794202436685737,2.5482177734375,10.1131635124448
391,5.1197346831686446,1.590728759765625,10.395678285914247
1361030,6.289934253938554,3.124237060546875,10.021444471336432
2615072,9.508765652281,3.11279296875,10.191863594083102
687524,2.452570410183398,1.773834228515625,10.014052102561646
320696,7.37040893881931,3.5858154296875,10.011541188705484
2664151,9.426298793026945,3.5552978515625,10.102087466938338
5420316,2.749982139830536,1.80816650390625,10.04453309277863
56954,6.757355172841926,3.12042236328125,10.064535456469915
58266,4.681848360254662,2.55584716796875,10.037905414411092
59921,9.50009285841952,3.902435302734375,10.060181114205127
716774,4.826682397761033,2.4261474609375,10.099099416016598
340683,2.456305800442351,1.6269683837890625,10.059802796307956
4038697,4.286469244150794,1.5888214111328125,10.291229938958711
59973,3.900258916932216,2.063751220703125,10.10453274330814
154891,17.538955987169174,4.3792724609375,10.236679186291314
155092,3.8728208811953664,2.315521240234375,10.038004708437226
3773877,6.47138497060223,2.979278564453125,10.090960988641708
2422662,6.712904968997464,3.27301025390625,10.031308187183402
3783302,3.3719609164618305,2.14385986328125,10.020574615823651
1282503,11.21554669874604,4.55474853515625,10.033920079914417
136537,4.351872748549795,2.55584716796875,10.012858071351982
136392,0.0055265195405809,1.52587890625,10.084159143578647
3831989,12.374982348192134,4.40216064453125,10.02881987093328
15577638,2.168941476928012,1.6422271728515625,10.010330858597191
141458,4.55168720040092,2.712249755859375,10.003752922277563
7063540,4.619970310857752,2.685546875,10.013945506153204
31349037,4.810164631860971,1.7108917236328125,10.306913971536648
142894,27.17367458386434,7.1258544921875,10.054225284440587
664400,11.30383459416771,4.1046142578125,10.1004156190539
1332340,2.2313554994107108,1.60980224609375,10.034965897002898
141803,7.034858077153331,3.56292724609375,10.003380921047835
677550,13.925134252931455,4.2266845703125,10.141656243342805
2607264,3.820802067144541,2.323150634765625,10.02288346787929
5350447,8.773659997248615,3.56292724609375,10.07089915086866
326201,5.839037979283603,2.117156982421875,10.242791126269724
2598774,2.6772815087242634,1.8367767333984373,10.027326851642174
696241,3.8510580212823697,2.323150634765625,10.02830093291158
1395534,9.303473049541935,3.887176513671875,10.053443212993502
337192,7.385172777299886,3.208160400390625,10.097918437573243
336613,7.658858189992316,2.941131591796875,10.14452473411911
57272,6.95078362559434,2.2430419921875,10.308819627270356
339864,10.80349278126232,3.56292724609375,10.169348307183736
1447963,9.071526873245602,3.543853759765625,10.10017021055639
1443347,11.053790582940564,2.72369384765625,10.248859934639132
1444567,11.538288261333946,3.719329833984375,10.17232528601419
60571,12.167006945972387,4.79888916015625,10.017608562183248
156742,16.323648590856465,4.61578369140625,10.188016142208928
133870,6.145216998855176,2.78472900390625,10.086333840735891
134860,9.54875716202514,4.21142578125,10.012832751463186
1295671,3.1874524246741203,2.079010009765625,10.005177779938451
48186,5.768690394681471,2.880096435546875,10.051033741914814
1298408,10.610323876535404,4.02069091796875,10.069623213731958
1296845,6.618693250835349,2.60162353515625,10.179795493825832
6967252,0.0,1.705169677734375,10.31503552030568
313915,13.172706571429444,4.425048828125,10.10895329167269
3847645,6.452819967242249,1.9512176513671875,10.351982709889466
308671,7.269654225186969,3.475189208984375,10.045834865810615
5237133,3.501821673278755,2.044677734375,10.063623427489558
19874899,3.334468886561808,1.953125,10.07242662040914
140156,3.3132377537258435,1.9092559814453125,10.09864124408621
314715,10.288136825525726,3.997802734375,10.03750378084648
314742,6.568126675658277,2.86865234375,10.093672049664756
1333145,5.9993110732975765,2.712249755859375,10.091381810173637
12214827,5.470211302199459,2.9296875,10.01516132547232
3853758,2.1830359231098555,1.59454345703125,10.026367650374317
2531523,10.816254624827708,3.8909912109375,10.122758843969509
53271,20.357616286797565,5.77545166015625,10.078979897824937
1359398,3.2388762364935246,2.040863037109375,10.02389784473008
53251,4.677489691202936,2.716064453125,10.005089513324137
145231,6.925274961300602,3.34930419921875,10.009314104641492
56816,0.0,2.040863037109375,10.129850312074277
334642,5.795349989821261,3.093719482421875,10.003187341029554
5560,4.73390196631226,2.521514892578125,10.067506143377331
3963333,4.177494951225526,2.300262451171875,10.06423530175149
50260256,4.100071617518552,2.346038818359375,10.056400123537085
2692223,3.764546879800037,2.300262451171875,10.02522552534555
9570177,2.814307773296605,1.926422119140625,10.01444770506428
2704576,2.0399366139245103,1.52587890625,10.02806875660175
2727936,1.8868360216365545,1.4591217041015625,10.02935148606956
1418559,5.650456815557845,2.7618408203125,10.072133131375615
59483,6.282206253432378,2.9144287109375,10.059658849310807
726526,6.178823314388865,2.41851806640625,10.179975151711858
433,12.448079740941466,4.5013427734375,10.064846843640352
300984,4.12512598720059,2.056121826171875,10.138165720284832
625859,5.238396246742923,2.780914306640625,10.032470191723409
5173769,5.122973894925963,2.8533935546875,10.015709087403678
44768,2.69854243627924,1.5316009521484375,10.152672280867709
3765803,3.369110251245729,2.124786376953125,10.014382574175626
1260779,3.491149847897759,2.20489501953125,10.00073904298359
659531,5.391443291264295,2.64739990234375,10.07788624007607
3863778,7.217505777945917,2.777099609375,10.184791728307022
2519079,12.302216655181835,3.23486328125,10.221909327671971
49035,2.752589314281068,1.834869384765625,10.038743139602316
312843,2.416340817529999,1.56402587890625,10.091164204561714
5029,6.5593116313029896,3.154754638671875,10.053679275128838
319589,5.750018671787984,3.040313720703125,10.017613441919217
142173,5.100046111598203,2.79998779296875,10.02117796979596
52560,15.279251449130244,4.8828125,10.091545582576185
144538,5.271435602335259,1.8558502197265625,10.305334991634195
12274842,11.152276766915747,3.60107421875,10.17981150387306
7162128,4.030026533509954,2.50244140625,10.001743533489751
322171,15.163664765335852,4.8065185546875,10.108874785680332
321881,5.684071946954646,2.593994140625,10.110467231894384
1356535,10.985670275738812,4.058837890625,10.078958707679115
53788,0.0,11.810302734375,10.046408366486672
7202461,4.680618219994358,2.66265869140625,10.020266931040757
2659201,4.142160301802505,2.2735595703125,10.079322735818677
693872,3.898583005553519,2.26593017578125,10.048121664747404
695038,6.676160393406462,2.6397705078125,10.155644914570754
329520,15.98137121378386,3.9520263671875,10.17631882439583
711737,17.319867937418167,4.73785400390625,10.167000846385868
2748961,2.786670754016086,1.438140869140625,10.193058711151435
2764112,9.911746495621628,3.177642822265625,10.20312256749772
60330,6.455097048114112,3.276824951171875,10.01204279834692
59071,48.04570939877885,8.7738037109375,10.122818820911236
341095,3.622219165292336,2.23541259765625,10.028451286259196
341472,6.197883127737441,2.620697021484375,10.123483602196796
721503,7.155208365205908,2.727508544921875,10.169362042281564
721737,3.011415428147302,1.796722412109375,10.07075677455925
2743139,2.2202988752615056,1.6841888427734375,10.000918313938282
134694,27.33388518325228,6.4239501953125,10.094503376669593
2441558,11.120407462127332,4.4097900390625,10.04122235048562
45364,4.3189913487949525,2.414703369140625,10.057848289640544
47611,55.01266867146478,9.490966796875,10.012742971419105
304631,10.749235763396428,4.47845458984375,10.022410218671473
136467,7.323338646230695,3.726959228515625,10.00402261319226
303213,2.693838579893054,1.9130706787109373,10.006533546753356
1284463,2.1931194052958745,1.5697479248046875,10.03736909968016
3835011,3.194820789496589,1.8596649169921875,10.081705647185109
654331,4.730529431391915,2.70843505859375,10.022368459140608
140584,22.102442791321664,6.256103515625,10.01784623247516
141036,5.638809065414534,1.51824951171875,10.467512227125775
7064145,3.093739752715919,1.7757415771484375,10.09771376247194
1333331,5.38247779966332,2.704620361328125,10.065925685846658
1335263,10.597163265803829,3.490447998046875,10.140455677936522
53418,56.296563691263145,9.124755859375,10.076315478387606
52899,15.582804232355556,5.3863525390625,10.05426674786688
55229,17.30300711748714,5.16510009765625,10.098495202094105
5533,3.912710453514592,1.7757415771484375,10.21660252786383
54822,0.0,1.6078948974609375,10.023306744963143
1402315,3.96611993064289,2.201080322265625,10.059859027858474
148700,10.250885385474248,3.719329833984375,10.112421548061208
334691,5.070897152421821,1.6269683837890625,10.365083669125596
4017469,4.756861429326818,2.02178955078125,10.205555186696554
705797,6.368249777238816,3.2501220703125,10.015143136867348
709366,5.185069523198763,2.391815185546875,10.140057947294675
4018767,3.939373472923762,2.353668212890625,10.021142998410644
725408,2.773846297153796,1.79290771484375,10.062463076368
4002866,8.492691346233187,3.376007080078125,10.08852556104836
59178,6.116832722684194,3.3111572265625,10.002463643709934
1435651,8.64483476967871,3.80706787109375,10.035365395576616
703853,4.686120944701543,2.60162353515625,10.042026654954684
2739004,4.112318236453575,2.2735595703125,10.059080105662057
724134,4.504307238043111,2.0751953125,10.164394968555635
16273281,12.744274551281704,4.57000732421875,10.061661543519952
631758,23.38080537379573,6.2255859375,10.038161099506528
6942517,15.499642366048649,4.70733642578125,10.15432041008113
633545,2.6563994553653174,1.9054412841796875,10.004057188415736
2455972,19.266876428991964,5.889892578125,10.086882365431292
30856719,5.520060155191459,2.9296875,10.024209454449718
632496,8.661431901600736,3.01361083984375,10.196781484157349
135023,167.492323088205,15.0299072265625,10.053067775346593
300392,8.28976564455661,3.50189208984375,10.097306787484555
300400,14.045554553871623,3.765106201171875,10.213597212029628
634568,4.8800482863225625,2.513885498046875,10.083041863414284
1277858,4.469971519487444,2.452850341796875,10.057801366399213
5177647,5.04107674532861,2.246856689453125,10.174094435395643
9175502,5.366790873005812,2.407073974609375,10.156028042842706
45394,4.391712055490643,2.5634765625,10.014127430224592
635278,6.7748166661695,3.376007080078125,10.023210622800022
2491930,2.6466584184672683,1.7681121826171875,10.041134896271428
47693,41.12824613448174,9.307861328125,10.020449662674675
304416,6.613303161255317,2.414703369140625,10.245646308229473
137227,14.630558476004808,5.08880615234375,10.07019150398856
637698,4.262625037496036,1.99127197265625,10.15987909934789
652159,14.70693470461265,3.91387939453125,10.215314869605969
1305066,3.92890073293529,1.7261505126953125,10.215016539878995
4917,6.343072292649595,2.288818359375,10.262175488852172
4944,226.5762441984116,10.1776123046875,10.317616514828607
49377,17.891175313474378,6.0577392578125,10.059946312892198
666054,1.949039013568836,1.5354156494140625,10.01030323312006
2517790,8.202476588972786,3.08990478515625,10.177185666429764
2517817,29.23493065508228,6.96563720703125,10.15960926746132
309758,12.51460138073162,4.425048828125,10.086258932899124
310290,8.723769410164095,4.06646728515625,10.008940488537403
140550,4.50469906431681,2.307891845703125,10.099027552221122
2592426,2.627168026556319,1.8024444580078125,10.009152505301936
141710,4.500085512190708,2.655029296875,10.009284081988913
142090,3.263782556678052,2.11334228515625,10.01577702621372
662287,11.063091859949054,2.7618408203125,10.355277885755044
2604197,4.795346983948548,2.117156982421875,10.188559328165343
5335457,8.618023787304992,3.704071044921875,10.032106183186611
53093,8.081096572866954,3.833770751953125,10.010127516013064
1359463,3.3642449933104217,1.7490386962890625,10.155738356800155
55073,12.349602592883455,3.7841796875,10.208028654419769
148162,3.335347051201097,2.0599365234375,10.049156727074765
2659870,6.099386100409902,1.995086669921875,10.288966089045376
1406104,0.0,1.857757568359375,10.085685164020992
5374585,7.417877775886154,3.59344482421875,10.020726250093617
334928,0.0,2.12860107421875,10.05073773494205
1431445,4.725482668058248,2.7008056640625,10.015446918468932
2768297,5.423839556147868,2.98309326171875,10.012441154907211
155516,24.94339680327539,6.27899169921875,10.05290902162514
46380,26.903710024955217,6.7138671875,10.07305791441723
635276,5.837007138594345,2.643585205078125,10.103758834044454
635574,7.799778586231696,3.162384033203125,10.11660061718395
655330,2.868721575068776,1.99127197265625,10.006168620169564
1310048,19.461674108810257,6.317138671875,10.007341545965096
654985,6.091270466647984,2.5634765625,10.147383962458788
51307,11.890118366805837,4.31060791015625,10.107489900571403
1343803,3.583833397824492,2.13623046875,10.053718053248405
313288,6.116637101265951,2.803802490234375,10.085461582648582
1353319,2.7451244093026617,1.51824951171875,10.166482231461794
321908,3.234868577164889,2.124786376953125,10.0031155011059
678241,5.833621292476892,2.704620361328125,10.098718199242963
2649521,9.756374301498,4.0740966796875,10.039730439997388
7205546,3.208067202111124,1.54876708984375,10.216118493427883
149640,9.407484873714566,3.475189208984375,10.13724620681604
58845,6.997892108287488,2.338409423828125,10.232952560496804
58858,2.3143657440668903,1.712799072265625,10.003660566774952
59276,3.3327294725750107,1.8482208251953125,10.105224694856044
720514,7.673289552105416,2.17437744140625,10.365662127346072
59746,2.4875290706550004,1.7547607421875,10.014795479194566
343006,7.755177777791687,3.101348876953125,10.138871978949917
630395,19.603980283463898,5.14984130859375,10.1086342408065
630528,3.0785704571389942,1.392364501953125,10.270228280552228
1272187,5.4185651187144686,2.918243408203125,10.009136953217975
5177871,4.714664554223418,1.6231536865234375,10.347147458372676
6905067,11.611262821759738,4.00543212890625,10.113753391192104
1293247,3.1501184628432384,2.00653076171875,10.034399115811448
133820,8.032104218909808,3.1585693359375,10.127413038941992
305453,4.259429551304493,1.789093017578125,10.245211011330598
3838812,8.988318866184272,3.269195556640625,10.133747502036856
2525531,15.389171966424328,5.0811767578125,10.065604199796564
659905,2.8960406824044185,1.6918182373046875,10.107548275870522
15759602,5.126132098543167,2.02178955078125,10.231927349552494
1350326,3.1526008812870714,2.056121826171875,10.019045369981814
143501,13.563346252281915,4.53948974609375,10.10018566648215
323039,2.802461441278865,1.5621185302734375,10.14792598042767
147316,36.19326506911602,7.6446533203125,10.057774419669958
1380483,5.870625715877395,2.849578857421875,10.06531362980124
2635484,5.250132258217491,2.8076171875,10.025565646868635
326050,10.369030876579927,3.997802734375,10.081858056997715
147885,11.263551640127844,4.3182373046875,10.019516337604824
2653435,3.5459945161564974,2.079010009765625,10.03173680845792
2667435,7.400337278435472,3.22723388671875,10.082602302325252
55698,2.8285469371039653,1.6231536865234375,10.111692739414018
5592,8.816420790979464,3.849029541015625,10.044739546217867
3964165,5.448363484909351,1.7833709716796875,10.358941865501688
331208,0.0,2.90679931640625,10.009024059077674
2687587,3.411856027647445,2.0751953125,10.042809873954925
58929,5.818481788526697,2.81524658203125,10.07683416505156
60476,12.403401511110133,4.7149658203125,10.0178045034328
60203,4.376639407812036,1.575469970703125,10.31744217688562
2768137,2.6322814514278434,1.7681121826171875,10.040478366317368
59317,21.39887977251056,6.53076171875,10.028060716705236
300961,3.302516956515319,2.193450927734375,10.000494748924844
2460684,2.2624358463290264,1.5239715576171875,10.069892770265758
1270683,4.44814236372622,2.407073974609375,10.06619266652401
627733,14.172022293198095,4.6234130859375,10.086578594935975
48261,5.952634744629904,2.8533935546875,10.071660492732828
1299170,7.927654575425549,2.685546875,10.209968717237146
12134333,2.754680119323893,1.811981201171875,10.04441719457196
144209,6.522936371104152,2.40325927734375,10.228782046810696
2638250,3.426357091891987,2.109527587890625,10.018547719355874
2636689,0.0,3.643035888671875,10.056842495090097
680060,0.0,1.8825531005859373,10.038559076338547
54065,5.77428564211732,1.9207000732421875,10.320471827733892
324159,4.461757772325655,2.63214111328125,10.01798272978309
54793,0.0,3.627777099609375,10.210265174716644
326887,0.0,2.72369384765625,10.108478630947047
702824,0.0,3.170013427734375,10.266135804120848
9472745,0.0,1.27410888671875,10.059558527620869
147105,3.004179631192528,1.8215179443359373,10.082846422012455
2649260,2.5634767588271643,1.6326904296875,10.083090141701444
3945845,11.921840245398926,3.83758544921875,10.152570636520718
678569,4.17902727908222,2.414703369140625,10.035946448192712
694144,4.894037513236981,1.5010833740234375,10.417545117338284
2663028,3.791270983914728,2.147674560546875,10.079912699326249
56580,6.349234363682626,2.353668212890625,10.208855362031082
151249,10.72820897542988,4.4097900390625,10.014435229272111
703788,19.158233100475627,6.1187744140625,10.060490150795957
714291,8.363212383606879,3.1585693359375,10.15193617680108
337827,0.4772937110392377,0.568389892578125,10.04637668866092
713276,11.08401487032097,3.314971923828125,10.24857241269989
155013,15.214374927818426,5.4779052734375,10.019167133869749
60260,20.582127497829788,5.2032470703125,10.126937728400511
32238489,0.8457510878579342,0.8487701416015625,10.03381439226646
154559,27.4544552756779,7.8125,10.011571017331056
12617584,3.689442687580595,2.262115478515625,10.02731745072497
1265845,12.145111835168793,3.803253173828125,10.170324093432804
1316768,2.387750618829159,1.4324188232421875,10.132682862282456
52237,4.034054781201121,1.8444061279296875,10.192322285149954
12229881,3.959288082405692,2.368927001953125,10.027537195033355
51993,2.017996700276853,1.499176025390625,10.041253232083305
318586,22.82437595462397,6.59942626953125,10.0894981807678
1345356,6.738539433499682,3.39508056640625,10.030289664080357
1345884,6.642006328169373,3.19671630859375,10.063911334527782
3889846,2.22793844948319,1.678466796875,10.010047355495711
670265,7.0768756684992695,2.124786376953125,10.349522337287617
7120330,4.2020026979007525,1.74713134765625,10.230219359303206
53810,8.053337794117397,3.8909912109375,10.014374960521508
146543,3.1886720856273314,1.76239013671875,10.11836328357738
144741,0.0,2.25830078125,10.141495441389926
334019,3.105389521319012,2.040863037109375,10.022795573879725
57083,3.42704426326236,2.231597900390625,10.00663681290544
692795,4.402175159324543,2.37274169921875,10.064495762769102
5638,17.70635435202712,4.8828125,10.16189748442908
5649,9.745355646286043,3.2958984375,10.17403692095515
148752,6.067202321384684,2.69317626953125,10.12339229923042
700143,2.1448834581970004,1.5621185302734375,10.04054299985794
7300333,2.806630087143276,1.708984375,10.086911669300967
1429301,7.52892260318913,2.788543701171875,10.181633642456504
58793,7.4575876138260355,2.231597900390625,10.33106880515966
7302468,8.410578643488407,3.39508056640625,10.104896672011032
2720035,5.194365636445582,2.696990966796875,10.063817759080914
153295,5.934622476255754,2.655029296875,10.134414602429828
716298,2.830840511342103,1.96075439453125,10.012645402256734
5756,14.31488129380159,5.2642822265625,10.029623213063491
720278,0.6721618263763958,0.637054443359375,10.120805254738675
1438587,3.2267288237053435,2.09808349609375,10.018898025905203
9710763,14.548669315998268,4.58526611328125,10.072543618140958
300664,3.663007741677575,1.8596649169921875,10.153061555720775
3778695,3.591800618240086,1.9054412841796875,10.11405238187758
633767,3.733464659177116,2.193450927734375,10.053900650310933
297004,7.155020413949387,3.4332275390625,10.0169011563882
297036,42.55960118584335,9.9639892578125,10.01317909615233
2496972,6.52947516120912,3.078460693359375,10.075998419830492
644869,3.225259729311801,1.8329620361328125,10.102607306913525
47108,2.2054268048523227,1.5716552734375,10.0397308218075
46605,5.046649145755509,2.727508544921875,10.033410494174031
6991770,0.0,3.05938720703125,10.1459385649609
682784,3.455664396096836,1.1844635009765625,10.423267160805915
321819,5.813531600993883,2.582550048828125,10.13483651375976
7184545,2.6108713673093007,1.6613006591796875,10.07843464509676
676776,3.8308263566723326,2.117156982421875,10.076039893468186
321821,6.603667871342623,1.895904541015625,10.354368722617693
1373485,0.0,1.47247314453125,10.18950381523464
1376350,0.0,11.53564453125,10.08054576859386
2627942,0.0,2.58636474609375,10.018611760997944
1374997,0.0,1.506805419921875,10.173260572164615
1402716,4.980503443577618,2.7618408203125,10.003828354285025
16035601,4.933161485285382,2.5177001953125,10.074254297978936
1402188,12.110683643259108,4.90570068359375,10.01367449724046
170664,3.562087647638691,1.9435882568359373,10.101634825404876
333857,8.821484418229375,3.810882568359375,10.060843832025858
56351,7.933971175276383,2.52532958984375,10.26268414948419
5612,0.0,3.12042236328125,10.16155151134931
56334,0.0,2.758026123046875,10.535302040658577
56367,0.0015733145773992,5.95855712890625,10.060273739253752
56561,0.0,2.407073974609375,10.184848552408674
149606,0.0,1.598358154296875,10.062004811232429
338104,0.0002137494302587,3.53240966796875,10.157536236100116
338580,0.0,2.407073974609375,10.238892001900554
2679391,0.0,1.636505126953125,10.252936809314985
699810,6.364460027172754,2.796173095703125,10.10581890683048
697220,0.0,2.41851806640625,10.059972754698585
1398403,0.0,1.97601318359375,10.340981473289114
1401899,0.0,1.4171600341796875,10.050155026009875
2721897,0.0,3.35693359375,10.026382959984488
1432210,3.5783008489597705,2.2430419921875,10.01952803487762
45777,4.409395701986796,1.7299652099609375,10.28214977205989
59701,32.57945442151686,7.65228271484375,10.017134225509244
2474041,5.889978580889874,2.67791748046875,10.071733831461476
302454,4.65540293767117,2.4566650390625,10.0704807027397
1306025,7.008894451573724,2.704620361328125,10.176378272170057
1306033,9.724970146358828,3.570556640625,10.121893761566332
659091,5.665321043976292,2.60162353515625,10.107293386467274
660992,3.8064116505047423,2.117156982421875,10.07092775386213
2595705,8.20032254110265,3.59344482421875,10.039763048303266
12362732,1.7375016856894945,1.3599395751953125,10.032240270629009
687613,0.0,4.3487548828125,10.045613943511022
6905,0.0,2.460479736328125,10.1128999677824
69528,0.0,13.3819580078125,10.0040586036651
2628933,0.0,2.407073974609375,10.264820143500453
5359964,0.0,2.96783447265625,10.07321381723826
1369672,0.0,2.460479736328125,10.0032712810233
69297,0.0,3.406524658203125,10.2133602111616
6787,3.157522805391636,2.00653076171875,10.029967501012374
783297,0.0,4.180908203125,10.075276663226129
698792,0.0,2.01416015625,10.133659969175485
150980,2.6208160075111664,1.5621185302734375,10.121172114893486
796087,18.36196029480197,6.3629150390625,10.000110551087142
150083,2.631900109074195,1.720428466796875,10.064161504436388
335129,12.6858818148321,4.57000732421875,10.070604093138025
57440,3.042211793093884,2.063751220703125,10.004350980841629
339315,0.0,2.880096435546875,10.252679105442883
7294625,2.6226972988879425,1.57928466796875,10.113394938413023
60095,61.47480044003896,8.4991455078125,10.045051393942078
4008456,11.982871510197583,4.31060791015625,10.122607432936126
9122512,3.2459599193171016,1.552581787109375,10.200934633073736
1270973,27.80830172500282,6.6375732421875,10.097308200612972
1299953,8.280547055946954,3.543853759765625,10.06879201670534
1304129,7.302454135031439,2.681732177734375,10.173192541317023
1259617,4.161678258555185,2.079010009765625,10.13179010043632
47378,15.21735859940236,5.25665283203125,10.04602496737176
48364,0.0,2.620697021484375,10.02385829702513
138944,7.394247548829298,3.543853759765625,10.008376094233684
311591,13.446156385303766,3.681182861328125,10.22314233136598
311779,4.717317528768035,2.74658203125,10.00228038158767
644801,2.838413559067704,1.811981201171875,10.054957335298267
5312869,5.293836572505825,2.285003662109375,10.150815609842946
52608,10.31166913016932,3.692626953125,10.124353844570344
1352952,20.44992479679786,6.18743896484375,10.051658209854416
10039040,0.0,3.414154052734375,10.158599937556485
3932132,0.0,1.621246337890625,10.054194941866346
7144050,6.591761377974763,2.74658203125,10.14071780737467
1586458,3.9570559291169047,2.44140625,10.004398706246306
690382,4.025609303796955,2.3040771484375,10.04649126493246
704250,8.463877745620266,3.05938720703125,10.133535870144218
3047787,6.732652741768106,2.52532958984375,10.213373812118816
7348143,5.577538281220768,2.7923583984375,10.063092936003091
157687,13.622751140886976,5.24139404296875,10.000922131967648
2787149,14.62329911258712,4.52423095703125,10.159186233308311
135333,4.7285486770852,1.7223358154296875,10.299570691397928
48424,18.355136094185585,5.3863525390625,10.07847806797745
48082,12.159453300773748,3.997802734375,10.144567793685075
306387,9.852594689757098,4.40216064453125,10.000424499373816
305563,4.517123180041381,2.50244140625,10.050138017548065
1319946,3.077196877573442,1.522064208984375,10.20998677371286
2581334,8.585531896736939,3.90625,10.02029133066598
1537657,3.471035444905283,1.987457275390625,10.080105725318424
69128,0.000123568213894,7.37762451171875,10.067818060315672
5344117,0.0,6.561279296875,10.013441814305798
69791,11.446661520290943,4.21905517578125,10.089563190083924
1564698,8.388156232984329,3.7078857421875,10.041911583380688
2961966,15.055692752088362,4.60052490234375,10.13186430885142
9440169,5.939062500423461,2.26593017578125,10.196658579804245
1582208,3.681839060940547,1.689910888671875,10.21729390143676
172743,6.007409520701913,2.712249755859375,10.10886444820603
172863,29.855374360951828,7.7362060546875,10.051701296810688
1565993,9.03118103290035,3.47137451171875,10.137197753109842
1392845,0.0,2.4261474609375,10.054768181193957
708494,0.0,4.2572021484375,10.10239520761498
71384,5.710276943507779,2.227783203125,10.234679616505744
73696,52.83717150047596,9.8114013671875,10.05000412855935
176084,5.900257236135076,3.055572509765625,10.032989097913168
386842,3.872689977069968,2.025604248046875,10.127783387415574
794276,7.400941849249648,3.23486328125,10.095335708050277
806092,3.278028850123519,1.644134521484375,10.174509144033475
809992,16.050401088170474,4.46319580078125,10.012224313437802
339532,3.875112776018796,2.1820068359375,10.078892665960517
2730524,3.0287248677705065,2.063751220703125,10.002080154847528
389353,7.276479700391064,3.200531005859375,10.060566143598177
180120,13.670760983033688,4.95147705078125,10.05675551593239
1451922,6.317286516008608,3.124237060546875,10.051368725313525
4044806,7.64530443870899,3.185272216796875,10.101167308377192
5987,6.499694861973694,3.177642822265625,10.033175770164243
61944,25.79723435603956,6.8359375,10.039008826765716
1270772,3.090566244951333,1.6155242919921875,10.170608850224978
61811,16.987979095887567,5.523681640625,10.029160424058986
1278676,5.307049197232118,2.5634765625,10.107342664859722
160468,3.301380496661295,1.6765594482421875,10.181255642063473
1502151,6.404174157403759,2.9449462890625,10.088776062139974
657528,2.1464395695147687,1.628875732421875,10.010106204291608
166856,6.784424764780852,3.093719482421875,10.062646109267618
770955,3.8348183190464624,1.8825531005859373,10.154852587553282
1349858,3.607582372234901,2.300262451171875,10.010771020010123
3899885,12.069948800046404,3.80706787109375,10.106619273222142
6818,4.619765346098575,2.47955322265625,10.039792033736568
69770,5.058863167127129,2.056121826171875,10.206187053511632
9937732,4.156122893851716,2.368927001953125,10.03831428604955
4246643,4.053421611395606,2.4261474609375,10.020631883329113
1584533,22.02839504732401,5.7220458984375,10.132091057942116
1568306,3.414943589807081,2.094268798828125,10.032718455870622
171425,5.708410764964356,2.048492431640625,10.257289855947652
72317,77.78163517691428,10.833740234375,10.070216507306863
801328,2.1255666658616974,1.6193389892578125,10.013133872380726
706528,6.289942624774994,3.261566162109375,10.017301994869475
75023,3.570602094223432,2.0294189453125,10.081335524998476
2759848,9.955523782919045,4.14276123046875,10.051570347273955
1451575,13.291069699982472,3.086090087890625,10.271733420262423
7408003,5.09222790927015,2.483367919921875,10.088885143139612
730997,10.588817813368223,4.3792724609375,10.043073679658123
158473,14.565134908400069,5.28717041015625,10.0209887169992
349182,7.617105780140264,3.23486328125,10.108245624107512
12793863,5.340341820032336,2.529144287109375,10.114833737778316
2498060,5.681675904976146,1.89971923828125,10.317770274174917
307153,5.373714859044412,2.8076171875,10.041578317115007
1281061,7.594025209604297,3.749847412109375,10.000500914449622
137948,7.86201379250997,3.10516357421875,10.115391098616511
355180,3.712063999781094,2.3193359375,10.006338826844642
4109323,8.984359006004524,2.96783447265625,10.231576309333509
4143488,6.056387968295894,2.582550048828125,10.148400105053229
65964,11.294482106481157,3.780364990234375,10.14486639371233
65600,9.857970746634235,4.2877197265625,10.04391268447617
2886994,2.3095830552993,1.644134521484375,10.03922309019266
367224,10.96137721746345,4.0130615234375,10.067984387411707
6700,11.650634576260927,4.08172607421875,10.106639612183676
68316,18.665814144696924,5.88226318359375,10.05631828460684
4190937,11.62525962388463,4.4403076171875,10.072515293099428
1542414,6.097161014542508,2.941131591796875,10.075726282941478
7625976,5.399795661025564,2.910614013671875,10.03607275065836
5713200,3.9873313622447313,2.307891845703125,10.050178984683306
4196479,4.8713242854428245,2.132415771484375,10.177415048770492
6808,48.908101359789725,9.124755859375,10.064175372282044
68902,15.191319472069154,4.78363037109375,10.102361053395132
778869,21.86655808269279,6.2255859375,10.102701819371264
7096,5.3681230019865325,2.567291259765625,10.079075992162904
1558244,4.841017663304228,1.5544891357421875,10.393358461743658
70095,8.315406292662374,3.19671630859375,10.129832634940705
1588049,3.4316429972750484,1.9054412841796875,10.0932347511931
1568419,3.3324401559657417,1.689910888671875,10.15283591220984
70081,3.2664098019813537,2.162933349609375,10.006482435765689
16736876,3.462877527003002,2.086639404296875,10.042810119819055
10121892,13.067980555133545,4.547119140625,10.09235834280565
2985024,4.06882967272395,1.64031982421875,10.273470204965763
2997475,2.459522554170689,1.800537109375,10.003623106283795
378920,0.0,1.10626220703125,10.026128232057442
1599872,0.0,3.99017333984375,10.015569651118769
1602619,0.0,2.033233642578125,10.123137615953857
811822,10.808937665504343,4.15802001953125,10.048460450044786
1602951,0.0,2.4566650390625,10.130526938347066
3038986,1.4403695218425128,1.068115234375,10.115051959734243
73622,27.56954865641456,7.34710693359375,10.031781193068424
1631137,2.7903232357348315,1.7528533935546875,10.069156019067316
349538,7.347079895007482,2.44903564453125,10.258468974758117
75753,4.43644965011481,2.521514892578125,10.031230919839809
1470015,3.642145615973277,2.185821533203125,10.051535493955395
454,0.0,4.5928955078125,10.00118885378014
350479,17.750764351847465,5.1422119140625,10.081119177020838
161496,5.107229350469424,2.758026123046875,10.03920909234354
62902,0.0,7.04193115234375,10.07679216828578
740896,0.0,1.384735107421875,10.0561851866232
1514116,3.6369835653677,1.5735626220703125,10.249975276956814
163348,21.83676347074652,6.53839111328125,10.008617917868412
362533,9.422303545354223,2.704620361328125,10.25555951821768
2535614,3.884794534831599,2.29644775390625,10.027680382954612
163382,7.257227508700453,3.032684326171875,10.085758028928892
492,8.666671702107124,3.002166748046875,10.16408567660416
769618,7.017715524569212,2.15911865234375,10.321596458200776
770096,4.651034279595478,2.460479736328125,10.058858369451851
167835,10.78929318977316,3.15093994140625,10.251442293058291
1543843,7.969224545027828,2.532958984375,10.268494900243002
784803,0.0,1.766204833984375,10.192255876763678
4217501,4.057949784946686,2.49481201171875,10.002878600014002
1549252,17.624679145497794,5.7220458984375,10.055969775608595
172049,0.0,14.7552490234375,10.086781559484391
793281,0.0,2.292633056640625,10.00189126543694
2964106,0.0,1.728057861328125,10.054748147075124
71714,5.201077178964624,2.872467041015625,10.019436641647353
168874,49.75602152355714,9.735107421875,10.038245013216208
3002166,3.733240610861685,1.88446044921875,10.15921898344313
1574627,3.42973289895599,2.17437744140625,10.016488262211288
786082,17.28883390633564,4.7607421875,10.132777378174362
4226390,11.236646620141984,3.99017333984375,10.11623981300013
378115,4.241846334647562,1.796722412109375,10.245649979111985
1584174,2.5391194684780203,1.6040802001953125,10.090560543870422
174837,0.0102938792188069,7.56072998046875,10.031699048628417
384233,0.0010320236178813,7.9498291015625,10.03563238727578
385150,0.0,2.18963623046875,10.044299187341654
3046961,0.0019695064111147,2.048492431640625,10.097979709430426
802280,0.0,1.964569091796875,10.024961272806117
172618,26.745976995269302,5.9661865234375,10.129046022195896
381046,9.925673513644142,3.322601318359375,10.186630533109206
1595734,6.37553484855016,2.483367919921875,10.184805391313176
385274,11.494003538995456,4.32586669921875,10.078341014782389
75000,6.353095713086077,2.7313232421875,10.13508897996412
815258,4.563158219461911,2.044677734375,10.1598315907839
815214,7.509339574346086,3.437042236328125,10.057710236101869
158939,4.954770440162974,2.66265869140625,10.035635314902873
1471773,13.3844066555248,4.852294921875,10.078494691295589
157890,12.45669623943104,4.26483154296875,10.089482035166665
350276,5.819547772254737,2.941131591796875,10.019103715971074
346464,0.0,1.491546630859375,10.007779988083568
63777,58.42955308570527,10.5133056640625,10.015101125174484
2839717,2.911048390538781,1.995086669921875,10.013171916797468
164798,8.589206925265898,3.4942626953125,10.069207307094656
4132129,17.611062077616225,5.86700439453125,10.029981618380884
361348,7.239472805267724,2.071380615234375,10.34038804327223
2873509,8.896369710921135,2.34222412109375,10.352649492262657
767667,8.750571066026168,3.314971923828125,10.133867585361203
1519141,11.157903216437262,3.536224365234375,10.17493133699907
2912076,3.604932294656464,1.255035400390625,10.395865677289668
2976295,8.273216339403007,2.475738525390625,10.303315398036348
775050,2.481975594899268,1.5964508056640625,10.082688338402658
6992,96.81034873227328,10.284423828125,10.162187029362483
377461,4.283279154507909,2.178192138671875,10.08439735218373
382905,13.695833716650668,5.10406494140625,10.017088555764271
801124,5.216211968378048,2.92205810546875,10.008951537042652
7231,70.3458717011381,9.4757080078125,10.20638404695578
728678,0.0,2.582550048828125,10.018791490311443
159739,2.3193307156980154,1.70135498046875,10.01913567146548
63005,4.363233247611788,1.766204833984375,10.238847746989078
63831,3.280389371378988,2.079010009765625,10.0264469198914
742910,0.0,2.288818359375,10.025714262404293
65272,0.0,6.66046142578125,10.111244743219885
361283,0.0,3.9825439453125,10.02252554757387
163436,35.706560606718995,5.36346435546875,10.270281728498066
766082,8.16757661709562,3.047943115234375,10.163510589740875
373347,0.0,2.43377685546875,10.120685520203594
374783,0.0,3.0364990234375,10.02331795041106
4273779,5.2874002484823,1.7337799072265625,10.345655684750096
1597411,5.0888570029928815,2.6092529296875,10.073298215794708
175133,27.936271866688912,6.82830810546875,10.090734614216718
812991,11.734738169245247,3.8299560546875,10.165148048796768
389431,4.869112175045302,2.8228759765625,10.000437509892754
177722,6.638584067266493,2.902984619140625,10.1215485436909
391050,9.859441204112954,2.87628173828125,10.262750515868827
1626624,8.363517155128648,3.894805908203125,10.007276974565436
4319898,5.010899418062763,2.803802490234375,10.01960114703546
157992,6.042505857876677,2.81524658203125,10.087528687212895
179724,6.4090336602967,3.30352783203125,10.007866434248406
12780055,9.65209999437502,4.23431396484375,10.017603170090808
63746,0.0802675435988931,9.9334716796875,10.026737236390767
64897,17.254347338312073,5.43975830078125,10.027248325071508
360502,4.534393310059386,2.376556396484375,10.092077433790664
1508619,6.111380172274949,2.2430419921875,10.259522274162125
7546688,0.0,5.10406494140625,10.01254092801355
67667,0.0,2.43377685546875,10.034961107347288
168312,0.0,3.44085693359375,10.11287756916834
3007471,5.880574632778007,2.72369384765625,10.060692181991922
4198626,5.926723578646488,3.002166748046875,10.03914693999586
68598,6.206694774271455,2.44903564453125,10.181817795585872
173028,3.265974776921212,1.7414093017578125,10.145590176959296
72700,7.387681397369306,3.223419189453125,10.105068441090012
802125,5.836082840112795,2.933502197265625,10.061310208493666
1596873,8.8982770569055,4.0130615234375,10.038124211722945
1598943,3.1301403757897788,1.42669677734375,10.263676627336018
3041851,1.5943201888439944,1.1920928955078125,10.08773664512224
5790790,5.492712997584022,2.5634765625,10.124425640650005
7719287,1.2116886632866226,1.079559326171875,10.03303355510034
176431,5.837049794528866,2.010345458984375,10.29740415359481
1634932,4.330359889150714,2.506256103515625,10.01336474286054
13283701,2.845385423679545,1.873016357421875,10.039458166750933
75373,13.07620190588932,4.8065185546875,10.040087407935095
727150,11.304346434335455,4.21142578125,10.082384013558515
7370079,2.8749294592853403,1.735687255859375,10.087247441874688
63380,16.715452885531704,5.25665283203125,10.062415383559928
64040,0.0,3.7384033203125,10.15674047170974
1492718,0.001041999865265,5.0048828125,10.020728593912644
2879816,0.0,1.743316650390625,10.29092969353492
368938,6.553084548279003,3.1890869140625,10.042867974425826
367305,0.0,3.25775146484375,10.006288062758664
1543142,0.0,1.903533935546875,10.09127878849349
369962,20.241340909509745,4.5318603515625,10.238570622597912
799104,8.800348101009149,3.719329833984375,10.061360254367845
384566,7.387536354144686,3.513336181640625,10.031599351981304
173890,4.099321375870204,2.4566650390625,10.00948324562229
800819,4.764830105727015,2.7923583984375,10.001766139012538
813496,8.11925446314126,3.60870361328125,10.027356416486311
1636980,0.0,1.46484375,10.098729533673698
7560,0.0,3.353118896484375,10.283375144898994
4062949,0.0,2.4566650390625,10.07864019005802
61329,0.0,3.276824951171875,10.156818262410244
12661813,0.0,1.5869140625,10.038123326498813
736900,2.931851415647543,1.392364501953125,10.242199556951984
2860570,5.408797577925725,2.105712890625,10.1984613687115
163537,0.0,7.80487060546875,10.029984655344691
9867367,0.0,3.57818603515625,10.004581358815969
66173,3.534952415619045,2.216339111328125,10.019048019544575
2937960,0.0,4.3182373046875,10.021678804223216
4187221,0.0,2.03704833984375,10.025116632219088
166420,4.870157429708343,2.34222412109375,10.106026569522824
775375,0.0,3.57818603515625,10.086562920347054
1569953,8.073909764680138,3.88336181640625,10.004833497700648
13112057,2.834207431427785,1.5869140625,10.146835962854688
7176,4.494075949020044,2.353668212890625,10.07767889547132
3037562,7.379976858959708,3.200531005859375,10.02179294702439
822649,0.0,3.383636474609375,10.017050611019163
16300944,5.241731160924246,2.8076171875,10.032978145353091
1498555,7.636133817533846,3.48663330078125,10.03223855328304
64391,0.0,3.9520263671875,10.061050436494078
162705,0.0,6.58416748046875,10.025034936443047
7416846,0.0,2.361297607421875,10.372656090834656
744126,6.464303123379068,3.192901611328125,10.028387925917071
5620927,7.46417227917118,2.5177001953125,10.257676593585614
2846774,3.514013532534591,2.26593017578125,10.006595466912438
364657,5.983138233983482,2.857208251953125,10.073169864725676
66061,16.052729974639078,4.8980712890625,10.107465731251429
366573,2.657169287413126,1.5411376953125,10.131947546254612
363500,5.891808069944091,3.185272216796875,10.010008069739373
764883,0.0,2.948760986328125,10.127132045787665
1545046,0.0031207571955746,1.6727447509765625,10.120314494957274
1559684,0.0,5.95855712890625,10.0428830762278
775613,4.312599296361441,2.338409423828125,10.056861301441122
372761,8.801109231935698,2.9144287109375,10.19269072084833
174345,11.72497461988678,4.5013427734375,10.037714328837826
7757489,0.0,1.89208984375,10.197318298887144
809752,22.84873974667425,6.52313232421875,10.008546235654396
807535,3.2933436052699108,1.96075439453125,10.067249993179027
392909,5.506723563412379,2.38800048828125,10.147033538805612
75558,6.670096470443241,2.986907958984375,10.107109230168591
75865,26.51396382485109,7.080078125,10.077509808439608
821231,5.7148597654668265,2.475738525390625,10.152660700198997
3100994,13.036717760638568,3.749847412109375,10.228555961491326
819935,0.0,13.7786865234375,10.003829932066605
9778646,0.0,2.5787353515625,10.066449941392843
729031,0.0,5.34820556640625,10.006005030713183
1465137,0.0,1.926422119140625,10.131962423593372
61127,4.516867329359229,1.3828277587890625,10.427274689029693
4081611,3.3859111728233984,2.0599365234375,10.054754038649293
16491802,7.298995353143255,3.2806396484375,10.0591503182837
747880,3.746077544376021,1.613616943359375,10.258933864128265
361518,4.12013155828754,2.285003662109375,10.063511237608347
1503201,12.036771819315618,4.64630126953125,10.05027306986645
360674,0.0015298687358153,2.750396728515625,10.050382452513
1506631,0.0,1.514434814453125,10.029161500830758
4130358,0.0,3.27301025390625,10.000964170724217
165301,5.576553483690077,2.02178955078125,10.262627602350618
762834,0.0,1.77001953125,10.045000661488002
66213,62.02612261395552,10.6201171875,10.081244113276185
168374,5.320019395294366,2.025604248046875,10.230699372331475
2946746,0.0,3.673553466796875,10.032608344455957
374550,2.753410302248085,1.865386962890625,10.03110624383373
371815,6.002186571262428,2.658843994140625,10.12358870489251
1612512,7.586356416730268,3.60107421875,10.016009367290463
176253,12.065535209243537,4.50897216796875,10.025398647705464
3060501,2.8637792052177247,1.712799072265625,10.091015260737286
5546367,0.0,3.017425537109375,10.04058427282902
735922,0.0,2.66265869140625,10.131969722151515
450,8.923325440759072,3.101348876953125,10.168925389116572
744812,24.78891359687259,6.40106201171875,10.084594116259003
761509,4.878193125507096,1.59454345703125,10.383801677236354
761928,4.263341349869734,2.5634765625,10.003603470236534
4154372,1.78070100734476,1.3599395751953125,10.05022705593511
2892371,6.608968699205434,3.44085693359375,10.004551751223952
359578,7.669297171290964,2.559661865234375,10.218817455139488
67121,13.70426351565402,4.9591064453125,10.06589631263248
2920402,0.0,2.98309326171875,10.118089272644058
2969809,0.0,2.5177001953125,10.12802234396323
1560918,0.0,1.4190673828125,10.31341480876653
789867,0.0,3.459930419921875,10.020484322105233
171940,3.4739992133545456,1.461029052734375,10.284072606218183
70632,5.807585646456573,2.8076171875,10.068869489762037
171065,4.216440261530806,2.197265625,10.094915142930123
383037,3.0226123954489594,1.888275146484375,10.05996825410703
73730,3.3167743757585413,1.987457275390625,10.06002214130033
3104480,3.4171742933322093,2.18963623046875,10.00162867736233
158168,0.0,1.399993896484375,10.038870398729248
2798856,0.0,1.8253326416015625,10.170804450121317
735917,0.0,3.810882568359375,10.0104830955442
1457871,0.0,3.143310546875,10.00261513691311
5591367,4.585485322808381,2.391815185546875,10.087158762697843
776018,8.132701671129325,2.5634765625,10.283218766872656
68591,16.020007956285554,4.79888916015625,10.130454427438556
4207280,0.0,2.44140625,10.10490193393147
168887,9.889690232135765,4.2572021484375,10.001194317961463
170007,3.919659843479167,1.605987548828125,10.249539357480932
176210,2.4859739854291547,1.682281494140625,10.049961171181462
173402,3.7703544220275935,2.269744873046875,10.02371779869871
177037,0.0003455017067608,3.631591796875,10.06862344115221
1610743,6.083808574388968,2.52532958984375,10.161833353529602
385918,0.0,3.47900390625,10.020905737656426
13286782,9.474747788422974,4.0435791015625,10.040088816229158
3031954,2.9048142034880584,1.6880035400390625,10.096199619968395
73731,11.153004152220092,3.719329833984375,10.165919646556636
3081610,10.644879563813449,4.3487548828125,10.01852685304204
17120162,5.248151026193227,2.399444580078125,10.13930938142424
60956,0.0,2.658843994140625,10.044407458844884
737278,0.0,2.64739990234375,10.203318212946249
62534,9.453715815936448,2.765655517578125,10.243554197651184
6301,9.342352458603273,3.326416015625,10.135731299563082
1501567,5.119836585930898,2.925872802734375,10.004092744961712
2828721,7.436971235678357,3.3111572265625,10.06587825911905
359248,7.218217915295099,2.590179443359375,10.206570012626972
1504070,4.941619166726014,2.468109130859375,10.080726273201844
758788,11.218729696141963,4.12750244140625,10.10065928340978
365289,0.0,2.529144287109375,10.404054394548378
1523287,0.0,1.85394287109375,10.007623004273018
68165,2.5466912462143227,1.6269683837890625,10.083358828657
67463,0.0,2.06756591796875,10.005969885080656
9998058,4.114135105381138,2.254486083984375,10.082331575878326
169148,0.0,1.873016357421875,10.09335368125725
169272,7.3912263089296175,3.63922119140625,10.005301457599666
372258,5.309279226603394,2.75421142578125,10.040110741930878
3017499,3.907976343245537,2.353668212890625,10.024706460305776
1582670,3.929973259204417,1.873016357421875,10.154005125106154
7720016,0.0,2.0294189453125,10.374513655139951
3031797,9.072402288955344,3.62396240234375,10.094398442397283
74342,0.0,4.93621826171875,10.040000816553924
7182,17.126283940924623,5.3863525390625,10.041142132956956
73426,0.0,4.4708251953125,10.04732386118838
817542,5.408534491965838,2.99072265625,10.01396351790994
10217046,0.0,1.99127197265625,10.006168620169564
177824,0.0,2.071380615234375,10.28975470137909
61720,0.0,10.528564453125,10.059375414941318
75441,0.0,1.6937255859375,10.395025073011212
3099708,0.0,2.223968505859375,10.021700141302528
161164,0.0,2.74658203125,10.097705625690036
6203,18.55346511875541,5.06591796875,10.149451618037638
728163,5.420546016881417,2.12860107421875,10.229090108345432
358243,0.0,3.360748291015625,10.14272820174676
168186,4.065893063940166,2.0599365234375,10.12076087481805
775466,6.639220594675862,3.13568115234375,10.052248152190572
778154,12.80618096269609,4.69970703125,10.042827940569124
375129,4.0810199839033885,1.766204833984375,10.230855661737731
379945,21.374331878803787,6.0272216796875,10.0584551576512
785891,0.0260861228816793,4.39453125,10.241225901908932
7398,0.0004295742692193,14.6026611328125,10.058039345638129
74292,0.0,3.452301025390625,10.08973001519132
3062586,5.855951553799969,2.3956298828125,10.18258034190522
73452,0.000105456172605,3.345489501953125,10.010597665446102
814052,13.644402453195651,4.93621826171875,10.045604694071924
75665,0.0,3.3721923828125,10.195523493051674
175602,7.014188883120369,3.108978271484375,10.09366325211418
391709,4.086856239191548,2.452850341796875,10.02071475245736
820381,11.290808581012245,3.437042236328125,10.247861516981509
1605384,8.969606957900396,3.91387939453125,10.02319215358404
3099697,2.616130402398994,1.5888214111328125,10.11405483985484
817454,5.902539978975256,2.471923828125,10.162157298705123
1639247,6.060651725885691,2.99072265625,10.015231531896577
5590835,0.0,3.215789794921875,10.161834933636122
2821316,4.251666623960773,1.556396484375,10.33193252261022
360660,6.5274853144801455,2.92205810546875,10.114161682058302
67266,6.179711562872399,2.414703369140625,10.186332307013492
380779,2.913439104013378,1.9683837890625,10.01666430119588
1585102,9.014779284974791,2.89154052734375,10.240688255916751
1585248,12.535708927549422,4.9285888671875,10.022574097214909
3008622,5.732512186579697,3.124237060546875,10.004761699376935
4242002,0.0,3.68499755859375,10.046376352702753
5812773,6.6644850179654895,2.071380615234375,10.303542985864723
813111,7.988378653477412,3.604888916015625,10.064981575453327
73168,0.0,2.819061279296875,10.022915710782645
386064,0.0,2.986907958984375,10.080651934867236
385786,0.0,2.99835205078125,10.094227738477754
1632029,0.0,1.934051513671875,10.301088793124103
813903,0.0,3.92913818359375,10.009725844920643
178612,4.902013776627427,2.79998779296875,10.014229109840633
390846,0.0,2.422332763671875,10.128465619078888
389909,0.0,3.391265869140625,10.021824864559074
346521,6.891779440462415,2.841949462890625,10.149163208558855
845912,6.704788467803155,3.376007080078125,10.023210622800022
158412,3.176708489954762,1.6765594482421875,10.165003741031883
349264,3.397571735753445,2.197265625,10.017237514594177
2802724,8.879923458895064,3.99017333984375,10.032476668577823
2841805,5.717152644763701,2.788543701171875,10.07698543841655
4110512,0.0,1.9283294677734373,10.266203480343307
2856684,0.0,6.3934326171875,10.004532168970332
468,5.730763034705888,2.86102294921875,10.062702637436788
63153,2.077776537880709,1.4324188232421875,10.083348234837269
363589,4.254088461784704,2.1820068359375,10.097778010120887
763670,4.288220152870053,2.3040771484375,10.086813428618216
2903702,6.224556366199977,3.200531005859375,10.00631150451931
751416,2.2370937579253223,1.3828277587890625,10.138544120159374
5647818,2.624910621132585,1.3751983642578125,10.211362884023156
167794,0.0,4.28009033203125,10.116240428479578
3016722,6.418643842793244,1.972198486328125,10.329241575075642
72750,0.0,3.4637451171875,10.001283074219735
805018,3.12371643014194,1.392364501953125,10.27845899718178
390843,4.557972082999186,2.51007080078125,10.05271051448518
177532,0.0,5.10406494140625,10.022706932722446
75443,11.954686536009833,4.180908203125,10.100544765395194
822763,9.618605176190613,3.704071044921875,10.072976420841426
446063,17.0451573050741,5.7525634765625,10.044592185382967
203964,5.14085359271121,2.735137939453125,10.024563251233198
451309,4.462835066391563,2.37274169921875,10.068476491664622
89890,6.240297494288825,3.10516357421875,10.03696944083756
89453,4.9253418128573685,2.5482177734375,10.068546651513932
90128,13.24457419175451,4.3487548828125,10.109955826740215
15562,16.71405555929232,5.37109375,10.047897530316238
15788,2.749424009329232,1.712799072265625,10.08855466218963
17344,26.462801894449512,7.6751708984375,10.04206080036031
91399,39.69232572404144,8.6517333984375,10.116734130903696
213464,9.129163189914834,3.459930419921875,10.132412383176744
458748,14.166167729184965,4.82940673828125,10.084740994678842
460550,2.069178066099994,1.453399658203125,10.07141972307426
919832,2.3216861042456003,1.7147064208984375,10.014043415429825
91,14.96098506036651,5.57708740234375,10.053538821651795
1685,13.38670079944859,3.77655029296875,10.260432478661292
17805,9.67553362812032,4.3792724609375,10.006744933527768
18403,281.6939601913982,14.5721435546875,10.164987437073036
91229,10.96458830121992,3.79180908203125,10.167316733874609
91836,2.9612865323142614,1.5926361083984375,10.168036000455125
92284,2.2814592887079925,1.697540283203125,10.013224345193503
205093,5.0481967049781815,1.71661376953125,10.34944860691328
212416,4.004828825753066,2.422332763671875,10.026338287390336
448610,4.4504563052687445,2.384185791015625,10.078609932019807
457169,4.302571416235878,2.5787353515625,10.015824155798274
458919,7.627218032190285,3.170013427734375,10.12685533184871
460868,0.8944507558844634,0.9136199951171876,10.010228720266516
946668,4.857458708931517,2.38037109375,10.120696225869429
951058,4.940905086150451,2.323150634765625,10.130206993412733
1816225,15.554153952361958,5.218505859375,10.107176923523092
