SRG_HaloCatalogueIndex,SAG_HaloCatalogueIndex,match_rank,matching_distance,SRG_logM,SAG_logM,delta_logM,SRG_age_lum_gyr,SAG_age_lum_gyr,delta_age_lum_gyr,SRG_MgFe,SAG_MgFe,delta_MgFe,SRG_logZstar_rel,SAG_logZstar_rel,delta_logZstar_rel,SRG_log_ssfr,SAG_log_ssfr,delta_log_ssfr,SRG_compactness,SAG_compactness,SRG_DoR,SAG_DoR,SRG_logR,SAG_logR,SRG_sigma,SAG_sigma,SRG_log_sigma,SAG_log_sigma,SRG_exsitu_frac,SAG_exsitu_frac,SRG_log_bh_ratio_corr,SAG_log_bh_ratio_corr
304,1447,1,0.7181333028284378,10.970302806941383,10.891266785600646,-0.0790360213407375,11.525813884650445,11.45116483099338,-0.07464905365706542,0.28659463,0.2838296,-0.0027650300000000017,-0.118808266512961,-0.1985099374064493,-0.07970167089348829,-13.169266141496848,-13.049710138427283,0.11955600306956526,9.827063887924822,9.719443902647926,0.6521650115556714,0.6301166461410381,0.7621592793443732,0.7812152553018131,147.96701,125.0142,2.170165,2.0969596,0.590490519874479,0.5754809010402508,-2.131094722448008,-2.1683872359421774
304,49780,2,1.1266972923528087,10.970302806941383,10.626570913827376,-0.34373189311400765,11.525813884650445,11.331726345142082,-0.194087539508363,0.28659463,0.26450786,-0.022086770000000033,-0.118808266512961,-0.1764288629063263,-0.05762059639336531,-13.169266141496848,-13.034891739870613,0.1343744016262356,9.827063887924822,9.496352582618035,0.6521650115556714,0.6319006491999953,0.7621592793443732,0.7534788874728949,147.96701,87.47156,2.170165,1.9418669,0.590490519874479,0.4609505044404558,-2.131094722448008,-2.35336413607482
304,591516,3,1.3251060968438908,10.970302806941383,11.018378085428518,0.048075278487134554,11.525813884650445,11.077919562708068,-0.44789432194237655,0.28659463,0.2788852,-0.007709430000000017,-0.118808266512961,-0.1697982840073132,-0.0509900174943522,-13.169266141496848,-11.953776284350754,1.2154898571460944,9.827063887924822,9.749669707780871,0.6521650115556714,0.6236500712661729,0.7621592793443732,0.845805585098431,147.96701,148.03888,2.170165,2.170376,0.590490519874479,0.6048157755516226,-2.131094722448008,-2.063341993728588
304,87007,4,1.3292795486050666,10.970302806941383,11.001136651021826,0.03083384408044232,11.525813884650445,11.73483123489022,0.20901735023977608,0.28659463,0.30717313,0.0205785,-0.118808266512961,-0.2008595976838085,-0.08205133117084751,-13.169266141496848,-12.096069785913462,1.073196355583386,9.827063887924822,9.527880578789471,0.6521650115556714,0.6390490587279235,0.7621592793443732,0.9821707148215698,147.96701,175.4683,2.170165,2.2441988,0.590490519874479,0.727497271106097,-2.131094722448008,-1.973730754011152
304,12185,5,1.3356949216647933,10.970302806941383,10.537993896638085,-0.43230891030329843,11.525813884650445,11.690041802695982,0.16422791804553682,0.28659463,0.30860662,0.02201198999999998,-0.118808266512961,-0.1923056250051644,-0.0734973584922034,-13.169266141496848,-13.226234662863192,-0.05696852136634334,9.827063887924822,9.555776225985223,0.6521650115556714,0.6501444509825213,0.7621592793443732,0.6548117804352395,147.96701,134.05186,2.170165,2.127273,0.590490519874479,0.3026303489853912,-2.131094722448008,-2.026720606701912
429,813650,1,1.169942310490708,10.220441196045616,10.333480709354207,0.11303951330859086,11.749761045621632,11.45116483099338,-0.2985962146282528,0.2603269,0.2386696,-0.021657300000000018,-0.070264127173108,-0.1293371332565865,-0.0590730060834785,-12.996184506756952,-12.119689453743709,0.8764950530132438,9.910282402530598,9.698313385396531,0.679367329402015,0.6314186999791817,0.2067725290100123,0.4234448826384523,79.71817,63.442184,1.9015573,1.8023782,0.0578100220860112,0.105804192947798,-2.525256168753582,-2.473028521767616
429,767647,2,1.1886156285103857,10.220441196045616,10.081500111049843,-0.13894108499577307,11.749761045621632,11.540743695381856,-0.20901735023977608,0.2603269,0.2658646,0.005537699999999979,-0.070264127173108,-0.1923056250051644,-0.12204149783205641,-12.996184506756952,-12.566678859775363,0.429505646981589,9.910282402530598,9.308320248230473,0.679367329402015,0.6636620526642281,0.2067725290100123,0.5154532418795807,79.71817,57.28024,1.9015573,1.7580049,0.0578100220860112,0.0534415044461996,-2.525256168753582,-2.4153248611279303
429,273895,3,1.25111013763929,10.220441196045616,10.148446900680458,-0.07199429536515822,11.749761045621632,11.913988963667167,0.16422791804553505,0.2603269,0.29858935,0.03826244999999995,-0.070264127173108,-0.1647102569857672,-0.0944461298126592,-12.996184506756952,-13.00883435314092,-0.012649846383967045,9.910282402530598,9.56698682263212,0.679367329402015,0.6836118974326965,0.2067725290100123,0.3876400520322257,79.71817,55.461834,1.9015573,1.7439942,0.0578100220860112,0.0883855626478239,-2.525256168753582,-2.49679790395514
429,339605,4,1.295271921119856,10.220441196045616,10.481403352883198,0.26096215683758217,11.749761045621632,11.406375398799144,-0.3433856468224885,0.2603269,0.23552722,-0.02479968000000002,-0.070264127173108,-0.1690677632599572,-0.09880363608684921,-12.996184506756952,-13.270268340916438,-0.27408383415948556,9.910282402530598,9.378948251859434,0.679367329402015,0.6246985665295753,0.2067725290100123,0.734970067349176,79.71817,62.005783,1.9015573,1.7924322,0.0578100220860112,0.130375398185164,-2.525256168753582,-2.367662091803338
429,481813,5,1.2974152132647077,10.220441196045616,10.340504492881172,0.12006329683555528,11.749761045621632,11.227217670022194,-0.5225433755994384,0.2603269,0.25034127,-0.009985630000000023,-0.070264127173108,-0.1117149547080051,-0.04145082753489711,-12.996184506756952,-11.883977938322609,1.1122065684343436,9.910282402530598,9.696030700321566,0.679367329402015,0.6063854464961596,0.2067725290100123,0.4296491950397372,79.71817,58.98952,1.9015573,1.7707748,0.0578100220860112,0.0600055066557569,-2.525256168753582,-2.5132569138199443
1415,591516,1,1.5636502757269535,11.081218923288708,11.018378085428518,-0.06284083786018968,11.107779184170894,11.077919562708068,-0.02985962146282617,0.24523365,0.2788852,0.03365155,-0.0167280200388144,-0.1697982840073132,-0.1530702639684988,-11.652325541608088,-11.953776284350754,-0.3014507427426665,10.171070008319044,9.749669707780871,0.6206592467390807,0.6236500712661729,0.6067659433131087,0.845805585098431,139.94002,148.03888,2.1459422,2.170376,0.4011354064055706,0.6048157755516226,-2.4331297373296112,-2.063341993728588
1415,52429,2,1.92315598321246,11.081218923288708,10.66194895336513,-0.4192699699235778,11.107779184170894,11.227217670022194,0.11943848585129935,0.24523365,0.21917754,-0.026056109999999993,-0.0167280200388144,-0.1015999243983928,-0.08487190435957839,-11.652325541608088,-13.095975179643268,-1.4436496380351809,10.171070008319044,9.635079955974051,0.6206592467390807,0.6169129369290133,0.6067659433131087,0.6845793315940524,139.94002,77.11022,2.1459422,1.887112,0.4011354064055706,0.1527145092320695,-2.4331297373296112,-2.573931741773288
1415,481813,3,1.9687830966824404,11.081218923288708,10.340504492881172,-0.7407144304075359,11.107779184170894,11.227217670022194,0.11943848585129935,0.24523365,0.25034127,0.005107620000000007,-0.0167280200388144,-0.1117149547080051,-0.0949869346691907,-11.652325541608088,-11.883977938322609,-0.2316523967145212,10.171070008319044,9.696030700321566,0.6206592467390807,0.6063854464961596,0.6067659433131087,0.4296491950397372,139.94002,58.98952,2.1459422,1.7707748,0.4011354064055706,0.0600055066557569,-2.4331297373296112,-2.5132569138199443
1415,2342292,4,2.084629560197694,11.081218923288708,10.41042704621902,-0.6707918770696875,11.107779184170894,10.988340698319597,-0.11943848585129757,0.24523365,0.27075872,0.02552507000000001,-0.0167280200388144,-0.1525962538996909,-0.1358682338608765,-11.652325541608088,-11.863458943750686,-0.21113340214259857,10.171070008319044,9.37742197467471,0.6206592467390807,0.636423827633617,0.6067659433131087,0.6886700476962069,139.94002,60.614067,2.1459422,1.7825735,0.4011354064055706,0.1625914657913543,-2.4331297373296112,-2.293638092057154
1415,440402,5,2.108462599430357,11.081218923288708,10.44766607586731,-0.633552847421397,11.107779184170894,11.167498427096543,0.059719242925648786,0.24523365,0.28602964,0.040795989999999976,-0.0167280200388144,-0.141495471106774,-0.12476745106795958,-11.652325541608088,-11.42177704034548,0.23054850126260718,10.171070008319044,9.665448726283309,0.6206592467390807,0.6630611435285877,0.6067659433131087,0.5214782330560017,139.94002,73.23085,2.1459422,1.8646941,0.4011354064055706,0.2073622957177668,-2.4331297373296112,-2.463647331271765
3586,1411684,1,1.8083330839833607,10.863847476027097,10.728262198781415,-0.13558527724568137,11.19735804855937,10.988340698319597,-0.20901735023977253,0.28654566,0.31509143,0.028545770000000026,0.0611664266024943,-0.1293371332565865,-0.1905035598590808,-12.27250122234873,-12.106065500820714,0.1664357215280159,10.272287323990303,9.740565591518882,0.65087904992931,0.6485807540199461,0.394373434691194,0.6584644048416888,128.63153,108.23333,2.1093476,2.0343611,0.1941117479555469,0.5010676776554599,-1.838436046273326,-2.1654737187509827
3586,591516,2,2.0256075614345606,10.863847476027097,11.018378085428518,0.15453060940142116,11.19735804855937,11.077919562708068,-0.11943848585130112,0.28654566,0.2788852,-0.00766045999999998,0.0611664266024943,-0.1697982840073132,-0.2309647106098075,-12.27250122234873,-11.953776284350754,0.31872493799797574,10.272287323990303,9.749669707780871,0.65087904992931,0.6236500712661729,0.394373434691194,0.845805585098431,128.63153,148.03888,2.1093476,2.170376,0.1941117479555469,0.6048157755516226,-1.838436046273326,-2.063341993728588
3586,39462,3,2.027363751114272,10.863847476027097,10.706152615857183,-0.1576948601699133,11.19735804855937,11.600462938307508,0.4031048897481391,0.28654566,0.30483374,0.01828808000000004,0.0611664266024943,-0.1589674363556313,-0.2201338629581256,-12.27250122234873,-11.98194714193442,0.2905540804143101,10.272287323990303,9.588326212811742,0.65087904992931,0.6747854291495544,0.394373434691194,0.7452176020302943,128.63153,89.046326,2.1093476,1.9496161,0.1941117479555469,0.3015395898166323,-1.838436046273326,-2.185192058517881
3586,440402,4,2.133309701609791,10.863847476027097,10.44766607586731,-0.4161814001597861,11.19735804855937,11.167498427096543,-0.02985962146282617,0.28654566,0.28602964,-0.0005160200000000059,0.0611664266024943,-0.141495471106774,-0.2026618977092683,-12.27250122234873,-11.42177704034548,0.8507241820032494,10.272287323990303,9.665448726283309,0.65087904992931,0.6630611435285877,0.394373434691194,0.5214782330560017,128.63153,73.23085,2.1093476,1.8646941,0.1941117479555469,0.2073622957177668,-1.838436046273326,-2.463647331271765
3586,481813,5,2.14767718185549,10.863847476027097,10.340504492881172,-0.5233429831459251,11.19735804855937,11.227217670022194,0.029859621462824393,0.28654566,0.25034127,-0.036204389999999975,0.0611664266024943,-0.1117149547080051,-0.1728813813104994,-12.27250122234873,-11.883977938322609,0.388523284026121,10.272287323990303,9.696030700321566,0.65087904992931,0.6063854464961596,0.394373434691194,0.4296491950397372,128.63153,58.98952,2.1093476,1.7707748,0.1941117479555469,0.0600055066557569,-1.838436046273326,-2.5132569138199443
3843,12185,1,0.6335036299988074,10.471210837257065,10.537993896638085,0.06678305938102014,12.033427449518468,11.690041802695982,-0.34338564682248673,0.29772758,0.30860662,0.010879040000000006,-0.1575435187459525,-0.1923056250051644,-0.03476210625921192,-12.966435395839426,-13.226234662863192,-0.2597992670237659,9.775233913252237,9.555776225985223,0.6912472697372388,0.6501444509825213,0.4639846160032189,0.6548117804352395,88.892395,134.05186,1.9488647,2.127273,0.262011048883334,0.3026303489853912,-2.312937176645834,-2.026720606701912
3843,13769,2,0.7030095203475307,10.471210837257065,10.327938133901652,-0.14327270335541265,12.033427449518468,11.764690856353043,-0.26873659316542486,0.29772758,0.31591338,0.01818580000000003,-0.1575435187459525,-0.1286715477134328,0.028871971032519678,-12.966435395839426,-13.131710168213232,-0.16527477237380594,9.775233913252237,9.677943615734495,0.6912472697372388,0.6254047189121353,0.4639846160032189,0.4333296787781048,88.892395,91.25185,1.9488647,1.9602417,0.262011048883334,0.2470889990862103,-2.312937176645834,-2.081678633503982
3843,273895,3,0.7894299205491464,10.471210837257065,10.148446900680458,-0.3227639365766066,12.033427449518468,11.913988963667167,-0.11943848585130112,0.29772758,0.29858935,0.0008617699999999839,-0.1575435187459525,-0.1647102569857672,-0.007166738239814702,-12.966435395839426,-13.00883435314092,-0.04239895730149357,9.775233913252237,9.56698682263212,0.6912472697372388,0.6836118974326965,0.4639846160032189,0.3876400520322257,88.892395,55.461834,1.9488647,1.7439942,0.262011048883334,0.0883855626478239,-2.312937176645834,-2.49679790395514
3843,1441,4,0.9308663357231182,10.471210837257065,10.385332016315829,-0.085878820941236,12.033427449518468,11.675111991964569,-0.3583154575538998,0.29772758,0.29653886,-0.0011887199999999765,-0.1575435187459525,-0.2334673638766904,-0.07592384513073791,-12.966435395839426,-12.440916023621206,0.5255193722182199,9.775233913252237,9.554837641674723,0.6912472697372388,0.6487456899557719,0.4639846160032189,0.553662916427403,88.892395,107.83312,1.9488647,2.0327523,0.262011048883334,0.2439955764019067,-2.312937176645834,-2.1559255627566296
3843,66897,5,0.9386892850024701,10.471210837257065,10.555329458970563,0.0841186217134986,12.033427449518468,11.779620667084457,-0.2538067824340118,0.29772758,0.28789443,-0.009833150000000013,-0.1575435187459525,-0.2317774999473158,-0.07423398120136332,-12.966435395839426,-12.36999083571227,0.5964445601271553,9.775233913252237,9.339769232906026,0.6912472697372388,0.6679699000879449,0.4639846160032189,0.8103734840430266,88.892395,114.13677,1.9488647,2.0574257,0.262011048883334,0.2494686563653141,-2.312937176645834,-2.11195640467233
3859,2342292,1,0.7370307220744344,10.632934316783237,10.41042704621902,-0.2225072705642166,10.973410887588182,10.988340698319597,0.014929810731414861,0.25651252,0.27075872,0.014246199999999987,-0.1085286272683905,-0.1525962538996909,-0.044067626631300386,-11.839359464555924,-11.863458943750686,-0.02409947919476174,9.78125853413458,9.37742197467471,0.6047750707089494,0.636423827633617,0.5677838550991038,0.6886700476962069,113.175156,60.614067,2.0537512,1.7825735,0.663846007295756,0.1625914657913543,-2.3072431843512384,-2.293638092057154
3859,481813,2,0.7774662966568048,10.632934316783237,10.340504492881172,-0.29242982390206507,10.973410887588182,11.227217670022194,0.2538067824340118,0.25651252,0.25034127,-0.006171250000000017,-0.1085286272683905,-0.1117149547080051,-0.0031863274396145974,-11.839359464555924,-11.883977938322609,-0.044618473766684374,9.78125853413458,9.696030700321566,0.6047750707089494,0.6063854464961596,0.5677838550991038,0.4296491950397372,113.175156,58.98952,2.0537512,1.7707748,0.663846007295756,0.0600055066557569,-2.3072431843512384,-2.5132569138199443
3859,440402,3,0.9922810515546375,10.632934316783237,10.44766607586731,-0.18526824091592609,10.973410887588182,11.167498427096543,0.19408753950836122,0.25651252,0.28602964,0.029517119999999952,-0.1085286272683905,-0.141495471106774,-0.03296684383838348,-11.839359464555924,-11.42177704034548,0.417582424210444,9.78125853413458,9.665448726283309,0.6047750707089494,0.6630611435285877,0.5677838550991038,0.5214782330560017,113.175156,73.23085,2.0537512,1.8646941,0.663846007295756,0.2073622957177668,-2.3072431843512384,-2.463647331271765
3859,813650,4,1.0553197665877387,10.632934316783237,10.333480709354207,-0.2994536074290295,10.973410887588182,11.45116483099338,0.4777539434051974,0.25651252,0.2386696,-0.017842920000000012,-0.1085286272683905,-0.1293371332565865,-0.02080850598819599,-11.839359464555924,-12.119689453743709,-0.2803299891877842,9.78125853413458,9.698313385396531,0.6047750707089494,0.6314186999791817,0.5677838550991038,0.4234448826384523,113.175156,63.442184,2.0537512,1.8023782,0.663846007295756,0.105804192947798,-2.3072431843512384,-2.473028521767616
3859,591516,5,1.200605986352106,10.632934316783237,11.018378085428518,0.3854437686452812,10.973410887588182,11.077919562708068,0.10450867511988626,0.25651252,0.2788852,0.022372679999999978,-0.1085286272683905,-0.1697982840073132,-0.06126965673892269,-11.839359464555924,-11.953776284350754,-0.11441681979482965,9.78125853413458,9.749669707780871,0.6047750707089494,0.6236500712661729,0.5677838550991038,0.845805585098431,113.175156,148.03888,2.0537512,2.170376,0.663846007295756,0.6048157755516226,-2.3072431843512384,-2.063341993728588
4323,52429,1,1.5390014493275932,10.496797680373462,10.66194895336513,0.1651512729916682,11.45116483099338,11.227217670022194,-0.2239471609711856,0.17164007,0.21917754,0.04753747,-0.0308314253171837,-0.1015999243983928,-0.07076849908120911,-13.833913893643542,-13.095975179643268,0.7379387140002738,9.78396492021404,9.635079955974051,0.6001028217200032,0.6169129369290133,0.4752218401062819,0.6845793315940524,76.227615,77.11022,1.8821124,1.887112,0.0213425515122496,0.1527145092320695,-2.768188897594477,-2.573931741773288
4323,339605,2,2.008814129219763,10.496797680373462,10.481403352883198,-0.015394327490263038,11.45116483099338,11.406375398799144,-0.0447894321942357,0.17164007,0.23552722,0.06388715,-0.0308314253171837,-0.1690677632599572,-0.1382363379427735,-13.833913893643542,-13.270268340916438,0.5636455527271043,9.78396492021404,9.378948251859434,0.6001028217200032,0.6246985665295753,0.4752218401062819,0.734970067349176,76.227615,62.005783,1.8821124,1.7924322,0.0213425515122496,0.130375398185164,-2.768188897594477,-2.367662091803338
4323,813650,3,2.440923238215914,10.496797680373462,10.333480709354207,-0.16331697101925435,11.45116483099338,11.45116483099338,0.0,0.17164007,0.2386696,0.06702953,-0.0308314253171837,-0.1293371332565865,-0.0985057079394028,-13.833913893643542,-12.119689453743709,1.7142244398998336,9.78396492021404,9.698313385396531,0.6001028217200032,0.6314186999791817,0.4752218401062819,0.4234448826384523,76.227615,63.442184,1.8821124,1.8023782,0.0213425515122496,0.105804192947798,-2.768188897594477,-2.473028521767616
6301,39462,1,1.2266973248233024,10.91869614403444,10.706152615857183,-0.21254352817725675,11.585533127576094,11.600462938307508,0.014929810731414861,0.28390417,0.30483374,0.02092957000000001,-0.0415818376377773,-0.1589674363556313,-0.11738559871785399,-11.986463964122944,-11.98194714193442,0.004516822188524117,10.135731299563082,9.588326212811742,0.6267726950901156,0.6747854291495544,0.5219765629809057,0.7452176020302943,147.32838,89.046326,2.1682866,1.9496161,0.3943023614772102,0.3015395898166323,-2.195315388917108,-2.185192058517881
6301,591516,2,1.267946121045998,10.91869614403444,11.018378085428518,0.09968194139407771,11.585533127576094,11.077919562708068,-0.5076135648680253,0.28390417,0.2788852,-0.0050189700000000115,-0.0415818376377773,-0.1697982840073132,-0.12821644636953589,-11.986463964122944,-11.953776284350754,0.03268767977218978,10.135731299563082,9.749669707780871,0.6267726950901156,0.6236500712661729,0.5219765629809057,0.845805585098431,147.32838,148.03888,2.1682866,2.170376,0.3943023614772102,0.6048157755516226,-2.195315388917108,-2.063341993728588
6301,1411684,3,1.3547179785982912,10.91869614403444,10.728262198781415,-0.19043394525302482,11.585533127576094,10.988340698319597,-0.5971924292564967,0.28390417,0.31509143,0.031187259999999994,-0.0415818376377773,-0.1293371332565865,-0.0877552956188092,-11.986463964122944,-12.106065500820714,-0.11960153669777007,10.135731299563082,9.740565591518882,0.6267726950901156,0.6485807540199461,0.5219765629809057,0.6584644048416888,147.32838,108.23333,2.1682866,2.0343611,0.3943023614772102,0.5010676776554599,-2.195315388917108,-2.1654737187509827
6301,87007,4,1.488983051272745,10.91869614403444,11.001136651021826,0.08244050698738548,11.585533127576094,11.73483123489022,0.1492981073141273,0.28390417,0.30717313,0.023268960000000005,-0.0415818376377773,-0.2008595976838085,-0.15927776004603122,-11.986463964122944,-12.096069785913462,-0.10960582179051848,10.135731299563082,9.527880578789471,0.6267726950901156,0.6390490587279235,0.5219765629809057,0.9821707148215698,147.32838,175.4683,2.1682866,2.2441988,0.3943023614772102,0.727497271106097,-2.195315388917108,-1.973730754011152
6301,440402,5,1.5817299976250536,10.91869614403444,10.44766607586731,-0.47103006816712956,11.585533127576094,11.167498427096543,-0.4180347004795504,0.28390417,0.28602964,0.0021254699999999627,-0.0415818376377773,-0.141495471106774,-0.09991363346899669,-11.986463964122944,-11.42177704034548,0.5646869237774634,10.135731299563082,9.665448726283309,0.6267726950901156,0.6630611435285877,0.5219765629809057,0.5214782330560017,147.32838,73.23085,2.1682866,1.8646941,0.3943023614772102,0.2073622957177668,-2.195315388917108,-2.463647331271765
6818,53398,1,0.903835626455052,10.63135218577336,10.841961633933904,0.21060944816054317,9.82381546126942,9.838745272000834,0.014929810731413085,0.31121847,0.30534923,-0.005869239999999998,-0.0281848937762369,-0.1149248324531869,-0.08673993867695,-10.953485976754004,-10.902657144810448,0.05082883194355681,10.039792033736568,9.694439716433104,0.6470608066618607,0.6135585099956606,0.394373434691194,0.7650146116672002,102.748886,108.60246,2.0117774,2.0358398,0.1615622310172955,0.6875654658676301,-2.3638318327209613,-2.353738805719852
6818,1052627,2,1.2447025423941038,10.63135218577336,10.62092540931022,-0.010426776463141607,9.82381546126942,9.898464514926482,0.07464905365706187,0.31121847,0.28288692,-0.02833155000000004,-0.0281848937762369,-0.1497943442976881,-0.1216094505214512,-10.953485976754004,-10.846848346782188,0.10663762997181614,10.039792033736568,9.57183453967825,0.6470608066618607,0.6304637685133673,0.394373434691194,0.6993939130879799,102.748886,67.663765,2.0117774,1.8303562,0.1615622310172955,0.1520516669861019,-2.3638318327209613,-2.158413230395664
6818,191081,3,1.4008501247174325,10.63135218577336,10.578760861533016,-0.052591324240344406,9.82381546126942,9.614798111029646,-0.2090173502397743,0.31121847,0.28619435,-0.02502412000000004,-0.0281848937762369,-0.1683384692482703,-0.14015357547203341,-10.953485976754004,-11.314995630960675,-0.3615096542066709,10.039792033736568,9.442433855876985,0.6470608066618607,0.6289114088051336,0.394373434691194,0.7575513371040197,102.748886,59.6655,2.0117774,1.7757233,0.1615622310172955,0.1803795907515977,-2.3638318327209613,-2.073239900485935
6818,1423833,4,1.4471888833199664,10.63135218577336,10.376158924257885,-0.25519326151547617,9.82381546126942,10.49565694418298,0.6718414829135586,0.31121847,0.30817392,-0.0030445500000000347,-0.0281848937762369,-0.1477047116444315,-0.1195198178681946,-10.953485976754004,-11.236075426574343,-0.28258944982033896,10.039792033736568,9.659179480951044,0.6470608066618607,0.6698063463058056,0.394373434691194,0.4779862955378938,102.748886,72.26073,2.0117774,1.8589023,0.1615622310172955,0.1044257024872591,-2.3638318327209613,-2.37003561264162
6818,1205136,5,1.5565998246659052,10.63135218577336,10.445239843401184,-0.18611234237217644,9.82381546126942,10.65988486222852,0.836069400959099,0.31121847,0.30927885,-0.0019396200000000308,-0.0281848937762369,-0.1532995649552651,-0.1251146711790282,-10.953485976754004,-11.35231073192427,-0.3988247551702653,10.039792033736568,9.591550328939263,0.6470608066618607,0.6632527310407051,0.394373434691194,0.5691263429746131,102.748886,71.274994,2.0117774,1.8529372,0.1615622310172955,0.2891538701317602,-2.3638318327209613,-2.413749060096625
7997,153297,1,1.0823970801555929,10.456052712683402,10.206965584510954,-0.24908712817244805,11.391445588067732,11.80948028854728,0.41803470047954683,0.36974767,0.35178646,-0.01796120999999995,-0.1705300356242441,-0.2424486628959802,-0.07191862727173609,-11.42047640975844,-11.291248492665016,0.12922791709342363,9.801493062149111,9.250562074349869,0.7331995762812181,0.6759685572376042,0.436373100356194,0.6376023401073908,86.90129,82.56016,1.9390262,1.9167706,0.2415915918750533,0.302249593121898,-2.126623010692003,-2.155019479802968
7997,115874,2,1.279799035565519,10.456052712683402,10.205911471173298,-0.25014124151010364,11.391445588067732,10.883832023199709,-0.5076135648680236,0.36974767,0.3335997,-0.036147969999999974,-0.1705300356242441,-0.1306713723456512,0.03985866327859289,-11.42047640975844,-11.194633108030349,0.22584330172809075,9.801493062149111,9.699909070592051,0.7331995762812181,0.7328957149625412,0.436373100356194,0.3373349337208299,86.90129,56.762966,1.9390262,1.7540652,0.2415915918750533,0.0875277552529592,-2.126623010692003,-2.2576868202102496
7997,11518,3,1.4602007411672666,10.456052712683402,10.811126157839263,0.3550734451558615,11.391445588067732,11.122708994902307,-0.26873659316542486,0.36974767,0.323939,-0.045808669999999996,-0.1705300356242441,-0.2032220394942629,-0.032692003870018804,-11.42047640975844,-11.3720256205029,0.04845078925553992,9.801493062149111,9.55675150967094,0.7331995762812181,0.6773868908797168,0.436373100356194,0.8362497654455484,86.90129,110.01596,1.9390262,2.041456,0.2415915918750533,0.5317671514020326,-2.126623010692003,-2.0563485878441607
7997,1085,4,1.5161613449866722,10.456052712683402,10.201669244701003,-0.2543834679823984,11.391445588067732,12.063287070981294,0.6718414829135622,0.36974767,0.35197997,-0.017767699999999997,-0.1705300356242441,-0.2705638218596106,-0.10003378623536649,-11.42047640975844,-12.110703366385406,-0.690226956626967,9.801493062149111,9.436117592262567,0.7331995762812181,0.7154140447221113,0.436373100356194,0.5103677682922911,86.90129,67.56789,1.9390262,1.8297404,0.2415915918750533,0.1109900571777585,-2.126623010692003,-1.899111689109908
7997,7274,5,1.5631722829618506,10.456052712683402,10.639205826226569,0.18315311354316677,11.391445588067732,10.570305997840045,-0.8211395902276877,0.36974767,0.33851507,-0.0312326,-0.1705300356242441,-0.2705638218596106,-0.10003378623536649,-11.42047640975844,-11.230934072059698,0.1895423376987413,9.801493062149111,9.33800502603485,0.7331995762812181,0.6222500583236344,0.436373100356194,0.867467200127813,86.90129,106.95745,1.9390262,2.0292113,0.2415915918750533,0.4978416550127326,-2.126623010692003,-1.794659550954076
8002,765512,1,0.3674858609839678,10.257122622642962,10.253354317162271,-0.0037683054806905147,8.793658520801959,8.838447952996194,0.0447894321942357,0.27077803,0.28138664,0.010608610000000018,-0.1554163578473391,-0.1490966823293371,0.006319675518001999,-10.877385299756089,-10.603128895601325,0.27425640415476416,9.773205107292776,9.738272442458973,0.6010852373195695,0.6583539923286436,0.3226116769001235,0.3433879164688675,59.412167,61.32815,1.7738755,1.7876599,0.1251986484079936,0.225296488365099,-2.5959764799910445,-2.584331224367531
8002,55787,2,1.1864679198206656,10.257122622642962,10.227025378439922,-0.030097244203039608,8.793658520801959,9.360991328595633,0.5673328077936741,0.27077803,0.23345512,-0.037322910000000015,-0.1554163578473391,-0.1123550351214433,0.04306132272589579,-10.877385299756089,-10.977072797383483,-0.0996874976273947,9.773205107292776,9.492912478949004,0.6010852373195695,0.6191937396743034,0.3226116769001235,0.4894085996606108,59.412167,56.700737,1.7738755,1.7535887,0.1251986484079936,0.0273803541492055,-2.5959764799910445,-2.677300754900789
8002,191081,3,1.35549255847578,10.257122622642962,10.578760861533016,0.3216382388900545,8.793658520801959,9.614798111029646,0.8211395902276877,0.27077803,0.28619435,0.015416319999999983,-0.1554163578473391,-0.1683384692482703,-0.012922111400931219,-10.877385299756089,-11.314995630960675,-0.4376103312045867,9.773205107292776,9.442433855876985,0.6010852373195695,0.6289114088051336,0.3226116769001235,0.7575513371040197,59.412167,59.6655,1.7738755,1.7757233,0.1251986484079936,0.1803795907515977,-2.5959764799910445,-2.073239900485935
8002,44663,4,1.5669568428822396,10.257122622642962,10.479158931960743,0.2220363093177813,8.793658520801959,9.88353470419507,1.0898761833931108,0.27077803,0.26249093,-0.008287099999999992,-0.1554163578473391,-0.2377210167045874,-0.0823046588572483,-10.877385299756089,-10.962224321372863,-0.0848390216167747,9.773205107292776,9.287090736593642,0.6010852373195695,0.620560470015476,0.3226116769001235,0.7947121302447352,59.412167,83.2639,1.7738755,1.9204568,0.1251986484079936,0.1728787522838071,-2.5959764799910445,-2.369514819021931
8002,756488,5,1.5810985055840312,10.257122622642962,10.494088410939002,0.23696578829603965,8.793658520801959,10.002973190046369,1.2093146692444101,0.27077803,0.2550492,-0.015728830000000027,-0.1554163578473391,-0.1511930394902529,0.004223318357086198,-10.877385299756089,-10.758521434625612,0.11886386513047675,9.773205107292776,9.623855556399011,0.6010852373195695,0.6093760444754209,0.3226116769001235,0.5801552363599942,59.412167,64.58505,1.7738755,1.810132,0.1251986484079936,0.1720221704523069,-2.5959764799910445,-2.42486040482441
9952,813650,1,0.5729854040111235,10.524015396302165,10.333480709354207,-0.1905346869479576,11.242147480753609,11.45116483099338,0.20901735023977075,0.23049223,0.2386696,0.008177370000000017,-0.1320097231179134,-0.1293371332565865,0.0026725898613269017,-11.965879799734584,-12.119689453743709,-0.15380965400912494,9.890725427311946,9.698313385396531,0.6148557942710099,0.6314186999791817,0.4221933126601452,0.4234448826384523,87.20652,63.442184,1.940549,1.8023782,0.2448266326850422,0.105804192947798,-2.469724916228428,-2.473028521767616
9952,481813,2,0.6780512510702842,10.524015396302165,10.340504492881172,-0.1835109034209932,11.242147480753609,11.227217670022194,-0.014929810731414861,0.23049223,0.25034127,0.019849040000000012,-0.1320097231179134,-0.1117149547080051,0.020294768409908293,-11.965879799734584,-11.883977938322609,0.08190186141197486,9.890725427311946,9.696030700321566,0.6148557942710099,0.6063854464961596,0.4221933126601452,0.4296491950397372,87.20652,58.98952,1.940549,1.7707748,0.2448266326850422,0.0600055066557569,-2.469724916228428,-2.5132569138199443
9952,2342292,3,1.07369401414598,10.524015396302165,10.41042704621902,-0.11358835008314472,11.242147480753609,10.988340698319597,-0.2538067824340118,0.23049223,0.27075872,0.040266490000000016,-0.1320097231179134,-0.1525962538996909,-0.020586530781777496,-11.965879799734584,-11.863458943750686,0.1024208559838975,9.890725427311946,9.37742197467471,0.6148557942710099,0.636423827633617,0.4221933126601452,0.6886700476962069,87.20652,60.614067,1.940549,1.7825735,0.2448266326850422,0.1625914657913543,-2.469724916228428,-2.293638092057154
9952,52429,4,1.1517305231879003,10.524015396302165,10.66194895336513,0.13793355706296495,11.242147480753609,11.227217670022194,-0.014929810731414861,0.23049223,0.21917754,-0.011314689999999988,-0.1320097231179134,-0.1015999243983928,0.030409798719520598,-11.965879799734584,-13.095975179643268,-1.1300953799086848,9.890725427311946,9.635079955974051,0.6148557942710099,0.6169129369290133,0.4221933126601452,0.6845793315940524,87.20652,77.11022,1.940549,1.887112,0.2448266326850422,0.1527145092320695,-2.469724916228428,-2.573931741773288
9952,339605,5,1.2625336275598296,10.524015396302165,10.481403352883198,-0.042612043418966294,11.242147480753609,11.406375398799144,0.16422791804553505,0.23049223,0.23552722,0.005034990000000017,-0.1320097231179134,-0.1690677632599572,-0.03705804014204381,-11.965879799734584,-13.270268340916438,-1.3043885411818543,9.890725427311946,9.378948251859434,0.6148557942710099,0.6246985665295753,0.4221933126601452,0.734970067349176,87.20652,62.005783,1.940549,1.7924322,0.2448266326850422,0.130375398185164,-2.469724916228428,-2.367662091803338
12172,39462,1,0.5871717927075131,10.673608565910122,10.706152615857183,0.03254404994706128,11.346656155873497,11.600462938307508,0.2538067824340118,0.3052956,0.30483374,-0.0004618599999999806,-0.1022252585336518,-0.1589674363556313,-0.05674217782197949,-11.833051446178883,-11.98194714193442,-0.1488956957555363,9.872956434344427,9.588326212811742,0.6559461671706917,0.6747854291495544,0.5337680877104637,0.7452176020302943,136.94391,89.046326,2.1365428,1.9496161,0.4290068812745528,0.3015395898166323,-2.3113299523037933,-2.185192058517881
12172,1411684,2,0.6051335247105448,10.673608565910122,10.728262198781415,0.05465363287129321,11.346656155873497,10.988340698319597,-0.3583154575538998,0.3052956,0.31509143,0.009795830000000005,-0.1022252585336518,-0.1293371332565865,-0.027111874722934692,-11.833051446178883,-12.106065500820714,-0.2730140546418305,9.872956434344427,9.740565591518882,0.6559461671706917,0.6485807540199461,0.5337680877104637,0.6584644048416888,136.94391,108.23333,2.1365428,2.0343611,0.4290068812745528,0.5010676776554599,-2.3113299523037933,-2.1654737187509827
12172,440402,3,0.8988795565612849,10.673608565910122,10.44766607586731,-0.22594249004281153,11.346656155873497,11.167498427096543,-0.17915772877695346,0.3052956,0.28602964,-0.019265960000000026,-0.1022252585336518,-0.141495471106774,-0.03927021257312219,-11.833051446178883,-11.42177704034548,0.411274405833403,9.872956434344427,9.665448726283309,0.6559461671706917,0.6630611435285877,0.5337680877104637,0.5214782330560017,136.94391,73.23085,2.1365428,1.8646941,0.4290068812745528,0.2073622957177668,-2.3113299523037933,-2.463647331271765
12172,11518,4,1.1367635344738762,10.673608565910122,10.811126157839263,0.13751759192914115,11.346656155873497,11.122708994902307,-0.22394716097118916,0.3052956,0.323939,0.018643399999999977,-0.1022252585336518,-0.2032220394942629,-0.1009967809606111,-11.833051446178883,-11.3720256205029,0.4610258256759838,9.872956434344427,9.55675150967094,0.6559461671706917,0.6773868908797168,0.5337680877104637,0.8362497654455484,136.94391,110.01596,2.1365428,2.041456,0.4290068812745528,0.5317671514020326,-2.3113299523037933,-2.0563485878441607
12172,1205136,5,1.1582905322069033,10.673608565910122,10.445239843401184,-0.2283687225089377,11.346656155873497,10.65988486222852,-0.686771293644977,0.3052956,0.30927885,0.003983249999999994,-0.1022252585336518,-0.1532995649552651,-0.051074306421613286,-11.833051446178883,-11.35231073192427,0.4807407142546136,9.872956434344427,9.591550328939263,0.6559461671706917,0.6632527310407051,0.5337680877104637,0.5691263429746131,136.94391,71.274994,2.1365428,1.8529372,0.4290068812745528,0.2891538701317602,-2.3113299523037933,-2.413749060096625
15531,1411684,1,0.9557984199611157,10.903718988064789,10.728262198781415,-0.17545678928337338,11.242147480753609,10.988340698319597,-0.2538067824340118,0.31285217,0.31509143,0.0022392600000000207,-0.0448595473990132,-0.1293371332565865,-0.0844775858575733,-11.708540110059111,-12.106065500820714,-0.39752539076160254,9.97778413311304,9.740565591518882,0.66689122433132,0.6485807540199461,0.6172899033011666,0.6584644048416888,174.57178,108.23333,2.241974,2.0343611,0.3887480020312018,0.5010676776554599,-2.403189972575208,-2.1654737187509827
15531,39462,2,1.1982919288989795,10.903718988064789,10.706152615857183,-0.1975663722076053,11.242147480753609,11.600462938307508,0.3583154575538998,0.31285217,0.30483374,-0.008018429999999965,-0.0448595473990132,-0.1589674363556313,-0.1141078889566181,-11.708540110059111,-11.98194714193442,-0.27340703187530835,9.97778413311304,9.588326212811742,0.66689122433132,0.6747854291495544,0.6172899033011666,0.7452176020302943,174.57178,89.046326,2.241974,1.9496161,0.3887480020312018,0.3015395898166323,-2.403189972575208,-2.185192058517881
15531,591516,3,1.3997993891533238,10.903718988064789,11.018378085428518,0.11465909736372915,11.242147480753609,11.077919562708068,-0.16422791804554038,0.31285217,0.2788852,-0.033966969999999985,-0.0448595473990132,-0.1697982840073132,-0.1249387366083,-11.708540110059111,-11.953776284350754,-0.24523617429164268,9.97778413311304,9.749669707780871,0.66689122433132,0.6236500712661729,0.6172899033011666,0.845805585098431,174.57178,148.03888,2.241974,2.170376,0.3887480020312018,0.6048157755516226,-2.403189972575208,-2.063341993728588
15531,11518,4,1.4266102059706474,10.903718988064789,10.811126157839263,-0.09259283022552545,11.242147480753609,11.122708994902307,-0.11943848585130112,0.31285217,0.323939,0.011086829999999992,-0.0448595473990132,-0.2032220394942629,-0.15836249209524972,-11.708540110059111,-11.3720256205029,0.33651448955621177,9.97778413311304,9.55675150967094,0.66689122433132,0.6773868908797168,0.6172899033011666,0.8362497654455484,174.57178,110.01596,2.241974,2.041456,0.3887480020312018,0.5317671514020326,-2.403189972575208,-2.0563485878441607
15531,87007,5,1.5101794598159,10.903718988064789,11.001136651021826,0.09741766295703691,11.242147480753609,11.73483123489022,0.49268375413661225,0.31285217,0.30717313,-0.0056790399999999686,-0.0448595473990132,-0.2008595976838085,-0.1560000502847953,-11.708540110059111,-12.096069785913462,-0.38752967585435094,9.97778413311304,9.527880578789471,0.66689122433132,0.6390490587279235,0.6172899033011666,0.9821707148215698,174.57178,175.4683,2.241974,2.2441988,0.3887480020312018,0.727497271106097,-2.403189972575208,-1.973730754011152
17066,1411684,1,1.0980719460369406,10.896032159398498,10.728262198781415,-0.1677699606170826,10.89876183393112,10.988340698319597,0.08957886438847673,0.29746687,0.31509143,0.01762456000000001,-0.0399522129042691,-0.1293371332565865,-0.0893849203523174,-11.531596766944796,-12.106065500820714,-0.5744687338759178,9.97129811902244,9.740565591518882,0.6137409075294514,0.6485807540199461,0.6164893602507066,0.6584644048416888,108.848625,108.23333,2.036823,2.0343611,0.5386319723018472,0.5010676776554599,-2.2467531247995143,-2.1654737187509827
17066,591516,2,1.3008167301187468,10.896032159398498,11.018378085428518,0.12234592603001992,10.89876183393112,11.077919562708068,0.17915772877694813,0.29746687,0.2788852,-0.018581669999999995,-0.0399522129042691,-0.1697982840073132,-0.1298460711030441,-11.531596766944796,-11.953776284350754,-0.42217951740595794,9.97129811902244,9.749669707780871,0.6137409075294514,0.6236500712661729,0.6164893602507066,0.845805585098431,108.848625,148.03888,2.036823,2.170376,0.5386319723018472,0.6048157755516226,-2.2467531247995143,-2.063341993728588
17066,440402,3,1.4421844522015639,10.896032159398498,10.44766607586731,-0.44836608353118734,10.89876183393112,11.167498427096543,0.2687365931654231,0.29746687,0.28602964,-0.01143723000000002,-0.0399522129042691,-0.141495471106774,-0.1015432582025049,-11.531596766944796,-11.42177704034548,0.10981972659931571,9.97129811902244,9.665448726283309,0.6137409075294514,0.6630611435285877,0.6164893602507066,0.5214782330560017,108.848625,73.23085,2.036823,1.8646941,0.5386319723018472,0.2073622957177668,-2.2467531247995143,-2.463647331271765
17066,39462,4,1.4510226221540943,10.896032159398498,10.706152615857183,-0.18987954354131453,10.89876183393112,11.600462938307508,0.7017011043763883,0.29746687,0.30483374,0.007366870000000025,-0.0399522129042691,-0.1589674363556313,-0.1190152234513622,-11.531596766944796,-11.98194714193442,-0.4503503749896236,9.97129811902244,9.588326212811742,0.6137409075294514,0.6747854291495544,0.6164893602507066,0.7452176020302943,108.848625,89.046326,2.036823,1.9496161,0.5386319723018472,0.3015395898166323,-2.2467531247995143,-2.185192058517881
17066,1205136,5,1.5084616700218278,10.896032159398498,10.445239843401184,-0.4507923159973135,10.89876183393112,10.65988486222852,-0.23887697170260047,0.29746687,0.30927885,0.01181198,-0.0399522129042691,-0.1532995649552651,-0.113347352050996,-11.531596766944796,-11.35231073192427,0.1792860350205263,9.97129811902244,9.591550328939263,0.6137409075294514,0.6632527310407051,0.6164893602507066,0.5691263429746131,108.848625,71.274994,2.036823,1.8529372,0.5386319723018472,0.2891538701317602,-2.2467531247995143,-2.413749060096625
40638,591516,1,1.0558359555659729,11.116327080946231,11.018378085428518,-0.0979489955177133,11.421305209530558,11.077919562708068,-0.3433856468224903,0.27087712,0.2788852,0.008008079999999973,-0.0696831311240454,-0.1697982840073132,-0.1001151528832678,-11.54553114464053,-11.953776284350754,-0.4082451397102247,9.907725942432336,9.749669707780871,0.6469504784134035,0.6236500712661729,0.8057340923425962,0.845805585098431,210.36966,148.03888,2.3229833,2.170376,0.7382658268391085,0.6048157755516226,-2.173206537258246,-2.063341993728588
40638,39462,2,1.555019979118097,11.116327080946231,10.706152615857183,-0.41017446508904776,11.421305209530558,11.600462938307508,0.1791577287769499,0.27087712,0.30483374,0.03395661999999999,-0.0696831311240454,-0.1589674363556313,-0.0892843052315859,-11.54553114464053,-11.98194714193442,-0.43641599729389036,9.907725942432336,9.588326212811742,0.6469504784134035,0.6747854291495544,0.8057340923425962,0.7452176020302943,210.36966,89.046326,2.3229833,1.9496161,0.7382658268391085,0.3015395898166323,-2.173206537258246,-2.185192058517881
40638,87007,3,1.5728263107810225,11.116327080946231,11.001136651021826,-0.11519042992440554,11.421305209530558,11.73483123489022,0.31352602535966234,0.27087712,0.30717313,0.03629600999999999,-0.0696831311240454,-0.2008595976838085,-0.13117646655976312,-11.54553114464053,-12.096069785913462,-0.550538641272933,9.907725942432336,9.527880578789471,0.6469504784134035,0.6390490587279235,0.8057340923425962,0.9821707148215698,210.36966,175.4683,2.3229833,2.2441988,0.7382658268391085,0.727497271106097,-2.173206537258246,-1.973730754011152
40638,1411684,4,1.6700616518235902,11.116327080946231,10.728262198781415,-0.3880648821648158,11.421305209530558,10.988340698319597,-0.4329645112109617,0.27087712,0.31509143,0.04421430999999998,-0.0696831311240454,-0.1293371332565865,-0.0596540021325411,-11.54553114464053,-12.106065500820714,-0.5605343561801845,9.907725942432336,9.740565591518882,0.6469504784134035,0.6485807540199461,0.8057340923425962,0.6584644048416888,210.36966,108.23333,2.3229833,2.0343611,0.7382658268391085,0.5010676776554599,-2.173206537258246,-2.1654737187509827
40638,440402,5,1.7810981198210367,11.116327080946231,10.44766607586731,-0.6686610050789206,11.421305209530558,11.167498427096543,-0.25380678243401533,0.27087712,0.28602964,0.015152519999999947,-0.0696831311240454,-0.141495471106774,-0.0718123399827286,-11.54553114464053,-11.42177704034548,0.12375410429504896,9.907725942432336,9.665448726283309,0.6469504784134035,0.6630611435285877,0.8057340923425962,0.5214782330560017,210.36966,73.23085,2.3229833,1.8646941,0.7382658268391085,0.2073622957177668,-2.173206537258246,-2.463647331271765
42536,767647,1,0.523812581843103,10.138700752952428,10.081500111049843,-0.05720064190258434,11.55567350611327,11.540743695381856,-0.014929810731413085,0.26432908,0.2658646,0.0015355200000000124,-0.1676103978591376,-0.1923056250051644,-0.024695227146026816,-12.067135868844389,-12.566678859775363,-0.49954299093097454,9.75147022144262,9.308320248230473,0.6195340219782417,0.6636620526642281,0.258153687673205,0.5154532418795807,77.37716,57.28024,1.8886127,1.7580049,0.0950500567545981,0.0534415044461996,-2.4922529499129173,-2.4153248611279303
42536,813650,2,0.8521879578112023,10.138700752952428,10.333480709354207,0.19477995640177959,11.55567350611327,11.45116483099338,-0.10450867511988982,0.26432908,0.2386696,-0.025659479999999985,-0.1676103978591376,-0.1293371332565865,0.038273264602551094,-12.067135868844389,-12.119689453743709,-0.052553584899319716,9.75147022144262,9.698313385396531,0.6195340219782417,0.6314186999791817,0.258153687673205,0.4234448826384523,77.37716,63.442184,1.8886127,1.8023782,0.0950500567545981,0.105804192947798,-2.4922529499129173,-2.473028521767616
42536,481813,3,0.86588450035215,10.138700752952428,10.340504492881172,0.201803739928744,11.55567350611327,11.227217670022194,-0.3284558360910754,0.26432908,0.25034127,-0.01398780999999999,-0.1676103978591376,-0.1117149547080051,0.055895443151132485,-12.067135868844389,-11.883977938322609,0.1831579305217801,9.75147022144262,9.696030700321566,0.6195340219782417,0.6063854464961596,0.258153687673205,0.4296491950397372,77.37716,58.98952,1.8886127,1.7707748,0.0950500567545981,0.0600055066557569,-2.4922529499129173,-2.5132569138199443
42536,2342292,4,0.9713538736390986,10.138700752952428,10.41042704621902,0.2717262932665925,11.55567350611327,10.988340698319597,-0.5673328077936723,0.26432908,0.27075872,0.006429640000000014,-0.1676103978591376,-0.1525962538996909,0.015014143959446696,-12.067135868844389,-11.863458943750686,0.20367692509370272,9.75147022144262,9.37742197467471,0.6195340219782417,0.636423827633617,0.258153687673205,0.6886700476962069,77.37716,60.614067,1.8886127,1.7825735,0.0950500567545981,0.1625914657913543,-2.4922529499129173,-2.293638092057154
42536,243904,5,1.1831983711415393,10.138700752952428,10.44096104542191,0.30226029246948194,11.55567350611327,11.466094641724794,-0.08957886438847495,0.26432908,0.26162118,-0.0027078999999999853,-0.1676103978591376,-0.2498577800648598,-0.08224738220572222,-12.067135868844389,-12.73444346176117,-0.6673075929167815,9.75147022144262,9.413065346915468,0.6195340219782417,0.6090002615393302,0.258153687673205,0.6852637990042953,77.37716,63.76547,1.8886127,1.8045856,0.0950500567545981,0.2959690760045543,-2.4922529499129173,-2.233995460910956
44523,591516,1,1.3974936839420475,10.974638561574103,11.018378085428518,0.043739523854414486,11.316796534410669,11.077919562708068,-0.23887697170260047,0.27004686,0.2788852,0.00883834,-0.0218982535049046,-0.1697982840073132,-0.1479000305024086,-12.49683618648264,-11.953776284350754,0.5430599021318852,10.005761460661216,9.749669707780871,0.6064688200675034,0.6236500712661729,0.6459180672752569,0.845805585098431,128.89555,148.03888,2.110238,2.170376,0.8266702284130598,0.6048157755516226,-2.0979617442357585,-2.063341993728588
44523,1411684,2,1.6258810124046599,10.974638561574103,10.728262198781415,-0.24637636279268804,11.316796534410669,10.988340698319597,-0.3284558360910719,0.27004686,0.31509143,0.045044570000000006,-0.0218982535049046,-0.1293371332565865,-0.1074388797516819,-12.49683618648264,-12.106065500820714,0.3907706856619253,10.005761460661216,9.740565591518882,0.6064688200675034,0.6485807540199461,0.6459180672752569,0.6584644048416888,128.89555,108.23333,2.110238,2.0343611,0.8266702284130598,0.5010676776554599,-2.0979617442357585,-2.1654737187509827
44523,49780,3,1.6340987131239586,10.974638561574103,10.626570913827376,-0.3480676477467277,11.316796534410669,11.331726345142082,0.014929810731413085,0.27004686,0.26450786,-0.005539000000000016,-0.0218982535049046,-0.1764288629063263,-0.15453060940142171,-12.49683618648264,-13.034891739870613,-0.5380555533879736,10.005761460661216,9.496352582618035,0.6064688200675034,0.6319006491999953,0.6459180672752569,0.7534788874728949,128.89555,87.47156,2.110238,1.9418669,0.8266702284130598,0.4609505044404558,-2.0979617442357585,-2.35336413607482
44523,1447,4,1.6343167962490286,10.974638561574103,10.891266785600646,-0.08337177597345757,11.316796534410669,11.45116483099338,0.13436829658271066,0.27004686,0.2838296,0.013782740000000016,-0.0218982535049046,-0.1985099374064493,-0.1766116839015447,-12.49683618648264,-13.049710138427283,-0.552873951944644,10.005761460661216,9.719443902647926,0.6064688200675034,0.6301166461410381,0.6459180672752569,0.7812152553018131,128.89555,125.0142,2.110238,2.0969596,0.8266702284130598,0.5754809010402508,-2.0979617442357585,-2.1683872359421774
44523,39462,5,1.674874404324475,10.974638561574103,10.706152615857183,-0.26848594571691997,11.316796534410669,11.600462938307508,0.2836664038968397,0.27004686,0.30483374,0.03478688000000002,-0.0218982535049046,-0.1589674363556313,-0.1370691828507267,-12.49683618648264,-11.98194714193442,0.5148890445482195,10.005761460661216,9.588326212811742,0.6064688200675034,0.6747854291495544,0.6459180672752569,0.7452176020302943,128.89555,89.046326,2.110238,1.9496161,0.8266702284130598,0.3015395898166323,-2.0979617442357585,-2.185192058517881
50269,273895,1,0.862267054140329,10.270969528237128,10.148446900680458,-0.12252262755666976,12.242444799758244,11.913988963667167,-0.3284558360910772,0.2967123,0.29858935,0.0018770499999999912,-0.1098003543320278,-0.1647102569857672,-0.05490990265373939,-12.421988862984556,-13.00883435314092,-0.5868454901563638,9.875561796603872,9.56698682263212,0.7151884979919824,0.6836118974326965,0.2636051544221702,0.3876400520322257,68.17242,55.461834,1.8336087,1.7439942,0.0363511361470782,0.0883855626478239,-2.2450586223134064,-2.49679790395514
50269,13769,2,0.9998592835346926,10.270969528237128,10.327938133901652,0.05696860566452422,12.242444799758244,11.764690856353043,-0.47775394340520094,0.2967123,0.31591338,0.019201080000000037,-0.1098003543320278,-0.1286715477134328,-0.018871193381405013,-12.421988862984556,-13.131710168213232,-0.7097213052286762,9.875561796603872,9.677943615734495,0.7151884979919824,0.6254047189121353,0.2636051544221702,0.4333296787781048,68.17242,91.25185,1.8336087,1.9602417,0.0363511361470782,0.2470889990862103,-2.2450586223134064,-2.081678633503982
50269,1441,3,1.2715415558898768,10.270969528237128,10.385332016315829,0.11436248807870086,12.242444799758244,11.675111991964569,-0.5673328077936759,0.2967123,0.29653886,-0.00017343999999996917,-0.1098003543320278,-0.2334673638766904,-0.1236670095446626,-12.421988862984556,-12.440916023621206,-0.018927160636650342,9.875561796603872,9.554837641674723,0.7151884979919824,0.6487456899557719,0.2636051544221702,0.553662916427403,68.17242,107.83312,1.8336087,2.0327523,0.0363511361470782,0.2439955764019067,-2.2450586223134064,-2.1559255627566296
50269,66897,4,1.3692786788898874,10.270969528237128,10.555329458970563,0.28435993073343546,12.242444799758244,11.779620667084457,-0.46282413267378786,0.2967123,0.28789443,-0.008817870000000005,-0.1098003543320278,-0.2317774999473158,-0.12197714561528801,-12.421988862984556,-12.36999083571227,0.051998027272285086,9.875561796603872,9.339769232906026,0.7151884979919824,0.6679699000879449,0.2636051544221702,0.8103734840430266,68.17242,114.13677,1.8336087,2.0574257,0.0363511361470782,0.2494686563653141,-2.2450586223134064,-2.11195640467233
50269,12185,5,1.3951796332077746,10.270969528237128,10.537993896638085,0.267024368400957,12.242444799758244,11.690041802695982,-0.5524029970622628,0.2967123,0.30860662,0.011894320000000014,-0.1098003543320278,-0.1923056250051644,-0.08250527067313661,-12.421988862984556,-13.226234662863192,-0.8042457998786361,9.875561796603872,9.555776225985223,0.7151884979919824,0.6501444509825213,0.2636051544221702,0.6548117804352395,68.17242,134.05186,1.8336087,2.127273,0.0363511361470782,0.3026303489853912,-2.2450586223134064,-2.026720606701912
53300,55787,1,0.37009852342777105,10.24233467127694,10.227025378439922,-0.015309292837017097,9.450570192984108,9.360991328595633,-0.08957886438847495,0.22676226,0.23345512,0.006692859999999995,-0.083246722417513,-0.1123550351214433,-0.0291083127039303,-10.766034447015167,-10.977072797383483,-0.21103835036831597,9.76794480982116,9.492912478949004,0.6259020252382109,0.6191937396743034,0.3162599076371854,0.4894085996606108,55.948967,56.700737,1.7477921,1.7535887,0.0591760766614132,0.0273803541492055,-2.7918612765607667,-2.677300754900789
53300,3055207,2,1.0603894662714421,10.24233467127694,10.26317722822714,0.020842556950199764,9.450570192984108,9.973113568583546,0.5225433755994384,0.22676226,0.23275149,0.005989230000000012,-0.083246722417513,-0.1816568905679776,-0.09841016815046459,-10.766034447015167,-10.952221812825616,-0.18618736581044892,9.76794480982116,9.233232969155631,0.6259020252382109,0.6136808702168888,0.3162599076371854,0.6866295060476701,55.948967,47.361374,1.7477921,1.6754245,0.0591760766614132,0.0464491180079453,-2.7918612765607667,-2.3787394958214527
53300,756488,3,1.2591305958730614,10.24233467127694,10.494088410939002,0.25175373966206216,9.450570192984108,10.002973190046369,0.552402997062261,0.22676226,0.2550492,0.028286939999999983,-0.083246722417513,-0.1511930394902529,-0.06794631707273989,-10.766034447015167,-10.758521434625612,0.0075130123895554846,9.76794480982116,9.623855556399011,0.6259020252382109,0.6093760444754209,0.3162599076371854,0.5801552363599942,55.948967,64.58505,1.7477921,1.810132,0.0591760766614132,0.1720221704523069,-2.7918612765607667,-2.42486040482441
53300,765512,4,1.612707799529235,10.24233467127694,10.253354317162271,0.011019645885331997,9.450570192984108,8.838447952996194,-0.6121222399879134,0.22676226,0.28138664,0.05462438000000003,-0.083246722417513,-0.1490966823293371,-0.06584995991182409,-10.766034447015167,-10.603128895601325,0.1629055514138429,9.76794480982116,9.738272442458973,0.6259020252382109,0.6583539923286436,0.3162599076371854,0.3433879164688675,55.948967,61.32815,1.7477921,1.7876599,0.0591760766614132,0.225296488365099,-2.7918612765607667,-2.584331224367531
53300,44663,5,1.7530480721933979,10.24233467127694,10.479158931960743,0.2368242606838038,9.450570192984108,9.88353470419507,0.4329645112109617,0.22676226,0.26249093,0.03572867000000002,-0.083246722417513,-0.2377210167045874,-0.15447429428707438,-10.766034447015167,-10.962224321372863,-0.19618987435769597,9.76794480982116,9.287090736593642,0.6259020252382109,0.620560470015476,0.3162599076371854,0.7947121302447352,55.948967,83.2639,1.7477921,1.9204568,0.0591760766614132,0.1728787522838071,-2.7918612765607667,-2.369514819021931
53810,1411684,1,1.124523608542278,10.899465335236892,10.728262198781415,-0.17120313645547647,11.167498427096543,10.988340698319597,-0.17915772877694636,0.29257634,0.31509143,0.022515090000000015,-0.0388691837098258,-0.1293371332565865,-0.0904679495467607,-11.659769049656004,-12.106065500820714,-0.4462964511647094,10.014374960521508,9.740565591518882,0.646345198594246,0.6485807540199461,0.5900602498102561,0.6584644048416888,112.5213,108.23333,2.051235,2.0343611,0.5074586949946592,0.5010676776554599,-2.1474926909138343,-2.1654737187509827
53810,591516,2,1.226598530162148,10.899465335236892,11.018378085428518,0.11891275019162606,11.167498427096543,11.077919562708068,-0.08957886438847495,0.29257634,0.2788852,-0.01369113999999999,-0.0388691837098258,-0.1697982840073132,-0.1309291002974874,-11.659769049656004,-11.953776284350754,-0.29400723469474954,10.014374960521508,9.749669707780871,0.646345198594246,0.6236500712661729,0.5900602498102561,0.845805585098431,112.5213,148.03888,2.051235,2.170376,0.5074586949946592,0.6048157755516226,-2.1474926909138343,-2.063341993728588
53810,39462,3,1.297464384128932,10.899465335236892,10.706152615857183,-0.1933127193797084,11.167498427096543,11.600462938307508,0.43296451121096524,0.29257634,0.30483374,0.01225740000000003,-0.0388691837098258,-0.1589674363556313,-0.1200982526458055,-11.659769049656004,-11.98194714193442,-0.3221780922784152,10.014374960521508,9.588326212811742,0.646345198594246,0.6747854291495544,0.5900602498102561,0.7452176020302943,112.5213,89.046326,2.051235,1.9496161,0.5074586949946592,0.3015395898166323,-2.1474926909138343,-2.185192058517881
53810,440402,4,1.4141257025472038,10.899465335236892,10.44766607586731,-0.4517992593695812,11.167498427096543,11.167498427096543,0.0,0.29257634,0.28602964,-0.006546700000000016,-0.0388691837098258,-0.141495471106774,-0.1026262873969482,-11.659769049656004,-11.42177704034548,0.2379920093105241,10.014374960521508,9.665448726283309,0.646345198594246,0.6630611435285877,0.5900602498102561,0.5214782330560017,112.5213,73.23085,2.051235,1.8646941,0.5074586949946592,0.2073622957177668,-2.1474926909138343,-2.463647331271765
53810,11518,5,1.6221917125764753,10.899465335236892,10.811126157839263,-0.08833917739762853,11.167498427096543,11.122708994902307,-0.0447894321942357,0.29257634,0.323939,0.03136265999999999,-0.0388691837098258,-0.2032220394942629,-0.1643528557844371,-11.659769049656004,-11.3720256205029,0.2877434291531049,10.014374960521508,9.55675150967094,0.646345198594246,0.6773868908797168,0.5900602498102561,0.8362497654455484,112.5213,110.01596,2.051235,2.041456,0.5074586949946592,0.5317671514020326,-2.1474926909138343,-2.0563485878441607
59531,440402,1,1.4959741602192704,10.565592534417886,10.44766607586731,-0.11792645855057593,11.167498427096543,11.167498427096543,0.0,0.29780617,0.28602964,-0.011776530000000007,0.027226881884011,-0.141495471106774,-0.168722352990785,-11.21826237043717,-11.42177704034548,-0.20351466990831035,10.168156440825662,9.665448726283309,0.7344147424352562,0.6630611435285877,0.2649573957281498,0.5214782330560017,79.76887,73.23085,1.9018334,1.8646941,0.0819510895924065,0.2073622957177668,-2.2853808550966703,-2.463647331271765
59531,1411684,2,1.6713549935637573,10.565592534417886,10.728262198781415,0.1626696643635288,11.167498427096543,10.988340698319597,-0.17915772877694636,0.29780617,0.31509143,0.017285260000000024,0.027226881884011,-0.1293371332565865,-0.1565640151405975,-11.21826237043717,-12.106065500820714,-0.8878031303835439,10.168156440825662,9.740565591518882,0.7344147424352562,0.6485807540199461,0.2649573957281498,0.6584644048416888,79.76887,108.23333,1.9018334,2.0343611,0.0819510895924065,0.5010676776554599,-2.2853808550966703,-2.1654737187509827
59531,1205136,3,1.6937758165101222,10.565592534417886,10.445239843401184,-0.1203526910167021,11.167498427096543,10.65988486222852,-0.5076135648680236,0.29780617,0.30927885,0.011472680000000013,0.027226881884011,-0.1532995649552651,-0.1805264468392761,-11.21826237043717,-11.35231073192427,-0.13404836148709975,10.168156440825662,9.591550328939263,0.7344147424352562,0.6632527310407051,0.2649573957281498,0.5691263429746131,79.76887,71.274994,1.9018334,1.8529372,0.0819510895924065,0.2891538701317602,-2.2853808550966703,-2.413749060096625
59531,1423833,4,1.7571266935676038,10.565592534417886,10.376158924257885,-0.18943361016000182,11.167498427096543,10.49565694418298,-0.6718414829135639,0.29780617,0.30817392,0.010367750000000009,0.027226881884011,-0.1477047116444315,-0.1749315935284425,-11.21826237043717,-11.236075426574343,-0.017813056137173433,10.168156440825662,9.659179480951044,0.7344147424352562,0.6698063463058056,0.2649573957281498,0.4779862955378938,79.76887,72.26073,1.9018334,1.8589023,0.0819510895924065,0.1044257024872591,-2.2853808550966703,-2.37003561264162
59531,2342292,5,1.8114791933213448,10.565592534417886,10.41042704621902,-0.15516548819886644,11.167498427096543,10.988340698319597,-0.17915772877694636,0.29780617,0.27075872,-0.027047449999999973,0.027226881884011,-0.1525962538996909,-0.1798231357837019,-11.21826237043717,-11.863458943750686,-0.6451965733135161,10.168156440825662,9.37742197467471,0.7344147424352562,0.636423827633617,0.2649573957281498,0.6886700476962069,79.76887,60.614067,1.9018334,1.7825735,0.0819510895924065,0.1625914657913543,-2.2853808550966703,-2.293638092057154
61127,13769,1,2.054108365029621,10.63842682246272,10.327938133901652,-0.31048868856106715,11.406375398799144,11.764690856353043,0.3583154575538998,0.29274037,0.31591338,0.023173009999999994,0.04541988671003,-0.1286715477134328,-0.1740914344234628,-14.221385374589548,-13.131710168213232,1.0896752063763167,10.427274689029693,9.677943615734495,0.6699223508183056,0.6254047189121353,0.1407680889553509,0.4333296787781048,85.88363,91.25185,1.9339104,1.9602417,0.1270197593302371,0.2470889990862103,-2.534480154742772,-2.081678633503982
61127,49780,2,2.2785388643831994,10.63842682246272,10.626570913827376,-0.011855908635343582,11.406375398799144,11.331726345142082,-0.07464905365706187,0.29274037,0.26450786,-0.028232510000000044,0.04541988671003,-0.1764288629063263,-0.2218487496163563,-14.221385374589548,-13.034891739870613,1.1864936347189357,10.427274689029693,9.496352582618035,0.6699223508183056,0.6319006491999953,0.1407680889553509,0.7534788874728949,85.88363,87.47156,1.9339104,1.9418669,0.1270197593302371,0.4609505044404558,-2.534480154742772,-2.35336413607482
61127,12185,3,2.2812979792044583,10.63842682246272,10.537993896638085,-0.10043292582463437,11.406375398799144,11.690041802695982,0.28366640389683795,0.29274037,0.30860662,0.01586624999999997,0.04541988671003,-0.1923056250051644,-0.2377255117151944,-14.221385374589548,-13.226234662863192,0.9951507117263567,10.427274689029693,9.555776225985223,0.6699223508183056,0.6501444509825213,0.1407680889553509,0.6548117804352395,85.88363,134.05186,1.9339104,2.127273,0.1270197593302371,0.3026303489853912,-2.534480154742772,-2.026720606701912
61127,52429,4,2.416042103051986,10.63842682246272,10.66194895336513,0.02352213090241051,11.406375398799144,11.227217670022194,-0.1791577287769499,0.29274037,0.21917754,-0.07356283000000002,0.04541988671003,-0.1015999243983928,-0.1470198111084228,-14.221385374589548,-13.095975179643268,1.12541019494628,10.427274689029693,9.635079955974051,0.6699223508183056,0.6169129369290133,0.1407680889553509,0.6845793315940524,85.88363,77.11022,1.9339104,1.887112,0.1270197593302371,0.1527145092320695,-2.534480154742772,-2.573931741773288
61127,1447,5,2.4166984822848674,10.63842682246272,10.891266785600646,0.25283996313792656,11.406375398799144,11.45116483099338,0.0447894321942357,0.29274037,0.2838296,-0.008910770000000012,0.04541988671003,-0.1985099374064493,-0.2439298241164793,-14.221385374589548,-13.049710138427283,1.1716752361622653,10.427274689029693,9.719443902647926,0.6699223508183056,0.6301166461410381,0.1407680889553509,0.7812152553018131,85.88363,125.0142,1.9339104,2.0969596,0.1270197593302371,0.5754809010402508,-2.534480154742772,-2.1683872359421774
64391,591516,1,1.1595530905496196,10.956280186680408,11.018378085428518,0.062097898748110225,11.331726345142082,11.077919562708068,-0.25380678243401356,0.2597701,0.2788852,0.019115099999999996,-0.0509336951112064,-0.1697982840073132,-0.1188645888961068,-11.8706882585068,-11.953776284350754,-0.08308802584395458,10.061050436494078,9.749669707780871,0.6151488291360955,0.6236500712661729,0.5968198334575527,0.845805585098431,126.70182,148.03888,2.102783,2.170376,0.1955428447199472,0.6048157755516226,-1.6194685310664103,-2.063341993728588
64391,39462,2,1.5801746480836567,10.956280186680408,10.706152615857183,-0.25012757082322423,11.331726345142082,11.600462938307508,0.26873659316542664,0.2597701,0.30483374,0.045063640000000016,-0.0509336951112064,-0.1589674363556313,-0.10803374124442489,-11.8706882585068,-11.98194714193442,-0.11125888342762025,10.061050436494078,9.588326212811742,0.6151488291360955,0.6747854291495544,0.5968198334575527,0.7452176020302943,126.70182,89.046326,2.102783,1.9496161,0.1955428447199472,0.3015395898166323,-1.6194685310664103,-2.185192058517881
64391,481813,3,1.583809604710666,10.956280186680408,10.340504492881172,-0.615775693799236,11.331726345142082,11.227217670022194,-0.10450867511988804,0.2597701,0.25034127,-0.00942883,-0.0509336951112064,-0.1117149547080051,-0.060781259596798705,-11.8706882585068,-11.883977938322609,-0.013289679815809308,10.061050436494078,9.696030700321566,0.6151488291360955,0.6063854464961596,0.5968198334575527,0.4296491950397372,126.70182,58.98952,2.102783,1.7707748,0.1955428447199472,0.0600055066557569,-1.6194685310664103,-2.5132569138199443
64391,440402,4,1.6383327836542358,10.956280186680408,10.44766607586731,-0.508614110813097,11.331726345142082,11.167498427096543,-0.1642279180455386,0.2597701,0.28602964,0.02625953999999997,-0.0509336951112064,-0.141495471106774,-0.09056177599556758,-11.8706882585068,-11.42177704034548,0.44891121816131907,10.061050436494078,9.665448726283309,0.6151488291360955,0.6630611435285877,0.5968198334575527,0.5214782330560017,126.70182,73.23085,2.102783,1.8646941,0.1955428447199472,0.2073622957177668,-1.6194685310664103,-2.463647331271765
64391,2342292,5,1.6385854079568307,10.956280186680408,10.41042704621902,-0.5458531404613876,11.331726345142082,10.988340698319597,-0.34338564682248496,0.2597701,0.27075872,0.010988620000000004,-0.0509336951112064,-0.1525962538996909,-0.10166255878848449,-11.8706882585068,-11.863458943750686,0.007229314756113325,10.061050436494078,9.37742197467471,0.6151488291360955,0.636423827633617,0.5968198334575527,0.6886700476962069,126.70182,60.614067,2.102783,1.7825735,0.1955428447199472,0.1625914657913543,-1.6194685310664103,-2.293638092057154
72262,440402,1,0.8306883461287883,10.369692882008652,10.44766607586731,0.07797319385865897,11.316796534410669,11.167498427096543,-0.14929810731412552,0.30021977,0.28602964,-0.014190130000000023,-0.1066279919289563,-0.141495471106774,-0.034867479177817684,-12.12721137261379,-11.42177704034548,0.7054343322683092,9.87638505310651,9.665448726283309,0.6794855734606449,0.6630611435285877,0.3288718859347618,0.5214782330560017,73.46419,73.23085,1.8660758,1.8646941,0.1725263944706654,0.2073622957177668,-2.4737415140682817,-2.463647331271765
72262,2342292,2,0.9367568927188564,10.369692882008652,10.41042704621902,0.04073416421036846,11.316796534410669,10.988340698319597,-0.3284558360910719,0.30021977,0.27075872,-0.02946104999999999,-0.1066279919289563,-0.1525962538996909,-0.045968261970734586,-12.12721137261379,-11.863458943750686,0.26375242886310346,9.87638505310651,9.37742197467471,0.6794855734606449,0.636423827633617,0.3288718859347618,0.6886700476962069,73.46419,60.614067,1.8660758,1.7825735,0.1725263944706654,0.1625914657913543,-2.4737415140682817,-2.293638092057154
72262,39462,3,0.9937522765305238,10.369692882008652,10.706152615857183,0.3364597338485318,11.316796534410669,11.600462938307508,0.2836664038968397,0.30021977,0.30483374,0.004613970000000023,-0.1066279919289563,-0.1589674363556313,-0.052339444426674986,-12.12721137261379,-11.98194714193442,0.1452642306793699,9.87638505310651,9.588326212811742,0.6794855734606449,0.6747854291495544,0.3288718859347618,0.7452176020302943,73.46419,89.046326,1.8660758,1.9496161,0.1725263944706654,0.3015395898166323,-2.4737415140682817,-2.185192058517881
72262,1411684,4,1.0265838676486738,10.369692882008652,10.728262198781415,0.3585693167727637,11.316796534410669,10.988340698319597,-0.3284558360910719,0.30021977,0.31509143,0.014871660000000009,-0.1066279919289563,-0.1293371332565865,-0.02270914132763019,-12.12721137261379,-12.106065500820714,0.0211458717930757,9.87638505310651,9.740565591518882,0.6794855734606449,0.6485807540199461,0.3288718859347618,0.6584644048416888,73.46419,108.23333,1.8660758,2.0343611,0.1725263944706654,0.5010676776554599,-2.4737415140682817,-2.1654737187509827
72262,13769,5,1.1471996957132762,10.369692882008652,10.327938133901652,-0.04175474810699953,11.316796534410669,11.764690856353043,0.4478943219423748,0.30021977,0.31591338,0.015693610000000024,-0.1066279919289563,-0.1286715477134328,-0.022043555784476504,-12.12721137261379,-13.131710168213232,-1.0044987955994422,9.87638505310651,9.677943615734495,0.6794855734606449,0.6254047189121353,0.3288718859347618,0.4333296787781048,73.46419,91.25185,1.8660758,1.9602417,0.1725263944706654,0.2470889990862103,-2.4737415140682817,-2.081678633503982
77613,481813,1,0.9271794529059487,10.177566014011983,10.340504492881172,0.16293847886918833,10.719604105154168,11.227217670022194,0.5076135648680253,0.23088479,0.25034127,0.019456479999999998,-0.0947800279367029,-0.1117149547080051,-0.016934926771302206,-11.524249515473898,-11.883977938322609,-0.3597284228487112,9.94519816388625,9.696030700321566,0.616261287245523,0.6063854464961596,0.1549119000838237,0.4296491950397372,56.883404,58.98952,1.7549856,1.7707748,0.0746418575908398,0.0600055066557569,-2.8442758912073494,-2.5132569138199443
77613,813650,2,1.13943022230549,10.177566014011983,10.333480709354207,0.1559146953422239,10.719604105154168,11.45116483099338,0.731560725839211,0.23088479,0.2386696,0.007784810000000003,-0.0947800279367029,-0.1293371332565865,-0.034557105319883596,-11.524249515473898,-12.119689453743709,-0.595439938269811,9.94519816388625,9.698313385396531,0.616261287245523,0.6314186999791817,0.1549119000838237,0.4234448826384523,56.883404,63.442184,1.7549856,1.8023782,0.0746418575908398,0.105804192947798,-2.8442758912073494,-2.473028521767616
77613,3055207,3,1.2769263751277677,10.177566014011983,10.26317722822714,0.08561121421515594,10.719604105154168,9.973113568583546,-0.7464905365706223,0.23088479,0.23275149,0.001866699999999999,-0.0947800279367029,-0.1816568905679776,-0.0868768626312747,-11.524249515473898,-10.952221812825616,0.5720277026482812,9.94519816388625,9.233232969155631,0.616261287245523,0.6136808702168888,0.1549119000838237,0.6866295060476701,56.883404,47.361374,1.7549856,1.6754245,0.0746418575908398,0.0464491180079453,-2.8442758912073494,-2.3787394958214527
77613,2342292,4,1.2960467002259326,10.177566014011983,10.41042704621902,0.2328610322070368,10.719604105154168,10.988340698319597,0.2687365931654284,0.23088479,0.27075872,0.03987393,-0.0947800279367029,-0.1525962538996909,-0.057816225962987994,-11.524249515473898,-11.863458943750686,-0.33920942827678857,9.94519816388625,9.37742197467471,0.616261287245523,0.636423827633617,0.1549119000838237,0.6886700476962069,56.883404,60.614067,1.7549856,1.7825735,0.0746418575908398,0.1625914657913543,-2.8442758912073494,-2.293638092057154
77613,756488,5,1.5324957857826345,10.177566014011983,10.494088410939002,0.31652239692701833,10.719604105154168,10.002973190046369,-0.7166309151077996,0.23088479,0.2550492,0.02416440999999997,-0.0947800279367029,-0.1511930394902529,-0.056413011553549997,-11.524249515473898,-10.758521434625612,0.7657280808482856,9.94519816388625,9.623855556399011,0.616261287245523,0.6093760444754209,0.1549119000838237,0.5801552363599942,56.883404,64.58505,1.7549856,1.810132,0.0746418575908398,0.1720221704523069,-2.8442758912073494,-2.42486040482441
103252,813650,1,0.7048390293741387,10.333480709354207,10.333480709354207,0.0,11.361585966604906,11.45116483099338,0.08957886438847318,0.22211286,0.2386696,0.016556740000000014,-0.070845901515838,-0.1293371332565865,-0.058491231740748495,-12.42712194101682,-12.119689453743709,0.3074324872731111,10.017176193627623,9.698313385396531,0.6399017231499968,0.6314186999791817,0.2108696771510574,0.4234448826384523,72.137245,63.442184,1.8581595,1.8023782,0.063206394707045,0.105804192947798,-2.583741550845978,-2.473028521767616
103252,481813,2,0.9277128655753246,10.333480709354207,10.340504492881172,0.007023783526964422,11.361585966604906,11.227217670022194,-0.13436829658271243,0.22211286,0.25034127,0.02822841000000001,-0.070845901515838,-0.1117149547080051,-0.040869053192167104,-12.42712194101682,-11.883977938322609,0.5431440026942109,10.017176193627623,9.696030700321566,0.6399017231499968,0.6063854464961596,0.2108696771510574,0.4296491950397372,72.137245,58.98952,1.8581595,1.7707748,0.063206394707045,0.0600055066557569,-2.583741550845978,-2.5132569138199443
103252,52429,3,1.0458423124118235,10.333480709354207,10.66194895336513,0.32846824401092256,11.361585966604906,11.227217670022194,-0.13436829658271243,0.22211286,0.21917754,-0.0029353199999999913,-0.070845901515838,-0.1015999243983928,-0.0307540228825548,-12.42712194101682,-13.095975179643268,-0.6688532386264487,10.017176193627623,9.635079955974051,0.6399017231499968,0.6169129369290133,0.2108696771510574,0.6845793315940524,72.137245,77.11022,1.8581595,1.887112,0.063206394707045,0.1527145092320695,-2.583741550845978,-2.573931741773288
103252,339605,4,1.234738071118549,10.333480709354207,10.481403352883198,0.14792264352899132,11.361585966604906,11.406375398799144,0.04478943219423748,0.22211286,0.23552722,0.013414360000000014,-0.070845901515838,-0.1690677632599572,-0.0982218617441192,-12.42712194101682,-13.270268340916438,-0.8431463998996183,10.017176193627623,9.378948251859434,0.6399017231499968,0.6246985665295753,0.2108696771510574,0.734970067349176,72.137245,62.005783,1.8581595,1.7924322,0.063206394707045,0.130375398185164,-2.583741550845978,-2.367662091803338
103252,2342292,5,1.5364533794432516,10.333480709354207,10.41042704621902,0.07694633686481289,11.361585966604906,10.988340698319597,-0.37324526828530935,0.22211286,0.27075872,0.04864586000000001,-0.070845901515838,-0.1525962538996909,-0.08175035238385289,-12.42712194101682,-11.863458943750686,0.5636629972661336,10.017176193627623,9.37742197467471,0.6399017231499968,0.636423827633617,0.2108696771510574,0.6886700476962069,72.137245,60.614067,1.8581595,1.7825735,0.063206394707045,0.1625914657913543,-2.583741550845978,-2.293638092057154
104782,39462,1,1.94025509134298,10.840495247120716,10.706152615857183,-0.1343426312635323,11.704971613427396,11.600462938307508,-0.10450867511988804,0.28358793,0.30483374,0.02124581000000003,0.0581489838204937,-0.1589674363556313,-0.21711642017612498,-11.984215343126648,-11.98194714193442,0.0022682011922281475,10.375774457016368,9.588326212811742,0.6943957712516015,0.6747854291495544,0.3098138600695669,0.7452176020302943,100.50371,89.046326,2.0021822,1.9496161,0.1058572211250217,0.3015395898166323,-2.484007312395283,-2.185192058517881
104782,1411684,2,1.9741234083149837,10.840495247120716,10.728262198781415,-0.11223304833930037,11.704971613427396,10.988340698319597,-0.7166309151077996,0.28358793,0.31509143,0.03150350000000002,0.0581489838204937,-0.1293371332565865,-0.18748611707708018,-11.984215343126648,-12.106065500820714,-0.12185015769406604,10.375774457016368,9.740565591518882,0.6943957712516015,0.6485807540199461,0.3098138600695669,0.6584644048416888,100.50371,108.23333,2.0021822,2.0343611,0.1058572211250217,0.5010676776554599,-2.484007312395283,-2.1654737187509827
104782,440402,3,2.1008097957364362,10.840495247120716,10.44766607586731,-0.3928291712534051,11.704971613427396,11.167498427096543,-0.5374731863308533,0.28358793,0.28602964,0.002441709999999986,0.0581489838204937,-0.141495471106774,-0.19964445492726768,-11.984215343126648,-11.42177704034548,0.5624383027811675,10.375774457016368,9.665448726283309,0.6943957712516015,0.6630611435285877,0.3098138600695669,0.5214782330560017,100.50371,73.23085,2.0021822,1.8646941,0.1058572211250217,0.2073622957177668,-2.484007312395283,-2.463647331271765
104782,591516,4,2.1131332893178847,10.840495247120716,11.018378085428518,0.17788283830780216,11.704971613427396,11.077919562708068,-0.6270520507193282,0.28358793,0.2788852,-0.004702729999999988,0.0581489838204937,-0.1697982840073132,-0.2279472678278069,-11.984215343126648,-11.953776284350754,0.030439058775893812,10.375774457016368,9.749669707780871,0.6943957712516015,0.6236500712661729,0.3098138600695669,0.845805585098431,100.50371,148.03888,2.0021822,2.170376,0.1058572211250217,0.6048157755516226,-2.484007312395283,-2.063341993728588
104782,481813,5,2.115662910357096,10.840495247120716,10.340504492881172,-0.4999907542395441,11.704971613427396,11.227217670022194,-0.4777539434052027,0.28358793,0.25034127,-0.03324665999999998,0.0581489838204937,-0.1117149547080051,-0.1698639385284988,-11.984215343126648,-11.883977938322609,0.10023740480403909,10.375774457016368,9.696030700321566,0.6943957712516015,0.6063854464961596,0.3098138600695669,0.4296491950397372,100.50371,58.98952,2.0021822,1.7707748,0.1058572211250217,0.0600055066557569,-2.484007312395283,-2.5132569138199443
126915,1052627,1,0.6575768453943024,10.746269839065166,10.62092540931022,-0.12534442975494642,10.226920351017558,9.898464514926482,-0.3284558360910754,0.27490106,0.28288692,0.007985860000000011,-0.1059962907529954,-0.1497943442976881,-0.0437980535446927,-10.994199186820651,-10.846848346782188,0.1473508400384631,9.831222842953853,9.57183453967825,0.6322243090380213,0.6304637685133673,0.6100313307408761,0.6993939130879799,122.985275,67.663765,2.0898533,1.8303562,0.4507128945785261,0.1520516669861019,-2.5030262846900504,-2.158413230395664
126915,53398,2,0.9038395501716598,10.746269839065166,10.841961633933904,0.09569179486873836,10.226920351017558,9.838745272000834,-0.3881750790167242,0.27490106,0.30534923,0.030448170000000052,-0.1059962907529954,-0.1149248324531869,-0.0089285417001915,-10.994199186820651,-10.902657144810448,0.09154204201020377,9.831222842953853,9.694439716433104,0.6322243090380213,0.6135585099956606,0.6100313307408761,0.7650146116672002,122.985275,108.60246,2.0898533,2.0358398,0.4507128945785261,0.6875654658676301,-2.5030262846900504,-2.353738805719852
126915,756488,3,0.9265963195506226,10.746269839065166,10.494088410939002,-0.25218142812616406,10.226920351017558,10.002973190046369,-0.22394716097118916,0.27490106,0.2550492,-0.01985186,-0.1059962907529954,-0.1511930394902529,-0.0451967487372575,-10.994199186820651,-10.758521434625612,0.2356777521950395,9.831222842953853,9.623855556399011,0.6322243090380213,0.6093760444754209,0.6100313307408761,0.5801552363599942,122.985275,64.58505,2.0898533,1.810132,0.4507128945785261,0.1720221704523069,-2.5030262846900504,-2.42486040482441
126915,191081,4,1.0576608207000964,10.746269839065166,10.578760861533016,-0.16750897753214922,10.226920351017558,9.614798111029646,-0.6121222399879116,0.27490106,0.28619435,0.011293290000000011,-0.1059962907529954,-0.1683384692482703,-0.062342178495274916,-10.994199186820651,-11.314995630960675,-0.32079644414002395,9.831222842953853,9.442433855876985,0.6322243090380213,0.6289114088051336,0.6100313307408761,0.7575513371040197,122.985275,59.6655,2.0898533,1.7757233,0.4507128945785261,0.1803795907515977,-2.5030262846900504,-2.073239900485935
126915,1423833,5,1.3072773295178102,10.746269839065166,10.376158924257885,-0.370110914807281,10.226920351017558,10.49565694418298,0.2687365931654213,0.27490106,0.30817392,0.033272860000000015,-0.1059962907529954,-0.1477047116444315,-0.0417084208914361,-10.994199186820651,-11.236075426574343,-0.241876239753692,9.831222842953853,9.659179480951044,0.6322243090380213,0.6698063463058056,0.6100313307408761,0.4779862955378938,122.985275,72.26073,2.0898533,1.8589023,0.4507128945785261,0.1044257024872591,-2.5030262846900504,-2.37003561264162
133204,756488,1,1.0280599466909817,10.59843533957291,10.494088410939002,-0.10434692863390893,10.34635883686886,10.002973190046369,-0.34338564682249206,0.2630211,0.2550492,-0.007971900000000032,-0.0582235089569947,-0.1511930394902529,-0.0929695305332582,-11.21352436140941,-10.758521434625612,0.4550029267837985,10.073288070628982,9.623855556399011,0.6104780507118654,0.6093760444754209,0.3500981792959529,0.5801552363599942,90.983604,64.58505,1.9589632,1.810132,0.291862170572173,0.1720221704523069,-2.613044415378017,-2.42486040482441
133204,1052627,2,1.10724404375938,10.59843533957291,10.62092540931022,0.022490069737308716,10.34635883686886,9.898464514926482,-0.4478943219423783,0.2630211,0.28288692,0.01986581999999998,-0.0582235089569947,-0.1497943442976881,-0.0915708353406934,-11.21352436140941,-10.846848346782188,0.3666760146272221,10.073288070628982,9.57183453967825,0.6104780507118654,0.6304637685133673,0.3500981792959529,0.6993939130879799,90.983604,67.663765,1.9589632,1.8303562,0.291862170572173,0.1520516669861019,-2.613044415378017,-2.158413230395664
133204,2342292,3,1.3422573167758765,10.59843533957291,10.41042704621902,-0.18800829335389047,10.34635883686886,10.988340698319597,0.641981861450736,0.2630211,0.27075872,0.007737620000000001,-0.0582235089569947,-0.1525962538996909,-0.0943727449426962,-11.21352436140941,-11.863458943750686,-0.6499345823412757,10.073288070628982,9.37742197467471,0.6104780507118654,0.636423827633617,0.3500981792959529,0.6886700476962069,90.983604,60.614067,1.9589632,1.7825735,0.291862170572173,0.1625914657913543,-2.613044415378017,-2.293638092057154
133204,440402,4,1.3805057519239983,10.59843533957291,10.44766607586731,-0.15076926370559995,10.34635883686886,11.167498427096543,0.8211395902276823,0.2630211,0.28602964,0.023008539999999966,-0.0582235089569947,-0.141495471106774,-0.08327196214977929,-11.21352436140941,-11.42177704034548,-0.2082526789360699,10.073288070628982,9.665448726283309,0.6104780507118654,0.6630611435285877,0.3500981792959529,0.5214782330560017,90.983604,73.23085,1.9589632,1.8646941,0.291862170572173,0.2073622957177668,-2.613044415378017,-2.463647331271765
133204,191081,5,1.3908494493562613,10.59843533957291,10.578760861533016,-0.019674478039894083,10.34635883686886,9.614798111029646,-0.7315607258392145,0.2630211,0.28619435,0.02317324999999998,-0.0582235089569947,-0.1683384692482703,-0.11011496029127561,-11.21352436140941,-11.314995630960675,-0.10147126955126495,10.073288070628982,9.442433855876985,0.6104780507118654,0.6289114088051336,0.3500981792959529,0.7575513371040197,90.983604,59.6655,1.9589632,1.7757233,0.291862170572173,0.1803795907515977,-2.613044415378017,-2.073239900485935
141036,55787,1,1.9907171793187808,10.739526952308816,10.227025378439922,-0.5125015738688941,8.644360413487833,9.360991328595633,0.7166309151077996,0.25491568,0.23345512,-0.02146055999999999,0.027226881884011,-0.1123550351214433,-0.1395819170054543,-10.671000239428125,-10.977072797383483,-0.3060725579553587,10.467512227125775,9.492912478949004,0.6006012868655463,0.6191937396743034,0.1813431501220263,0.4894085996606108,78.24441,56.700737,1.8934534,1.7535887,0.1267763548269496,0.0273803541492055,-2.589614299313721,-2.677300754900789
141036,765512,2,2.0132717452496665,10.739526952308816,10.253354317162271,-0.48617263514654496,8.644360413487833,8.838447952996194,0.19408753950836122,0.25491568,0.28138664,0.026470960000000043,0.027226881884011,-0.1490966823293371,-0.1763235642133481,-10.671000239428125,-10.603128895601325,0.06787134382680016,10.467512227125775,9.738272442458973,0.6006012868655463,0.6583539923286436,0.1813431501220263,0.3433879164688675,78.24441,61.32815,1.8934534,1.7876599,0.1267763548269496,0.225296488365099,-2.589614299313721,-2.584331224367531
141036,1052627,3,2.2327030299962556,10.739526952308816,10.62092540931022,-0.11860154299859715,8.644360413487833,9.898464514926482,1.2541041014386494,0.25491568,0.28288692,0.02797124000000001,0.027226881884011,-0.1497943442976881,-0.1770212261816991,-10.671000239428125,-10.846848346782188,-0.17584810735406364,10.467512227125775,9.57183453967825,0.6006012868655463,0.6304637685133673,0.1813431501220263,0.6993939130879799,78.24441,67.663765,1.8934534,1.8303562,0.1267763548269496,0.1520516669861019,-2.589614299313721,-2.158413230395664
141036,53398,4,2.239625675826469,10.739526952308816,10.841961633933904,0.10243468162508762,8.644360413487833,9.838745272000834,1.1943848585130006,0.25491568,0.30534923,0.05043355000000005,0.027226881884011,-0.1149248324531869,-0.1421517143371979,-10.671000239428125,-10.902657144810448,-0.23165690538232298,10.467512227125775,9.694439716433104,0.6006012868655463,0.6135585099956606,0.1813431501220263,0.7650146116672002,78.24441,108.60246,1.8934534,2.0358398,0.1267763548269496,0.6875654658676301,-2.589614299313721,-2.353738805719852
141036,191081,5,2.2616266860665566,10.739526952308816,10.578760861533016,-0.16076609077579995,8.644360413487833,9.614798111029646,0.9704376975418132,0.25491568,0.28619435,0.03127867000000001,0.027226881884011,-0.1683384692482703,-0.19556535113228132,-10.671000239428125,-11.314995630960675,-0.6439953915325507,10.467512227125775,9.442433855876985,0.6006012868655463,0.6289114088051336,0.1813431501220263,0.7575513371040197,78.24441,59.6655,1.8934534,1.7757233,0.1267763548269496,0.1803795907515977,-2.589614299313721,-2.073239900485935
145106,1411684,1,0.7197630230621067,10.882466191007763,10.728262198781415,-0.15420399222634806,10.928621455393944,10.988340698319597,0.05971924292565234,0.29501295,0.31509143,0.02007848000000001,-0.1098003543320278,-0.1293371332565865,-0.019536778924558698,-11.73987954817042,-12.106065500820714,-0.3661859526502944,9.842374659436231,9.740565591518882,0.6462121186005444,0.6485807540199461,0.69339435438102,0.6584644048416888,161.11093,108.23333,2.2071252,2.0343611,0.4663346327050499,0.5010676776554599,-2.195646211970529,-2.1654737187509827
145106,591516,2,0.7655219497517322,10.882466191007763,11.018378085428518,0.13591189442075446,10.928621455393944,11.077919562708068,0.14929810731412374,0.29501295,0.2788852,-0.016127749999999996,-0.1098003543320278,-0.1697982840073132,-0.0599979296752854,-11.73987954817042,-11.953776284350754,-0.21389673618033456,9.842374659436231,9.749669707780871,0.6462121186005444,0.6236500712661729,0.69339435438102,0.845805585098431,161.11093,148.03888,2.2071252,2.170376,0.4663346327050499,0.6048157755516226,-2.195646211970529,-2.063341993728588
145106,39462,3,1.0396962879617009,10.882466191007763,10.706152615857183,-0.17631357515058,10.928621455393944,11.600462938307508,0.6718414829135639,0.29501295,0.30483374,0.009820790000000024,-0.1098003543320278,-0.1589674363556313,-0.049167082023603495,-11.73987954817042,-11.98194714193442,-0.24206759376400022,9.842374659436231,9.588326212811742,0.6462121186005444,0.6747854291495544,0.69339435438102,0.7452176020302943,161.11093,89.046326,2.2071252,1.9496161,0.4663346327050499,0.3015395898166323,-2.195646211970529,-2.185192058517881
145106,11518,4,1.1453229527134818,10.882466191007763,10.811126157839263,-0.07134003316850013,10.928621455393944,11.122708994902307,0.194087539508363,0.29501295,0.323939,0.02892604999999998,-0.1098003543320278,-0.2032220394942629,-0.0934216851622351,-11.73987954817042,-11.3720256205029,0.3678539276675199,9.842374659436231,9.55675150967094,0.6462121186005444,0.6773868908797168,0.69339435438102,0.8362497654455484,161.11093,110.01596,2.2071252,2.041456,0.4663346327050499,0.5317671514020326,-2.195646211970529,-2.0563485878441607
145106,440402,5,1.1697641207267482,10.882466191007763,10.44766607586731,-0.4348001151404528,10.928621455393944,11.167498427096543,0.2388769717025987,0.29501295,0.28602964,-0.008983310000000022,-0.1098003543320278,-0.141495471106774,-0.03169511677474619,-11.73987954817042,-11.42177704034548,0.3181025078249391,9.842374659436231,9.665448726283309,0.6462121186005444,0.6630611435285877,0.69339435438102,0.5214782330560017,161.11093,73.23085,2.2071252,1.8646941,0.4663346327050499,0.2073622957177668,-2.195646211970529,-2.463647331271765
146543,39462,1,1.0387244921324403,10.487516363984074,10.706152615857183,0.2186362518731091,11.630322559770333,11.600462938307508,-0.029859621462824393,0.30998594,0.30483374,-0.005152199999999996,-0.0587893650395258,-0.1589674363556313,-0.10017807131610548,-11.697861669093593,-11.98194714193442,-0.2840854728408271,10.11836328357738,9.588326212811742,0.6374250543638406,0.6747854291495544,0.246102053604464,0.7452176020302943,81.89194,89.046326,1.9132411,1.9496161,0.1024763037149746,0.3015395898166323,-2.2956145259089964,-2.185192058517881
146543,440402,2,1.0937145000494763,10.487516363984074,10.44766607586731,-0.03985028811676372,11.630322559770333,11.167498427096543,-0.46282413267378963,0.30998594,0.28602964,-0.02395630000000004,-0.0587893650395258,-0.141495471106774,-0.08270610606724818,-11.697861669093593,-11.42177704034548,0.27608462874811224,10.11836328357738,9.665448726283309,0.6374250543638406,0.6630611435285877,0.246102053604464,0.5214782330560017,81.89194,73.23085,1.9132411,1.8646941,0.1024763037149746,0.2073622957177668,-2.2956145259089964,-2.463647331271765
146543,1411684,3,1.1892591102724503,10.487516363984074,10.728262198781415,0.24074583479734102,11.630322559770333,10.988340698319597,-0.641981861450736,0.30998594,0.31509143,0.00510548999999999,-0.0587893650395258,-0.1293371332565865,-0.07054776821706069,-11.697861669093593,-12.106065500820714,-0.40820383172712127,10.11836328357738,9.740565591518882,0.6374250543638406,0.6485807540199461,0.246102053604464,0.6584644048416888,81.89194,108.23333,1.9132411,2.0343611,0.1024763037149746,0.5010676776554599,-2.2956145259089964,-2.1654737187509827
146543,1205136,4,1.43255520805504,10.487516363984074,10.445239843401184,-0.04227652058288989,11.630322559770333,10.65988486222852,-0.9704376975418132,0.30998594,0.30927885,-0.0007070900000000213,-0.0587893650395258,-0.1532995649552651,-0.09451019991573928,-11.697861669093593,-11.35231073192427,0.34555093716932284,10.11836328357738,9.591550328939263,0.6374250543638406,0.6632527310407051,0.246102053604464,0.5691263429746131,81.89194,71.274994,1.9132411,1.8529372,0.1024763037149746,0.2891538701317602,-2.2956145259089964,-2.413749060096625
146543,115874,5,1.4613005342731125,10.487516363984074,10.205911471173298,-0.28160489281077616,11.630322559770333,10.883832023199709,-0.746490536570624,0.30998594,0.3335997,0.023613759999999984,-0.0587893650395258,-0.1306713723456512,-0.0718820073061254,-11.697861669093593,-11.194633108030349,0.5032285610632439,10.11836328357738,9.699909070592051,0.6374250543638406,0.7328957149625412,0.246102053604464,0.3373349337208299,81.89194,56.762966,1.9132411,1.7540652,0.1024763037149746,0.0875277552529592,-2.2956145259089964,-2.2576868202102496
150956,1411684,1,1.2374998036302012,10.731420718026246,10.728262198781415,-0.003158519244831126,11.49595426318762,10.988340698319597,-0.5076135648680236,0.3045706,0.31509143,0.010520829999999981,-0.0182726374888572,-0.1293371332565865,-0.1110644957677293,-12.62390828673061,-12.106065500820714,0.5178427859098953,9.991695362822949,9.740565591518882,0.6112348731793519,0.6485807540199461,0.4931502368021996,0.6584644048416888,104.02571,108.23333,2.0171409,2.0343611,0.3936821841072326,0.5010676776554599,-2.278139375067762,-2.1654737187509827
150956,39462,2,1.3363223565967426,10.731420718026246,10.706152615857183,-0.025268102169063056,11.49595426318762,11.600462938307508,0.10450867511988804,0.3045706,0.30483374,0.00026313999999999504,-0.0182726374888572,-0.1589674363556313,-0.1406947988667741,-12.62390828673061,-11.98194714193442,0.6419611447961895,9.991695362822949,9.588326212811742,0.6112348731793519,0.6747854291495544,0.4931502368021996,0.7452176020302943,104.02571,89.046326,2.0171409,1.9496161,0.3936821841072326,0.3015395898166323,-2.278139375067762,-2.185192058517881
150956,13769,3,1.4835280276543485,10.731420718026246,10.327938133901652,-0.40348258412459437,11.49595426318762,11.764690856353043,0.2687365931654231,0.3045706,0.31591338,0.011342779999999997,-0.0182726374888572,-0.1286715477134328,-0.11039891022457561,-12.62390828673061,-13.131710168213232,-0.5078018814826226,9.991695362822949,9.677943615734495,0.6112348731793519,0.6254047189121353,0.4931502368021996,0.4333296787781048,104.02571,91.25185,2.0171409,1.9602417,0.3936821841072326,0.2470889990862103,-2.278139375067762,-2.081678633503982
150956,12185,4,1.6596195711391908,10.731420718026246,10.537993896638085,-0.19342682138816158,11.49595426318762,11.690041802695982,0.19408753950836122,0.3045706,0.30860662,0.0040360199999999735,-0.0182726374888572,-0.1923056250051644,-0.1740329875163072,-12.62390828673061,-13.226234662863192,-0.6023263761325826,9.991695362822949,9.555776225985223,0.6112348731793519,0.6501444509825213,0.4931502368021996,0.6548117804352395,104.02571,134.05186,2.0171409,2.127273,0.3936821841072326,0.3026303489853912,-2.278139375067762,-2.026720606701912
150956,1447,5,1.6983752790244098,10.731420718026246,10.891266785600646,0.15984606757439934,11.49595426318762,11.45116483099338,-0.04478943219424103,0.3045706,0.2838296,-0.02074100000000001,-0.0182726374888572,-0.1985099374064493,-0.18023729991759208,-12.62390828673061,-13.049710138427283,-0.42580185169667395,9.991695362822949,9.719443902647926,0.6112348731793519,0.6301166461410381,0.4931502368021996,0.7812152553018131,104.02571,125.0142,2.0171409,2.0969596,0.3936821841072326,0.5754809010402508,-2.278139375067762,-2.1683872359421774
152636,440402,1,1.3407411888270184,10.688451644633066,10.44766607586731,-0.2407855687657552,10.54044637637722,11.167498427096543,0.6270520507193229,0.2706383,0.28602964,0.015391339999999976,-0.0372496871834161,-0.141495471106774,-0.1042457839233579,-11.356984985696531,-11.42177704034548,-0.0647920546489491,10.018605565598866,9.665448726283309,0.6437833297143299,0.6630611435285877,0.4465640526894664,0.5214782330560017,93.23151,73.23085,1.9695628,1.8646941,0.1487265754085832,0.2073622957177668,-2.3992993039347623,-2.463647331271765
152636,1052627,2,1.3457144022212768,10.688451644633066,10.62092540931022,-0.06752623532284652,10.54044637637722,9.898464514926482,-0.6419818614507378,0.2706383,0.28288692,0.012248619999999988,-0.0372496871834161,-0.1497943442976881,-0.112544657114272,-11.356984985696531,-10.846848346782188,0.5101366389143429,10.018605565598866,9.57183453967825,0.6437833297143299,0.6304637685133673,0.4465640526894664,0.6993939130879799,93.23151,67.663765,1.9695628,1.8303562,0.1487265754085832,0.1520516669861019,-2.3992993039347623,-2.158413230395664
152636,2342292,3,1.375141486381065,10.688451644633066,10.41042704621902,-0.2780245984140457,10.54044637637722,10.988340698319597,0.44789432194237655,0.2706383,0.27075872,0.00012042000000000996,-0.0372496871834161,-0.1525962538996909,-0.1153465667162748,-11.356984985696531,-11.863458943750686,-0.5064739580541548,10.018605565598866,9.37742197467471,0.6437833297143299,0.636423827633617,0.4465640526894664,0.6886700476962069,93.23151,60.614067,1.9695628,1.7825735,0.1487265754085832,0.1625914657913543,-2.3992993039347623,-2.293638092057154
152636,756488,4,1.4110580586236254,10.688451644633066,10.494088410939002,-0.19436323369406416,10.54044637637722,10.002973190046369,-0.5374731863308515,0.2706383,0.2550492,-0.015589100000000022,-0.0372496871834161,-0.1511930394902529,-0.1139433523068368,-11.356984985696531,-10.758521434625612,0.5984635510709193,10.018605565598866,9.623855556399011,0.6437833297143299,0.6093760444754209,0.4465640526894664,0.5801552363599942,93.23151,64.58505,1.9695628,1.810132,0.1487265754085832,0.1720221704523069,-2.3992993039347623,-2.42486040482441
152636,53398,5,1.4588140274793417,10.688451644633066,10.841961633933904,0.15350998930083826,10.54044637637722,9.838745272000834,-0.7017011043763866,0.2706383,0.30534923,0.03471093000000003,-0.0372496871834161,-0.1149248324531869,-0.07767514526977079,-11.356984985696531,-10.902657144810448,0.4543278408860836,10.018605565598866,9.694439716433104,0.6437833297143299,0.6135585099956606,0.4465640526894664,0.7650146116672002,93.23151,108.60246,1.9695628,2.0358398,0.1487265754085832,0.6875654658676301,-2.3992993039347623,-2.353738805719852
156087,813650,1,1.585098805859179,10.333480709354207,10.333480709354207,0.0,11.272007102216431,11.45116483099338,0.17915772877694813,0.20819947,0.2386696,0.030470130000000012,0.034138876300341,-0.1293371332565865,-0.16347600955692748,-12.21068166082432,-12.119689453743709,0.09099220708061218,9.936044615761984,9.698313385396531,0.6091140452882459,0.6314186999791817,0.2649573957281498,0.4234448826384523,70.28836,63.442184,1.8468834,1.8023782,0.0410844773846518,0.105804192947798,-2.8342086975841307,-2.473028521767616
156087,481813,2,1.630969772798295,10.333480709354207,10.340504492881172,0.007023783526964422,11.272007102216431,11.227217670022194,-0.04478943219423748,0.20819947,0.25034127,0.04214180000000001,0.034138876300341,-0.1117149547080051,-0.1458538310083461,-12.21068166082432,-11.883977938322609,0.326703722501712,9.936044615761984,9.696030700321566,0.6091140452882459,0.6063854464961596,0.2649573957281498,0.4296491950397372,70.28836,58.98952,1.8468834,1.7707748,0.0410844773846518,0.0600055066557569,-2.8342086975841307,-2.5132569138199443
156087,52429,3,1.635330690627273,10.333480709354207,10.66194895336513,0.32846824401092256,11.272007102216431,11.227217670022194,-0.04478943219423748,0.20819947,0.21917754,0.010978070000000006,0.034138876300341,-0.1015999243983928,-0.13573880069873379,-12.21068166082432,-13.095975179643268,-0.8852935188189477,9.936044615761984,9.635079955974051,0.6091140452882459,0.6169129369290133,0.2649573957281498,0.6845793315940524,70.28836,77.11022,1.8468834,1.887112,0.0410844773846518,0.1527145092320695,-2.8342086975841307,-2.573931741773288
156087,339605,4,2.120336787522475,10.333480709354207,10.481403352883198,0.14792264352899132,11.272007102216431,11.406375398799144,0.13436829658271243,0.20819947,0.23552722,0.027327750000000012,0.034138876300341,-0.1690677632599572,-0.20320663956029822,-12.21068166082432,-13.270268340916438,-1.0595866800921172,9.936044615761984,9.378948251859434,0.6091140452882459,0.6246985665295753,0.2649573957281498,0.734970067349176,70.28836,62.005783,1.8468834,1.7924322,0.0410844773846518,0.130375398185164,-2.8342086975841307,-2.367662091803338
156087,2342292,5,2.245513947982619,10.333480709354207,10.41042704621902,0.07694633686481289,11.272007102216431,10.988340698319597,-0.2836664038968344,0.20819947,0.27075872,0.06255925000000001,0.034138876300341,-0.1525962538996909,-0.1867351302000319,-12.21068166082432,-11.863458943750686,0.3472227170736346,9.936044615761984,9.37742197467471,0.6091140452882459,0.636423827633617,0.2649573957281498,0.6886700476962069,70.28836,60.614067,1.8468834,1.7825735,0.0410844773846518,0.1625914657913543,-2.8342086975841307,-2.293638092057154
168374,481813,1,1.2196075064838061,10.690531271026186,10.340504492881172,-0.3500267781450148,11.077919562708068,11.227217670022194,0.14929810731412552,0.27145818,0.25034127,-0.02111690999999999,-0.0421264075923944,-0.1117149547080051,-0.0695885471156107,-12.298535397046606,-11.883977938322609,0.41455745872399774,10.230699372331475,9.696030700321566,0.6483397759946641,0.6063854464961596,0.3065545991298075,0.4296491950397372,108.06673,58.98952,2.0336921,1.7707748,0.5655616789755166,0.0600055066557569,-2.5046316239931183,-2.5132569138199443
168374,2342292,2,1.2232813373425715,10.690531271026186,10.41042704621902,-0.28010422480716635,11.077919562708068,10.988340698319597,-0.0895788643884714,0.27145818,0.27075872,-0.0006994599999999851,-0.0421264075923944,-0.1525962538996909,-0.11046984630729649,-12.298535397046606,-11.863458943750686,0.4350764532959204,10.230699372331475,9.37742197467471,0.6483397759946641,0.636423827633617,0.3065545991298075,0.6886700476962069,108.06673,60.614067,2.0336921,1.7825735,0.5655616789755166,0.1625914657913543,-2.5046316239931183,-2.293638092057154
168374,1411684,3,1.308509608658574,10.690531271026186,10.728262198781415,0.037730927755228905,11.077919562708068,10.988340698319597,-0.0895788643884714,0.27145818,0.31509143,0.04363325000000001,-0.0421264075923944,-0.1293371332565865,-0.08721072566419209,-12.298535397046606,-12.106065500820714,0.1924698962258926,10.230699372331475,9.740565591518882,0.6483397759946641,0.6485807540199461,0.3065545991298075,0.6584644048416888,108.06673,108.23333,2.0336921,2.0343611,0.5655616789755166,0.5010676776554599,-2.5046316239931183,-2.1654737187509827
168374,440402,4,1.352682706711705,10.690531271026186,10.44766607586731,-0.24286519515887584,11.077919562708068,11.167498427096543,0.08957886438847495,0.27145818,0.28602964,0.01457145999999998,-0.0421264075923944,-0.141495471106774,-0.09936906351437959,-12.298535397046606,-11.42177704034548,0.8767583567011261,10.230699372331475,9.665448726283309,0.6483397759946641,0.6630611435285877,0.3065545991298075,0.5214782330560017,108.06673,73.23085,2.0336921,1.8646941,0.5655616789755166,0.2073622957177668,-2.5046316239931183,-2.463647331271765
168374,49780,5,1.3752113266386328,10.690531271026186,10.626570913827376,-0.06396035719881077,11.077919562708068,11.331726345142082,0.25380678243401356,0.27145818,0.26450786,-0.00695032000000001,-0.0421264075923944,-0.1764288629063263,-0.13430245531393192,-12.298535397046606,-13.034891739870613,-0.7363563428240063,10.230699372331475,9.496352582618035,0.6483397759946641,0.6319006491999953,0.3065545991298075,0.7534788874728949,108.06673,87.47156,2.0336921,1.9418669,0.5655616789755166,0.4609505044404558,-2.5046316239931183,-2.35336413607482
215760,756488,1,1.1701986996772327,10.55580126182186,10.494088410939002,-0.06171285088285927,9.614798111029646,10.002973190046369,0.38817507901672244,0.2582123,0.2550492,-0.0031631000000000298,-0.0260792194359601,-0.1511930394902529,-0.1251138200542928,-10.871578000775097,-10.758521434625612,0.1130565661494849,9.934847775689995,9.623855556399011,0.6355447257667793,0.6093760444754209,0.4139689907545748,0.5801552363599942,79.49124,64.58505,1.9003193,1.810132,0.0699981251390789,0.1720221704523069,-2.677455936687404,-2.42486040482441
215760,1052627,2,1.2612548468899434,10.55580126182186,10.62092540931022,0.06512414748835837,9.614798111029646,9.898464514926482,0.2836664038968362,0.2582123,0.28288692,0.02467461999999998,-0.0260792194359601,-0.1497943442976881,-0.12371512486172799,-10.871578000775097,-10.846848346782188,0.024729653992908496,9.934847775689995,9.57183453967825,0.6355447257667793,0.6304637685133673,0.4139689907545748,0.6993939130879799,79.49124,67.663765,1.9003193,1.8303562,0.0699981251390789,0.1520516669861019,-2.677455936687404,-2.158413230395664
215760,55787,3,1.2696184405464126,10.55580126182186,10.227025378439922,-0.3287758833819385,9.614798111029646,9.360991328595633,-0.25380678243401356,0.2582123,0.23345512,-0.024757180000000018,-0.0260792194359601,-0.1123550351214433,-0.0862758156854832,-10.871578000775097,-10.977072797383483,-0.10549479660838657,9.934847775689995,9.492912478949004,0.6355447257667793,0.6191937396743034,0.4139689907545748,0.4894085996606108,79.49124,56.700737,1.9003193,1.7535887,0.0699981251390789,0.0273803541492055,-2.677455936687404,-2.677300754900789
215760,191081,4,1.4419816050508403,10.55580126182186,10.578760861533016,0.022959599711155576,9.614798111029646,9.614798111029646,0.0,0.2582123,0.28619435,0.02798204999999998,-0.0260792194359601,-0.1683384692482703,-0.14225924981231022,-10.871578000775097,-11.314995630960675,-0.44341763018557856,9.934847775689995,9.442433855876985,0.6355447257667793,0.6289114088051336,0.4139689907545748,0.7575513371040197,79.49124,59.6655,1.9003193,1.7757233,0.0699981251390789,0.1803795907515977,-2.677455936687404,-2.073239900485935
215760,53398,5,1.5520522100904859,10.55580126182186,10.841961633933904,0.28616037211204315,9.614798111029646,9.838745272000834,0.2239471609711874,0.2582123,0.30534923,0.04713693000000002,-0.0260792194359601,-0.1149248324531869,-0.0888456130172268,-10.871578000775097,-10.902657144810448,-0.031079144035350836,9.934847775689995,9.694439716433104,0.6355447257667793,0.6135585099956606,0.4139689907545748,0.7650146116672002,79.49124,108.60246,1.9003193,2.0358398,0.0699981251390789,0.6875654658676301,-2.677455936687404,-2.353738805719852
245505,1447,1,1.5857193499641,11.276386993269425,10.891266785600646,-0.38512020766877875,11.704971613427396,11.45116483099338,-0.2538067824340171,0.27587023,0.2838296,0.007959370000000021,-0.0554052350701818,-0.1985099374064493,-0.1431047023362675,-13.33443999234058,-13.049710138427283,0.2847298539132961,9.977889274644223,9.719443902647926,0.6102369265141454,0.6301166461410381,0.8656651457501326,0.7812152553018131,159.82428,125.0142,2.2036428,2.0969596,0.6480011016664744,0.5754809010402508,-1.9831694639324688,-2.1683872359421774
245505,591516,2,1.8639694324127214,11.276386993269425,11.018378085428518,-0.2580089078409067,11.704971613427396,11.077919562708068,-0.6270520507193282,0.27587023,0.2788852,0.0030149700000000057,-0.0554052350701818,-0.1697982840073132,-0.1143930489371314,-13.33443999234058,-11.953776284350754,1.3806637079898252,9.977889274644223,9.749669707780871,0.6102369265141454,0.6236500712661729,0.8656651457501326,0.845805585098431,159.82428,148.03888,2.2036428,2.170376,0.6480011016664744,0.6048157755516226,-1.9831694639324688,-2.063341993728588
245505,49780,3,1.953862111048768,11.276386993269425,10.626570913827376,-0.6498160794420489,11.704971613427396,11.331726345142082,-0.3732452682853147,0.27587023,0.26450786,-0.01136237000000001,-0.0554052350701818,-0.1764288629063263,-0.12102362783614451,-13.33443999234058,-13.034891739870613,0.2995482524699664,9.977889274644223,9.496352582618035,0.6102369265141454,0.6319006491999953,0.8656651457501326,0.7534788874728949,159.82428,87.47156,2.2036428,1.9418669,0.6480011016664744,0.4609505044404558,-1.9831694639324688,-2.35336413607482
245505,87007,4,1.9543966739335477,11.276386993269425,11.001136651021826,-0.2752503422475989,11.704971613427396,11.73483123489022,0.029859621462824393,0.27587023,0.30717313,0.03130290000000002,-0.0554052350701818,-0.2008595976838085,-0.1454543626136267,-13.33443999234058,-12.096069785913462,1.238370206427117,9.977889274644223,9.527880578789471,0.6102369265141454,0.6390490587279235,0.8656651457501326,0.9821707148215698,159.82428,175.4683,2.2036428,2.2441988,0.6480011016664744,0.727497271106097,-1.9831694639324688,-1.973730754011152
245505,52429,5,2.1370854885547357,11.276386993269425,10.66194895336513,-0.6144380399042948,11.704971613427396,11.227217670022194,-0.4777539434052027,0.27587023,0.21917754,-0.05669268999999999,-0.0554052350701818,-0.1015999243983928,-0.046194689328211,-13.33443999234058,-13.095975179643268,0.2384648126973108,9.977889274644223,9.635079955974051,0.6102369265141454,0.6169129369290133,0.8656651457501326,0.6845793315940524,159.82428,77.11022,2.2036428,1.887112,0.6480011016664744,0.1527145092320695,-1.9831694639324688,-2.573931741773288
271684,481813,1,0.9181258384657662,10.290511635961028,10.340504492881172,0.049992856920143325,11.077919562708068,11.227217670022194,0.14929810731412552,0.2634698,0.25034127,-0.013128529999999972,-0.0281848937762369,-0.1117149547080051,-0.08353006093176821,-12.366768232600316,-11.883977938322609,0.4827902942777076,9.931304423902851,9.696030700321566,0.6642799875957334,0.6063854464961596,0.2394714747054508,0.4296491950397372,70.26103,58.98952,1.8467145,1.7707748,0.0361875180471179,0.0600055066557569,-2.849531394778684,-2.5132569138199443
271684,813650,2,1.1614164697896683,10.290511635961028,10.333480709354207,0.0429690733931789,11.077919562708068,11.45116483099338,0.3732452682853111,0.2634698,0.2386696,-0.024800199999999967,-0.0281848937762369,-0.1293371332565865,-0.1011522394803496,-12.366768232600316,-12.119689453743709,0.24707877885660778,9.931304423902851,9.698313385396531,0.6642799875957334,0.6314186999791817,0.2394714747054508,0.4234448826384523,70.26103,63.442184,1.8467145,1.8023782,0.0361875180471179,0.105804192947798,-2.849531394778684,-2.473028521767616
271684,2342292,3,1.203471030600587,10.290511635961028,10.41042704621902,0.1199154102579918,11.077919562708068,10.988340698319597,-0.0895788643884714,0.2634698,0.27075872,0.007288920000000032,-0.0281848937762369,-0.1525962538996909,-0.124411360123454,-12.366768232600316,-11.863458943750686,0.5033092888496302,9.931304423902851,9.37742197467471,0.6642799875957334,0.636423827633617,0.2394714747054508,0.6886700476962069,70.26103,60.614067,1.8467145,1.7825735,0.0361875180471179,0.1625914657913543,-2.849531394778684,-2.293638092057154
271684,440402,4,1.4574833493534185,10.290511635961028,10.44766607586731,0.1571544399062823,11.077919562708068,11.167498427096543,0.08957886438847495,0.2634698,0.28602964,0.022559839999999998,-0.0281848937762369,-0.141495471106774,-0.1133105773305371,-12.366768232600316,-11.42177704034548,0.944991192254836,9.931304423902851,9.665448726283309,0.6642799875957334,0.6630611435285877,0.2394714747054508,0.5214782330560017,70.26103,73.23085,1.8467145,1.8646941,0.0361875180471179,0.2073622957177668,-2.849531394778684,-2.463647331271765
271684,767647,5,1.5860614221823666,10.290511635961028,10.081500111049843,-0.20901152491118502,11.077919562708068,11.540743695381856,0.46282413267378786,0.2634698,0.2658646,0.0023948000000000302,-0.0281848937762369,-0.1923056250051644,-0.1641207312289275,-12.366768232600316,-12.566678859775363,-0.19991062717504704,9.931304423902851,9.308320248230473,0.6642799875957334,0.6636620526642281,0.2394714747054508,0.5154532418795807,70.26103,57.28024,1.8467145,1.7580049,0.0361875180471179,0.0534415044461996,-2.849531394778684,-2.4153248611279303
308423,765512,1,1.4897961458367932,10.528557739089823,10.253354317162271,-0.2752034219275519,8.808588331533372,8.838447952996194,0.029859621462822616,0.29249516,0.28138664,-0.011108519999999955,0.0018838561433129,-0.1490966823293371,-0.15098053847265,-10.903886422001266,-10.603128895601325,0.30075752639994136,10.37368014755863,9.738272442458973,0.6387986712863496,0.6583539923286436,0.1032517276874619,0.3433879164688675,75.50855,61.32815,1.8779962,1.7876599,0.1118148055756126,0.225296488365099,-2.67780311988671,-2.584331224367531
308423,53398,2,1.7619971472287954,10.528557739089823,10.841961633933904,0.3134038948440807,8.808588331533372,9.838745272000834,1.030156940467462,0.29249516,0.30534923,0.01285407000000005,0.0018838561433129,-0.1149248324531869,-0.1168086885964998,-10.903886422001266,-10.902657144810448,0.0012292771908182232,10.37368014755863,9.694439716433104,0.6387986712863496,0.6135585099956606,0.1032517276874619,0.7650146116672002,75.50855,108.60246,1.8779962,2.0358398,0.1118148055756126,0.6875654658676301,-2.67780311988671,-2.353738805719852
308423,191081,3,1.7765116038075572,10.528557739089823,10.578760861533016,0.05020312244319314,8.808588331533372,9.614798111029646,0.8062097794962746,0.29249516,0.28619435,-0.00630080999999999,0.0018838561433129,-0.1683384692482703,-0.17022232539158322,-10.903886422001266,-11.314995630960675,-0.4111092089594095,10.37368014755863,9.442433855876985,0.6387986712863496,0.6289114088051336,0.1032517276874619,0.7575513371040197,75.50855,59.6655,1.8779962,1.7757233,0.1118148055756126,0.1803795907515977,-2.67780311988671,-2.073239900485935
308423,1052627,4,1.8428919755701336,10.528557739089823,10.62092540931022,0.09236767022039594,8.808588331533372,9.898464514926482,1.0898761833931108,0.29249516,0.28288692,-0.00960823999999999,0.0018838561433129,-0.1497943442976881,-0.151678200441001,-10.903886422001266,-10.846848346782188,0.057038075219077555,10.37368014755863,9.57183453967825,0.6387986712863496,0.6304637685133673,0.1032517276874619,0.6993939130879799,75.50855,67.663765,1.8779962,1.8303562,0.1118148055756126,0.1520516669861019,-2.67780311988671,-2.158413230395664
308423,55787,5,1.981763476544022,10.528557739089823,10.227025378439922,-0.30153236064990097,8.808588331533372,9.360991328595633,0.552402997062261,0.29249516,0.23345512,-0.05904003999999999,0.0018838561433129,-0.1123550351214433,-0.11423889126475621,-10.903886422001266,-10.977072797383483,-0.0731863753822175,10.37368014755863,9.492912478949004,0.6387986712863496,0.6191937396743034,0.1032517276874619,0.4894085996606108,75.50855,56.700737,1.8779962,1.7535887,0.1118148055756126,0.0273803541492055,-2.67780311988671,-2.677300754900789
319646,440402,1,1.029857355181865,10.365328076606202,10.44766607586731,0.08233799926110841,11.660182181233155,11.167498427096543,-0.49268375413661225,0.2925176,0.28602964,-0.006487960000000015,-0.0966294039686827,-0.141495471106774,-0.044866067138091284,-12.205612107182274,-11.42177704034548,0.7838350668367937,9.81621202058438,9.665448726283309,0.6831502780138443,0.6630611435285877,0.3660773706812138,0.5214782330560017,67.33145,73.23085,1.828218,1.8646941,0.1951456213937232,0.2073622957177668,-2.547045610241814,-2.463647331271765
319646,39462,2,1.0398937059200588,10.365328076606202,10.706152615857183,0.3408245392509812,11.660182181233155,11.600462938307508,-0.05971924292564701,0.2925176,0.30483374,0.012316140000000031,-0.0966294039686827,-0.1589674363556313,-0.062338032386948586,-12.205612107182274,-11.98194714193442,0.2236649652478544,9.81621202058438,9.588326212811742,0.6831502780138443,0.6747854291495544,0.3660773706812138,0.7452176020302943,67.33145,89.046326,1.828218,1.9496161,0.1951456213937232,0.3015395898166323,-2.547045610241814,-2.185192058517881
319646,13769,3,1.067700242608657,10.365328076606202,10.327938133901652,-0.037389942704550094,11.660182181233155,11.764690856353043,0.10450867511988804,0.2925176,0.31591338,0.023395780000000033,-0.0966294039686827,-0.1286715477134328,-0.032042143744750104,-12.205612107182274,-13.131710168213232,-0.9260980610309577,9.81621202058438,9.677943615734495,0.6831502780138443,0.6254047189121353,0.3660773706812138,0.4333296787781048,67.33145,91.25185,1.828218,1.9602417,0.1951456213937232,0.2470889990862103,-2.547045610241814,-2.081678633503982
319646,2342292,4,1.1116601250103704,10.365328076606202,10.41042704621902,0.045098969612817896,11.660182181233155,10.988340698319597,-0.6718414829135586,0.2925176,0.27075872,-0.02175887999999998,-0.0966294039686827,-0.1525962538996909,-0.055966849931008186,-12.205612107182274,-11.863458943750686,0.34215316343158797,9.81621202058438,9.37742197467471,0.6831502780138443,0.636423827633617,0.3660773706812138,0.6886700476962069,67.33145,60.614067,1.828218,1.7825735,0.1951456213937232,0.1625914657913543,-2.547045610241814,-2.293638092057154
319646,273895,5,1.1208666255933977,10.365328076606202,10.148446900680458,-0.21688117592574407,11.660182181233155,11.913988963667167,0.2538067824340118,0.2925176,0.29858935,0.006071749999999987,-0.0966294039686827,-0.1647102569857672,-0.06808085301708448,-12.205612107182274,-13.00883435314092,-0.8032222459586453,9.81621202058438,9.56698682263212,0.6831502780138443,0.6836118974326965,0.3660773706812138,0.3876400520322257,67.33145,55.461834,1.828218,1.7439942,0.1951456213937232,0.0883855626478239,-2.547045610241814,-2.49679790395514
328522,1411684,1,0.8693980774441152,10.912103311820246,10.728262198781415,-0.18384111303883088,11.346656155873497,10.988340698319597,-0.3583154575538998,0.31825462,0.31509143,-0.0031631899999999824,-0.0593559593559028,-0.1293371332565865,-0.0699811739006837,-12.286610245230316,-12.106065500820714,0.18054474440960178,10.03021413137389,9.740565591518882,0.6718535456827563,0.6485807540199461,0.5879261202975702,0.6584644048416888,116.654625,108.23333,2.0669022,2.0343611,0.5508029526906838,0.5010676776554599,-2.280404542049318,-2.1654737187509827
328522,39462,2,1.1080967860013606,10.912103311820246,10.706152615857183,-0.2059506959630628,11.346656155873497,11.600462938307508,0.2538067824340118,0.31825462,0.30483374,-0.013420879999999968,-0.0593559593559028,-0.1589674363556313,-0.0996114769997285,-12.286610245230316,-11.98194714193442,0.30466310329589597,10.03021413137389,9.588326212811742,0.6718535456827563,0.6747854291495544,0.5879261202975702,0.7452176020302943,116.654625,89.046326,2.0669022,1.9496161,0.5508029526906838,0.3015395898166323,-2.280404542049318,-2.185192058517881
328522,87007,3,1.3388000596752683,10.912103311820246,11.001136651021826,0.08903333920157941,11.346656155873497,11.73483123489022,0.3881750790167242,0.31825462,0.30717313,-0.011081489999999972,-0.0593559593559028,-0.2008595976838085,-0.14150363832790572,-12.286610245230316,-12.096069785913462,0.19054045931685337,10.03021413137389,9.527880578789471,0.6718535456827563,0.6390490587279235,0.5879261202975702,0.9821707148215698,116.654625,175.4683,2.0669022,2.2441988,0.5508029526906838,0.727497271106097,-2.280404542049318,-1.973730754011152
328522,591516,4,1.4287980948751402,10.912103311820246,11.018378085428518,0.10627477360827164,11.346656155873497,11.077919562708068,-0.2687365931654284,0.31825462,0.2788852,-0.03936941999999999,-0.0593559593559028,-0.1697982840073132,-0.1104423246514104,-12.286610245230316,-11.953776284350754,0.33283396087956163,10.03021413137389,9.749669707780871,0.6718535456827563,0.6236500712661729,0.5879261202975702,0.845805585098431,116.654625,148.03888,2.0669022,2.170376,0.5508029526906838,0.6048157755516226,-2.280404542049318,-2.063341993728588
328522,11518,5,1.5283345383608904,10.912103311820246,10.811126157839263,-0.10097715398098295,11.346656155873497,11.122708994902307,-0.22394716097118916,0.31825462,0.323939,0.005684379999999989,-0.0593559593559028,-0.2032220394942629,-0.1438660801383601,-12.286610245230316,-11.3720256205029,0.9145846247274161,10.03021413137389,9.55675150967094,0.6718535456827563,0.6773868908797168,0.5879261202975702,0.8362497654455484,116.654625,110.01596,2.0669022,2.041456,0.5508029526906838,0.5317671514020326,-2.280404542049318,-2.0563485878441607
372258,52429,1,0.8322851186872126,10.700106655357844,10.66194895336513,-0.03815770199271462,11.152568616365132,11.227217670022194,0.07464905365706187,0.24167457,0.21917754,-0.02249703,-0.0559674286527706,-0.1015999243983928,-0.0456324957456222,-12.572759979077237,-13.095975179643268,-0.5232152005660318,10.040110741930878,9.635079955974051,0.6469758089981922,0.6169129369290133,0.4399972756179776,0.6845793315940524,94.37475,77.11022,1.9748558,1.887112,0.0995069282325423,0.1527145092320695,-2.4644958893973605,-2.573931741773288
372258,481813,2,1.1901014936659315,10.700106655357844,10.340504492881172,-0.35960216247667276,11.152568616365132,11.227217670022194,0.07464905365706187,0.24167457,0.25034127,0.0086667,-0.0559674286527706,-0.1117149547080051,-0.0557475260552345,-12.572759979077237,-11.883977938322609,0.6887820407546279,10.040110741930878,9.696030700321566,0.6469758089981922,0.6063854464961596,0.4399972756179776,0.4296491950397372,94.37475,58.98952,1.9748558,1.7707748,0.0995069282325423,0.0600055066557569,-2.4644958893973605,-2.5132569138199443
372258,813650,3,1.2078170737650584,10.700106655357844,10.333480709354207,-0.3666259460036372,11.152568616365132,11.45116483099338,0.2985962146282475,0.24167457,0.2386696,-0.0030049699999999957,-0.0559674286527706,-0.1293371332565865,-0.0733697046038159,-12.572759979077237,-12.119689453743709,0.4530705253335281,10.040110741930878,9.698313385396531,0.6469758089981922,0.6314186999791817,0.4399972756179776,0.4234448826384523,94.37475,63.442184,1.9748558,1.8023782,0.0995069282325423,0.105804192947798,-2.4644958893973605,-2.473028521767616
372258,49780,4,1.2656010629323562,10.700106655357844,10.626570913827376,-0.07353574153046871,11.152568616365132,11.331726345142082,0.1791577287769499,0.24167457,0.26450786,0.02283328999999998,-0.0559674286527706,-0.1764288629063263,-0.12046143425355571,-12.572759979077237,-13.034891739870613,-0.46213176079337615,10.040110741930878,9.496352582618035,0.6469758089981922,0.6319006491999953,0.4399972756179776,0.7534788874728949,94.37475,87.47156,1.9748558,1.9418669,0.0995069282325423,0.4609505044404558,-2.4644958893973605,-2.35336413607482
372258,339605,5,1.3087770816303215,10.700106655357844,10.481403352883198,-0.21870330247464587,11.152568616365132,11.406375398799144,0.2538067824340118,0.24167457,0.23552722,-0.006147349999999996,-0.0559674286527706,-0.1690677632599572,-0.1131003346071866,-12.572759979077237,-13.270268340916438,-0.6975083618392013,10.040110741930878,9.378948251859434,0.6469758089981922,0.6246985665295753,0.4399972756179776,0.734970067349176,94.37475,62.005783,1.9748558,1.7924322,0.0995069282325423,0.130375398185164,-2.4644958893973605,-2.367662091803338
423945,481813,1,0.9119309284972646,10.489718115122686,10.340504492881172,-0.1492136222415148,11.242147480753609,11.227217670022194,-0.014929810731414861,0.26998034,0.25034127,-0.01963906999999998,-0.0303008272280883,-0.1117149547080051,-0.0814141274799168,-11.8356322727485,-11.883977938322609,-0.04834566557410902,10.20153775341536,9.696030700321566,0.6160925936924683,0.6063854464961596,0.1921202411382184,0.4296491950397372,78.47192,58.98952,1.8947142,1.7707748,0.1217063051804978,0.0600055066557569,-2.4448820379504883,-2.5132569138199443
423945,2342292,2,1.0949136867803935,10.489718115122686,10.41042704621902,-0.07929106890366633,11.242147480753609,10.988340698319597,-0.2538067824340118,0.26998034,0.27075872,0.0007783800000000229,-0.0303008272280883,-0.1525962538996909,-0.12229542667160259,-11.8356322727485,-11.863458943750686,-0.027826671002186387,10.20153775341536,9.37742197467471,0.6160925936924683,0.636423827633617,0.1921202411382184,0.6886700476962069,78.47192,60.614067,1.8947142,1.7825735,0.1217063051804978,0.1625914657913543,-2.4448820379504883,-2.293638092057154
423945,440402,3,1.0954393720014481,10.489718115122686,10.44766607586731,-0.04205203925537582,11.242147480753609,11.167498427096543,-0.07464905365706542,0.26998034,0.28602964,0.01604929999999999,-0.0303008272280883,-0.141495471106774,-0.11119464387868569,-11.8356322727485,-11.42177704034548,0.41385523240301936,10.20153775341536,9.665448726283309,0.6160925936924683,0.6630611435285877,0.1921202411382184,0.5214782330560017,78.47192,73.23085,1.8947142,1.8646941,0.1217063051804978,0.2073622957177668,-2.4448820379504883,-2.463647331271765
423945,813650,4,1.2436535026407243,10.489718115122686,10.333480709354207,-0.15623740576847922,11.242147480753609,11.45116483099338,0.20901735023977075,0.26998034,0.2386696,-0.031310739999999976,-0.0303008272280883,-0.1293371332565865,-0.0990363060284982,-11.8356322727485,-12.119689453743709,-0.2840571809952088,10.20153775341536,9.698313385396531,0.6160925936924683,0.6314186999791817,0.1921202411382184,0.4234448826384523,78.47192,63.442184,1.8947142,1.8023782,0.1217063051804978,0.105804192947798,-2.4448820379504883,-2.473028521767616
423945,39462,5,1.5374742858589605,10.489718115122686,10.706152615857183,0.216434500734497,11.242147480753609,11.600462938307508,0.3583154575538998,0.26998034,0.30483374,0.034853400000000034,-0.0303008272280883,-0.1589674363556313,-0.128666609127543,-11.8356322727485,-11.98194714193442,-0.14631486918591996,10.20153775341536,9.588326212811742,0.6160925936924683,0.6747854291495544,0.1921202411382184,0.7452176020302943,78.47192,89.046326,1.8947142,1.9496161,0.1217063051804978,0.3015395898166323,-2.4448820379504883,-2.185192058517881
503453,1411684,1,0.9565319353741333,10.883354319092128,10.728262198781415,-0.1550921203107123,10.988340698319597,10.988340698319597,0.0,0.2921768,0.31509143,0.02291462999999999,-0.0570940038160248,-0.1293371332565865,-0.07224312944056169,-11.770730899632229,-12.106065500820714,-0.33533460118848524,10.2604876400349,9.740565591518882,0.623574460789296,0.6485807540199461,0.4152444527048174,0.6584644048416888,141.19362,108.23333,2.1498153,2.0343611,0.4591712642779405,0.5010676776554599,-2.2188967819509333,-2.1654737187509827
503453,591516,2,1.076396620298181,10.883354319092128,11.018378085428518,0.13502376633639024,10.988340698319597,11.077919562708068,0.0895788643884714,0.2921768,0.2788852,-0.013291600000000015,-0.0570940038160248,-0.1697982840073132,-0.11270428019128839,-11.770730899632229,-11.953776284350754,-0.18304538471852538,10.2604876400349,9.749669707780871,0.623574460789296,0.6236500712661729,0.4152444527048174,0.845805585098431,141.19362,148.03888,2.1498153,2.170376,0.4591712642779405,0.6048157755516226,-2.2188967819509333,-2.063341993728588
503453,39462,3,1.25439702868051,10.883354319092128,10.706152615857183,-0.17720170323494422,10.988340698319597,11.600462938307508,0.6121222399879116,0.2921768,0.30483374,0.012656940000000005,-0.0570940038160248,-0.1589674363556313,-0.10187343253960648,-11.770730899632229,-11.98194714193442,-0.21121624230219105,10.2604876400349,9.588326212811742,0.623574460789296,0.6747854291495544,0.4152444527048174,0.7452176020302943,141.19362,89.046326,2.1498153,1.9496161,0.4591712642779405,0.3015395898166323,-2.2188967819509333,-2.185192058517881
503453,440402,4,1.330188139596907,10.883354319092128,10.44766607586731,-0.43568824322481703,10.988340698319597,11.167498427096543,0.17915772877694636,0.2921768,0.28602964,-0.00614716000000004,-0.0570940038160248,-0.141495471106774,-0.08440146729074918,-11.770730899632229,-11.42177704034548,0.34895385928674827,10.2604876400349,9.665448726283309,0.623574460789296,0.6630611435285877,0.4152444527048174,0.5214782330560017,141.19362,73.23085,2.1498153,1.8646941,0.4591712642779405,0.2073622957177668,-2.2188967819509333,-2.463647331271765
503453,2342292,5,1.4879486821680366,10.883354319092128,10.41042704621902,-0.47292727287310754,10.988340698319597,10.988340698319597,0.0,0.2921768,0.27075872,-0.021418080000000006,-0.0570940038160248,-0.1525962538996909,-0.09550225008366608,-11.770730899632229,-11.863458943750686,-0.09272804411845748,10.2604876400349,9.37742197467471,0.623574460789296,0.636423827633617,0.4152444527048174,0.6886700476962069,141.19362,60.614067,2.1498153,1.7825735,0.4591712642779405,0.1625914657913543,-2.2188967819509333,-2.293638092057154
645160,339605,1,1.4061316707251148,10.67288893942914,10.481403352883198,-0.19148558654594083,11.525813884650445,11.406375398799144,-0.11943848585130112,0.2583071,0.23552722,-0.022779880000000002,-0.082648108288413,-0.1690677632599572,-0.0864196549715442,-14.30810269642567,-13.270268340916438,1.0378343555092329,9.918949746400026,9.378948251859434,0.6361371555496546,0.6246985665295753,0.5026261286860771,0.734970067349176,89.29475,62.005783,1.9508259,1.7924322,0.1816880619628945,0.130375398185164,-2.3535011757318847,-2.367662091803338
645160,49780,2,1.4432583559984036,10.67288893942914,10.626570913827376,-0.04631802560176368,11.525813884650445,11.331726345142082,-0.194087539508363,0.2583071,0.26450786,0.006200759999999972,-0.082648108288413,-0.1764288629063263,-0.09378075461791331,-14.30810269642567,-13.034891739870613,1.273210956555058,9.918949746400026,9.496352582618035,0.6361371555496546,0.6319006491999953,0.5026261286860771,0.7534788874728949,89.29475,87.47156,1.9508259,1.9418669,0.1816880619628945,0.4609505044404558,-2.3535011757318847,-2.35336413607482
645160,52429,3,1.5115056140583072,10.67288893942914,10.66194895336513,-0.010939986064009588,11.525813884650445,11.227217670022194,-0.29859621462825103,0.2583071,0.21917754,-0.03912956000000001,-0.082648108288413,-0.1015999243983928,-0.0189518161099798,-14.30810269642567,-13.095975179643268,1.2121275167824024,9.918949746400026,9.635079955974051,0.6361371555496546,0.6169129369290133,0.5026261286860771,0.6845793315940524,89.29475,77.11022,1.9508259,1.887112,0.1816880619628945,0.1527145092320695,-2.3535011757318847,-2.573931741773288
645160,1447,4,1.7204232503343395,10.67288893942914,10.891266785600646,0.21837784617150646,11.525813884650445,11.45116483099338,-0.07464905365706542,0.2583071,0.2838296,0.025522500000000004,-0.082648108288413,-0.1985099374064493,-0.11586182911803629,-14.30810269642567,-13.049710138427283,1.2583925579983877,9.918949746400026,9.719443902647926,0.6361371555496546,0.6301166461410381,0.5026261286860771,0.7812152553018131,89.29475,125.0142,1.9508259,2.0969596,0.1816880619628945,0.5754809010402508,-2.3535011757318847,-2.1683872359421774
645160,14295,5,1.7717868490997084,10.67288893942914,10.357210186384023,-0.31567875304511617,11.525813884650445,11.630322559770333,0.10450867511988804,0.2583071,0.282396,0.02408889999999997,-0.082648108288413,-0.2347390909403277,-0.15209098265191467,-14.30810269642567,-13.497924772250228,0.8101779241754432,9.918949746400026,9.200363634791206,0.6361371555496546,0.6245153530793502,0.5026261286860771,0.7712310343952122,89.29475,64.79642,1.9508259,1.811551,0.1816880619628945,0.1617239080706871,-2.3535011757318847,-2.371134794778888
702000,591516,1,0.8725048770573399,10.968847882693208,11.018378085428518,0.04953020273531017,10.943551266125358,11.077919562708068,0.13436829658271066,0.29212287,0.2788852,-0.01323766999999998,-0.0997293063653456,-0.1697982840073132,-0.0700689776419676,-12.517194248619376,-11.953776284350754,0.5634179642686217,9.885895701063433,9.749669707780871,0.6161241624593478,0.6236500712661729,0.7219681210865181,0.845805585098431,113.81176,148.03888,2.0561874,2.170376,0.5493000122292537,0.6048157755516226,-2.298690861103105,-2.063341993728588
702000,1411684,2,0.9216730302603106,10.968847882693208,10.728262198781415,-0.24058568391179236,10.943551266125358,10.988340698319597,0.044789432194239254,0.29212287,0.31509143,0.022968560000000027,-0.0997293063653456,-0.1293371332565865,-0.02960782689124089,-12.517194248619376,-12.106065500820714,0.4111287477986618,9.885895701063433,9.740565591518882,0.6161241624593478,0.6485807540199461,0.7219681210865181,0.6584644048416888,113.81176,108.23333,2.0561874,2.0343611,0.5493000122292537,0.5010676776554599,-2.298690861103105,-2.1654737187509827
702000,1447,3,1.1702146997347362,10.968847882693208,10.891266785600646,-0.07758109709256189,10.943551266125358,11.45116483099338,0.5076135648680218,0.29212287,0.2838296,-0.008293269999999964,-0.0997293063653456,-0.1985099374064493,-0.09878063104110368,-12.517194248619376,-13.049710138427283,-0.5325158898079074,9.885895701063433,9.719443902647926,0.6161241624593478,0.6301166461410381,0.7219681210865181,0.7812152553018131,113.81176,125.0142,2.0561874,2.0969596,0.5493000122292537,0.5754809010402508,-2.298690861103105,-2.1683872359421774
702000,39462,4,1.2568343940551323,10.968847882693208,10.706152615857183,-0.2626952668360243,10.943551266125358,11.600462938307508,0.6569116721821509,0.29212287,0.30483374,0.01271087000000004,-0.0997293063653456,-0.1589674363556313,-0.05923812999028569,-12.517194248619376,-11.98194714193442,0.535247106684956,9.885895701063433,9.588326212811742,0.6161241624593478,0.6747854291495544,0.7219681210865181,0.7452176020302943,113.81176,89.046326,2.0561874,1.9496161,0.5493000122292537,0.3015395898166323,-2.298690861103105,-2.185192058517881
702000,87007,5,1.3734329287691631,10.968847882693208,11.001136651021826,0.032288768328617934,10.943551266125358,11.73483123489022,0.7912799687648633,0.29212287,0.30717313,0.015050260000000037,-0.0997293063653456,-0.2008595976838085,-0.1011302913184629,-12.517194248619376,-12.096069785913462,0.4211244627059134,9.885895701063433,9.527880578789471,0.6161241624593478,0.6390490587279235,0.7219681210865181,0.9821707148215698,113.81176,175.4683,2.0561874,2.2441988,0.5493000122292537,0.727497271106097,-2.298690861103105,-1.973730754011152
717639,813650,1,0.7166164121613479,10.505355484008726,10.333480709354207,-0.17187477465451906,11.033130130513833,11.45116483099338,0.41803470047954683,0.22711185,0.2386696,0.011557750000000006,-0.1129960603033624,-0.1293371332565865,-0.016341072953224095,-12.198484372834043,-12.119689453743709,0.07879491909033476,9.755333571110809,9.698313385396531,0.6098542589930279,0.6314186999791817,0.500014608598612,0.4234448826384523,77.239944,63.442184,1.8878419,1.8023782,0.1084271322090061,0.105804192947798,-2.392634891981273,-2.473028521767616
717639,481813,2,0.7795909407141542,10.505355484008726,10.340504492881172,-0.16485099112755464,11.033130130513833,11.227217670022194,0.19408753950836122,0.22711185,0.25034127,0.02322942,-0.1129960603033624,-0.1117149547080051,0.0012811055953572958,-12.198484372834043,-11.883977938322609,0.31450643451143456,9.755333571110809,9.696030700321566,0.6098542589930279,0.6063854464961596,0.500014608598612,0.4296491950397372,77.239944,58.98952,1.8878419,1.7707748,0.1084271322090061,0.0600055066557569,-2.392634891981273,-2.5132569138199443
717639,52429,3,0.9577887544974337,10.505355484008726,10.66194895336513,0.1565934693564035,11.033130130513833,11.227217670022194,0.19408753950836122,0.22711185,0.21917754,-0.00793431,-0.1129960603033624,-0.1015999243983928,0.011396135904969601,-12.198484372834043,-13.095975179643268,-0.8974908068092251,9.755333571110809,9.635079955974051,0.6098542589930279,0.6169129369290133,0.500014608598612,0.6845793315940524,77.239944,77.11022,1.8878419,1.887112,0.1084271322090061,0.1527145092320695,-2.392634891981273,-2.573931741773288
717639,2342292,4,1.174050075841745,10.505355484008726,10.41042704621902,-0.09492843778970617,11.033130130513833,10.988340698319597,-0.0447894321942357,0.22711185,0.27075872,0.043646870000000004,-0.1129960603033624,-0.1525962538996909,-0.03960019359632849,-12.198484372834043,-11.863458943750686,0.3350254290833572,9.755333571110809,9.37742197467471,0.6098542589930279,0.636423827633617,0.500014608598612,0.6886700476962069,77.239944,60.614067,1.8878419,1.7825735,0.1084271322090061,0.1625914657913543,-2.392634891981273,-2.293638092057154
717639,339605,5,1.195893701485508,10.505355484008726,10.481403352883198,-0.023952131125527742,11.033130130513833,11.406375398799144,0.3732452682853111,0.22711185,0.23552722,0.008415370000000005,-0.1129960603033624,-0.1690677632599572,-0.056071702956594804,-12.198484372834043,-13.270268340916438,-1.0717839680823946,9.755333571110809,9.378948251859434,0.6098542589930279,0.6246985665295753,0.500014608598612,0.734970067349176,77.239944,62.005783,1.8878419,1.7924322,0.1084271322090061,0.130375398185164,-2.392634891981273,-2.367662091803338
769618,440402,1,1.6203737266794895,10.82301122205569,10.44766607586731,-0.3753451461883799,11.033130130513833,11.167498427096543,0.13436829658271066,0.27500212,0.28602964,0.011027519999999957,0.0121030213249989,-0.141495471106774,-0.1535984924317729,-11.23756652836885,-11.42177704034548,-0.1842105119766302,10.321596458200776,9.665448726283309,0.6520426553405002,0.6630611435285877,0.3342765092366099,0.5214782330560017,116.92234,73.23085,2.0678978,1.8646941,0.225753103810259,0.2073622957177668,-2.4154355414482733,-2.463647331271765
769618,591516,2,1.7424296430685287,10.82301122205569,11.018378085428518,0.19536686337282738,11.033130130513833,11.077919562708068,0.0447894321942357,0.27500212,0.2788852,0.003883079999999983,0.0121030213249989,-0.1697982840073132,-0.1819013053323121,-11.23756652836885,-11.953776284350754,-0.7162097559819038,10.321596458200776,9.749669707780871,0.6520426553405002,0.6236500712661729,0.3342765092366099,0.845805585098431,116.92234,148.03888,2.0678978,2.170376,0.225753103810259,0.6048157755516226,-2.4154355414482733,-2.063341993728588
769618,1411684,3,1.7512199426028459,10.82301122205569,10.728262198781415,-0.09474902327427515,11.033130130513833,10.988340698319597,-0.0447894321942357,0.27500212,0.31509143,0.04008930999999999,0.0121030213249989,-0.1293371332565865,-0.1414401545815854,-11.23756652836885,-12.106065500820714,-0.8684989724518637,10.321596458200776,9.740565591518882,0.6520426553405002,0.6485807540199461,0.3342765092366099,0.6584644048416888,116.92234,108.23333,2.0678978,2.0343611,0.225753103810259,0.5010676776554599,-2.4154355414482733,-2.1654737187509827
769618,481813,4,1.787810238113645,10.82301122205569,10.340504492881172,-0.48250672917451887,11.033130130513833,11.227217670022194,0.19408753950836122,0.27500212,0.25034127,-0.024660850000000012,0.0121030213249989,-0.1117149547080051,-0.123817976033004,-11.23756652836885,-11.883977938322609,-0.6464114099537586,10.321596458200776,9.696030700321566,0.6520426553405002,0.6063854464961596,0.3342765092366099,0.4296491950397372,116.92234,58.98952,2.0678978,1.7707748,0.225753103810259,0.0600055066557569,-2.4154355414482733,-2.5132569138199443
769618,2342292,5,1.8071795451444121,10.82301122205569,10.41042704621902,-0.4125841758366704,11.033130130513833,10.988340698319597,-0.0447894321942357,0.27500212,0.27075872,-0.004243400000000008,0.0121030213249989,-0.1525962538996909,-0.1646992752246898,-11.23756652836885,-11.863458943750686,-0.6258924153818359,10.321596458200776,9.37742197467471,0.6520426553405002,0.636423827633617,0.3342765092366099,0.6886700476962069,116.92234,60.614067,2.0678978,1.7825735,0.225753103810259,0.1625914657913543,-2.4154355414482733,-2.293638092057154
775921,3055207,1,0.8718054679869274,10.218907488217742,10.26317722822714,0.04426974000939765,10.465797322720158,9.973113568583546,-0.49268375413661225,0.23235893,0.23275149,0.000392560000000014,-0.1181586112206836,-0.1816568905679776,-0.063498279347294,-11.336412201386898,-10.952221812825616,0.3841903885612812,9.828257307265586,9.233232969155631,0.6014065745857468,0.6136808702168888,0.2604334539681036,0.6866295060476701,63.642345,47.361374,1.8037462,1.6754245,0.1131468234075399,0.0464491180079453,-2.710295450193521,-2.3787394958214527
775921,481813,2,1.1534678495649615,10.218907488217742,10.340504492881172,0.12159700466343004,10.465797322720158,11.227217670022194,0.7614203473020353,0.23235893,0.25034127,0.017982340000000013,-0.1181586112206836,-0.1117149547080051,0.006443656512678489,-11.336412201386898,-11.883977938322609,-0.5475657369357112,9.828257307265586,9.696030700321566,0.6014065745857468,0.6063854464961596,0.2604334539681036,0.4296491950397372,63.642345,58.98952,1.8037462,1.7707748,0.1131468234075399,0.0600055066557569,-2.710295450193521,-2.5132569138199443
775921,756488,3,1.1797241294701788,10.218907488217742,10.494088410939002,0.27518092272126005,10.465797322720158,10.002973190046369,-0.46282413267378963,0.23235893,0.2550492,0.022690269999999985,-0.1181586112206836,-0.1511930394902529,-0.0330344282695693,-11.336412201386898,-10.758521434625612,0.5778907667612856,9.828257307265586,9.623855556399011,0.6014065745857468,0.6093760444754209,0.2604334539681036,0.5801552363599942,63.642345,64.58505,1.8037462,1.810132,0.1131468234075399,0.1720221704523069,-2.710295450193521,-2.42486040482441
775921,2342292,4,1.330809374880995,10.218907488217742,10.41042704621902,0.1915195580012785,10.465797322720158,10.988340698319597,0.5225433755994384,0.23235893,0.27075872,0.03839979000000002,-0.1181586112206836,-0.1525962538996909,-0.0344376426790073,-11.336412201386898,-11.863458943750686,-0.5270467423637886,9.828257307265586,9.37742197467471,0.6014065745857468,0.636423827633617,0.2604334539681036,0.6886700476962069,63.642345,60.614067,1.8037462,1.7825735,0.1131468234075399,0.1625914657913543,-2.710295450193521,-2.293638092057154
775921,55787,5,1.3407797788789724,10.218907488217742,10.227025378439922,0.00811789022218079,10.465797322720158,9.360991328595633,-1.1048059941245256,0.23235893,0.23345512,0.0010961899999999969,-0.1181586112206836,-0.1123550351214433,0.005803576099240287,-11.336412201386898,-10.977072797383483,0.35933940400341413,9.828257307265586,9.492912478949004,0.6014065745857468,0.6191937396743034,0.2604334539681036,0.4894085996606108,63.642345,56.700737,1.8037462,1.7535887,0.1131468234075399,0.0273803541492055,-2.710295450193521,-2.677300754900789
813496,49780,1,1.0598803885136825,10.863383238161507,10.626570913827376,-0.23681232433413157,11.361585966604906,11.331726345142082,-0.029859621462824393,0.26832327,0.26450786,-0.003815410000000019,-0.0714284562402138,-0.1764288629063263,-0.10500040666611252,-13.067861497388275,-13.034891739870613,0.0329697575176624,10.027356416486311,9.496352582618035,0.6301922653218894,0.6319006491999953,0.5573512144501312,0.7534788874728949,154.49155,87.47156,2.188905,1.9418669,0.5090968091301858,0.4609505044404558,-2.31534301679295,-2.35336413607482
813496,1447,2,1.146820220494908,10.863383238161507,10.891266785600646,0.027883547439138567,11.361585966604906,11.45116483099338,0.08957886438847318,0.26832327,0.2838296,0.015506330000000013,-0.0714284562402138,-0.1985099374064493,-0.1270814811662355,-13.067861497388275,-13.049710138427283,0.01815135896099207,10.027356416486311,9.719443902647926,0.6301922653218894,0.6301166461410381,0.5573512144501312,0.7812152553018131,154.49155,125.0142,2.188905,2.0969596,0.5090968091301858,0.5754809010402508,-2.31534301679295,-2.1683872359421774
813496,52429,3,1.3190146165285979,10.863383238161507,10.66194895336513,-0.20143428479637748,11.361585966604906,11.227217670022194,-0.13436829658271243,0.26832327,0.21917754,-0.04914573,-0.0714284562402138,-0.1015999243983928,-0.030171468158179005,-13.067861497388275,-13.095975179643268,-0.028113682254993222,10.027356416486311,9.635079955974051,0.6301922653218894,0.6169129369290133,0.5573512144501312,0.6845793315940524,154.49155,77.11022,2.188905,1.887112,0.5090968091301858,0.1527145092320695,-2.31534301679295,-2.573931741773288
813496,591516,4,1.4331152390699822,10.863383238161507,11.018378085428518,0.15499484726701063,11.361585966604906,11.077919562708068,-0.28366640389683795,0.26832327,0.2788852,0.010561929999999997,-0.0714284562402138,-0.1697982840073132,-0.0983698277670994,-13.067861497388275,-11.953776284350754,1.1140852130375212,10.027356416486311,9.749669707780871,0.6301922653218894,0.6236500712661729,0.5573512144501312,0.845805585098431,154.49155,148.03888,2.188905,2.170376,0.5090968091301858,0.6048157755516226,-2.31534301679295,-2.063341993728588
813496,339605,5,1.4795472207728724,10.863383238161507,10.481403352883198,-0.38197988527830873,11.361585966604906,11.406375398799144,0.04478943219423748,0.26832327,0.23552722,-0.03279604999999999,-0.0714284562402138,-0.1690677632599572,-0.09763930701974341,-13.067861497388275,-13.270268340916438,-0.20240684352816274,10.027356416486311,9.378948251859434,0.6301922653218894,0.6246985665295753,0.5573512144501312,0.734970067349176,154.49155,62.005783,2.188905,1.7924322,0.5090968091301858,0.130375398185164,-2.31534301679295,-2.367662091803338
995106,13769,1,0.8892679895535615,10.57561866552784,10.327938133901652,-0.24768053162618742,11.49595426318762,11.764690856353043,0.2687365931654231,0.3058913,0.31591338,0.010022080000000044,-0.0737665210091785,-0.1286715477134328,-0.0549050267042543,-13.407143768411746,-13.131710168213232,0.2754336001985145,10.29144226063457,9.677943615734495,0.6802090174058896,0.6254047189121353,0.1894509365955133,0.4333296787781048,82.514565,91.25185,1.9165306,1.9602417,0.1859756537604235,0.2470889990862103,-2.3548905012740566,-2.081678633503982
995106,12185,2,1.0487770981737905,10.57561866552784,10.537993896638085,-0.037624768889754634,11.49595426318762,11.690041802695982,0.19408753950836122,0.3058913,0.30860662,0.002715320000000021,-0.0737665210091785,-0.1923056250051644,-0.1185391039959859,-13.407143768411746,-13.226234662863192,0.18090910554855455,10.29144226063457,9.555776225985223,0.6802090174058896,0.6501444509825213,0.1894509365955133,0.6548117804352395,82.514565,134.05186,1.9165306,2.127273,0.1859756537604235,0.3026303489853912,-2.3548905012740566,-2.026720606701912
995106,49780,3,1.3888482904500672,10.57561866552784,10.626570913827376,0.05095224829953615,11.49595426318762,11.331726345142082,-0.1642279180455386,0.3058913,0.26450786,-0.041383439999999994,-0.0737665210091785,-0.1764288629063263,-0.1026623418971478,-13.407143768411746,-13.034891739870613,0.3722520285411335,10.29144226063457,9.496352582618035,0.6802090174058896,0.6319006491999953,0.1894509365955133,0.7534788874728949,82.514565,87.47156,1.9165306,1.9418669,0.1859756537604235,0.4609505044404558,-2.3548905012740566,-2.35336413607482
995106,273895,4,1.430616401100282,10.57561866552784,10.148446900680458,-0.4271717648473814,11.49595426318762,11.913988963667167,0.41803470047954683,0.3058913,0.29858935,-0.0073019500000000015,-0.0737665210091785,-0.1647102569857672,-0.09094373597658868,-13.407143768411746,-13.00883435314092,0.39830941527082686,10.29144226063457,9.56698682263212,0.6802090174058896,0.6836118974326965,0.1894509365955133,0.3876400520322257,82.514565,55.461834,1.9165306,1.7439942,0.1859756537604235,0.0883855626478239,-2.3548905012740566,-2.49679790395514
995106,1447,5,1.4435007413103054,10.57561866552784,10.891266785600646,0.3156481200728063,11.49595426318762,11.45116483099338,-0.04478943219424103,0.3058913,0.2838296,-0.022061699999999962,-0.0737665210091785,-0.1985099374064493,-0.12474341639727078,-13.407143768411746,-13.049710138427283,0.35743362998446315,10.29144226063457,9.719443902647926,0.6802090174058896,0.6301166461410381,0.1894509365955133,0.7812152553018131,82.514565,125.0142,1.9165306,2.0969596,0.1859756537604235,0.5754809010402508,-2.3548905012740566,-2.1683872359421774
1125165,765512,1,1.257250671384701,10.63842682246272,10.253354317162271,-0.3850725053004478,8.883237385190434,8.838447952996194,-0.044789432194239254,0.29388118,0.28138664,-0.012494539999999998,-0.0667897527878062,-0.1490966823293371,-0.08230692954153089,-11.02441357355622,-10.603128895601325,0.42128467795489577,9.884487629433604,9.738272442458973,0.6180330776660589,0.6583539923286436,0.5026261286860771,0.3433879164688675,94.074196,61.32815,1.9734706,1.7876599,0.1810015679692175,0.225296488365099,-2.470597842805767,-2.584331224367531
1125165,191081,2,1.266833498496153,10.63842682246272,10.578760861533016,-0.05966596092970278,8.883237385190434,9.614798111029646,0.7315607258392127,0.29388118,0.28619435,-0.007686830000000033,-0.0667897527878062,-0.1683384692482703,-0.10154871646046411,-11.02441357355622,-11.314995630960675,-0.2905820574044551,9.884487629433604,9.442433855876985,0.6180330776660589,0.6289114088051336,0.5026261286860771,0.7575513371040197,94.074196,59.6655,1.9734706,1.7757233,0.1810015679692175,0.1803795907515977,-2.470597842805767,-2.073239900485935
1125165,53398,3,1.3244726529393598,10.63842682246272,10.841961633933904,0.2035348114711848,8.883237385190434,9.838745272000834,0.9555078868104001,0.29388118,0.30534923,0.011468050000000007,-0.0667897527878062,-0.1149248324531869,-0.04813507966538069,-11.02441357355622,-10.902657144810448,0.12175642874577264,9.884487629433604,9.694439716433104,0.6180330776660589,0.6135585099956606,0.5026261286860771,0.7650146116672002,94.074196,108.60246,1.9734706,2.0358398,0.1810015679692175,0.6875654658676301,-2.470597842805767,-2.353738805719852
1125165,1052627,4,1.4200646039849958,10.63842682246272,10.62092540931022,-0.01750141315249998,8.883237385190434,9.898464514926482,1.015227129736049,0.29388118,0.28288692,-0.010994260000000033,-0.0667897527878062,-0.1497943442976881,-0.08300459150988189,-11.02441357355622,-10.846848346782188,0.17756522677403197,9.884487629433604,9.57183453967825,0.6180330776660589,0.6304637685133673,0.5026261286860771,0.6993939130879799,94.074196,67.663765,1.9734706,1.8303562,0.1810015679692175,0.1520516669861019,-2.470597842805767,-2.158413230395664
1125165,756488,5,1.8180943009204713,10.63842682246272,10.494088410939002,-0.14433841152371762,8.883237385190434,10.002973190046369,1.1197358048559352,0.29388118,0.2550492,-0.038831980000000044,-0.0667897527878062,-0.1511930394902529,-0.08440328670244669,-11.02441357355622,-10.758521434625612,0.26589213893060837,9.884487629433604,9.623855556399011,0.6180330776660589,0.6093760444754209,0.5026261286860771,0.5801552363599942,94.074196,64.58505,1.9734706,1.810132,0.1810015679692175,0.1720221704523069,-2.470597842805767,-2.42486040482441
1295671,481813,1,1.1384461119534266,10.481962650425924,10.340504492881172,-0.14145815754475244,10.615095430034282,11.227217670022194,0.6121222399879116,0.26398003,0.25034127,-0.013638759999999972,-0.0426716612508377,-0.1117149547080051,-0.0690432934571674,-11.381268168916757,-11.883977938322609,-0.5027097694058522,10.005177779938451,9.696030700321566,0.6321841526992807,0.6063854464961596,0.3178565803249809,0.4296491950397372,82.34297,58.98952,1.9156265,1.7707748,0.1617248661335482,0.0600055066557569,-2.584331224367531,-2.5132569138199443
1295671,2342292,2,1.1450900878969463,10.481962650425924,10.41042704621902,-0.07153560420690397,10.615095430034282,10.988340698319597,0.3732452682853147,0.26398003,0.27075872,0.006778690000000032,-0.0426716612508377,-0.1525962538996909,-0.1099245926488532,-11.381268168916757,-11.863458943750686,-0.4821907748339296,10.005177779938451,9.37742197467471,0.6321841526992807,0.636423827633617,0.3178565803249809,0.6886700476962069,82.34297,60.614067,1.9156265,1.7825735,0.1617248661335482,0.1625914657913543,-2.584331224367531,-2.293638092057154
1295671,440402,3,1.1895599992313481,10.481962650425924,10.44766607586731,-0.03429657455861346,10.615095430034282,11.167498427096543,0.552402997062261,0.26398003,0.28602964,0.022049609999999997,-0.0426716612508377,-0.141495471106774,-0.09882380985593629,-11.381268168916757,-11.42177704034548,-0.040508871428723836,10.005177779938451,9.665448726283309,0.6321841526992807,0.6630611435285877,0.3178565803249809,0.5214782330560017,82.34297,73.23085,1.9156265,1.8646941,0.1617248661335482,0.2073622957177668,-2.584331224367531,-2.463647331271765
1295671,756488,4,1.3177117491104895,10.481962650425924,10.494088410939002,0.012125760513077566,10.615095430034282,10.002973190046369,-0.6121222399879134,0.26398003,0.2550492,-0.00893083,-0.0426716612508377,-0.1511930394902529,-0.1085213782394152,-11.381268168916757,-10.758521434625612,0.6227467342911446,10.005177779938451,9.623855556399011,0.6321841526992807,0.6093760444754209,0.3178565803249809,0.5801552363599942,82.34297,64.58505,1.9156265,1.810132,0.1617248661335482,0.1720221704523069,-2.584331224367531,-2.42486040482441
1295671,1423833,5,1.427611499114405,10.481962650425924,10.376158924257885,-0.10580372616803935,10.615095430034282,10.49565694418298,-0.1194384858513029,0.26398003,0.30817392,0.04419389000000001,-0.0426716612508377,-0.1477047116444315,-0.1050330503935938,-11.381268168916757,-11.236075426574343,0.14519274234241308,10.005177779938451,9.659179480951044,0.6321841526992807,0.6698063463058056,0.3178565803249809,0.4779862955378938,82.34297,72.26073,1.9156265,1.8589023,0.1617248661335482,0.1044257024872591,-2.584331224367531,-2.37003561264162
1451575,1411684,1,1.747511216964662,11.00584631975334,10.728262198781415,-0.277584120971925,11.61539274903892,10.988340698319597,-0.6270520507193229,0.33212906,0.31509143,-0.01703762999999997,0.0332236083495595,-0.1293371332565865,-0.162560741606146,-12.046904073862123,-12.106065500820714,-0.059161426958590724,10.271733420262423,9.740565591518882,0.6649807873984348,0.6485807540199461,0.4894085996606108,0.6584644048416888,131.38313,108.23333,2.1185398,2.0343611,0.32326423872023,0.5010676776554599,-1.9353776325454068,-2.1654737187509827
1451575,39462,2,1.898844574154361,11.00584631975334,10.706152615857183,-0.2996937038961569,11.61539274903892,11.600462938307508,-0.014929810731411308,0.33212906,0.30483374,-0.027295319999999956,0.0332236083495595,-0.1589674363556313,-0.1921910447051908,-12.046904073862123,-11.98194714193442,0.06495693192770347,10.271733420262423,9.588326212811742,0.6649807873984348,0.6747854291495544,0.4894085996606108,0.7452176020302943,131.38313,89.046326,2.1185398,1.9496161,0.32326423872023,0.3015395898166323,-1.9353776325454068,-2.185192058517881
1451575,87007,3,2.0778360558870648,11.00584631975334,11.001136651021826,-0.004709668731514682,11.61539274903892,11.73483123489022,0.11943848585130112,0.33212906,0.30717313,-0.02495592999999996,0.0332236083495595,-0.2008595976838085,-0.23408320603336802,-12.046904073862123,-12.096069785913462,-0.04916571205133913,10.271733420262423,9.527880578789471,0.6649807873984348,0.6390490587279235,0.4894085996606108,0.9821707148215698,131.38313,175.4683,2.1185398,2.2441988,0.32326423872023,0.727497271106097,-1.9353776325454068,-1.973730754011152
1451575,11518,4,2.2328993708639717,11.00584631975334,10.811126157839263,-0.19472016191407704,11.61539274903892,11.122708994902307,-0.49268375413661225,0.33212906,0.323939,-0.008190059999999999,0.0332236083495595,-0.2032220394942629,-0.2364456478438224,-12.046904073862123,-11.3720256205029,0.6748784533592236,10.271733420262423,9.55675150967094,0.6649807873984348,0.6773868908797168,0.4894085996606108,0.8362497654455484,131.38313,110.01596,2.1185398,2.041456,0.32326423872023,0.5317671514020326,-1.9353776325454068,-2.0563485878441607
1451575,591516,5,2.241802864840083,11.00584631975334,11.018378085428518,0.012531765675177553,11.61539274903892,11.077919562708068,-0.5374731863308515,0.33212906,0.2788852,-0.053243859999999976,0.0332236083495595,-0.1697982840073132,-0.2030218923568727,-12.046904073862123,-11.953776284350754,0.09312778951136913,10.271733420262423,9.749669707780871,0.6649807873984348,0.6236500712661729,0.4894085996606108,0.845805585098431,131.38313,148.03888,2.1185398,2.170376,0.32326423872023,0.6048157755516226,-1.9353776325454068,-2.063341993728588
1568419,2342292,1,0.8656944668461419,10.494631618616951,10.41042704621902,-0.08420457239793144,10.70467429442276,10.988340698319597,0.2836664038968362,0.26480675,0.27075872,0.005951970000000029,-0.0633429530930264,-0.1525962538996909,-0.08925330080666449,-11.78303450942694,-11.863458943750686,-0.08042443432374569,10.15283591220984,9.37742197467471,0.6116856779612636,0.636423827633617,0.227863804271408,0.6886700476962069,74.02519,60.614067,1.8693795,1.7825735,0.2210540699129655,0.1625914657913543,-2.4885083070006884,-2.293638092057154
1568419,481813,2,0.9013692318692808,10.494631618616951,10.340504492881172,-0.1541271257357799,10.70467429442276,11.227217670022194,0.5225433755994331,0.26480675,0.25034127,-0.014465479999999975,-0.0633429530930264,-0.1117149547080051,-0.048372001614978705,-11.78303450942694,-11.883977938322609,-0.10094342889566832,10.15283591220984,9.696030700321566,0.6116856779612636,0.6063854464961596,0.227863804271408,0.4296491950397372,74.02519,58.98952,1.8693795,1.7707748,0.2210540699129655,0.0600055066557569,-2.4885083070006884,-2.5132569138199443
1568419,440402,3,1.0585522961391383,10.494631618616951,10.44766607586731,-0.04696554274964093,10.70467429442276,11.167498427096543,0.46282413267378253,0.26480675,0.28602964,0.021222889999999994,-0.0633429530930264,-0.141495471106774,-0.07815251801374759,-11.78303450942694,-11.42177704034548,0.36125746908146006,10.15283591220984,9.665448726283309,0.6116856779612636,0.6630611435285877,0.227863804271408,0.5214782330560017,74.02519,73.23085,1.8693795,1.8646941,0.2210540699129655,0.2073622957177668,-2.4885083070006884,-2.463647331271765
1568419,813650,4,1.3141062303493964,10.494631618616951,10.333480709354207,-0.16115090926274434,10.70467429442276,11.45116483099338,0.7464905365706187,0.26480675,0.2386696,-0.02613714999999997,-0.0633429530930264,-0.1293371332565865,-0.0659941801635601,-11.78303450942694,-12.119689453743709,-0.3366549443167681,10.15283591220984,9.698313385396531,0.6116856779612636,0.6314186999791817,0.227863804271408,0.4234448826384523,74.02519,63.442184,1.8693795,1.8023782,0.2210540699129655,0.105804192947798,-2.4885083070006884,-2.473028521767616
1568419,1205136,5,1.3831097536641535,10.494631618616951,10.445239843401184,-0.0493917752157671,10.70467429442276,10.65988486222852,-0.04478943219424103,0.26480675,0.30927885,0.044472100000000014,-0.0633429530930264,-0.1532995649552651,-0.08995661186223869,-11.78303450942694,-11.35231073192427,0.43072377750267066,10.15283591220984,9.591550328939263,0.6116856779612636,0.6632527310407051,0.227863804271408,0.5691263429746131,74.02519,71.274994,1.8693795,1.8529372,0.2210540699129655,0.2891538701317602,-2.4885083070006884,-2.413749060096625
1950115,1411684,1,1.163511939791445,10.860587341282631,10.728262198781415,-0.13232514250121596,11.19735804855937,10.988340698319597,-0.20901735023977253,0.28824824,0.31509143,0.026843190000000017,-0.0271307804385816,-0.1293371332565865,-0.1022063528180049,-11.947402585952087,-12.106065500820714,-0.15866291486862671,10.129703403658322,9.740565591518882,0.6103629922430767,0.6485807540199461,0.487255958416207,0.6584644048416888,157.72446,108.23333,2.1978993,2.0343611,0.378179404190578,0.5010676776554599,-2.165135138047442,-2.1654737187509827
1950115,591516,2,1.2938312294825585,10.860587341282631,11.018378085428518,0.15779074414588656,11.19735804855937,11.077919562708068,-0.11943848585130112,0.28824824,0.2788852,-0.00936303999999999,-0.0271307804385816,-0.1697982840073132,-0.1426675035687316,-11.947402585952087,-11.953776284350754,-0.0063736983986668605,10.129703403658322,9.749669707780871,0.6103629922430767,0.6236500712661729,0.487255958416207,0.845805585098431,157.72446,148.03888,2.1978993,2.170376,0.378179404190578,0.6048157755516226,-2.165135138047442,-2.063341993728588
1950115,39462,3,1.3305079615863855,10.860587341282631,10.706152615857183,-0.1544347254254479,11.19735804855937,11.600462938307508,0.4031048897481391,0.28824824,0.30483374,0.01658550000000003,-0.0271307804385816,-0.1589674363556313,-0.13183665591704968,-11.947402585952087,-11.98194714193442,-0.034544555982332525,10.129703403658322,9.588326212811742,0.6103629922430767,0.6747854291495544,0.487255958416207,0.7452176020302943,157.72446,89.046326,2.1978993,1.9496161,0.378179404190578,0.3015395898166323,-2.165135138047442,-2.185192058517881
1950115,440402,4,1.4674783363238224,10.860587341282631,10.44766607586731,-0.4129212654153207,11.19735804855937,11.167498427096543,-0.02985962146282617,0.28824824,0.28602964,-0.002218600000000015,-0.0271307804385816,-0.141495471106774,-0.1143646906681924,-11.947402585952087,-11.42177704034548,0.5256255456066068,10.129703403658322,9.665448726283309,0.6103629922430767,0.6630611435285877,0.487255958416207,0.5214782330560017,157.72446,73.23085,2.1978993,1.8646941,0.378179404190578,0.2073622957177668,-2.165135138047442,-2.463647331271765
1950115,2342292,5,1.5930161606724884,10.860587341282631,10.41042704621902,-0.4501602950636112,11.19735804855937,10.988340698319597,-0.20901735023977253,0.28824824,0.27075872,-0.01748951999999998,-0.0271307804385816,-0.1525962538996909,-0.12546547346110928,-11.947402585952087,-11.863458943750686,0.08394364220140105,10.129703403658322,9.37742197467471,0.6103629922430767,0.636423827633617,0.487255958416207,0.6886700476962069,157.72446,60.614067,2.1978993,1.7825735,0.378179404190578,0.1625914657913543,-2.165135138047442,-2.293638092057154
2687587,1423833,1,0.8862799704859039,10.518398340574702,10.376158924257885,-0.14223941631681747,10.406078079794508,10.49565694418298,0.0895788643884714,0.28575462,0.30817392,0.022419299999999975,-0.0802618688680508,-0.1477047116444315,-0.0674428427763807,-11.44668651196115,-11.236075426574343,0.21061108538680706,10.042809873954925,9.659179480951044,0.6543468626512038,0.6698063463058056,0.3170589777465183,0.4779862955378938,78.54747,72.26073,1.8951322,1.8589023,0.2454674174224893,0.1044257024872591,-2.538522341051112,-2.37003561264162
2687587,1205136,2,0.9133725784780491,10.518398340574702,10.445239843401184,-0.07315849717351774,10.406078079794508,10.65988486222852,0.2538067824340118,0.28575462,0.30927885,0.02352422999999998,-0.0802618688680508,-0.1532995649552651,-0.07303769608721429,-11.44668651196115,-11.35231073192427,0.09437578003688074,10.042809873954925,9.591550328939263,0.6543468626512038,0.6632527310407051,0.3170589777465183,0.5691263429746131,78.54747,71.274994,1.8951322,1.8529372,0.2454674174224893,0.2891538701317602,-2.538522341051112,-2.413749060096625
2687587,1052627,3,1.0347833851728188,10.518398340574702,10.62092540931022,0.10252706873551709,10.406078079794508,9.898464514926482,-0.5076135648680253,0.28575462,0.28288692,-0.0028677000000000286,-0.0802618688680508,-0.1497943442976881,-0.0695324754296373,-11.44668651196115,-10.846848346782188,0.5998381651789622,10.042809873954925,9.57183453967825,0.6543468626512038,0.6304637685133673,0.3170589777465183,0.6993939130879799,78.54747,67.663765,1.8951322,1.8303562,0.2454674174224893,0.1520516669861019,-2.538522341051112,-2.158413230395664
2687587,440402,4,1.04823019072929,10.518398340574702,10.44766607586731,-0.07073226470739158,10.406078079794508,11.167498427096543,0.7614203473020353,0.28575462,0.28602964,0.0002750199999999592,-0.0802618688680508,-0.141495471106774,-0.06123360223872319,-11.44668651196115,-11.42177704034548,0.024909471615670142,10.042809873954925,9.665448726283309,0.6543468626512038,0.6630611435285877,0.3170589777465183,0.5214782330560017,78.54747,73.23085,1.8951322,1.8646941,0.2454674174224893,0.2073622957177668,-2.538522341051112,-2.463647331271765
2687587,2342292,5,1.0901774456619244,10.518398340574702,10.41042704621902,-0.10797129435568209,10.406078079794508,10.988340698319597,0.582262618525089,0.28575462,0.27075872,-0.014995900000000006,-0.0802618688680508,-0.1525962538996909,-0.0723343850316401,-11.44668651196115,-11.863458943750686,-0.4167724317895356,10.042809873954925,9.37742197467471,0.6543468626512038,0.636423827633617,0.3170589777465183,0.6886700476962069,78.54747,60.614067,1.8951322,1.7825735,0.2454674174224893,0.1625914657913543,-2.538522341051112,-2.293638092057154
3198019,55787,1,1.5165471026742987,10.642307942858052,10.227025378439922,-0.4152825644181295,8.972816249578909,9.360991328595633,0.3881750790167242,0.25630334,0.23345512,-0.022848220000000002,-0.0080774631637939,-0.1123550351214433,-0.1042775719576494,-10.838921222887665,-10.977072797383483,-0.1381515744958186,10.30124791323478,9.492912478949004,0.6124418973164785,0.6191937396743034,0.2273733530821827,0.4894085996606108,99.62191,56.700737,1.998355,1.7535887,0.2364810784596989,0.0273803541492055,-2.714713293422216,-2.677300754900789
3198019,765512,2,1.6538708675059568,10.642307942858052,10.253354317162271,-0.3889536256957804,8.972816249578909,8.838447952996194,-0.1343682965827142,0.25630334,0.28138664,0.02508330000000003,-0.0080774631637939,-0.1490966823293371,-0.1410192191655432,-10.838921222887665,-10.603128895601325,0.23579232728634025,10.30124791323478,9.738272442458973,0.6124418973164785,0.6583539923286436,0.2273733530821827,0.3433879164688675,99.62191,61.32815,1.998355,1.7876599,0.2364810784596989,0.225296488365099,-2.714713293422216,-2.584331224367531
3198019,1052627,3,1.7437647561838212,10.642307942858052,10.62092540931022,-0.021382533547832594,8.972816249578909,9.898464514926482,0.9256482653475739,0.25630334,0.28288692,0.026583579999999996,-0.0080774631637939,-0.1497943442976881,-0.1417168811338942,-10.838921222887665,-10.846848346782188,-0.007927123894523547,10.30124791323478,9.57183453967825,0.6124418973164785,0.6304637685133673,0.2273733530821827,0.6993939130879799,99.62191,67.663765,1.998355,1.8303562,0.2364810784596989,0.1520516669861019,-2.714713293422216,-2.158413230395664
3198019,756488,4,1.7512812535517166,10.642307942858052,10.494088410939002,-0.14821953191905024,8.972816249578909,10.002973190046369,1.0301569404674602,0.25630334,0.2550492,-0.0012541400000000147,-0.0080774631637939,-0.1511930394902529,-0.143115576326459,-10.838921222887665,-10.758521434625612,0.08039978826205285,10.30124791323478,9.623855556399011,0.6124418973164785,0.6093760444754209,0.2273733530821827,0.5801552363599942,99.62191,64.58505,1.998355,1.810132,0.2364810784596989,0.1720221704523069,-2.714713293422216,-2.42486040482441
3198019,191081,5,1.77461265923498,10.642307942858052,10.578760861533016,-0.06354708132503539,8.972816249578909,9.614798111029646,0.6419818614507378,0.25630334,0.28619435,0.029891009999999996,-0.0080774631637939,-0.1683384692482703,-0.1602610060844764,-10.838921222887665,-11.314995630960675,-0.4760744080730106,10.30124791323478,9.442433855876985,0.6124418973164785,0.6289114088051336,0.2273733530821827,0.7575513371040197,99.62191,59.6655,1.998355,1.7757233,0.2364810784596989,0.1803795907515977,-2.714713293422216,-2.073239900485935
3471263,481813,1,0.9277344393394904,10.38602967828418,10.340504492881172,-0.045525185403008095,11.077919562708068,11.227217670022194,0.14929810731412552,0.2658531,0.25034127,-0.015511830000000004,-0.0203407103582302,-0.1117149547080051,-0.0913742443497749,-12.188425183766954,-11.883977938322609,0.3044472454443454,9.980542709129484,9.696030700321566,0.6077150067294418,0.6063854464961596,0.2703246461031303,0.4296491950397372,84.72173,58.98952,1.9279948,1.7707748,0.1571863726697915,0.0600055066557569,-2.5205829355971874,-2.5132569138199443
3471263,2342292,2,1.1714100298975119,10.38602967828418,10.41042704621902,0.024397367934840375,11.077919562708068,10.988340698319597,-0.0895788643884714,0.2658531,0.27075872,0.004905619999999999,-0.0203407103582302,-0.1525962538996909,-0.13225554354146069,-12.188425183766954,-11.863458943750686,0.32496624001626806,9.980542709129484,9.37742197467471,0.6077150067294418,0.636423827633617,0.2703246461031303,0.6886700476962069,84.72173,60.614067,1.9279948,1.7825735,0.1571863726697915,0.1625914657913543,-2.5205829355971874,-2.293638092057154
3471263,813650,3,1.223757072500627,10.38602967828418,10.333480709354207,-0.05254896892997252,11.077919562708068,11.45116483099338,0.3732452682853111,0.2658531,0.2386696,-0.0271835,-0.0203407103582302,-0.1293371332565865,-0.10899642289835629,-12.188425183766954,-12.119689453743709,0.06873573002324562,9.980542709129484,9.698313385396531,0.6077150067294418,0.6314186999791817,0.2703246461031303,0.4234448826384523,84.72173,63.442184,1.9279948,1.8023782,0.1571863726697915,0.105804192947798,-2.5205829355971874,-2.473028521767616
3471263,440402,4,1.3488658096615376,10.38602967828418,10.44766607586731,0.061636397583130886,11.077919562708068,11.167498427096543,0.08957886438847495,0.2658531,0.28602964,0.020176539999999965,-0.0203407103582302,-0.141495471106774,-0.12115476074854378,-12.188425183766954,-11.42177704034548,0.7666481434214738,9.980542709129484,9.665448726283309,0.6077150067294418,0.6630611435285877,0.2703246461031303,0.5214782330560017,84.72173,73.23085,1.9279948,1.8646941,0.1571863726697915,0.2073622957177668,-2.5205829355971874,-2.463647331271765
3471263,49780,5,1.6652616904835444,10.38602967828418,10.626570913827376,0.24054123554319595,11.077919562708068,11.331726345142082,0.25380678243401356,0.2658531,0.26450786,-0.0013452400000000253,-0.0203407103582302,-0.1764288629063263,-0.1560881525480961,-12.188425183766954,-13.034891739870613,-0.8464665561036586,9.980542709129484,9.496352582618035,0.6077150067294418,0.6319006491999953,0.2703246461031303,0.7534788874728949,84.72173,87.47156,1.9279948,1.9418669,0.1571863726697915,0.4609505044404558,-2.5205829355971874,-2.35336413607482
4107179,1411684,1,0.8826157513302388,10.850657475810076,10.728262198781415,-0.12239527702866049,10.809182969542643,10.988340698319597,0.17915772877695346,0.30167207,0.31509143,0.013419359999999991,-0.0454082454908302,-0.1293371332565865,-0.0839288877657563,-11.894007026698445,-12.106065500820714,-0.2120584741222693,9.902317891888003,9.740565591518882,0.6215625423296004,0.6485807540199461,0.6322263892813808,0.6584644048416888,150.12706,108.23333,2.176459,2.0343611,0.4114773243556779,0.5010676776554599,-2.4039564781629137,-2.1654737187509827
4107179,591516,2,1.2955505538473935,10.850657475810076,11.018378085428518,0.16772060961844204,10.809182969542643,11.077919562708068,0.26873659316542486,0.30167207,0.2788852,-0.022786870000000015,-0.0454082454908302,-0.1697982840073132,-0.124390038516483,-11.894007026698445,-11.953776284350754,-0.05976925765230945,9.902317891888003,9.749669707780871,0.6215625423296004,0.6236500712661729,0.6322263892813808,0.845805585098431,150.12706,148.03888,2.176459,2.170376,0.4114773243556779,0.6048157755516226,-2.4039564781629137,-2.063341993728588
4107179,39462,3,1.3862852014070794,10.850657475810076,10.706152615857183,-0.14450485995289242,10.809182969542643,11.600462938307508,0.7912799687648651,0.30167207,0.30483374,0.0031616700000000053,-0.0454082454908302,-0.1589674363556313,-0.1135591908648011,-11.894007026698445,-11.98194714193442,-0.08794011523597511,9.902317891888003,9.588326212811742,0.6215625423296004,0.6747854291495544,0.6322263892813808,0.7452176020302943,150.12706,89.046326,2.176459,1.9496161,0.4114773243556779,0.3015395898166323,-2.4039564781629137,-2.185192058517881
4107179,1205136,4,1.4457122444037067,10.850657475810076,10.445239843401184,-0.4054176324088914,10.809182969542643,10.65988486222852,-0.14929810731412374,0.30167207,0.30927885,0.00760677999999998,-0.0454082454908302,-0.1532995649552651,-0.10789131946443489,-11.894007026698445,-11.35231073192427,0.5416962947741748,9.902317891888003,9.591550328939263,0.6215625423296004,0.6632527310407051,0.6322263892813808,0.5691263429746131,150.12706,71.274994,2.176459,1.8529372,0.4114773243556779,0.2891538701317602,-2.4039564781629137,-2.413749060096625
4107179,440402,5,1.4501157805117126,10.850657475810076,10.44766607586731,-0.4029913999427652,10.809182969542643,11.167498427096543,0.3583154575538998,0.30167207,0.28602964,-0.01564243000000004,-0.0454082454908302,-0.141495471106774,-0.0960872256159438,-11.894007026698445,-11.42177704034548,0.4722299863529642,9.902317891888003,9.665448726283309,0.6215625423296004,0.6630611435285877,0.6322263892813808,0.5214782330560017,150.12706,73.23085,2.176459,1.8646941,0.4114773243556779,0.2073622957177668,-2.4039564781629137,-2.463647331271765
10223610,3055207,1,0.8511215585606313,10.162084571506908,10.26317722822714,0.10109265672023149,10.211990540286145,9.973113568583546,-0.2388769717025987,0.25949222,0.23275149,-0.02674072999999999,-0.1387640502673444,-0.1816568905679776,-0.0428928403006332,-11.158300103005796,-10.952221812825616,0.2060782901801801,9.753272216249949,9.233232969155631,0.6176055146725293,0.6136808702168888,0.272541570171307,0.6866295060476701,59.874496,47.361374,1.777242,1.6754245,0.1187469094824708,0.0464491180079453,-2.643826789056895,-2.3787394958214527
10223610,756488,2,0.9220483868566944,10.162084571506908,10.494088410939002,0.3320038394320939,10.211990540286145,10.002973190046369,-0.20901735023977608,0.25949222,0.2550492,-0.00444302000000002,-0.1387640502673444,-0.1511930394902529,-0.012428989222908499,-11.158300103005796,-10.758521434625612,0.3997786683801845,9.753272216249949,9.623855556399011,0.6176055146725293,0.6093760444754209,0.272541570171307,0.5801552363599942,59.874496,64.58505,1.777242,1.810132,0.1187469094824708,0.1720221704523069,-2.643826789056895,-2.42486040482441
10223610,44663,3,1.2107865766399315,10.162084571506908,10.479158931960743,0.3170743604538355,10.211990540286145,9.88353470419507,-0.3284558360910754,0.25949222,0.26249093,0.0029987100000000155,-0.1387640502673444,-0.2377210167045874,-0.098956966437243,-11.158300103005796,-10.962224321372863,0.19607578163293304,9.753272216249949,9.287090736593642,0.6176055146725293,0.620560470015476,0.272541570171307,0.7947121302447352,59.874496,83.2639,1.777242,1.9204568,0.1187469094824708,0.1728787522838071,-2.643826789056895,-2.369514819021931
10223610,55787,4,1.224478499469966,10.162084571506908,10.227025378439922,0.06494080693301463,10.211990540286145,9.360991328595633,-0.8509992116905121,0.25949222,0.23345512,-0.026037100000000007,-0.1387640502673444,-0.1123550351214433,0.02640901514590109,-11.158300103005796,-10.977072797383483,0.18122730562231304,9.753272216249949,9.492912478949004,0.6176055146725293,0.6191937396743034,0.272541570171307,0.4894085996606108,59.874496,56.700737,1.777242,1.7535887,0.1187469094824708,0.0273803541492055,-2.643826789056895,-2.677300754900789
10223610,2342292,5,1.3012042797921024,10.162084571506908,10.41042704621902,0.24834247471211235,10.211990540286145,10.988340698319597,0.776350158033452,0.25949222,0.27075872,0.011266500000000013,-0.1387640502673444,-0.1525962538996909,-0.013832203632346496,-11.158300103005796,-11.863458943750686,-0.7051588407448897,9.753272216249949,9.37742197467471,0.6176055146725293,0.636423827633617,0.272541570171307,0.6886700476962069,59.874496,60.614067,1.777242,1.7825735,0.1187469094824708,0.1625914657913543,-2.643826789056895,-2.293638092057154
