subhalo_id,stellar_mass_current,stellar_halfmass_radius_kpc,compactness,DoR_choice
7,63.96801020450948,10.8184814453125,0.25471338487989037,0.22836243849969248
9,5.138086431012198,1.6918182373046875,0.3682708522107072,0.1592110405775057
91,14.96098506036651,5.57708740234375,0.05534901325829322,0.4902076477053641
126,94.17178998966848,11.2152099609375,0.399209712749111,0.35312053133179266
143,133.32824763466488,10.55908203125,0.5894829253612706,0.24418071905268765
272,5.0051154009925085,2.3040771484375,0.15566857028495262,0.2675902794583418
308,3.842599846917437,2.00653076171875,0.13095642781385752,0.2796057253097967
362,14.818435945249805,3.80706787109375,0.29991643818944846,0.36406488884439353
391,5.1197346831686446,1.590728759765625,0.40685325585257043,0.32964461907904175
433,12.448079740941466,4.5013427734375,0.11508923366243473,0.40626314358352905
450,8.923325440759072,3.101348876953125,0.21320079687557303,0.22113284071454165
454,10.373438366975,4.5928955078125,0.022792883504602957,0.33996166517292864
468,5.730763034705888,2.86102294921875,0.07343043872531152,0.21421971287358973
492,8.666671702107124,3.002166748046875,0.22170012997043975,0.32250482616095855
552,3.339682475561858,2.178192138671875,0.016560898248544897,0.6881703774832695
710,8.226847641925,3.612518310546875,0.0785183688353831,0.22775239201822936
759,12.2149222058125,3.91387939453125,0.1979795471547956,0.232697992808254
782,3.1243176962962025,2.03704833984375,0.03125318607685784,0.5601548951420224
861,56.93747308688762,9.9334716796875,0.25974660211877176,0.25935323398656135
867,102.6589538659682,13.2598876953125,0.3275870655828488,0.2445079353872326
937,0.0001306449994444,1.5163421630859375,-4.155103025194148,1.0
978,8.52326271345625,2.63214111328125,0.30014212177669974,0.4872588555027173
1049,5.662056638437207,2.559661865234375,0.1407003120403746,0.10322452249183715
1056,2.604377727075189,1.77764892578125,0.04093498044904992,0.2671793904286084
1192,3.0693120016148896,1.979827880859375,0.04209988372071333,0.24941328649005545
1254,127.06027269528568,12.908935546875,0.4376741344550439,0.2517489964084587
1368,7.1864511120875,3.345489501953125,0.06982496838846664,0.2526738072859201
1408,4.468693808368698,1.5888214111328125,0.348567972452825,0.3178144868998654
1415,13.134752938225574,4.0435791015625,0.20827299324687298,0.3951193758495984
1432,5.98079048399375,2.826690673828125,0.099841159653979,0.1357347721657938
1484,6.336245841201162,2.422332763671875,0.2254813141716313,0.24545348668113498
1536,5.186927333714266,2.559661865234375,0.1026362664593814,0.4889496959859761
1685,13.3867008020875,3.77655029296875,0.2610306478791953,0.6287123009112129
1782,3.8888503023875,1.8310546875,0.19576925257820765,0.37476226636546633
1810,91.1254401393744,12.8173828125,0.29794060583284443,0.26053057969698207
1819,3.077528751186037,2.00653076171875,0.03453338562700209,0.2900155470326374
1874,10.77957034854375,3.025054931640625,0.3115015530638481,0.44409586059082734
1918,6.445058287143183,3.265380859375,0.03832608524589887,0.2775390466789829
1959,4.353684554349456,2.0751953125,0.16326849247476133,0.29713829703430733
2003,201.1175811032153,12.237548828125,0.6719083805027206,0.2720984708815289
2167,3.963641588154133,2.44140625,0.01663429851053544,0.4120222680308065
2208,16.800805971288355,6.3323974609375,0.022977867146078745,0.5170637581270123
2226,4.945794930375996,1.575469970703125,0.3981209105024465,0.6175511524850034
2494,4.050103113804653,1.495361328125,0.3453468626945125,0.5256090790552842
2495,9.124549363303233,3.24249267578125,0.19389291938994224,0.37814166853228054
2571,35.24661983236729,6.683349609375,0.30962620445606737,0.24893754296299217
2619,7.634276199140004,3.08990478515625,0.1478502227707411,0.22193113287693067
2622,6.169527565485623,2.76947021484375,0.1266568608768548,0.22422313624779253
2689,2.7707427120330976,1.7547607421875,0.0762693349758542,0.46403776305197825
2870,157.5520727912226,13.85498046875,0.4850152443793849,0.20706561119545194
2993,8.933583296464349,3.246307373046875,0.18394123391082662,0.16863235063977597
3024,12.08026144687028,4.150390625,0.15494287348263902,0.15326704340662173
3396,19.736445280919725,6.53076171875,0.07282317727935239,0.18182116299562132
3406,11.647926272380571,4.0435791015625,0.156099698063892,0.3421428605970671
3464,2.63977554641875,1.80816650390625,0.035709371871097295,0.4626813294299697
3527,3.650616384475143,2.2430419921875,0.036110092454935905,0.1109022015106363
3586,7.807395869822358,2.47955322265625,0.3009460485550861,0.45008325220300255
3878,8.81336216107593,4.058837890625,0.0325390576247635,0.16422104748908817
3931,16.767171437757497,5.77545166015625,0.08208087503057304,0.28944286794261637
3979,7.8264783088,3.27301025390625,0.12114533708107189,0.5575529702805865
3999,49.9693311959054,9.46044921875,0.23483589844571284,0.2311897786827353
4201,2.740578463883139,1.8978118896484373,0.02046249591986754,0.2182948652320679
4261,12.258342218294274,4.79888916015625,0.06672066272433375,0.2840159276856284
4357,110.23888622086088,12.359619140625,0.40432718438560844,0.2184280998895878
4716,22.81215586594772,7.1563720703125,0.07612696213921111,0.2706372690625785
4730,4.533888419580762,1.6651153564453125,0.3243043386634045,0.3080789496240829
4917,6.343072292649595,2.288818359375,0.26288266847673114,0.47529881692664766
4944,226.5762441984116,10.1776123046875,0.8437455185740825,0.19505473169716314
5029,6.5593116313029896,3.154754638671875,0.0684098832162503,0.26962325347279587
5206,12.478193496572205,4.41741943359375,0.12839875969489822,0.21162714232515364
5497,9.155417223388213,3.360748291015625,0.17202416072064286,0.2978072015681243
5533,3.912710453514592,1.7757415771484375,0.21840806559336723,0.155575044341878
5560,4.73390196631226,2.521514892578125,0.07272695364391935,0.1748470174416298
5592,8.816420790979464,3.849029541015625,0.06726544362330944,0.2155598223425994
5612,8.02699653874375,3.12042236328125,0.16323300312871025,0.6406952153825964
5638,17.70635435202712,4.8828125,0.21512407983314308,0.22808340463665103
5649,9.745355646286043,3.2958984375,0.21183696206260438,0.3471823683995579
5726,6.135738604534708,2.872467041015625,0.10048426809632816,0.21081104364136194
5756,14.31488129380159,5.2642822265625,0.07377900430982232,0.34002498689287514
5987,6.499694861973694,3.177642822265625,0.05973534932606417,0.10976656033546027
6012,23.98179522353894,6.195068359375,0.1918125358627949,0.19966690964612108
6041,7.390999860268494,2.38800048828125,0.30165157717977387,0.13900218079386248
6203,18.55346511875541,5.06591796875,0.21143780246624622,0.189384775307711
6301,9.342352458603273,3.326416015625,0.1874914034021583,0.42049462901002577
6700,11.650634576260927,4.08172607421875,0.1500837971662612,0.223850414459706
6787,3.157522805391636,2.00653076171875,0.04567776265266954,0.1937278794572748
6808,48.908101359789725,9.124755859375,0.24904892354355934,0.23512525371490214
6818,4.619765346098575,2.47955322265625,0.07305976475685483,0.421879047505914
6905,5.01224655895,2.460479736328125,0.11350273733455685,0.34698368553082193
6992,96.81034873227328,10.284423828125,0.4676518356836663,0.2449099741696336
7096,5.3681230019865325,2.567291259765625,0.11560974503264199,0.2754659673374558
7166,10.93774741008383,4.38690185546875,0.0756910122097465,0.44305338364471686
7176,4.494075949020044,2.353668212890625,0.09502254451605718,0.24636928688856607
7182,17.126283940924623,5.3863525390625,0.13672097787558868,0.24226821629927028
7231,70.3458717011381,9.4757080078125,0.3823211113003897,0.25165592356854266
7398,0.0004295742692193,14.6026611328125,-5.113609750772715,0.7108216083615083
7510,15.407722729338277,5.4779052734375,0.07981667754467026,0.3487066227878051
7560,13.27688600159375,3.353118896484375,0.33492279663580216,0.2385878021107312
7778,6.7353306559161865,2.89154052734375,0.13666499577298818,0.2131757594493995
8623,29.37469104651973,5.18035888671875,0.39643353554597316,0.27996092915874266
8699,5.007992172832019,2.64739990234375,0.06543431867391702,0.21810972527993822
8815,9.27224436821416,4.31060791015625,0.01537708655614023,0.11863116294896653
8903,9.378480699975626,4.0283203125,0.06444649464320551,0.32742778575545534
8961,3.693106233142316,2.23541259765625,0.04335525932250561,0.2854364776185578
9128,5.448123736998241,3.0517578125,0.009421865089770054,0.3825040698401727
9133,5.08769383108125,2.727508544921875,0.052871788535894026,0.31629878001561434
9746,40.34362599298038,9.4146728515625,0.14506707891298487,0.23685439638368175
9823,44.188604324714106,8.2244873046875,0.2726470329572155,0.2837522031674602
10442,7.701130124049087,2.582550048828125,0.2684813415169617,0.1468212129168926
10501,11.070581453750492,3.5400390625,0.22065835027500125,0.2467126228229328
10850,4.524390451522777,2.658843994140625,0.018520792941203346,0.18919519910901272
10967,410.6911229070187,19.775390625,0.6693277093089542,0.25621178495083213
11028,5.89073499033125,2.67791748046875,0.12847370006840275,0.5392720422861509
11450,8.974044436125,3.95965576171875,0.05650206832570259,0.10595440173379868
11694,12.4500890664625,4.7760009765625,0.0765758479500267,0.15292791444072287
11696,5.881787935373723,1.712799072265625,0.41894973362734594,0.4012944212723905
11968,17.686350013769697,5.828857421875,0.09926306704211396,0.1971135530764286
11980,6.815310721081914,3.22723388671875,0.07023999918162604,0.10950036625626343
12178,8.649379048205446,3.826141357421875,0.06284341333359977,0.28627297748078306
12231,10.31602063641185,4.2724609375,0.06749505116194943,0.19685777349325648
12388,5.210643184916989,2.838134765625,0.03734181412119009,0.25134761732007244
12490,55.82663831298851,9.368896484375,0.2893088161504396,0.2515299613272651
12521,51.111003188103496,7.3699951171875,0.4073136050206483,0.3089325846981025
12671,6.04406616189226,3.21197509765625,0.021170955413081893,0.44736674296592166
12774,5.230188550704042,2.3345947265625,0.16620009537456681,0.2003950267939442
13256,5.063664312459878,2.285003662109375,0.16613455644789132,0.23935720252707335
13563,4.00689298889375,2.445220947265625,0.0203305826408553,0.10495983657585639
14017,6.49406736550625,2.262115478515625,0.2807446323013383,0.27035127182416924
14130,6.357453263641219,3.185272216796875,0.048563345877034925,0.16218050092190558
14516,10.448664466086484,3.894805908203125,0.13333205286852357,0.2449749045269041
14746,12.496700977972068,4.14276123046875,0.1708605231633269,0.12344987723853103
15562,16.71405555929232,5.37109375,0.1279877421927984,0.402290232695258
15719,17.481939558303566,4.1046142578125,0.3226810903138204,0.16094571858470144
15788,2.749424009329232,1.712799072265625,0.08868209224525786,0.6266001175874566
16215,14.634154043509623,5.21087646484375,0.0900014561450746,0.28031655044972936
16424,5.778860638842161,2.941131591796875,0.059070537136678314,0.1429966733108423
16561,8.07969642235,3.757476806640625,0.04505058055776012,0.09498058291668765
16681,6.5243244487573975,2.5177001953125,0.21302952959196608,0.1285384113335237
16689,2.922428138081159,1.71661376953125,0.11373495301588299,0.26287817807676633
16780,5.8903076079441234,2.872467041015625,0.08275539404926135,0.31956237627822154
16838,10.958721809649433,3.742218017578125,0.18006627423694144,0.1660387521842314
16940,9.16081773910264,3.505706787109375,0.14477085848219107,0.1878360506343575
17134,154.05169957198086,14.1448974609375,0.4617667887424943,0.21973278432259558
17218,25.184137035903404,5.54656982421875,0.2850903469800805,0.2970517474886171
17344,26.462801894449512,7.6751708984375,0.09500374395052558,0.30889119919642183
17386,8.17593622679375,3.60870361328125,0.07651067358369101,0.39612541358749137
17805,9.6755336286625,4.3792724609375,0.023571977558331403,0.47097126884891555
17980,81.75550406449474,10.6658935546875,0.37052113284655874,0.21439686988044093
18044,4.927366646843439,2.3956298828125,0.12348529678282383,0.10999383752290404
18403,281.69396018855,14.5721435546875,0.7044923739201974,0.23749032464440445
18408,1.909655065050174,1.4095306396484375,0.057343147925150606,0.7500964759666613
18505,9.940240040079516,4.1961669921875,0.06311772719544095,0.26067646136490147
18787,8.888232631783467,3.406524658203125,0.15034810746917204,0.1562981805159396
19629,12.22078488415625,4.57763671875,0.0961371133723683,0.46333993195368234
19674,4.474755893606925,2.51007080078125,0.05124039121969859,0.06161331817990342
19723,6.88750058231875,3.31878662109375,0.05659265257778112,0.3996189839725293
19859,9.04742245480884,2.696990966796875,0.31020563170312976,0.3669639682220684
20315,4.290288914373377,1.7871856689453125,0.25423202929125427,0.6297249562898336
20320,21.51254565286945,5.7830810546875,0.1894528859584872,0.30931099135961554
20435,396.8142671552813,20.99609375,0.6153795235770723,0.22259466359824978
20735,17.34304960395093,5.340576171875,0.14774329565975153,0.2638548179179619
22065,15.94305164412799,4.9591064453125,0.1594663073716882,0.1801444136715439
22152,14.910674350176125,5.37109375,0.07840318601827301,0.2353996329010266
22219,4.0320690229782485,1.71661376953125,0.2535190702361722,0.25889539349200813
22654,8.568853954144288,3.047943115234375,0.2069124548209328,0.1546935816183713
22910,1.523781019357557,1.247406005859375,0.03891081351424755,0.4448738083948586
22926,14.878964505114707,4.28009033203125,0.22539330527843981,0.1507520925952771
23277,31.86470804212149,7.8887939453125,0.15779402493975336,0.3009625447502877
23680,10.132029180844256,3.70025634765625,0.15334871344227186,0.2514676800754147
23874,2.2955343892535893,1.3751983642578125,0.1533357826328987,0.6178920632231711
24712,6.13445858060004,2.899169921875,0.09436573299005058,0.11453387405256343
24896,7.4309933653,2.4261474609375,0.2936710830043642,0.23307489568841747
25178,0.0091976646363036,3.4027099609375,-2.834059828282128,0.37249512784208233
25313,7.5713988436125,3.5858154296875,0.047294226934046946,0.3767236297215026
25643,7.031388193681778,3.017425537109375,0.12758623310459705,0.34138032108784094
25850,4.7433129512875,2.25067138671875,0.1476136446667643,0.5905988293673773
26142,4.297922805148119,2.38037109375,0.0682916092802498,0.32269434928635393
26168,52.81782711655251,9.6282958984375,0.24745638777778112,0.2831844337232632
26277,4.4293966538025416,1.972198486328125,0.2039186415142743,0.3884754634633764
26472,18.76008434079268,5.10406494140625,0.2113604993099596,0.23199906247675958
26681,12.40792900143424,4.76837158203125,0.07614416318117945,0.34732772405255735
26978,42.16974177201337,8.6822509765625,0.21705243794748919,0.24302147962565612
27269,23.817596624881844,6.7291259765625,0.1349599475030412,0.219442359008293
27360,7.902124992775498,3.448486328125,0.09130113211737345,0.3586160010411515
28199,3.0361494773678714,1.895904541015625,0.06559844900020906,0.506441827473203
28241,6.606808492804703,2.643585205078125,0.18670174939316364,0.1272666183463417
28518,9.377147230887203,3.79180908203125,0.10380104126456347,0.17515418712283806
28525,71.58920339472388,11.7034912109375,0.2523743798666971,0.2505614803005932
28590,4.98009900420584,2.54058837890625,0.08983651577772,0.33655224784971405
28712,2.6363801649875,1.9016265869140625,0.002320174487883575,0.5719419779999148
28815,11.08483315079502,3.658294677734375,0.19981113265904704,0.32045088095965246
28864,8.67851364545,3.11279296875,0.19871999545081342,0.19799749500388641
29125,3.99558912460625,2.09808349609375,0.11884667106022112,0.6848064093578232
29814,63.86248327790963,10.6201171875,0.26605183849207603,0.2318253189102416
30099,13.300201813079184,4.14276123046875,0.1979233759132084,0.18091311261003148
30166,8.118428337627847,3.643035888671875,0.0672767870146177,0.25107970885019576
30659,13.753790577618927,5.01251220703125,0.08833924235414825,0.37502826768617026
31291,99.2757830119226,13.36669921875,0.3078070578176477,0.27055996873687654
31415,4.99789574843453,2.73895263671875,0.04241040946055208,0.10139524333743233
31536,21.305666099615337,6.70623779296875,0.08877669333739657,0.25104055813006937
31582,3.905147141646012,1.5468597412109375,0.3074609973664032,0.392648518552533
31687,32.716371861155494,7.6751708984375,0.18713305418085002,0.2598611164606684
32330,10.779123368927683,3.833770751953125,0.15714423282080214,0.6089401216653546
32409,10.411445620418815,4.31060791015625,0.06570325282119072,0.26329747659802405
32759,8.184345526562538,3.94439697265625,0.01901303091892792,0.17795368670802444
32763,5.40674181374925,2.74658203125,0.07474676963886873,0.2965087132524549
32969,8.177825360173301,3.570556640625,0.08353394165336225,0.1498495817475571
33058,11.50249837715819,4.5166015625,0.0785745100110955,0.18317126494029512
33120,16.831617373369227,5.3863525390625,0.12918368779162748,0.16310644212318706
33611,7.476366867187608,2.34222412109375,0.319247930384007,0.3146355967527017
33639,7.629312024459068,3.21197509765625,0.12232712276105384,0.18262133873690536
33767,2.88309904007474,2.00653076171875,0.006190828203771981,0.32990728564118316
34086,11.816200836314238,4.69970703125,0.06437168512061286,0.2279319630481286
34283,7.426846807815309,3.44085693359375,0.06580454251124179,0.43786397481314615
34459,28.719789019705782,6.84356689453125,0.20525747004866313,0.2638625498292207
34558,5.10001727860625,2.758026123046875,0.04667408445434562,0.47517979393939314
34594,2.9187756041355897,1.941680908203125,0.03293391707507792,0.08076456530504249
34830,5.459945414913818,2.35748291015625,0.17851547121874545,0.3002247858155642
35376,2.673498996919079,1.7528533935546875,0.06146163483598088,0.11243329543839338
35817,5.414230942391441,2.87628173828125,0.045289640652838026,0.10535348423580931
35903,3.799966674836469,2.071380615234375,0.10538992647732348,0.10317553431003396
35931,11.936853853199864,4.21142578125,0.1402461495271463,0.15999620178149057
35969,7.41640109418222,2.971649169921875,0.16069690572655604,0.16927284033739598
36624,5.331994782856782,2.094268798828125,0.24534108205463756,0.19942470929494957
37100,4.271260098459607,2.2735595703125,0.09549651191941455,0.21325669256281024
37231,3.446855395559396,2.048492431640625,0.07027151839883516,0.22744888855673384
37298,19.335118202667218,6.439208984375,0.07309805091164923,0.14468043978548875
37299,85.88706862943945,10.894775390625,0.3781003585677465,0.22725478745867675
37371,7.941586772220035,3.566741943359375,0.07149975211495674,0.10486899255859054
37431,53.96176212597493,9.613037109375,0.2577951949101951,0.2673990116267868
37561,15.311165796803834,4.8980712890625,0.14997060659890882,0.15735522717446015
37996,3.30144749948125,2.155303955078125,0.01844160659295191,0.11871095712683899
38252,3.8672409558930654,2.384185791015625,0.02139108938128831,0.13453915398969485
38283,7.257502367712732,3.421783447265625,0.059408404550825855,0.11092874042765
38433,4.7036275335995015,1.8978118896484373,0.25505317923458326,0.25262334054220326
38482,8.42595002549375,2.384185791015625,0.3596087358991391,0.14972016674605326
38960,12.035216308977397,3.810882568359375,0.2089155508456877,0.31038152715189776
38961,6.649127282711561,2.83050537109375,0.1449686716391182,0.35072238122718075
39339,4.40648581305868,1.8138885498046875,0.2561764772409985,0.5923349931453606
39446,9.719997810221685,3.551483154296875,0.16205152854134686,0.23706492561768674
39683,6.8804287355625,3.536224365234375,0.014805782691558744,0.35142837715412306
40084,10.23995332764025,4.21142578125,0.0736542500249473,0.12801336457480192
40405,8.962557773622393,3.84521484375,0.07505105295758674,0.3139708587185161
40452,9.460299199556175,3.704071044921875,0.12288591005516414,0.12719884663831554
40685,16.349998220801353,4.50897216796875,0.23240137784623616,0.3136261603629326
40730,7.807165372068994,3.292083740234375,0.11628706808101141,0.1505017097272394
41043,5.39668032539339,2.777099609375,0.06673950717054944,0.11655958050245267
41064,179.16669401978288,13.5650634765625,0.554624534651315,0.25109923678793966
41173,5.706137454770214,2.7923583984375,0.08738549047820787,0.2831302744574646
41175,8.834816075839626,3.284454345703125,0.1715026684942208,0.18106362217132102
41184,6.573367614793824,3.231048583984375,0.05377268825767689,0.2777102166815777
41591,6.3637773005903,2.719879150390625,0.1518905613214352,0.19393351437175702
41593,8.271812507933646,2.742767333984375,0.2603172293297479,0.2581103337203831
42088,6.306878118055465,2.28118896484375,0.26257254517342343,0.25997734252910126
42480,2.594718912012468,1.67083740234375,0.07968903443330905,0.16992439880198207
43335,16.158962927329412,5.4931640625,0.09867962935493635,0.2402960035086619
43379,3.091185632991256,1.7547607421875,0.12379822165996673,0.3011783259295226
43404,4.266838771247421,2.490997314453125,0.03554634373112553,0.12773857771161437
44244,8.069297424139222,3.60870361328125,0.07080890163394415,0.10629098432626301
44486,4.382450978941051,2.017974853515625,0.18434344175247586,0.29347495474896795
44523,9.663650855552987,4.425048828125,0.016264129734422705,0.48658973892818597
44768,2.69854243627924,1.5316009521484375,0.1534108105146038,0.4515225735469994
44844,4.335722551746585,2.31170654296875,0.0911624300560232,0.3275219169098406
45364,4.3189913487949525,2.414703369140625,0.06108665203129726,0.20794795969844893
45394,4.391712055490643,2.5634765625,0.02938983101579673,0.32911071509399203
45777,4.409395701986796,1.7299652099609375,0.2873230202727295,0.42909290379511394
46078,9.552336744003696,2.72369384765625,0.32737218929609746,0.3643861551279936
46380,26.903710024955217,6.7138671875,0.18935305460143903,0.26252189255342057
46605,5.046649145755509,2.727508544921875,0.049353932893200336,0.14984948539393034
47108,2.2054268048523227,1.5716552734375,0.04895670758199788,0.044743305897036845
47378,15.21735859940236,5.25665283203125,0.10127533152382173,0.30727482189119015
47469,6.334576020068198,2.506256103515625,0.20317938098695565,0.30666579805553823
47611,55.01266867146478,9.490966796875,0.27449703203994935,0.21887623907670717
47693,41.12824613448174,9.307861328125,0.16086533334780206,0.20378715992041652
48082,12.159453300773748,3.997802734375,0.1821820080871669,0.1545015002889554
48144,5.025799061229918,2.811431884765625,0.027813772016334393,0.33707329315073703
48186,5.768690394681471,2.880096435546875,0.0719666865046763,0.17877779522749127
48261,5.952634744629904,2.8533935546875,0.09166672106650109,0.14094476626922955
48364,4.66179890096875,2.620697021484375,0.04092831248512263,0.19891751758269782
48424,18.355136094185585,5.3863525390625,0.16681544678288063,0.30508749639180355
48750,3.0879856994724832,1.8863677978515625,0.07623571946905877,0.5599529856676385
48751,7.219919982569991,3.39508056640625,0.062257257327424376,0.16228602103734788
48806,6.77187595455,2.681732177734375,0.18808588961494832,0.2412087855490941
48835,6.267950187517272,3.15093994140625,0.049465348343927795,0.5130441287075137
48882,3.6510558174049934,1.7986297607421875,0.18000580981956316,0.2672747540725
48958,2.409089547705662,1.1997222900390625,0.2632318516128248,0.6719471517780186
49035,2.752589314281068,1.834869384765625,0.0443336879524488,0.27973674596190895
49377,17.891175313474378,6.0577392578125,0.07917300712349884,0.2687822209850381
51234,6.353793024405604,2.73895263671875,0.1466562800890734,0.5578268470696837
51307,11.890118366805837,4.31060791015625,0.12337839576888787,0.2295224675460186
51413,12.52121524008544,4.119873046875,0.17532073084393396,0.3545639895707811
51993,2.017996700276853,1.499176025390625,0.041141509130097176,0.2952547698213054
52237,4.034054781201121,1.8444061279296875,0.20695695679886628,0.2197589163185586
52448,28.162370465841377,6.75201416015625,0.20551919056319656,0.26979832353100414
52560,15.279251449130244,4.8828125,0.15109700655168545,0.2478847807485335
52608,10.31166913016932,3.692626953125,0.1623258163561142,0.3671374745465141
52899,15.582804232355556,5.3863525390625,0.09570345249010725,0.24058496746235578
53093,8.081096572866954,3.833770751953125,0.03203108711088387,0.2047680934180347
53251,4.677489691202936,2.716064453125,0.019102731496502434,0.09083891607682042
53271,20.357616286797565,5.77545166015625,0.1663479944307762,0.2124403342646101
53418,56.296563691263145,9.124755859375,0.3101500065366356,0.24342654637521063
53788,79.624330630425,11.810302734375,0.2926542493317321,0.22814526843465477
53810,8.053337794117397,3.8909912109375,0.020885541071998914,0.46360839006083093
54065,5.77428564211732,1.9207000732421875,0.33630893433014974,0.28477798083726685
54793,12.4482630459,3.627777099609375,0.2556478643983351,0.4537991288809721
54809,13.874987091745425,3.658294677734375,0.2973145599311591,0.2918585784156576
54822,2.152739747625,1.6078948974609375,0.023605044076601578,0.40206534244670983
54948,3.2686981019505765,2.08282470703125,0.03639572971946753,0.31326438158666564
55073,12.349602592883455,3.7841796875,0.22469535702917742,0.23646521011674884
55229,17.30300711748714,5.16510009765625,0.1685034728297563,0.2157720297304697
55279,26.92914041838958,6.46209716796875,0.2146622648327423,0.20087754616963074
55547,3.7647333681889,2.25067138671875,0.04726608880983152,0.13318646501546935
55698,2.8285469371039653,1.6231536865234375,0.1360239261455457,0.08594792453907618
56334,16.22298722463125,2.758026123046875,0.5492332631693181,0.4335648113011845
56351,7.933971175276383,2.52532958984375,0.29601351708389745,0.28324206609534264
56367,0.0015733145773992,5.95855712890625,-3.965896094788172,0.319186873078686
56561,5.83132082439375,2.407073974609375,0.19353277991398377,0.36952434325264544
56580,6.349234363682626,2.353668212890625,0.24510349497664552,0.27708183180413776
56816,3.98258509219375,2.040863037109375,0.13544427363445682,0.2969439795342465
56954,6.757355172841926,3.12042236328125,0.08845667386532119,0.1357576165123109
57083,3.42704426326236,2.231597900390625,0.011995797561911936,0.2758239993174794
57272,6.95078362559434,2.2430419921875,0.31577766316409495,0.4927254807402231
57440,3.042211793093884,2.063751220703125,0.01120343080649383,0.09901649304498872
58266,4.681848360254662,2.55584716796875,0.05911502216015352,0.21703010500852923
58793,7.4575876138260355,2.231597900390625,0.34967444808138903,0.31550901274781334
58845,6.997892108287488,2.338409423828125,0.29158641350701764,0.2025880380916616
58858,2.3143657440668903,1.712799072265625,0.01387236392865282,0.2648773573129773
58929,5.818481788526697,2.81524658203125,0.09053501953703391,0.0904234771653003
59071,48.04570939877885,8.7738037109375,0.2668727390610397,0.2989259342147532
59178,6.116832722684194,3.3111572265625,0.006556899151068163,0.22470267952591064
59276,3.3327294725750107,1.8482208251953125,0.1226692729818355,0.19008708281226958
59317,21.39887977251056,6.53076171875,0.10794528112240043,0.2206972734154198
59483,6.282206253432378,2.9144287109375,0.10128203584295226,0.24879074222215655
59531,3.8747767541353824,1.8405914306640625,0.1908105920268578,0.49322297664539877
59701,32.57945442151686,7.65228271484375,0.18725729719970108,0.2442360581780704
59746,2.4875290706550004,1.7547607421875,0.029441300260594327,0.1133557768014463
59921,9.50009285841952,3.902435302734375,0.09072428266937382,0.20403181462002073
59973,3.900258916932216,2.063751220703125,0.11910742369477972,0.30595837685640925
60095,61.47480044003896,8.4991455078125,0.39463423077797444,0.2532194060740642
60203,4.376639407812036,1.575469970703125,0.3450255719215389,0.12260493349603663
60260,20.582127497829788,5.2032470703125,0.23907859159590372,0.22136418242932684
60330,6.455097048114112,3.276824951171875,0.03672291316240295,0.21268702364352454
60476,12.403401511110133,4.7149658203125,0.08332297929319776,0.23917011367999907
60571,12.167006945972387,4.79888916015625,0.06347267724905126,0.22437938354668022
60871,14.8795937513,5.11932373046875,0.10877218326577043,0.2875343185674431
60956,4.89350757411875,2.658843994140625,0.05258098063223149,0.28955819644521635
61035,5.8223371063,2.72369384765625,0.11235991222097497,0.30364825684769514
61127,4.516867329359229,1.3828277587890625,0.4436852011014966,0.5454983569695971
61329,8.7454114638125,3.276824951171875,0.16860038464420368,0.12970518654402693
61720,68.88338821565625,10.528564453125,0.3045607607487393,0.24445620060792309
61811,16.987979095887567,5.523681640625,0.11679875804507844,0.2864713949695719
61944,25.79723435603956,6.8359375,0.15937602399102047,0.2448832793704709
62268,17.027599102751992,5.31768798828125,0.14256913889459732,0.3485935625809999
62534,9.453715815936448,2.765655517578125,0.31290541609547473,0.31487309362563315
62902,30.73971665669375,7.04193115234375,0.21616219796589364,0.24954000449299604
62929,42.610741290940496,8.4075927734375,0.24251158726232758,0.23608766259187366
63005,4.363233247611788,1.766204833984375,0.2692468263122268,0.400593510748179
63153,2.077776537880709,1.4324188232421875,0.08349380885259189,0.3885799752231867
63380,16.715452885531704,5.25665283203125,0.14205420435615324,0.1959907731664916
63746,0.0802675435988931,9.9334716796875,-2.5911116143070947,0.15121084063944348
63777,58.42955308570527,10.5133056640625,0.23402362757786777,0.22226204605592637
63831,3.280389371378988,2.079010009765625,0.0391405256037789,0.44824117044263706
64040,10.52161349375625,3.7384033203125,0.1630531135509048,0.3131784717647203
64391,10.94069900778125,3.9520263671875,0.14381532003084496,0.3524493575968621
64410,1.624219508805254,1.2493133544921875,0.06563764901377117,0.18315229283154946
64460,15.005065715733508,4.31060791015625,0.22443011949042124,0.37031569693185334
64897,17.254347338312073,5.43975830078125,0.13352913100041763,0.3256116155092677
65272,32.07631310576875,6.66046142578125,0.2709279679666392,0.22628991951180752
65600,9.857970746634235,4.2877197265625,0.04544794113682704,0.4235047520232191
65964,11.294482106481157,3.780364990234375,0.18656572291421403,0.24556335324803102
66061,16.052729974639078,4.8980712890625,0.17051124775145898,0.3145648135966288
66132,7.69437153211875,3.513336181640625,0.0675935905483449,0.282328330077767
66173,3.534952415619045,2.216339111328125,0.029929256428757656,0.4233359796001151
66213,62.02612261395552,10.6201171875,0.25338066985305496,0.22604426579468462
67121,13.70426351565402,4.9591064453125,0.09375055543856514,0.11521298441958013
67266,6.179711562872399,2.414703369140625,0.2166725228323063,0.2190406484992712
67463,3.02939999364375,2.06756591796875,0.008167573287810426,0.11966336041100141
67667,4.20843914335,2.43377685546875,0.04469991623449243,0.17324838584530733
68165,2.5466912462143227,1.6269683837890625,0.0889076251684166,0.2558399678843149
68316,18.665814144696924,5.88226318359375,0.11673025960365191,0.18456543682375035
68591,16.020007956285554,4.79888916015625,0.18295164870285063,0.255399716269203
68598,6.206694774271455,2.44903564453125,0.2093677294979971,0.2671939723644868
68902,15.191319472069154,4.78363037109375,0.1619590751918596,0.33407153100464293
69128,0.000123568213894,7.37762451171875,-5.209968052443348,1.0
69297,11.51128188133125,3.406524658203125,0.26265638338432484,0.4564840953082226
69528,103.40189597391876,13.3819580078125,0.32474900792740624,0.25349665869344495
69770,5.058863167127129,2.056121826171875,0.2344796678539745,0.14735112985493892
69791,11.446661520290943,4.21905517578125,0.12085603332259565,0.2127398452465399
70081,3.2664098019813537,2.162933349609375,0.011505964754367048,0.27192798193653095
70095,8.315406292662374,3.19671630859375,0.16282732878422124,0.21163626009594974
70632,5.807585646456573,2.8076171875,0.09148878463035959,0.23675835661573355
71384,5.710276943507779,2.227783203125,0.23484778392340344,0.25567447208895694
71714,5.201077178964624,2.872467041015625,0.028710716959966853,0.1805666748230043
71727,11.232557722381898,3.45611572265625,0.24259624545543756,0.1309935233239674
71756,3.781972267002857,2.12860107421875,0.08557692438398268,0.33913106617444577
72033,4.176291072108143,1.6078948974609375,0.3114042742614733,0.6370516429012292
72060,16.24579287996312,6.072998046875,0.03563619987350242,0.40026994485059375
72317,77.78163517691428,10.833740234375,0.338709441789824,0.24833181172819715
72700,7.387681397369306,3.223419189453125,0.10603297720401939,0.350109234953742
72750,,3.4637451171875,,
73168,5.15777913875,2.819061279296875,0.03730596661220498,0.24597294358527103
73426,11.8253154056,4.4708251953125,0.09723119850005779,0.20279363867171765
73452,0.000105456172605,3.345489501953125,-4.763617501995004,1.0
73622,27.56954865641456,7.34710693359375,0.141255115034276,0.24617760710475287
73696,52.83717150047596,9.8114013671875,0.2353429972968828,0.2913568124426773
73730,3.3167743757585413,1.987457275390625,0.07326922753332898,0.38551210800198815
73731,11.153004152220092,3.719329833984375,0.19169482326630805,0.20557119790932668
74292,7.8931247551375,3.452301025390625,0.09008598124022138,0.4659714364194245
74342,14.61222210675,4.93621826171875,0.12462473332359258,0.32663933052954713
75000,6.353095713086077,2.7313232421875,0.14842574774950024,0.3603727156731018
75023,3.570602094223432,2.0294189453125,0.09168388985508935,0.12785197644152121
75373,13.07620190588932,4.8065185546875,0.09373568302798807,0.1607011885222671
75441,5.540279099675,1.6937255859375,0.4002670712557613,0.521233303464264
75443,11.954686536009833,4.180908203125,0.14563224466483238,0.08712142031522212
75558,6.670096470443241,2.986907958984375,0.11129935505820365,0.2424608949859183
75665,10.02664527061875,3.3721923828125,0.20928713585960756,0.3421993594515085
75753,4.43644965011481,2.521514892578125,0.04454325071337739,0.5038579176406704
75865,26.51396382485109,7.080078125,0.14841758450642195,0.27054496952584456
76409,3.43228776890625,1.9321441650390625,0.10652440108208339,0.5505628476611314
78006,,4.99725341796875,,
79031,11.215315154775451,3.330230712890625,0.2660999993056772,0.1164502413894845
79235,7.081501164328074,2.6702880859375,0.21028815379899046,0.404749051023632
80760,8.863998348271707,2.651214599609375,0.3124623424997187,0.36069418552905447
80989,3.9863795293931616,2.37274169921875,0.03770294989812939,0.12126885289351412
81536,2.8143688718264457,1.96075439453125,0.01074622308407619,0.3455059092226438
81562,6.071896373701748,2.506256103515625,0.18478617963177624,0.14118723488728105
82177,8.650736743562447,3.467559814453125,0.12701715400310598,0.25934288119051924
82837,14.06644236917782,4.61578369140625,0.15181609867551482,0.18536374508728146
82881,15.7664633536875,5.10406494140625,0.13585999848455677,0.13671974571962145
82904,6.545600409132021,2.8839111328125,0.1259766789755099,0.2210757335827985
83079,57.22495501553203,11.322021484375,0.17669949796535556,0.27714826305508095
83431,19.69762294911197,5.828857421875,0.14603867151784033,0.2898338980687963
83494,17.77794778628595,4.9591064453125,0.20677648081280875,0.21689821723075328
83656,5.311377948550216,2.384185791015625,0.15919706308097215,0.19813936494999
85297,22.98246710385,4.9591064453125,0.31829150162532227,0.30189916192898497
85427,8.106834594175,3.88336181640625,0.0250395280123773,0.20412934229827817
86617,6.486452437318803,2.696990966796875,0.16568800015190155,0.18848168291242873
86728,4.397622916170803,2.216339111328125,0.12476367142969469,0.3577348696732878
87061,2.70992804825,1.4190673828125,0.20495323310716124,0.07233317539478963
87310,2.9319548431375,1.9016265869140625,0.04846941613679434,0.24313297903904751
87476,5.864727507199859,2.819061279296875,0.09309106363357389,0.20578504368530756
87850,4.640768207951624,2.63214111328125,0.03612612411340477,0.30994388346268714
88014,11.393534811970312,4.23431396484375,0.1164838983674994,0.37997623612127507
88138,6.473527258480317,2.38037109375,0.2461739794559339,0.21384102578161165
88547,11.524454304628309,3.620147705078125,0.22353093452181283,0.2973682429751358
88790,5.43769960100326,2.811431884765625,0.062023862990951195,0.24028735874498966
89134,15.266135076300998,4.730224609375,0.17140645592804304,0.2567518276973351
89453,4.9253418128573685,2.5482177734375,0.08308156461361993,0.0940444010842723
89890,6.240297494288825,3.10516357421875,0.05707856993129079,0.28117138063952174
89972,21.975870655078324,6.53839111328125,0.11873974680928989,0.25445272472141883
90128,13.24457419331875,4.3487548828125,0.1644906064220486,0.16785996835386716
91229,10.96458830061875,3.79180908203125,0.1717226357216063,0.25810707012502804
91263,4.156145474029472,1.99127197265625,0.16999486881610948,0.3064388681170486
91399,39.69232572404144,8.6517333984375,0.1930518542112316,0.37249719180224033
91836,2.96128653279375,1.5926361083984375,0.16830559476522383,0.2621590483384675
92284,2.2814592887079925,1.697540283203125,0.013482589905681963,0.3076963928809056
93121,5.31545145946875,2.0751953125,0.2499516899214857,0.3188942760147053
94690,5.57912510213125,1.8329620361328125,0.3518358947350537,0.3030710943633987
94921,5.4147742612913135,2.742767333984375,0.07629690321403482,0.27523865900749117
95032,7.880601510667475,3.047943115234375,0.17054908154678983,0.2815297468255219
95100,7.796968427028332,2.44903564453125,0.30843311642039917,0.26339012015441304
95502,3.02692323155,2.00653076171875,0.02733267327056943,0.3048746682771848
95714,12.786388209176948,4.2724609375,0.16073073489085754,0.2762207645340765
96003,8.035664228722453,3.513336181640625,0.08644221903600535,0.10329006535263237
96584,7.9237421262514545,3.4637451171875,0.08961144337174076,0.3602833779780621
96592,10.238397780216474,3.28826904296875,0.23478098285621096,0.14808670557662815
96779,8.976618357097323,3.154754638671875,0.20466438004924525,0.3041968339189027
96800,4.103701803571312,2.13623046875,0.11870363756078045,0.2076691997534343
97114,3.6887294146508793,2.353668212890625,0.009258935765591003,0.6514035648009217
97559,9.104942041201866,3.871917724609375,0.07738800513034705,0.35470846595260075
97718,3.147234695054067,1.903533935546875,0.0785881947479804,0.2895352196803546
98113,1.6457018499495462,1.3599395751953125,0.016071738979811262,0.3277714092644289
98964,60.18861624455625,10.68115234375,0.2365871947853635,0.23301699869617654
99072,2.861558714568673,1.434326171875,0.22163077689401223,0.1556105991446141
100252,19.2148246220022,5.5694580078125,0.1649170241665161,0.23843868922949843
100531,6.039264264407393,2.6092529296875,0.15620976410580079,0.3158364508406277
101148,5.744641037104884,2.544403076171875,0.15088402835370973,0.2210223581594928
101773,6.635557444576989,3.204345703125,0.0632683670840194,0.3545490693218309
102788,7.31490725610638,2.49481201171875,0.2686520846253784,0.15120018102991567
102907,8.86207799506875,2.9296875,0.24730362081446733,0.26396164002849737
103252,2.198877269111108,1.62506103515625,0.025896474054717622,0.5389757884595412
103807,8.391972358171188,2.910614013671875,0.22788712068573824,0.23467904480396962
104607,3.5392662861486315,2.25067138671875,0.02044510463594118,0.24559830125765206
104639,20.546176016214304,5.5084228515625,0.20119009741116511,0.21241331459920357
104777,29.018755198994768,7.54547119140625,0.1461492308541259,0.255129312395449
104782,7.262587770303071,2.040863037109375,0.39637060388996986,0.4522197984526821
107444,2.5161901337487507,1.3561248779296875,0.2022939304319383,0.31502515436864825
108215,9.397317927418044,4.24957275390625,0.030486016703633934,0.11152820306103721
109072,10.6062736362,4.28009033203125,0.07838342504024176,0.2883179603117679
109169,2.737857958731184,1.6613006591796875,0.10673855690664791,0.4400977114547908
109337,12.564273533556843,4.180908203125,0.1672314344474497,0.1655925764003881
111496,7.888496083360224,3.70025634765625,0.044646495770025885,0.09568754041982956
111539,44.12262797341828,9.7198486328125,0.16317211884266936,0.2089309512326533
111781,9.07372624704294,3.4942626953125,0.14275234495411915,0.20759471864644863
113391,2.550912879232783,1.5869140625,0.10586551348640466,0.24533879854750182
113819,2.55669156517979,1.697540283203125,0.06294820511209032,0.1850599783545365
113972,81.60318170583196,13.2598876953125,0.22789732347654956,0.2678777821713056
113996,10.696521655991091,4.3487548828125,0.07169518069222702,0.27345447742139184
115357,18.82901072743125,5.9814453125,0.10961829827314773,0.2818364058656142
116042,3.734854293674289,2.071380615234375,0.0978838020751398,0.15224541012120243
116045,5.954240000799473,3.032684326171875,0.05208552595087057,0.07522914983534608
116578,6.29897185464506,2.925872802734375,0.0998865048237062,0.344264103032713
117417,3.8463476783799706,2.262115478515625,0.05327638122800693,0.1401295983721292
117520,53.85256097731326,9.1552734375,0.2886993815106862,0.22232698947447918
117841,4.18335236619896,2.353668212890625,0.06390658387535408,0.23645984193763545
118368,3.0255285606181133,1.6498565673828125,0.15463197220062275,0.11361352749368088
118668,9.11391520738125,3.84521484375,0.08232406850738772,0.22472550873654418
120052,42.8708729646969,8.7890625,0.21624849778910415,0.241905858285366
120974,1.3009999963906012,1.1310577392578125,0.034050131733781686,0.10240824113210023
121984,10.71138552659977,4.302978515625,0.07919188427325696,0.10171897694941893
122526,9.16378039119445,3.63922119140625,0.12056199370262888,0.11968402850882727
123286,28.42961120360269,7.232666015625,0.16482330385054667,0.316448127694601
124269,15.810278447141172,4.18853759765625,0.26584589145469084,0.3225737300198775
124329,3.40510521941178,2.2125244140625,0.014798428950509979,0.3541431814910851
127186,4.358012850541854,2.29644775390625,0.09770365256393143,0.10294907367030522
127278,16.30916321394375,4.82177734375,0.18762095095811993,0.13291817894208324
127454,2.934467303515703,1.9073486328125,0.04688415129475787,0.5689327826323863
128900,6.865784528592485,2.872467041015625,0.14930758830870505,0.13997814541380943
129395,6.6837122771539725,3.08990478515625,0.09010010056846962,0.21136040895975164
129538,26.04952504432731,6.927490234375,0.15493592595498562,0.16052609517027525
132183,4.1012516988339485,2.09808349609375,0.13018227197515458,0.353061749247259
132519,6.607390834877151,2.8533935546875,0.13698748272423988,0.23009844629545786
132731,8.444512718095211,3.665924072265625,0.08029939553915799,0.1325180739358496
133036,38.381254946492845,6.805419921875,0.3348367785645132,0.316174572854664
133055,7.921308870034409,2.780914306640625,0.23251553821028526,0.16385848681556037
133194,7.915627102243889,3.3111572265625,0.11851562197397902,0.2583170672472723
133204,4.101557551191945,2.239227294921875,0.08780154080865465,0.40665812236220994
133324,7.339695754693821,2.28118896484375,0.32843616484512206,0.2500902156076124
133646,6.505476406324306,3.3111572265625,0.033309401296604535,0.19367806532431242
133820,8.032104218909808,3.1585693359375,0.15559371268605093,0.17730888025892907
133870,6.145216998855176,2.78472900390625,0.1213628159727711,0.27249922336444116
134694,27.33388518325228,6.4239501953125,0.2249981180030014,0.3283399890480196
134860,9.54875716202514,4.21142578125,0.043303121615239304,0.3514006865253205
135023,167.492323088205,15.0299072265625,0.4585604563868526,0.19921375458283985
135333,4.7285486770852,1.7223358154296875,0.32055111510497347,0.15897284791465507
135532,72.59004898204876,9.6588134765625,0.38349142036456096,0.19690197861157055
136392,0.0055265195405809,1.52587890625,-2.532828394131566,0.18844735156169679
136467,7.323338646230695,3.726959228515625,0.007677154619980753,0.33166952613217476
136537,4.351872748549795,2.55584716796875,0.027373866712833816,0.10152727161677612
137227,14.630558476004808,5.08880615234375,0.10533704283771139,0.26891689299536614
137387,10.954374991037184,4.1656494140625,0.11006352902494254,0.13497173294823048
137948,7.86201379250997,3.10516357421875,0.1574070769711362,0.34519593757994277
138666,12.312871942245692,4.547119140625,0.10375486251669086,0.35009242016793074
138842,11.156521128112216,3.71551513671875,0.1925002398455291,0.4385096882270154
138864,10.78539622509561,4.4403076171875,0.06171651694501867,0.4189823640106641
138944,7.394247548829298,3.543853759765625,0.04468029797543216,0.2534447131005802
140156,3.3132377537258435,1.9092559814453125,0.09895636162413668,0.47559275616628544
140550,4.50469906431681,2.307891845703125,0.1088426042611983,0.10305321752716168
140584,22.102442791321664,6.256103515625,0.14998438599642938,0.2672164722494536
140928,2.90374969538243,1.567840576171875,0.17000632736206378,0.4453308606306128
141036,5.638809065414534,1.51824951171875,0.47917266409572756,0.3435435463796997
141415,12.705688348585682,4.69207763671875,0.09695041430821383,0.25231063543029436
141458,4.55168720040092,2.712249755859375,0.008177890798166665,0.28159196006628995
141710,4.500085512190708,2.655029296875,0.017116789980261227,0.2755905130183493
141803,7.034858077153331,3.56292724609375,0.01954490888461735,0.27879900859558665
142090,3.263782556678052,2.11334228515625,0.02626645283439899,0.12984527219343733
142173,5.100046111598203,2.79998779296875,0.036839895802718736,0.0892768773080327
142894,27.17367458386434,7.1258544921875,0.15489294532578413,0.2595329936699404
142960,4.319758664270921,2.41851806640625,0.06013548048852113,0.500388268780488
143501,13.563346252281915,4.53948974609375,0.14685628963356812,0.1397364950420796
144209,6.522936371104152,2.40325927734375,0.24324220090395754,0.22043130816557485
144538,5.271435602335259,1.8558502197265625,0.31911452141705654,0.24409721459003955
144741,5.00087026520625,2.25830078125,0.1683729108769093,0.18868214284248117
145231,6.925274961300602,3.34930419921875,0.05300513038676602,0.1756973803286399
146543,3.1886720856273314,1.76239013671875,0.13445677946814266,0.5070649871887677
147105,3.004179631192528,1.8215179443359373,0.08707571625590943,0.11292173474026664
147316,36.19326506911602,7.6446533203125,0.23359107061142814,0.2261917048973151
147885,11.263551640127844,4.3182373046875,0.09871559715188427,0.22914734339854348
148162,3.335347051201097,2.0599365234375,0.05236027322365222,0.413281850248782
148700,10.250885385474248,3.719329833984375,0.15506433710508216,0.12531355402598765
148752,6.067202321384684,2.69317626953125,0.13759130883807147,0.3106577494036521
149606,2.34396978054375,1.598358154296875,0.06444085675085315,0.5184612225731817
149640,9.407484873714566,3.475189208984375,0.1620058461587991,0.18009301664896382
150083,2.631900109074195,1.720428466796875,0.06681447218730258,0.1763796612610887
150450,31.63870779851277,8.453369140625,0.1096739863918188,0.23052227532548916
150452,2.90380166695104,1.88446044921875,0.050186409762146,0.31458191845858063
150980,2.6208160075111664,1.5621185302734375,0.1278655564702036,0.3951102346529976
151249,10.72820897542988,4.4097900390625,0.06390035637507796,0.2634651844804753
152636,5.123247204319341,2.796173095703125,0.039699232704258125,0.41302181081653333
153295,5.934622476255754,2.655029296875,0.13728912056910858,0.1680995768679939
154559,27.4544552756779,7.8125,0.09942778575835165,0.2956083484354019
154891,17.538955987169174,4.3792724609375,0.28190078909457816,0.34688617661585947
155013,15.214374927818426,5.4779052734375,0.07433233743720447,0.15446387609891113
155092,3.8728208811953664,2.315521240234375,0.04105425755131109,0.3015397162438609
155516,24.94339680327539,6.27899169921875,0.2001207322057783,0.2278991712092121
156742,16.323648590856465,4.61578369140625,0.21644906433237465,0.1847790886725995
157046,11.690986948888169,3.021240234375,0.347573286235742,0.29106630369719505
157687,13.622751140886976,5.24139404296875,0.05509460688529089,0.23682403581547795
157890,12.45669623943104,4.26483154296875,0.1505500517679702,0.22869314207325683
157992,6.042505857876677,2.81524658203125,0.10694242029740608,0.2278822658925351
158168,1.8134079934,1.399993896484375,0.03930631229303394,0.2435904074499937
158412,3.176708489954762,1.6765594482421875,0.16534892751856367,0.1966062862718542
158473,14.565134908400069,5.28717041015625,0.07847954911411636,0.22047066547641114
158660,4.970060405875,2.29644775390625,0.15477681320039816,0.1446572089184426
158744,2.613631294516381,1.8596649169921875,0.013092274432728757,0.140350850428115
158939,4.954770440162974,2.66265869140625,0.0570502869502757,0.1903849804860924
159739,2.3193307156980154,1.70135498046875,0.01917027439947011,0.44903778451982906
160468,3.301380496661295,1.6765594482421875,0.1820671451189766,0.39664287759345074
161164,6.07191984325,2.74658203125,0.12513716798883212,0.22626996112019584
161496,5.107229350469424,2.758026123046875,0.047287798151743776,0.1176801750568947
162705,27.7363783744,6.58416748046875,0.21529844911020302,0.29899847985540157
163348,21.83676347074652,6.53839111328125,0.11598192652466333,0.29491238355462274
163382,7.257227508700453,3.032684326171875,0.13802992804767633,0.21605255099609302
163436,35.706560606718995,5.36346435546875,0.45857992119396007,0.30346018581558404
163537,34.18622194679375,7.80487060546875,0.19530254672856717,0.2814185828721974
164798,8.589206925265898,3.4942626953125,0.11891973801697608,0.11016046384692317
165301,5.576553483690077,2.02178955078125,0.2877619503205645,0.25413489363326724
166420,4.870157429708343,2.34222412109375,0.13310032639311675,0.1931791914063488
166856,6.784424764780852,3.093719482421875,0.09579163237260735,0.13038168362994443
167794,12.6944783405625,4.28009033203125,0.1564354564813195,0.21609547176809454
167835,10.78929318977316,3.15093994140625,0.28533280678407424,0.3338892833597666
168186,4.065893063940166,2.0599365234375,0.1383751953722301,0.15689745390953835
168312,8.62579282663125,3.44085693359375,0.13079909971139725,0.2259466836928045
168374,5.320019395294366,2.025604248046875,0.26608131691875114,0.4433380630564143
168874,49.75602152355714,9.735107421875,0.21433452486932314,0.27168389165846524
168887,9.889690232135765,4.2572021484375,0.051496279732444084,0.18834588227502128
169148,3.2623578032125,1.873016357421875,0.10471923585535281,0.36933585957533094
169272,7.3912263089296175,3.63922119140625,0.02720382083824413,0.09424301972682392
170007,3.919659843479167,1.605987548828125,0.28463511881947845,0.3795305719259938
170652,32.60883367960923,7.9803466796875,0.16030262830449482,0.1826886563140053
170664,3.562087647638691,1.9435882568359373,0.11879820178965267,0.15478411905363534
171065,4.216440261530806,2.197265625,0.112122109420977,0.15394278041714451
171425,5.708410764964356,2.048492431640625,0.28936367084228853,0.3621322019154605
171940,3.4739992133545456,1.461029052734375,0.2938414377448726,0.11632062159638769
172049,154.2932824949875,14.7552490234375,0.43492720329891643,0.2261796356712885
172541,4.2733765129887615,1.850128173828125,0.22996843376913795,0.11618439209779152
172618,26.745976995269302,5.9661865234375,0.2637132265672537,0.2071509260913069
172743,6.007409520701913,2.712249755859375,0.12869272032570966,0.20394291516693527
172863,29.855374360951828,7.7362060546875,0.14223047817018442,0.31798074902559326
173028,3.265974776921212,1.7414093017578125,0.15266153648523884,0.2982754513214135
173081,4.07560244398125,2.155303955078125,0.10992902519665126,0.2165679560253316
173402,3.7703544220275935,2.269744873046875,0.04241661114418449,0.2233367299001652
173890,4.099321375870204,2.4566650390625,0.027193049068846786,0.11048598784947294
174345,11.72497461988678,4.5013427734375,0.0890987832739707,0.2248949663301436
174837,0.0102938792188069,7.56072998046875,-3.305266524060638,0.19201125098436866
175133,27.936271866688912,6.82830810546875,0.19469878491598536,0.25558029001949695
175416,15.058826959844737,4.8828125,0.144786071322488,0.19909485522087358
175602,7.014188883120369,3.108978271484375,0.10705092651447934,0.22931184997642293
176084,5.900257236135076,3.055572509765625,0.04323205498543292,0.14768850255677615
176210,2.4859739854291547,1.682281494140625,0.05664857836374937,0.06652276823680303
176253,12.065535209243537,4.50897216796875,0.10043025944070338,0.12646385410404615
176431,5.837049794528866,2.010345458984375,0.311287358300942,0.15479992540980872
176832,0.0325310139814973,10.6201171875,-3.026896363164752,0.11216219178840388
177037,0.0003455017067608,3.631591796875,-4.301695342541125,0.3882655775861988
177532,13.56527411763125,5.10406494140625,0.07055428688711829,0.11361750620539952
177722,6.638584067266493,2.902984619140625,0.12780835705724958,0.24592594407401944
177824,5.95681046095625,2.071380615234375,0.30062392009843175,0.2758262019574733
178612,4.902013776627427,2.79998779296875,0.019640320513073406,0.16222796606764964
179724,6.4090336602967,3.30352783203125,0.02832559740966578,0.180502168172568
179915,3.973640323296422,2.34222412109375,0.04474588031390869,0.24096734813630907
180120,13.670760983033688,4.95147705078125,0.0936905344779253,0.2500331703484993
180533,55.80357304315,10.9710693359375,0.18628856760066803,0.24910507505764365
182031,20.669632012090005,6.40106201171875,0.10595469300437332,0.24449244191340488
182110,56.86246282819047,10.9100341796875,0.1980864991674851,0.28723538802625054
183993,12.198136983625,3.322601318359375,0.3040761565403529,0.25276815461788
184421,3.39864041950932,2.178192138671875,0.02416093866229274,0.3521408972020843
186200,2.9928738164526294,1.73187255859375,0.11831451043406538,0.4480796286529851
186592,119.65300094083796,13.1378173828125,0.40013876410488036,0.2568094064915592
187762,8.08367449465004,3.688812255859375,0.057278989260870716,0.09979850696729277
191375,6.344426906915032,3.01361083984375,0.08376164430509603,0.2639059552289649
191695,10.14192456946875,4.4097900390625,0.039493507960785657,0.38592112814133017
192199,4.79121516368125,1.873016357421875,0.27163331931674384,0.3171119845598849
192291,5.829840276644973,2.704620361328125,0.11749718646903284,0.14317827755410958
193339,5.503673450395581,2.696990966796875,0.09433342021787394,0.266925767610584
193651,4.528539328108309,2.460479736328125,0.06942845470099168,0.4803215640617882
194406,6.651437513690325,3.360748291015625,0.03326153580740543,0.3437687123084876
195113,8.67394428385,3.94439697265625,0.04424570296832431,0.1565146548423544
195539,4.02973416936875,1.51824951171875,0.3332616726741716,0.19536358718196703
195767,74.13305213730928,11.1083984375,0.3015347078256869,0.22655634670092384
197016,6.651634238609404,2.8533935546875,0.1398858462632283,0.4279483150619261
197076,12.356619347825472,3.0670166015625,0.3618254780164456,0.20175674154191803
197137,9.41524151624617,2.498626708984375,0.3772793977946468,0.4535848772191155
198611,15.324279470172767,3.429412841796875,0.3825504089758821,0.24659318646706344
198893,5.353188478940865,2.0294189453125,0.2675549690925145,0.20308274837723775
199576,10.712924950123124,4.40216064453125,0.06440923215152672,0.26207284835568695
200039,10.86202669428125,3.4027099609375,0.2381734671339284,0.1427965596038501
200709,7.484437273546064,3.6163330078125,0.03675652987189226,0.11888899573905125
201868,7.64381975061875,3.597259521484375,0.04935278120046993,0.28538448326881266
202570,8.211257860035403,3.147125244140625,0.16753865069689944,0.35221660405034116
202897,6.541138883825624,2.76947021484375,0.1520583222046632,0.2648807489331491
203964,5.14085359271121,2.735137939453125,0.055566385118729134,0.17875538078150396
204670,7.218961077101994,3.086090087890625,0.12436180071757674,0.11655719661243462
204690,9.46043208274932,3.887176513671875,0.09145957914083247,0.15416222210316397
205093,5.0481967049781815,1.71661376953125,0.3511273812862519,0.47137707655577793
207528,4.187655608599016,2.483367919921875,0.02940935831718683,0.10001916251644265
208515,5.91423114859375,2.880096435546875,0.08278774973485259,0.28372264460208635
209299,13.62333392415,4.9591064453125,0.09117825629364917,0.2186528450230952
209889,15.785969411874248,5.096435546875,0.13737145266549766,0.21957513444480178
210319,6.677025949444214,2.689361572265625,0.18010927150951128,0.16775120006476388
211417,5.891470502632728,2.044677734375,0.3042864059889654,0.19736071832840962
211444,10.058280003271648,4.03594970703125,0.09360510275941125,0.43150408050258376
212416,4.004828825753066,2.422332763671875,0.026233253207641805,0.5134590069395242
213464,9.129163189914834,3.459930419921875,0.15182992278970675,0.27208805831065613
213694,5.1685578866890864,2.231597900390625,0.19044546844180388,0.32382402938878024
214608,0.0521514621505048,4.34112548828125,-2.239137021080335,0.27391084484837697
215236,5.4492938178625,2.620697021484375,0.10871500238968068,0.34042017329432034
216550,2.5539651881408645,1.590728759765625,0.10482077377743021,0.6476347977054053
217042,11.131007280375345,4.67681884765625,0.04160864446072976,0.18394593465015155
219248,6.10333047358125,2.826690673828125,0.10864945704929863,0.2950275458472958
219721,12.77209879555625,4.05120849609375,0.19488537707219622,0.25375430619439343
220141,5.9023076322125,2.899169921875,0.07761133597836956,0.34762714167440073
221051,7.007212881471787,3.13568115234375,0.10104746832308042,0.19441988408445895
221517,12.059647327972923,4.23431396484375,0.14116002224029423,0.30052287401373917
222289,13.385867085708014,4.00543212890625,0.22267244270632536,0.3221921499365499
222677,7.907488193821337,3.2501220703125,0.13018904294761502,0.33532597290214
222814,10.433736044513353,3.505706787109375,0.2012764614739635,0.17056480437028584
222999,90.07613926907652,10.2386474609375,0.43924587940083426,0.2541168281598631
224822,5.8893102295696735,2.67791748046875,0.12836864686559224,0.1371815970709769
225236,4.13928073169518,2.384185791015625,0.05091473875829078,0.5082863592252781
225712,4.880286897961923,2.635955810546875,0.057038165536789864,0.29043984587124116
226008,9.248637898199377,3.726959228515625,0.10904581367166843,0.19799187878264415
226643,10.2985085308625,3.437042236328125,0.2084970295409696,0.2813375342608571
226646,12.748810675620916,3.536224365234375,0.282659953452723,0.21107158365277376
227161,22.81875164603125,6.7901611328125,0.11047176108579881,0.20320280643574237
227734,2.0148643026477657,1.4629364013671875,0.05640763303878821,0.2964145189961149
230181,2.235356390796369,1.59454345703125,0.04539223436249712,0.38484161479914475
231187,2.284229194636282,1.6803741455078125,0.020630691738195484,0.2482600715095307
231307,12.026691989347457,4.02069091796875,0.1736951551882988,0.3344736092053757
233162,8.56092861935,3.7841796875,0.0655632506333863,0.2616290669677696
233326,7.833577793877339,2.513885498046875,0.2934419217215781,0.16534777834986106
234230,5.46424094461875,2.742767333984375,0.08024638857775601,0.16269333176908976
235419,3.5084192163875,1.995086669921875,0.09516883069633231,0.24158539200824705
236425,3.5833166407828685,2.20489501953125,0.039203311712537325,0.2369872647672432
236688,5.273023221750918,2.38800048828125,0.1550080670274342,0.28867781408221044
236750,9.02319007992628,4.08172607421875,0.039094322586311736,0.1462547949035087
236847,11.29387144405625,4.28009033203125,0.10566343748658902,0.4172740732624412
237598,21.25699876195722,6.62994384765625,0.09523717200457638,0.18526648608343174
237677,11.95198865608836,4.57763671875,0.08647818612853597,0.34570658709392577
238697,10.068921269994462,3.803253173828125,0.1327500905336334,0.22739685475480076
239929,10.89077369574079,4.00543212890625,0.13308466805955765,0.15190773893977796
240417,11.925014327651295,4.55474853515625,0.0887623022455225,0.20359879431260697
241741,4.693710812156496,2.044677734375,0.20557902682228268,0.3494985007029971
242910,24.91236930133164,7.32421875,0.09927307313176614,0.2480794411282998
243087,13.154945406895422,4.852294921875,0.09016826605958261,0.20966020483680417
243350,10.081976016925182,3.421783447265625,0.2021668783619741,0.2605458543559286
243722,16.3037466600872,5.828857421875,0.06391226988753806,0.18587703842379963
243734,10.738628030667314,3.787994384765625,0.16333480953947088,0.14375381773233567
244377,16.211695329380746,5.27191162109375,0.12687625170708383,0.20243219771635731
245231,2.96246158933125,1.70135498046875,0.12546032294085624,0.37804751985288254
245512,5.2687594989375,2.758026123046875,0.060810811935756104,0.13437437954371015
246321,5.03784035844375,2.696990966796875,0.05592516347572718,0.4859019014252806
248613,4.944290849067329,2.208709716796875,0.17789604764317046,0.3403376226606847
248620,51.5885821566917,9.5367431640625,0.24345346195272444,0.27269122767590165
248715,2.519301242704387,1.583099365234375,0.10201783875250658,0.3201610004610327
249347,3.704598367352446,2.162933349609375,0.0661764255816295,0.32091907144880366
249894,9.316509259129816,3.62396240234375,0.13047769491537298,0.12264912623996066
250005,3.2703412218688754,2.040863037109375,0.04987227847137948,0.17058268844085
250116,7.502792960542138,2.96783447265625,0.16656344970883874,0.34500228644558906
251433,7.831131026869116,2.758026123046875,0.2329269274287289,0.2021356515616887
252627,6.556334198998229,3.200531005859375,0.0588280246368329,0.2694167694718735
252770,5.690048068921897,2.819061279296875,0.07995916061949027,0.4556607081706558
252901,2.484500988633954,1.6689300537109375,0.061581970786271256,0.5012965722085668
253323,3.921099531973596,2.361297607421875,0.0336817758337834,0.1981030180117633
253550,4.224722814644338,2.37274169921875,0.0629225259179389,0.2392191229700752
254065,8.222491965498193,3.032684326171875,0.19226264773244373,0.14025489283345055
254110,10.790370017231908,2.964019775390625,0.325214692243762,0.24368722264664947
254629,22.019193107975298,7.0648193359375,0.0691498096404255,0.39556195411509965
254923,12.148006926458038,4.302978515625,0.1338512643255242,0.3327517136059959
256498,3.988027460698504,2.22015380859375,0.08118354606087574,0.24541073619216527
256662,1.8167544059833745,1.461029052734375,0.012307944089860828,0.3125799901534802
258520,4.778407846730261,2.54058837890625,0.07188175407631137,0.1582873917751582
260156,2.7647904589248355,1.9359588623046875,0.01131803513478552,0.16207478778493914
261777,5.384337512092316,2.201080322265625,0.21717843860095032,0.12071621288682088
262194,6.114782344389823,3.12042236328125,0.04506093036063341,0.22681368589722384
262637,10.07829235909375,4.29534912109375,0.053889249715579624,0.1738611736464376
263703,16.97559692747018,5.07354736328125,0.17185747616715585,0.17080889000453403
265302,8.926982016004331,4.02069091796875,0.04425362647248654,0.22422149425440038
265317,7.585263503358874,2.70843505859375,0.23089303212614087,0.33931262045217353
265521,24.216962574275385,6.64520263671875,0.15035732752083764,0.2773416338655817
265729,5.610169202140241,2.902984619140625,0.05470885750331911,0.19029338179791452
266497,12.549555253732253,4.95147705078125,0.05652617926934256,0.13713194475553378
266769,9.434437220283144,3.894805908203125,0.08898726868968221,0.23369920754577778
266779,4.494574247291894,1.9512176513671875,0.21722998492580214,0.15924944674010202
266910,4.940869766629476,2.06756591796875,0.22061435985701494,0.3490207918303096
266984,6.077824135623814,2.994537353515625,0.0692535272433813,0.23301555630964618
266997,17.8034535839397,5.74493408203125,0.11157668176311719,0.163405422073049
268100,6.836073424550705,2.3345947265625,0.28248946843104406,0.25792515478747063
268387,30.412292939923645,7.72857666015625,0.15089988647490826,0.29836882996945113
268683,7.144796575477812,3.47137451171875,0.04323766264559947,0.3122229143740114
269042,6.309741082535766,3.07464599609375,0.0683188587455994,0.4467253430115286
269223,3.0575448913514265,1.964569091796875,0.045471881500222466,0.42898162092098197
269394,8.344197235259344,3.30352783203125,0.1429176060405115,0.16561492262990948
270195,24.261900949037223,7.293701171875,0.09050287637455834,0.2413176080129845
270337,14.798046630043244,3.94439697265625,0.27623346628137746,0.3548238223825131
272145,2.363401098722534,1.68609619140625,0.033213911996031686,0.11748365438958826
272297,2.6368028894721647,1.773834228515625,0.047708119520205594,0.1733813838706936
273545,4.103875511114893,2.513885498046875,0.012675939247482448,0.25496879864301025
274309,5.650383179236087,2.6702880859375,0.11224072328927492,0.28413906528242094
275028,6.762793228735973,3.093719482421875,0.09440471075844703,0.1752316668861996
276618,48.346237783611286,8.270263671875,0.30808364985433845,0.25360851329983947
276722,14.982022131342092,5.279541015625,0.09167618201872996,0.2804531572636422
278796,13.284947194086271,4.2572021484375,0.17967342351156745,0.25018643197578794
279721,4.252612196192786,2.330780029296875,0.07740384794224586,0.20197816449804182
280889,2.720162348923622,1.2950897216796875,0.26614504004336953,0.6345119855703948
280968,2.5848860002734,1.811981201171875,0.0252108629050945,0.3419773883512422
282398,5.142094819973863,2.3345947265625,0.15882283045857182,0.4635645806373889
284458,2.278808971219405,1.6536712646484375,0.0300341507284822,0.7269022592488691
284703,3.771129813263542,1.8138885498046875,0.18855558336029815,0.09460179284086823
285570,5.259397230031027,2.76947021484375,0.05734092518092815,0.5830066402621711
285668,3.2569191134125,2.056121826171875,0.043233708009210836,0.30564867253617156
285724,20.825640850744094,6.3323974609375,0.11624612534765677,0.29736379941972296
285956,16.85776742131875,4.0130615234375,0.32158633098645084,0.27607749861404013
286305,15.00538929991875,4.81414794921875,0.15246811781124947,0.2097076203738939
290452,59.58440414800134,9.5062255859375,0.3081204266466442,0.22799872062704774
290495,3.440019023983041,1.96075439453125,0.09792604874681032,0.2870116665805414
290643,12.420864539926695,4.608154296875,0.09886130695812523,0.3708697185388776
291441,2.948881446005544,1.9207000732421875,0.04446798353799897,0.21418755688561028
291462,4.078154922164686,1.5735626220703125,0.31513767346229393,0.25684204273838523
291470,8.98927491694485,3.475189208984375,0.1422569800277561,0.44289979493562665
291488,2.8560081137693487,1.8711090087890625,0.04761080226728953,0.0806530546829094
292979,2.6395421746128704,1.82342529296875,0.03019664356027757,0.1455610479125505
293235,10.693633871014754,3.18145751953125,0.27518611760111367,0.3664686452459025
293836,23.221864181725,7.27081298828125,0.07352261913667535,0.3034319577260433
294230,4.80263184094656,2.155303955078125,0.1812165070661954,0.12288452336737228
297004,7.155020413949387,3.4332275390625,0.05105699594926527,0.1394247449931549
297036,42.55960118584335,9.9639892578125,0.13134767367649314,0.31606797506088474
298385,3.185022570207366,2.02178955078125,0.04450859277437602,0.0699868645612977
300392,8.28976564455661,3.50189208984375,0.10208811414700858,0.289054491082048
300400,14.045554553871623,3.765106201171875,0.2838730448391904,0.18702898886562613
300461,4.893782734769047,2.23541259765625,0.16560814333062845,0.1077436034747073
300664,3.663007741677575,1.8596649169921875,0.1596857894119751,0.15757902951751696
300961,3.302516956515319,2.193450927734375,0.007153172036425848,0.1978559289387126
300984,4.12512598720059,2.056121826171875,0.1458639522055592,0.09050696303690546
301004,3.989094172073237,2.147674560546875,0.10292157963742465,0.13830029861565793
301820,3.30166421107424,2.033233642578125,0.05645197153881065,0.108292329615734
302454,4.65540293767117,2.4566650390625,0.08243835818984813,0.07275238867958328
303213,2.693838579893054,1.9130706787109373,0.007775045279783899,0.3476020059472156
304416,6.613303161255317,2.414703369140625,0.24612274960929947,0.27339320284349317
304631,10.749235763396428,4.47845458984375,0.05468532594770692,0.16780061714809302
305453,4.259429551304493,1.789093017578125,0.25040205849525465,0.1663923599015241
305563,4.517123180041381,2.50244140625,0.057316057613979954,0.2901876024064483
306387,9.852594689757098,4.40216064453125,0.028051787104266257,0.11815225243219467
307153,5.373714859044412,2.8076171875,0.05776777952341805,0.21482722060928597
308423,3.473227930291614,1.2683868408203125,0.38585569325373226,0.3914754636825408
308671,7.269654225186969,3.475189208984375,0.05004607197702837,0.53290846220234
309758,12.51460138073162,4.425048828125,0.1285399199585866,0.13245744868792433
310258,6.526786965609063,3.307342529296875,0.03548067426431745,0.3378271061395525
310290,8.723769410164095,4.06646728515625,0.026878253520834505,0.24042437164673278
311539,12.93161713470181,4.4708251953125,0.13607130341413542,0.2900451459593564
311591,13.446156385303766,3.681182861328125,0.2796170709148098,0.25215121459390993
311779,4.717317528768035,2.74658203125,0.01550624843567261,0.1592365345251752
312843,2.416340817529999,1.56402587890625,0.0917922880343916,0.32913656141890285
313288,6.116637101265951,2.803802490234375,0.11489158896723395,0.156969910982822
313915,13.172706571429444,4.425048828125,0.15079791689398214,0.2342909387880714
313985,2.340041427152755,1.6002655029296875,0.06293548123354098,0.3028077681829259
314715,10.288136825525726,3.997802734375,0.10960469040851739,0.18683419245576996
314742,6.568126675658277,2.86865234375,0.13092464221853584,0.3212009013950911
315173,13.040527749464673,4.638671875,0.11570468814856816,0.21234614260756648
315790,5.408270061510848,2.60162353515625,0.11019169087626979,0.11173214495318058
316874,10.445521127789108,3.51715087890625,0.19964361318634827,0.35207070322935624
317145,7.1013542299115215,3.448486328125,0.04489841389064031,0.2570607477729682
318586,22.82437595462397,6.59942626953125,0.12913964047926751,0.2583706821888818
319589,5.750018671787984,3.040313720703125,0.035291655791010346,0.20773097015422137
320696,7.37040893881931,3.5858154296875,0.035609687394540845,0.10223896598447575
321819,5.813531600993883,2.582550048828125,0.1463669174307769,0.29055154766645436
321821,6.603667871342623,1.895904541015625,0.40306052231188944,0.19351105927024106
321881,5.684071946954646,2.593994140625,0.13370608030295772,0.1303041500291562
321908,3.234868577164889,2.124786376953125,0.018883731471004417,0.33856915872349896
322171,15.163664765335852,4.8065185546875,0.15805823983341938,0.16608607738810213
323031,5.939018540993857,2.468109130859375,0.18516814302546591,0.16850442592219295
323039,2.802461441278865,1.5621185302734375,0.15696866968677142,0.14861004802414884
323488,7.235373714589514,2.8839111328125,0.1694881574724696,0.28554883782314605
324159,4.461757772325655,2.63214111328125,0.01904223567443253,0.475927984293208
325663,2.7248081087018363,1.7547607421875,0.06900905843382393,0.2538428413526696
326050,10.369030876579927,3.997802734375,0.11300612666400267,0.20923612470941844
326201,5.839037979283603,2.117156982421875,0.2777117083174494,0.14812979829716877
326887,5.9370649970875,2.72369384765625,0.12083436873231201,0.27384634840963784
328522,8.877688769833185,3.871917724609375,0.06641073520207008,0.45750805620842944
329520,15.98137121378386,3.9520263671875,0.30838428918660465,0.25714599775337704
331208,5.156886137025,2.90679931640625,0.017264968298695282,0.1847091611149192
331344,2.9307962631282862,1.964569091796875,0.027084668491784036,0.28888051328960623
332513,2.825148687523324,1.8634796142578125,0.0455543405128358,0.2642195723929472
333857,8.821484418229375,3.810882568359375,0.07400332193373094,0.12056665520697085
334019,3.105389521319012,2.040863037109375,0.027395293103690155,0.18384131624947594
334642,5.795349989821261,3.093719482421875,0.027358270393253337,0.16643995621082214
334691,5.070897152421821,1.6269683837890625,0.3880161319793438,0.22114454584485568
334928,3.77164047083125,2.12860107421875,0.0843888717211233,0.43730463159570393
335129,12.6858818148321,4.57000732421875,0.11344531692087356,0.19755600193644726
336613,7.658858189992316,2.941131591796875,0.18139234413277316,0.11305954657782913
337192,7.385172777299886,3.208160400390625,0.10897654938640389,0.3088333787004634
337827,0.4772937110392377,0.568389892578125,0.04681619232261236,0.0922799758434872
338104,0.0002137494302587,3.53240966796875,-4.492201631289737,0.8925784795738575
338580,6.57590777640625,2.407073974609375,0.2457215578878832,0.4459470721106411
339315,9.75192004459375,2.880096435546875,0.2999795873542812,0.2773536249514789
339532,3.875112776018796,2.1820068359375,0.08000018588091795,0.3881071483383522
339864,10.80349278126232,3.56292724609375,0.20585375466145628,0.1910067541224474
340683,2.456305800442351,1.6269683837890625,0.07321376346758418,0.1767342012219065
341095,3.622219165292336,2.23541259765625,0.034938183011330226,0.3655767902063915
341472,6.197883127737441,2.620697021484375,0.1646181599130554,0.33563326589683196
343006,7.755177777791687,3.101348876953125,0.15226582246022147,0.11023256659681195
346464,1.88668704500625,1.491546630859375,0.015244614195923933,0.41233106876222264
346521,6.891779440462415,2.841949462890625,0.1579068439561383,0.1810442091414003
349182,7.617105780140264,3.23486328125,0.11700609130453721,0.22661035956028097
349264,3.397571735753445,2.197265625,0.018344792914050667,0.23767908888660108
349538,7.347079895007482,2.44903564453125,0.282622103381563,0.1269631173411622
350276,5.819547772254737,2.941131591796875,0.062117553482887056,0.13576662337400044
350479,17.750764351847465,5.1422119140625,0.18249210323894838,0.2530607012098109
352542,9.264779745040869,2.994537353515625,0.2523404969474894,0.3696282573196014
355180,3.712063999781094,2.3193359375,0.021569969310948678,0.1731200394845064
358243,9.0513304136625,3.360748291015625,0.16705843916619734,0.09764358667317667
359248,7.218217915295099,2.590179443359375,0.23843521061587591,0.27078097195705175
359578,7.669297171290964,2.559661865234375,0.27248166888950853,0.2505418457356954
360502,4.534393310059386,2.376556396484375,0.09259700075838972,0.38620787119174477
360660,6.5274853144801455,2.92205810546875,0.11621263190004694,0.18420972930410084
360674,0.0015298687358153,2.750396728515625,-3.4744388446129135,0.4746095643967377
361283,9.454898114775,3.9825439453125,0.07541598821183926,0.23284011085494707
361348,7.239472805267724,2.071380615234375,0.3853170795895009,0.404635137490791
361518,4.12013155828754,2.285003662109375,0.07658073288300438,0.1623709982031977
362533,9.422303545354223,2.704620361328125,0.32599762134664434,0.4144784167451081
363500,5.891808069944091,3.185272216796875,0.015528760635438621,0.3118218265211317
363589,4.254088461784704,2.1820068359375,0.12052235634968411,0.15314306302402517
364657,5.983138233983482,2.857208251953125,0.09301619324385879,0.12108739626416369
365289,10.38013767664375,2.529144287109375,0.4117427041227657,0.3014837520495405
366573,2.657169287413126,1.5411376953125,0.14265705931707867,0.1457802812055232
367224,10.96137721746345,4.0130615234375,0.13465139672595883,0.3299294921712444
367305,6.31259618849375,3.25775146484375,0.030831085654570045,0.22775931922753603
368938,6.553084548279003,3.1890869140625,0.06094623805398636,0.3702242737075663
369962,20.241340909509745,4.5318603515625,0.3218245013879264,0.2901153748607557
371815,6.002186571262428,2.658843994140625,0.14127020663779355,0.32132485643512826
372258,5.309279226603394,2.75421142578125,0.06503965301122605,0.44055441067524126
372761,8.801109231935698,2.9144287109375,0.24770725618575717,0.3539019908706942
373347,5.17262851044375,2.43377685546875,0.13429015406912448,0.21368079112543234
374550,2.753410302248085,1.865386962890625,0.03371752729353411,0.2355841560876135
374783,6.1169388227,3.0364990234375,0.062974418333967,0.40726320701819674
375129,4.0810199839033885,1.766204833984375,0.24020711782850618,0.2976144055947069
375396,3.864833988205646,2.13623046875,0.09265868619526202,0.10391714353686464
377461,4.283279154507909,2.178192138671875,0.12463210018799076,0.336283073896698
378115,4.241846334647562,1.796722412109375,0.24583345392449774,0.3238324430149423
378920,1.2368382396125,1.10626220703125,0.026525790043323255,0.44062039319683927
379945,21.374331878803787,6.0272216796875,0.15971680088396756,0.31288589961933805
380779,2.913439104013378,1.9683837890625,0.023241275491409252,0.16305291789035214
381046,9.925673513644142,3.322601318359375,0.2145426362123496,0.11302042227746445
381539,11.983631738796248,3.60107421875,0.24394034601918513,0.32228978320102647
382802,3.414274259157537,2.18963623046875,0.022740448178592,0.47765505234019906
382905,13.695833716650668,5.10406494140625,0.07471418730478563,0.29838112715078074
383037,3.0226123954489594,1.888275146484375,0.06628454354405638,0.10627865757314454
384233,0.0010320236178813,7.9498291015625,-4.336847052770845,0.35968711783288193
384566,7.387536354144686,3.513336181640625,0.04992006869453691,0.17180105324514905
385150,3.7943072469375,2.18963623046875,0.06857453963564408,0.35260882301227725
385274,11.494003538995456,4.32586669921875,0.10636162760881984,0.16342346905889157
385786,6.8160900470875,2.99835205078125,0.11821138311160329,0.11412545878176211
385918,8.3854337696875,3.47900390625,0.11134315855576404,0.2769038545199097
386064,6.426081390325,2.986907958984375,0.09511346170113999,0.14577048753582186
386842,3.872689977069968,2.025604248046875,0.1281808328287085,0.5303183528632528
389353,7.276479700391064,3.200531005859375,0.10408826379187996,0.11125710012981742
389431,4.869112175045302,2.8228759765625,0.011412083307607013,0.10306439714390259
389909,6.771150519675,3.391265869140625,0.03511970955075017,0.18861727305890683
390843,4.557972082999186,2.51007080078125,0.0592427033604519,0.2235929990847699
390846,,2.422332763671875,,
391050,9.859441204112954,2.87628173828125,0.3056051655906882,0.19807075669335875
391703,5.436194104113383,2.445220947265625,0.1528177938547497,0.23907171106314082
391709,4.086856239191548,2.452850341796875,0.026882784613672106,0.3248664364425782
392909,5.506723563412379,2.38800048828125,0.17384165863109702,0.1442340380437236
399047,8.97767908594375,2.8533935546875,0.2701215632830092,0.20150188453378312
399197,19.064613877890224,6.40106201171875,0.07084996197336269,0.22746210034301906
402016,1.717974892744678,1.422882080078125,0.005263447781791941,0.053758510157648605
402161,2.96645149936875,2.00653076171875,0.018568518838176562,0.3113294838650349
402510,9.83034974409375,3.54766845703125,0.1676544295287209,0.1017398680567006
402569,5.13526641639375,2.223968505859375,0.189870030400616,0.15520891197852657
406453,7.814093514920387,2.5634765625,0.27963457767228495,0.24783658586818288
406502,1.3263042103280895,1.186370849609375,0.011312447674729775,0.3671280671858061
410403,31.79565754522628,8.5296630859375,0.10596999487893566,0.2106663863184949
411352,1.6893990551907336,1.40380859375,0.006770401881418836,0.4291479958203201
411815,7.556654459724086,3.589630126953125,0.045755011639149634,0.1292749990522775
412847,16.26042070114636,5.69915771484375,0.07741576448693888,0.28594006327880284
413056,0.029808075792971,2.5634765625,-2.1389100848194347,0.24427576120556113
413936,2.782324800689821,1.796722412109375,0.06268634915313942,0.0877967544962988
414057,4.95493694339375,2.254486083984375,0.16546679362359495,0.44379719467770656
415924,7.7625940285375,2.910614013671875,0.19402994983393418,0.11954473616341661
418275,82.23148169093474,10.9710693359375,0.35466467604175755,0.2222465591510999
418439,5.627810663812852,2.76947021484375,0.08674442993563936,0.20623472698412182
419679,4.485689262910455,2.44140625,0.07036910736502866,0.1899706180858485
423945,3.258517533504346,1.556396484375,0.22483970049208224,0.439451257582256
427231,7.905005140004505,3.543853759765625,0.07368846859296996,0.3767879407237104
427356,11.292724491686386,3.9520263671875,0.15756898261199548,0.39239112861412884
427733,9.25878830440625,3.65447998046875,0.12231577368679458,0.14618802406787854
432682,9.3919246600875,4.15802001953125,0.04442473612117137,0.13522530138088612
435436,3.742023783030163,1.83868408203125,0.17634586896996463,0.2702608340957118
435538,4.223072689528635,1.499176025390625,0.3618496141360488,0.31798946265680134
436420,9.490441101581382,3.37982177734375,0.18394569835463948,0.2410340580552963
436450,2.714817990148731,1.903533935546875,0.014399782938915973,0.15524040455915378
437317,6.65498017406875,3.01361083984375,0.10451601199255167,0.11856700993377756
439711,0.005219236270932,5.2032470703125,-3.356804715065547,0.35820266205497614
440918,8.79191374083125,2.9449462890625,0.24046735091293758,0.34983090382657367
443354,2.327916917252878,1.5697479248046875,0.07322260000280106,0.11357760481232267
444365,6.5350986033875,2.8839111328125,0.12527933439775818,0.2062097801457906
444561,9.596960957424017,4.34112548828125,0.02573021783953655,0.1913952045311844
444592,6.290675311414816,3.215789794921875,0.03776579096319366,0.16913517374684298
444685,4.88217782061875,2.437591552734375,0.10817218910516402,0.22189485475677548
445152,24.06016196471319,7.171630859375,0.09787165556632393,0.14973163546968782
446063,17.0451573066375,5.7525634765625,0.09180888423456124,0.27582507750134716
448610,4.4504563052687445,2.384185791015625,0.08239439838685114,0.37651491577967766
450417,5.766321267714375,2.521514892578125,0.1584065289258163,0.1534097155085765
450952,7.402188128638954,3.44085693359375,0.0643601952271613,0.18832694030974004
451309,4.462835066391563,2.37274169921875,0.08673514274756244,0.3474619766936063
452464,13.71217311295,4.791259765625,0.11643171130481655,0.15899247850376472
453436,5.324021658459969,2.9449462890625,0.02262374596779504,0.21858321113357482
454282,7.1963602061625,3.154754638671875,0.10866451196500815,0.20430747032319052
456418,2.3339363680788665,1.64031982421875,0.045696210920876446,0.26119106795623925
457169,4.302571416235878,2.5787353515625,0.016617926711847586,0.5816071909737034
457833,13.70489151612128,4.4708251953125,0.16129406754649267,0.34047792213872924
458748,14.166167729184965,4.82940673828125,0.12541170399889356,0.38922084182905015
458919,7.627218032190285,3.170013427734375,0.1307745085900458,0.2802540547342142
460314,14.457630370096012,4.78363037109375,0.14046069538158812,0.1553753737173658
460550,2.069178066099994,1.453399658203125,0.07222028552544277,0.69559160325195
460868,0.8944507558844634,0.9136199951171876,0.010408041717755612,0.19657746232412918
464444,8.141401268519985,3.91387939453125,0.021788002280889507,0.11533731240929541
465046,15.546212170134822,5.584716796875,0.07112285837730159,0.26558852550979484
465532,7.41410988629375,3.391265869140625,0.07451625999568068,0.1378236586791856
466789,28.72523011929375,7.69805908203125,0.12869165660581228,0.2844465471456849
471338,6.957240458519664,2.83050537109375,0.16464103886013703,0.3706460714619591
471906,6.655329504304973,3.41033935546875,0.023973166927311662,0.4160261836437587
472438,6.647399631045118,2.529144287109375,0.21819137896969298,0.30459712192939337
472461,0.0001025640813168,5.60760498046875,-5.112170824862284,1.0
475090,2.4516467476350954,1.689910888671875,0.04766218741442013,0.12679460084153607
478246,15.158484074643638,4.8980712890625,0.14561811914302747,0.1659181701124762
480155,9.21400271083985,3.299713134765625,0.1867340574201698,0.11065745387360247
481574,33.17368243195233,8.0108642578125,0.16527462371513346,0.37197986206721617
481649,6.145871219425,2.72369384765625,0.13584602107310195,0.07902326892321455
485452,3.87751034667599,2.37274169921875,0.025677271241714816,0.16222628945255382
487605,5.67613561455625,3.139495849609375,0.008762893207042932,0.1265599020236465
488259,6.15652118393125,3.02886962890625,0.06741450745804112,0.2218724918144106
489146,6.809648597976775,3.27301025390625,0.060703652509626393,0.1450889751928621
489993,10.38623532530625,4.2266845703125,0.07745840070229892,0.2027617195188656
491529,4.766329503909219,2.64739990234375,0.043954739759004435,0.4521075417527573
491584,5.395647185374401,2.872467041015625,0.04466096258136121,0.18929169782681918
492251,3.8905946929371567,2.18963623046875,0.07945803437631305,0.14281680464392263
492506,24.69171907295822,7.2021484375,0.10635822517475435,0.25997944342627055
492527,6.132501186657464,2.5634765625,0.17439361426247713,0.4408192878351345
492626,13.99750485473487,5.2490234375,0.06593285887104372,0.19174979294629926
494559,3.667450005326828,2.109527587890625,0.07808638822436792,0.13981696868808546
494654,1.8367182341244188,1.38092041015625,0.053789564625361025,0.24749215013660955
494970,12.499857990842427,4.47845458984375,0.1202128166366474,0.3366307007453022
495540,2.156687798589701,1.6155242919921875,0.0213170422547741,0.1633955970503579
496954,3.7462751249186113,2.01416015625,0.11745866774698716,0.06867743767392233
496985,3.665824922405591,1.8749237060546875,0.154696319153388,0.6631483375819408
500334,3.99810440280271,1.6803741455078125,0.2637451445002225,0.3826383928013837
501783,3.42292436865625,2.048492431640625,0.06724575765330587,0.07336751517572125
502997,5.706060408032499,2.55584716796875,0.14503404394289499,0.13845632194979446
503070,3.1710001316241687,1.96075439453125,0.0625614644886775,0.27184198409449223
503453,9.06056203534375,2.60162353515625,0.33428845915796845,0.383471645235514
503454,76.96617265971145,12.5579833984375,0.2379200338068641,0.24170164187948143
504731,6.967187924266909,2.941131591796875,0.1402858406631402,0.3141195488813748
505821,10.236354398126425,4.35638427734375,0.051456040472339204,0.1236330908588044
507774,9.657590218477708,4.1351318359375,0.06013473351602705,0.3326147666664812
511310,6.770122121502936,2.803802490234375,0.15897537699173547,0.41093090070219684
512766,9.881896545484778,4.20379638671875,0.05937779406078525,0.2116986965537193
514365,0.2472124748892383,4.32586669921875,-1.5610393164762564,0.13926275108258898
514602,2.6200316148388083,1.781463623046875,0.04214109388173448,0.3140762602281007
516990,7.334132707372191,3.5552978515625,0.039034778428251315,0.28032786476242794
517138,6.736593319437816,2.17437744140625,0.32243792969334295,0.1650195216242625
524463,3.439457834407221,2.132415771484375,0.043182160738538256,0.1310193039131061
525147,6.0267848426625,2.96783447265625,0.07142617479400637,0.21239717451502624
526228,3.333795360624208,1.979827880859375,0.07799778403452051,0.38916601861818106
527469,12.972455844574142,4.75311279296875,0.09755502056803245,0.13814281065044584
529646,4.1223766480979975,2.422332763671875,0.038796964314731786,0.22177239529627105
531150,2.9016846638769493,1.995086669921875,0.012707564006980643,0.294428079833475
532707,5.84476385058224,2.99835205078125,0.05144303266634653,0.16685967048786718
532946,1.7665397866658168,1.4495849609375,0.005257911225070383,0.3873041915759072
533394,3.6998295996454544,2.277374267578125,0.0320301087766931,0.16907698878379393
534492,9.17349295601889,3.757476806640625,0.10019026899963812,0.15158014754411542
534493,9.0776363408375,3.795623779296875,0.0890480422942711,0.2090408696849991
534906,17.76815097591316,5.83648681640625,0.10041497245579678,0.21403936978267799
537268,2.5815118801037897,1.39617919921875,0.1944623828445868,0.4487958692928431
537548,7.956822076383105,3.620147705078125,0.06265021113625313,0.15152624762247602
540251,12.902267983343336,3.513336181640625,0.29208649568928746,0.3181986662803526
541137,18.969129356082703,5.77545166015625,0.13566846830643553,0.19580737658837336
542478,12.625246519601204,4.730224609375,0.08891722205857988,0.23089630843297024
543466,28.82053834758699,6.41632080078125,0.24877298460688846,0.3062820360542982
544311,16.62027446681168,5.6915283203125,0.08779483965842805,0.1947878395565402
544799,2.167384646330902,1.4095306396484375,0.11232421134852089,0.28130485664489957
545484,10.889988701659604,4.7760009765625,0.018430818792272152,0.44956112735269954
546448,5.806360614828009,2.26593017578125,0.23103422045573585,0.1418404163382048
546747,7.887448553461581,3.6773681640625,0.048630871612838966,0.25541754125970867
547467,3.606167044490576,1.956939697265625,0.11967967545541824,0.15978718241307432
552961,5.491747440653853,1.80816650390625,0.35385292672097757,0.2906898674810267
553025,6.860081022903614,2.971649169921875,0.12683294151200797,0.3045342875387607
553480,9.819610306175,3.780364990234375,0.1257936542374466,0.2581889922835698
554246,10.397967025404796,4.2266845703125,0.07794867818047879,0.35579390318585974
557220,3.1040213550732005,2.08282470703125,0.013945619329781,0.36934126167489517
557222,4.054461199484649,2.40325927734375,0.036732207395880456,0.3794184142758404
557228,3.453710482972383,1.8138885498046875,0.15037002981408815,0.1775970588322983
558750,10.948257053547422,4.34112548828125,0.08294147547384223,0.15507307653243005
560617,7.00510654395,3.040313720703125,0.12103714589375836,0.3395809483003993
561091,4.448531353176804,2.18963623046875,0.13765870014606485,0.6428377782874413
561420,2.640030322414532,1.2569427490234375,0.2726356695771601,0.3765118390163742
561508,4.631522104042233,2.63214111328125,0.03525998789402429,0.2335178316811731
563376,3.183115354462643,1.6613006591796875,0.17218002142672623,0.2629482909217857
568559,8.137600695292349,3.383636474609375,0.11642082878248006,0.26410443524058347
569454,21.226430553972023,6.3018798828125,0.12767178760298092,0.2256441177900427
572616,4.985285699673113,2.490997314453125,0.10313016317832036,0.18609336170669097
575823,3.4398391586728394,1.617431640625,0.22329923417564512,0.35593046329361105
578448,2.7996951860695845,1.979827880859375,0.002169596706296406,0.2056928585981662
579269,10.476732702612937,4.29534912109375,0.07072816086476563,0.2453595283166011
581442,5.046287208315334,2.7618408203125,0.04117399829070867,0.08027974673015113
581611,3.510836957044376,1.983642578125,0.09921552881188106,0.1023621704649697
581720,3.4801078511,1.9989013671875,0.09040565571221887,0.15761379614087326
583176,3.5906807494247914,1.7185211181640625,0.20244448329406817,0.25176600882241484
583523,4.002811516897054,2.18963623046875,0.09180718499802953,0.2320719219183294
584622,5.615561434264237,2.60162353515625,0.1265265037332618,0.1534525523509185
585532,20.224379553532344,6.49261474609375,0.08724575644381205,0.281556607113133
585950,8.949634764947405,3.711700439453125,0.09744593462249285,0.11738966213030537
589453,15.68654196971329,4.05120849609375,0.2841503236083217,0.3227326038879666
590565,7.694197005825117,2.34222412109375,0.33172062820829484,0.38037545927001126
593631,4.199910460338288,1.5811920166015625,0.3247631121874996,0.1362759214799493
598534,4.874895303757512,2.7618408203125,0.02616732659173371,0.10557165073015684
599396,5.818860816623783,2.056121826171875,0.29526470442273706,0.13515175384248906
601712,9.796180626115529,3.326416015625,0.20809193976021312,0.11346019276160951
602395,9.88349197797652,3.795623779296875,0.12598567591331622,0.24939665848900516
602731,18.45188734203112,5.6610107421875,0.13669982587303364,0.26245068615377115
602892,3.396786688033899,2.03704833984375,0.06756627221507472,0.20123109715730758
605496,8.603714122625,4.05120849609375,0.023309079372591412,0.25253847545221825
605908,13.334096251062874,5.34820556640625,0.03265144820092725,0.3457297123160095
606926,4.799732333623979,1.7108917236328125,0.3313832306347091,0.14369448898834916
607693,13.682801063267108,3.79180908203125,0.26790531905157555,0.372730047924475
610365,8.951558967179153,3.3416748046875,0.1659524005425389,0.09394130786384568
610489,2.2924392782733776,1.5106201171875,0.0915649450181168,0.10379260196865847
610608,3.5356623651387054,1.712799072265625,0.19791115718712154,0.10844882486530816
610819,6.006888498879562,2.712249755859375,0.1286550523900265,0.13801226338500203
611875,12.797806313901674,3.7994384765625,0.23755640842301262,0.12218500566097325
613188,4.175219090626342,1.911163330078125,0.1987325637315296,0.4036804055213908
616316,3.5607431238968275,2.269744873046875,0.01757507863569141,0.13194669649501065
617091,11.257644102435734,4.2266845703125,0.11244775715591349,0.25216380265547894
617942,64.4556283789716,11.2457275390625,0.23277951085117654,0.3050917993953582
618229,7.950024211895652,3.66973876953125,0.05341572617839618,0.1801089583122054
620044,6.285927321025,2.716064453125,0.14745924779515185,0.13374900709238788
625859,5.238396246742923,2.780914306640625,0.052916937014956034,0.25328386409830284
627733,14.172022293198095,4.6234130859375,0.15398778000759028,0.2767528291265487
630395,19.603980283463898,5.14984130859375,0.22465348723782075,0.2687834442947988
630528,3.0785704571389942,1.392364501953125,0.27271968368514915,0.3585696132638235
631758,23.38080537379573,6.2255859375,0.17758911806543876,0.3023136138334723
632496,8.661431901600736,3.01361083984375,0.21895894119135906,0.19095960153819103
633545,2.6563994553653174,1.9054412841796875,0.004300026609036334,0.3344754232822675
633767,3.733464659177116,2.193450927734375,0.06042016056307764,0.1587233168289207
634314,3.900531876526657,2.288818359375,0.05170683881208915,0.15249492117442282
634568,4.8800482863225625,2.513885498046875,0.08790588024814139,0.47465648116537656
635276,5.837007138594345,2.643585205078125,0.13290025545755335,0.13647611797087
635278,6.7748166661695,3.376007080078125,0.038292524110114745,0.15764608186540238
635574,7.799778586231696,3.162384033203125,0.14206036156914992,0.10523631016128926
637698,4.262625037496036,1.99127197265625,0.1809812599667302,0.1613609197741592
637722,3.5926959609569167,1.934051513671875,0.1257184096526734,0.23808888668015338
638585,25.42581891190639,6.0577392578125,0.23180908531858657,0.2458497264078012
638754,19.00430854125443,4.608154296875,0.28356155421923246,0.3599707687886826
641027,11.855694297752052,4.79888916015625,0.052215913643888445,0.15144134073448
644801,2.838413559067704,1.811981201171875,0.06584514126633817,0.10582699393292953
644869,3.225259729311801,1.8329620361328125,0.1138344889198224,0.09712391116030734
647297,12.672632899339078,4.425048828125,0.13398975350194364,0.2514125592155711
648829,3.703302408939635,2.18963623046875,0.05803122199468569,0.2720236361314405
652159,14.70693470461265,3.91387939453125,0.27861100602126876,0.2559557715771907
654331,4.730529431391915,2.70843505859375,0.025832108676536736,0.11375422162135862
654985,6.091270466647984,2.5634765625,0.1714638569665342,0.18642933956648677
655330,2.868721575068776,1.99127197265625,0.008992528089073526,0.25515857866845676
657528,2.1464395695147687,1.628875732421875,0.013886736326441551,0.15370150316630796
659091,5.665321043976292,2.60162353515625,0.1303578465590859,0.31796370239290234
659531,5.391443291264295,2.64739990234375,0.09747571878172345,0.3958833909174298
659905,2.8960406824044185,1.6918182373046875,0.11927410503649877,0.09349509860854736
660992,3.8064116505047423,2.117156982421875,0.09188616220899382,0.37634227061480446
662287,11.063091859949054,2.7618408203125,0.3820785521068406,0.5002085138380151
664400,11.30383459416771,4.1046142578125,0.13331726990992965,0.13760005827483263
666054,1.949039013568836,1.5354156494140625,0.010481588272036657,0.2639842508052796
670265,7.0768756684992695,2.124786376953125,0.3588686558500126,0.1667609759956873
676776,3.8308263566723326,2.117156982421875,0.0946628750143027,0.1437402579867422
677550,13.925134252931455,4.2266845703125,0.20479963326013584,0.2404150958053571
677613,3.334005466545932,1.8634796142578125,0.11747933842151026,0.2800796017925817
678241,5.833621292476892,2.704620361328125,0.11777876228759787,0.11083186436450941
678569,4.17902727908222,2.414703369140625,0.04677952396162355,0.20197064352028016
679306,10.7343872219717,2.9754638671875,0.32044523644725753,0.29172887798797087
680060,2.91682838455625,1.8825531005859373,0.052790025003967456,0.08270925986960548
682784,3.455664396096836,1.1844635009765625,0.4282490346180914,0.5585688976699535
687524,2.452570410183398,1.773834228515625,0.016251937866841815,0.3120177001663416
687613,10.437128304775,4.3487548828125,0.06103362825304948,0.12368119268054474
690382,4.025609303796955,2.3040771484375,0.061086098146882484,0.1444829150497323
691874,3.657051094254712,2.208709716796875,0.04692306543425795,0.1467279977152292
692795,4.402175159324543,2.37274169921875,0.08079162471165635,0.12078721598035524
693872,3.898583005553519,2.26593017578125,0.05803700076630014,0.3370111499609864
694144,4.894037513236981,1.5010833740234375,0.4250600718195955,0.23251296704980087
695038,6.676160393406462,2.6397705078125,0.19217750321220606,0.28411920591571743
695815,3.825092111386766,2.01416015625,0.1265008969132288,0.10178757925491326
696241,3.8510580212823697,2.323150634765625,0.03646400587095511,0.19322319001176638
697220,4.31922517301875,2.41851806640625,0.06008184170145536,0.38635647260534367
698792,3.9955678303375,2.01416015625,0.1454375069465514,0.11069074242436518
699810,6.364460027172754,2.796173095703125,0.13391548415311993,0.30099757358520446
700143,2.1448834581970004,1.5621185302734375,0.04083272364298968,0.09662282752137885
702824,12.2288034689375,3.170013427734375,0.3357923126883029,0.30863130957155827
703788,19.158233100475627,6.1187744140625,0.10235879007255533,0.2155003659051196
703853,4.686120944701543,2.60162353515625,0.04794681411081758,0.29677077887135284
704250,8.463877745620266,3.05938720703125,0.1991177121788935,0.3377066587219943
705797,6.368249777238816,3.2501220703125,0.03617057985836447,0.1336451959391701
706528,6.289942624774994,3.261566162109375,0.028507394776962625,0.17940318316661863
708494,13.60168838744375,4.2572021484375,0.18990641203054393,0.3281600213322851
709366,5.185069523198763,2.391815185546875,0.14666315561557353,0.22942158855325526
711737,17.319867937418167,4.73785400390625,0.22517206540056378,0.3764497538304808
712490,27.42404540148709,7.60650634765625,0.11635367119776951,0.1843083230968375
713276,11.08401487032097,3.314971923828125,0.26397731801481394,0.19394587493150095
714291,8.363212383606879,3.1585693359375,0.17313750357446045,0.11368083972233627
715476,17.571840168988274,6.09588623046875,0.0672619647896393,0.12406330872883424
716298,2.830840511342103,1.96075439453125,0.013280606475344237,0.16183735926654574
716774,4.826682397761033,2.4261474609375,0.10627293204861843,0.07778224858070722
717689,2.3644107448562863,1.50299072265625,0.10828847448346984,0.3209509805471839
718248,3.3772282603022177,1.74713134765625,0.16507208067008172,0.3045756028554984
720041,6.096216556390573,2.887725830078125,0.09422644976072636,0.2747471166717825
720278,0.6721618263763958,0.637054443359375,0.12120902045257062,0.05505144788003275
720514,7.673289552105416,2.17437744140625,0.37897918606064074,0.15574045919831447
721503,7.155208365205908,2.727508544921875,0.2009731054972832,0.2477018577183581
721737,3.011415428147302,1.796722412109375,0.09704919329223605,0.1503880393469487
724134,4.504307238043111,2.0751953125,0.1780395393878041,0.13690915256640987
725408,2.773846297153796,1.79290771484375,0.06274548854079787,0.1514185469811877
725417,2.556502141953388,1.739501953125,0.04700877986515278,0.178987985980819
726526,6.178823314388865,2.41851806640625,0.2155817726946052,0.31603229185637854
727150,11.304346434335455,4.21142578125,0.11660173132213658,0.1267653125958451
728163,5.420546016881417,2.12860107421875,0.2419016201692803,0.16480149333303626
728678,4.4845939107625,2.582550048828125,0.03365000279833685,0.21362105092314562
729031,13.69919626765625,5.34820556640625,0.04438295031230455,0.19283023582573552
730997,10.588817813368223,4.3792724609375,0.06274452692033838,0.22446449223086837
735917,9.13181439181875,3.810882568359375,0.08901872626829,0.28305602717902906
735922,6.03606570008125,2.66265869140625,0.14278070723802938,0.15873359452518485
736900,2.931851415647543,1.392364501953125,0.25151254300331155,0.19790346833593686
737278,7.177530659575,2.64739990234375,0.22174573355214444,0.1566987605965295
737877,5.866381413863564,2.231597900390625,0.24544637984242335,0.11182169028364519
740743,46.55590913618653,9.8419189453125,0.17835513588146568,0.22533997296514097
740896,1.8547488954875,1.384735107421875,0.05623506650180171,0.1973783822149379
742910,3.8194552338625,2.288818359375,0.04258443157292524,0.10931583186203013
744126,6.464303123379068,3.192901611328125,0.05424340906989322,0.2597295590083461
744812,24.78891359687259,6.40106201171875,0.18487944190981276,0.18384430119954473
747880,3.746077544376021,1.613616943359375,0.26187609495915143,0.11532318628149629
750873,153.03972320687535,15.716552734375,0.3902682304171856,0.19415797417119227
751416,2.2370937579253223,1.3828277587890625,0.13853205258417584,0.3187493577871617
755578,6.526464081958693,2.971649169921875,0.10518164865748059,0.1689350391058261
758788,11.218729696141963,4.12750244140625,0.12641267603685513,0.18413127192219472
761509,4.878193125507096,1.59454345703125,0.3843044501093528,0.6777141548536093
761928,4.263341349869734,2.5634765625,0.016506079728321965,0.4467355392838019
762834,2.65601721888125,1.77001953125,0.05226379831858735,0.17955984579535034
763670,4.288220152870053,2.3040771484375,0.08853154849074762,0.31503928391186714
764883,7.4592329709125,2.948760986328125,0.16823481354054592,0.29092083768579374
766082,8.16757661709562,3.047943115234375,0.18608293108326135,0.13506315121086734
767667,8.750571066026168,3.314971923828125,0.1613166144460796,0.11657944092379036
769618,7.017715524569212,2.15911865234375,0.34478099549129015,0.41721600745925175
770096,4.651034279595478,2.460479736328125,0.08101985138576218,0.14967449928981189
770955,3.8348183190464624,1.8825531005859373,0.17162394076146892,0.20031685403013003
771562,7.333901030084235,2.532958984375,0.2598928087994352,0.1289378668192642
775050,2.481975594899268,1.5964508056640625,0.09006419622856238,0.12768238997760825
775375,9.503867663925,3.57818603515625,0.14740600572883522,0.12260849978449574
775466,6.639220594675862,3.13568115234375,0.07761925536809833,0.24203208521234745
775613,4.312599296361441,2.338409423828125,0.0813582788521593,0.14484140788933275
776018,8.132701671129325,2.5634765625,0.29699081487613566,0.2298738793631799
778154,12.80618096269609,4.69970703125,0.0993134556826405,0.2444007035366014
778869,21.86655808269279,6.2255859375,0.14851007936201177,0.2490211733708161
783297,10.9008460879875,4.180908203125,0.10555425946977581,0.1028762676722212
784803,3.70720532960625,1.766204833984375,0.19848503720363847,0.13477140984554806
785891,0.0260861228816793,4.39453125,-2.5479592999613208,0.11919795893354583
786082,17.28883390633564,4.7607421875,0.2212537069659506,0.28251179759841355
789867,7.02237583859375,3.459930419921875,0.03788302159362156,0.152349485015328
793281,3.49025006705625,2.292633056640625,0.0023547190321314693,0.366718984449379
793416,3.98140635281875,1.5888214111328125,0.2984238793981945,0.3123344230138967
793784,6.149057753175,3.11279296875,0.049083216840767774,0.32706200763959387
794276,7.400941849249648,3.23486328125,0.10450309642251165,0.15536105644653128
796087,18.36196029480197,6.3629150390625,0.05843485742998489,0.2136650700980164
799104,8.800348101009149,3.719329833984375,0.08880281054774464,0.20011037849289473
800819,4.764830105727015,2.7923583984375,0.009090681432682324,0.3514037894705171
801124,5.216211968378048,2.92205810546875,0.01882195975046974,0.16102483885487015
801328,2.1255666658616974,1.6193389892578125,0.013468071702398499,0.4098073486050063
802125,5.836082840112795,2.933502197265625,0.06504182107125056,0.42645384227967514
802280,2.99704547323125,1.964569091796875,0.036792371775342725,0.14558032289979608
805018,3.12371643014194,1.392364501953125,0.2790421881400067,0.5021604496135376
806092,3.278028850123519,1.644134521484375,0.19170674918881597,0.2095428430617637
807260,8.110261714267835,3.33404541015625,0.12457760288845465,0.19166712529588428
807535,3.2933436052699108,1.96075439453125,0.07900224886886531,0.29065420504343037
809503,4.150601699366234,1.5544891357421875,0.33072952286236984,0.6121371542606555
809752,22.84873974667425,6.52313232421875,0.137177968302723,0.23383811932367896
809992,16.050401088170474,4.46319580078125,0.2310169798966626,0.2667031535272704
811822,10.808937665504343,4.15802001953125,0.1054531483157628,0.33169814399351294
812385,2.3362664551314083,1.6002655029296875,0.06223430846408212,0.3571091968036415
812991,11.734738169245247,3.8299560546875,0.19468271758293898,0.15987746430486613
813111,7.988378653477412,3.604888916015625,0.06712081264397163,0.2961064687938723
813496,8.11925446314126,3.60870361328125,0.07348933103780786,0.45739743889689244
813780,2.510012973820267,1.7299652099609375,0.04261991211276139,0.1605490774142478
813809,7.367903395235771,3.253936767578125,0.09873025912082611,0.19533976968530467
813903,8.4473787666875,3.92913818359375,0.035276013545262,0.28006807614406004
814052,13.644402453195651,4.93621826171875,0.09486298923597714,0.26331204334486535
815214,7.509339574346086,3.437042236328125,0.07132444014358408,0.38365599327190364
815258,4.563158219461911,2.044677734375,0.19332822581713638,0.30342348793023555
817454,5.902539978975256,2.471923828125,0.1814863114377283,0.1501249475731977
817542,5.408534491965838,2.99072265625,0.019415392589069325,0.20894637068487962
819935,88.54803250959375,13.7786865234375,0.23836718630511,0.22285606087132825
820381,11.290808581012245,3.437042236328125,0.2484477411028565,0.17456794595073308
821231,5.7148597654668265,2.475738525390625,0.16644841561989066,0.14365567396312726
822649,6.89336794468125,3.383636474609375,0.04435591346430301,0.4202056243054138
822763,9.618605176190613,3.704071044921875,0.13009313627758057,0.09772872978222608
834427,7.357251125606126,3.19671630859375,0.10965943508379439,0.27933258038503234
835539,36.074467030625,8.8043212890625,0.14015609968561415,0.2677369047309643
839391,3.041114200277661,1.983642578125,0.03683759660304309,0.12162822174884776
839425,6.3362048437875,3.154754638671875,0.05338082775594721,0.08209233115503219
839898,6.38508161973125,2.32696533203125,0.254981583580445,0.08846839055050067
840334,7.304977940235403,3.63922119140625,0.022106229649741516,0.30730822037027355
843181,3.1685548218883923,1.964569091796875,0.06096026499380858,0.2847861195531024
844903,0.0003235315816709,1.5163421630859375,-3.7612791356494273,0.38963599185139824
845197,5.061238623267855,2.8533935546875,0.021214299694368832,0.20213539770690417
845312,4.80801887450798,2.66265869140625,0.04399291287066487,0.18348069821852875
845912,6.704788467803155,3.376007080078125,0.033780057544882114,0.2042736074174694
848198,6.114412134549639,3.05938720703125,0.05790303897184501,0.07446894073540382
849453,54.39148401661805,9.7808837890625,0.24996375991974373,0.20592491210118227
849841,7.72379910275625,3.5247802734375,0.06713289528300959,0.3000815554671829
856050,15.414575933747985,4.6844482421875,0.18194391418797173,0.33995397687644474
858826,3.2315138570265844,1.70135498046875,0.16321361741637058,0.19991435095799673
865552,4.623918618752214,2.170562744140625,0.16015166520543223,0.24850308905402083
868100,5.636619933182374,2.960205078125,0.04403605317698445,0.11516529340211042
868355,6.30585600256875,3.0364990234375,0.0761843305105736,0.13630883835223578
868437,6.99262533685625,2.66265869140625,0.2066670084649479,0.12722571011578784
868822,5.56345288350625,2.895355224609375,0.05279163347451454,0.3513266441986537
869305,9.653062730765669,2.964019775390625,0.27684348320327334,0.1146569911391932
870514,18.634962367325,6.3018798828125,0.07112333849870245,0.15736140003104285
871274,3.847292393365933,1.68609619140625,0.2448316727489695,0.42717540821414096
877581,8.71337625830347,3.879547119140625,0.05701492155160659,0.2888147739433871
884010,4.938513190150843,2.09808349609375,0.21086206673852287,0.6001409061653318
888952,6.206716344575398,2.719879150390625,0.14103748613689548,0.09214747737302487
890760,2.565463115730381,1.697540283203125,0.06443564153796205,0.25208401188000473
899406,5.08653251590625,2.51007080078125,0.10689286759777716,0.15342114858426326
907782,10.889813910602244,4.31060791015625,0.0852126761276415,0.14399822887099945
908875,20.309563721377344,6.01959228515625,0.13834997885265188,0.1414475393821318
909970,6.765037159282656,2.826690673828125,0.15335275740981913,0.13615745653598607
910286,7.911521739260934,2.4566650390625,0.3127411076611999,0.11237172498409569
912605,18.02438060269924,5.97381591796875,0.09148259571655437,0.18834953146972155
915033,2.973427439515945,1.911163330078125,0.05131063901259192,0.28253668755183803
916372,7.14218538608111,3.025054931640625,0.13273122071559718,0.11582699171811593
919832,2.3216861042456003,1.7147064208984375,0.014518840871665717,0.34693105951174846
925424,8.22656730939375,3.0517578125,0.18839355787334622,0.12291134828228538
927634,3.3267635954616708,1.7871856689453125,0.14376743047540247,0.13802136779967358
927779,6.882696717038925,3.063201904296875,0.10849519799217855,0.1208439211017457
928964,0.0001939830253832,2.55584716796875,-4.3235385927654,1.0
929942,7.794473926245701,3.070831298828125,0.16090287097835543,0.14483399626369642
937008,10.48953386193898,3.9520263671875,0.1255264390858064,0.14646934466585246
938691,2.956045115366578,1.8711090087890625,0.06256242335956208,0.20825615202442915
939527,4.057277071449789,1.5163421630859375,0.33703885012581947,0.2535618977939175
946668,4.857458708931517,2.38037109375,0.12144211594960086,0.4754198841086208
947867,2.2940448959052446,1.598358154296875,0.05509076154334702,0.14439432454802992
949133,6.335322322331194,2.315521240234375,0.2547955617059393,0.44818712493595153
949156,7.771163723213249,3.536224365234375,0.06767634050222049,0.18578899622455083
950755,6.795347831357503,3.368377685546875,0.041080519295284335,0.12850424075289824
951058,4.940905086150451,2.323150634765625,0.14469045523310264,0.2987982075581737
953241,3.8543691129234494,2.048492431640625,0.11880175681743765,0.4188767319331725
953438,5.98234781739302,3.170013427734375,0.02528000682980691,0.2058084323804338
955386,10.288186689540453,4.09698486328125,0.09364229724592843,0.11566119080634335
956651,2.73851758391875,1.819610595703125,0.04754784822966651,0.13377545824995637
958172,5.557414163515205,2.2125244140625,0.22754065615392005,0.09252298316719014
958228,8.9681302493375,3.5400390625,0.1291898257416212,0.1704050710883445
959876,3.39121583699375,1.861572265625,0.12553558164557949,0.1901676994572493
960194,3.0284058593375,1.781463623046875,0.10504863986113161,0.2971491537085157
969387,5.852200648500002,3.0059814453125,0.05033976461849099,0.11552106078967589
977471,3.6021154158952413,1.77764892578125,0.1817886318905529,0.4221464477957259
979145,3.515510329962126,2.002716064453125,0.09355930622105169,0.1418707633415505
979716,3.6332229145191377,1.9683837890625,0.11912737508092208,0.22099228981018668
980107,3.053231638521538,1.5010833740234375,0.22015253191020295,0.27451667252110895
982499,6.709456896438496,2.899169921875,0.13327686170572306,0.2792235560401706
990049,8.769956323718361,3.37982177734375,0.1496567305877755,0.14516774812233427
990587,,2.01416015625,,
991478,3.485629337526916,2.086639404296875,0.0631100957005889,0.0636071996404871
995106,4.069975140504539,1.5468597412109375,0.32541535166004,0.4763415014556677
997544,13.07789423448412,4.180908203125,0.18463187245417245,0.16451535244820317
997900,3.634465665607422,1.6460418701171875,0.23577925333158833,0.4216002436679959
998437,9.843333494725812,3.9215087890625,0.10296241030476738,0.34773722620757247
999532,5.225542873638915,1.9989013671875,0.2669443677667814,0.14440200182159282
1008828,28.081927097089647,6.20269775390625,0.2595559785905921,0.38414856517769924
1009375,3.4250648092493066,2.079010009765625,0.05788392316084323,0.2823907938078761
1010350,11.94190034494386,3.810882568359375,0.20553509326566832,0.3681469219439637
1011037,9.480944183000249,4.06646728515625,0.06302566566096757,0.42797097958316127
1012141,4.17245104774338,2.513885498046875,0.019873011164361354,0.08441347089776234
1014034,3.37341320469568,1.8863677978515625,0.11462997960270627,0.26082653850892884
1029438,4.2751819969375,2.239227294921875,0.10580733867774994,0.11543560505811234
1036567,3.7080175352020888,2.17437744140625,0.06313937867317232,0.31101237054025516
1036695,4.640425840021635,2.437591552734375,0.08611643216838827,0.11232221391693205
1040964,5.192079776476021,2.31170654296875,0.16944230347059697,0.5896319737801492
1041244,61.59391020420298,10.4217529296875,0.262626615963222,0.25204988241475196
1041257,2.83892199640625,1.3885498046875,0.23931126725847846,0.30942494964423634
1041630,2.83615046665625,1.689910888671875,0.11093356139625188,0.48373871492054626
1047901,28.068836043748888,6.58416748046875,0.2204730995776516,0.14948921435928028
1055836,6.387289166952542,3.27301025390625,0.032895529245888455,0.0823910576298749
1056558,5.018484389300284,1.89208984375,0.2851599457462025,0.1533030178497997
1060394,6.311329621916229,3.269195556640625,0.02845951271486269,0.10786625136462769
1063756,8.18764332315186,2.8533935546875,0.2301164014401591,0.2747618698274363
1068221,1.9738406506375,1.56402587890625,0.0039461867376284765,0.1408250164913544
1068905,5.25840979615,2.628326416015625,0.09133547840764944,0.21809292082347861
1069568,28.709490829375,6.96563720703125,0.1935842133641721,0.2553741135370417
1084519,2.4961052549260785,1.4820098876953125,0.14098624280211008,0.09193612470405721
1085786,5.5108098652999615,2.44140625,0.15975534914923784,0.2743124304916562
1092345,3.5514216982701328,2.23541259765625,0.02636570269117433,0.12391959478286707
1092906,4.09733527985625,1.6994476318359375,0.2670398235533542,0.13718665636576569
1093110,3.458265407200088,2.239227294921875,0.013711051532232621,0.13418922076313033
1098003,68.0900061966895,9.8724365234375,0.3414468486348232,0.23798175921662137
1100629,4.21249590269872,2.399444580078125,0.05437340622089437,0.2669712844433583
1101316,7.71136351878522,2.960205078125,0.1801484775772686,0.20233469939116025
1101592,3.69948988896067,2.239227294921875,0.04299457574942922,0.11395715061985418
1102362,5.313858733017696,2.6702880859375,0.08557282757457241,0.19368189210248055
1105045,2.448452131407976,1.4247894287109375,0.15826559144051663,0.12987187459085928
1107735,5.208432125138643,2.655029296875,0.08060303243926725,0.1624423703303718
1112173,1.996104763784388,1.4247894287109375,0.06955730480977049,0.184774701698028
1114943,6.919301925780019,3.429412841796875,0.037232626912402256,0.23910421551001323
1121346,4.760185781648033,2.3651123046875,0.11684625147835315,0.16809247781295958
1121833,6.079981403534475,2.651214599609375,0.148734926967242,0.13087832447450642
1122132,19.012946369912243,6.04248046875,0.10722654022742328,0.16342238818083896
1125324,3.2972597877233056,2.063751220703125,0.04616715137649413,0.10753435411372166
1127010,7.194099900661968,2.811431884765625,0.18358511548114997,0.18569243090039037
1128690,14.352619501667505,3.566741943359375,0.32852363816246366,0.3309005210708361
1129528,3.300209015782457,2.063751220703125,0.04655543166865689,0.14207275550367607
1129954,6.76119820446911,3.0975341796875,0.0934995065275841,0.43977972832532347
1133191,8.815082597764558,3.7384033203125,0.08619715540415951,0.1384533151087717
1134909,6.840140986911138,2.3956298828125,0.2659354706801912,0.16938976249567764
1135598,1.6194943215377862,1.331329345703125,0.022951172062995545,0.17632203929090398
1136671,2.2701271366822766,1.6613006591796875,0.025377824106590563,0.3920841192188808
1138445,25.84685335092945,7.1868896484375,0.12759621398709364,0.19406588672491112
1140518,2.8905851558374707,1.7414093017578125,0.09963447821666821,0.26049463892851027
1141366,2.940379266088712,1.99127197265625,0.019707480110489062,0.34768250361650993
1144423,14.391932908642048,5.0811767578125,0.09917267145308184,0.14846431868982246
1148193,1.5731760374328587,1.3408660888671875,0.005699211522144448,0.1250612643046094
1155884,8.519020980689675,2.704620361328125,0.28223021798126535,0.19994565111043658
1158546,13.27802488905,4.50897216796875,0.14201714648643327,0.26311538168684295
1164038,2.833117326073989,1.8444061279296875,0.05347972535114537,0.2713908712914273
1165966,4.358663262792106,1.987457275390625,0.19190661600707437,0.2508743736802774
1166700,5.905615044786828,2.01416015625,0.31512413336205575,0.2703877924415743
1167153,5.749463345273398,2.716064453125,0.10871720202039337,0.4682358788608834
1169393,11.86892299264582,4.8980712890625,0.03937365941072102,0.13937486734857588
1169959,6.046702504383575,2.8076171875,0.10901176341847618,0.14523590628073427
1173098,6.624818208292709,3.1280517578125,0.07826306964475183,0.1039462658220507
1176856,27.71524643390876,6.87408447265625,0.18689644749742884,0.24273147723219882
1177245,12.3401430108875,4.9896240234375,0.04421845974440086,0.2457914667745774
1180235,3.446627961413469,2.25067138671875,0.00892627245062183,0.2369416008093446
1184901,12.839939568897536,5.096435546875,0.047663175451340356,0.18592301271866785
1188948,7.19441765981901,1.8863677978515625,0.44355608547787395,0.3317868075744696
1190207,4.890834648758755,2.658843994140625,0.05234369605309064,0.21262840899454674
1190661,5.816060768323951,2.330780029296875,0.2133770031054768,0.2867962112531372
1191190,4.3973202330380445,2.50244140625,0.045642217952474806,0.22409937207338948
1192409,14.770474550656218,4.52423095703125,0.18607729807694096,0.3038356638499821
1195883,4.6148177776375,2.105712890625,0.17905582332532533,0.22460489732837585
1197986,4.922912750262185,2.468109130859375,0.10367560068004056,0.2926389844433666
1198912,8.093182777010952,2.750396728515625,0.24902633448888278,0.21361960554236348
1202072,53.10713806780405,10.7421875,0.17851380523631954,0.23521083630122855
1202204,4.746398226794554,2.593994140625,0.055410686949624255,0.18127076377156803
1202651,4.351920892702765,2.410888671875,0.0654152578523749,0.31760509796947195
1202853,6.991586624106276,3.1890869140625,0.08907620959658247,0.13039068607951984
1207848,9.386466058640508,2.811431884765625,0.2991107652249333,0.3003239027519867
1208440,37.499338217268814,8.0108642578125,0.21850454425768073,0.24382924688675375
1209557,2.7221137862288742,1.7604827880859375,0.06645859993944886,0.15279134960111215
1211176,6.055974089365918,2.338409423828125,0.22880317950623918,0.13544744834478756
1212340,4.266005769117328,2.460479736328125,0.043491749404954816,0.09594876131703578
1213171,4.040393570852757,2.468109130859375,0.017877133303479398,0.2684799102160714
1214714,3.1357515895797405,2.09808349609375,0.013607499781485288,0.11218734832637156
1218474,13.47670946401875,4.24957275390625,0.18706596245567875,0.26923431571258083
1218700,1.9256302011854127,1.2683868408203125,0.1296952971739378,0.3735794358065512
1219141,8.39057091344148,3.66973876953125,0.07683878708466196,0.1241771257908499
1222254,3.324307978393336,2.14385986328125,0.024906661485262438,0.12570855566399258
1224517,8.205731717629533,2.2430419921875,0.38786120763139,0.18723249820746088
1236310,3.844578455475,1.7642974853515625,0.21499100519815095,0.34610022841318405
1239079,4.552949198987335,2.4566650390625,0.07277388644095395,0.23598752372353818
1239398,3.537686705989472,2.201080322265625,0.034765532783834874,0.1002449599296104
1241171,6.186272420913156,2.8533935546875,0.10838652696677864,0.14135799304803826
1243661,9.623286077148803,3.18145751953125,0.2293842034872695,0.14939672949027055
1245075,8.992919152595277,3.810882568359375,0.08236233966087148,0.18502678180728746
1252858,5.4738037032220745,2.28118896484375,0.20104732600801234,0.2891651032929056
1256568,2.19429820570625,1.45721435546875,0.09601048654435435,0.5447401476059571
1259617,4.161678258555185,2.079010009765625,0.14248363116053875,0.22543355103049337
1260779,3.491149847897759,2.20489501953125,0.027886615393734382,0.2015233824190612
1262810,9.785863423807314,3.41033935546875,0.1914027549782228,0.2020908191892922
1265845,12.145111835168793,3.803253173828125,0.2141686637096858,0.1718307480686003
1270683,4.44814236372622,2.407073974609375,0.07594452254340889,0.0732549998217472
1270772,3.090566244951333,1.6155242919921875,0.17756781786947906,0.12461648821703576
1270973,27.80830172500282,6.6375732421875,0.2111604774698379,0.2615701064673514
1272187,5.4185651187144686,2.918243408203125,0.0362020271549488,0.1514783061542478
1277858,4.469971519487444,2.452850341796875,0.06579817956597056,0.4991778463206829
1278676,5.307049197232118,2.5634765625,0.11160908697715743,0.20096603947193215
1281061,7.594025209604297,3.749847412109375,0.019451640696770855,0.18429903938810946
1282503,11.21554669874604,4.55474853515625,0.062123840737763,0.42609611303054623
1284463,2.1931194052958745,1.5697479248046875,0.04731740126953754,0.14402628437218148
1286967,4.772529046640557,1.895904541015625,0.26202388011107663,0.1062973590393117
1288954,3.197941435930261,2.09808349609375,0.0221363549114732,0.23455549070836082
1293247,3.1501184628432384,2.00653076171875,0.044658152801325124,0.12229122505418079
1295671,3.1874524246741203,2.079010009765625,0.026658840803732375,0.38064438339910556
1296730,29.945633441966493,7.8277587890625,0.13587735244514065,0.225545389510975
1296845,6.618693250835349,2.60162353515625,0.19790557473734183,0.09795895944016753
1298408,10.610323876535404,4.02069091796875,0.11927760740804261,0.2754550227101941
1299170,7.927654575425549,2.685546875,0.2555956129802909,0.18200879640898893
1299953,8.280547055946954,3.543853759765625,0.09384534141887657,0.17030380825054015
1302165,41.87415000396141,7.69805908203125,0.29237414454288757,0.26540423058665896
1304129,7.302454135031439,2.681732177734375,0.22084573335209934,0.22290065914662474
1304523,17.175107588933315,5.401611328125,0.13611446916025716,0.1789225131576859
1305066,3.92890073293529,1.7261505126953125,0.23865306374152634,0.4802713464888681
1306025,7.008894451573724,2.704620361328125,0.19749005005307907,0.2207158882431691
1306033,9.724970146358828,3.570556640625,0.15878438662614924,0.23149187787897227
1310048,19.461674108810257,6.317138671875,0.0883995801529529,0.16690539615981195
1313820,10.989986301654426,3.589630126953125,0.20842259888893255,0.17036340911718464
1316768,2.387750618829159,1.4324188232421875,0.14388393720956305,0.44645496334988305
1319946,3.077196877573442,1.522064208984375,0.21450582248541422,0.14168068930022215
1328813,5.021526161894144,2.017974853515625,0.24346210456116046,0.18691206435445243
1329203,4.811553099301818,2.750396728515625,0.023192268788734594,0.24364605497082217
1332340,2.2313554994107108,1.60980224609375,0.038409974049375906,0.22530032447796536
1333145,5.9993110732975765,2.712249755859375,0.1281068631758725,0.2701936760653732
1333331,5.38247779966332,2.704620361328125,0.0828227773797503,0.10601642197976285
1335263,10.597163265803829,3.490447998046875,0.2108678671976636,0.19449505877065856
1337997,8.43180723592377,3.543853759765625,0.1017069812794631,0.23717617064717866
1338299,9.758680685867148,3.269195556640625,0.21772975771172987,0.3656078539426788
1339108,23.546168993096217,7.51495361328125,0.05803080035164743,0.3643573552040369
1339152,7.436561114358483,2.54058837890625,0.26397069053491795,0.1678933027536399
1343242,5.794202436685737,2.5482177734375,0.15363885364072194,0.13083201225901828
1343803,3.583833397824492,2.13623046875,0.05987565476786488,0.15565927185608272
1343832,14.613660723473004,3.9215087890625,0.2745792313123925,0.32227877093899265
1345356,6.738539433499682,3.39508056640625,0.0322906471349077,0.3122537035078556
1345884,6.642006328169373,3.19671630859375,0.06524314001856768,0.4364193776154888
1349858,3.607582372234901,2.300262451171875,0.014550170878822932,0.13239879945318422
1350326,3.1526008812870714,2.056121826171875,0.029095727770874047,0.18258867485252864
1352952,20.44992479679786,6.18743896484375,0.12342532337277956,0.1812422467360403
1353319,2.7451244093026617,1.51824951171875,0.1665473063168404,0.4245561456401023
1356535,10.985670275738812,4.058837890625,0.12822400094134379,0.3344758537325747
1359398,3.2388762364935246,2.040863037109375,0.045673563020105556,0.1426867479550007
1359463,3.3642449933104217,1.7490386962890625,0.16268848768062882,0.22651636690711555
1361030,6.289934253938554,3.124237060546875,0.056530136256629615,0.1403013279862423
1362297,4.829622229743109,1.71661376953125,0.3319042740813501,0.09602652077735585
1365176,5.9666744339047,2.635955810546875,0.14432515347833963,0.12159813356865375
1366265,8.890237700114085,2.910614013671875,0.2529364489415177,0.20495811464497046
1369672,4.11346140131875,2.460479736328125,0.02767773743194324,0.21504781957568989
1373485,2.766864620025,1.47247314453125,0.18991683597716003,0.6305930636937839
1374997,2.759579545075,1.506805419921875,0.1737571566385805,0.47162283274834715
1376350,88.25292620078125,11.53564453125,0.35266631687712313,0.268605989141054
1380483,5.870625715877395,2.849578857421875,0.08651337284390292,0.14440269239867046
1388057,7.873480570706306,3.3111572265625,0.11619705528460766,0.26881127340379557
1389629,8.793639430579788,2.483367919921875,0.351607054158536,0.2785999496068143
1392845,4.377300803275,2.4261474609375,0.06383060133043605,0.13080584366745382
1395534,9.303473049541935,3.887176513671875,0.0841937108139591,0.09005430587104724
1395540,7.757367680344032,3.177642822265625,0.13655675725056404,0.18299050106067002
1398403,6.11420048063125,1.97601318359375,0.3426549181649433,0.3364971345868939
1401899,1.89453178648125,1.4171600341796875,0.05037355205373331,0.34766581966810434
1402188,12.110683643259108,4.90570068359375,0.0471170896304236,0.24053737563057898
1402315,3.96611993064289,2.201080322265625,0.08441200579865893,0.33012753872905537
1402716,4.980503443577618,2.7618408203125,0.035475278342657623,0.28342366716863704
1406104,3.1256776129625,1.857757568359375,0.0914606233198535,0.635953851230577
1418168,4.23184534732718,2.57110595703125,0.01134982616164426,0.1422447761628589
1418559,5.650456815557845,2.7618408203125,0.09028559374434442,0.11886287273034657
1419622,4.186772472792654,2.513885498046875,0.021361121140612616,0.5530240069018378
1422719,3.6870610185724217,2.307891845703125,0.02185714591862009,0.1539133411104938
1429301,7.52892260318913,2.788543701171875,0.20866665013665942,0.27373246699554304
1431445,4.725482668058248,2.7008056640625,0.02720617100922429,0.1930151176158276
1432210,3.5783008489597705,2.2430419921875,0.027420745290699267,0.08978177168303512
1435651,8.64483476967871,3.80706787109375,0.06587076793517488,0.12562750252146956
1438587,3.2267288237053435,2.09808349609375,0.02602831724559357,0.15837360258175295
1443347,11.053790582940564,2.72369384765625,0.39077379776022214,0.11077753469636682
1443766,3.076422202611866,2.01416015625,0.03190493613457679,0.40774989646555393
1444567,11.538288261333946,3.719329833984375,0.20644434412686263,0.2404830575504967
1447800,6.7040559411398135,3.2806396484375,0.05239983561439787,0.29183969043051766
1447963,9.071526873245602,3.543853759765625,0.13346670338699562,0.13657834057671536
1451575,13.291069699982472,3.086090087890625,0.3894470360119727,0.37674063600886365
1451922,6.317286516008608,3.124237060546875,0.0584146047433195,0.30978885867213496
1454545,11.239868662218214,3.73077392578125,0.19306283728098772,0.29829032551095563
1454669,4.587679404496157,2.513885498046875,0.06107482202615799,0.21847066960627248
1455155,4.688119234866463,2.41851806640625,0.09567464484573807,0.1867902442815348
1457871,5.75309935236875,3.143310546875,0.0138209394617137,0.22409611646105065
1465137,3.697234967175,1.926422119140625,0.14074986754112884,0.11468062245518247
1470015,3.642145615973277,2.185821533203125,0.0519352552325234,0.32541714715436365
1471773,13.3844066555248,4.852294921875,0.09767833918875368,0.1897721982627668
1474761,3.656537371345621,2.170562744140625,0.05821149978959861,0.10074042721064652
1492718,0.001041999865265,5.0048828125,-4.031223206824579,0.25110875312322034
1498555,7.636133817533846,3.48663330078125,0.06926411980103375,0.24382440360803756
1501567,5.119836585930898,2.925872802734375,0.009872936464018434,0.14547255011009727
1502151,6.404174157403759,2.9449462890625,0.10284706619129302,0.15758644862122878
1503201,12.036771819315618,4.64630126953125,0.07984897818126213,0.2053990088308756
1504070,4.941619166726014,2.468109130859375,0.10532273472615306,0.12110802498759525
1506631,1.99377931715,1.514434814453125,0.029301209231905434,0.5696596049554429
1508619,6.111380172274949,2.2430419921875,0.2598831946474389,0.2289100448515018
1514116,3.6369835653677,1.5735626220703125,0.2654152921880021,0.14097251262017677
1518042,10.988636270310964,3.742218017578125,0.1812501701019824,0.16678376637271544
1519141,11.157903216437262,3.536224365234375,0.22477287173459248,0.37074739596772727
1523287,2.57256573733125,1.85394287109375,0.008221960231574177,0.3349517406390477
1537657,3.471035444905283,1.987457275390625,0.093012346523769,0.14468807931408934
1542414,6.097161014542508,2.941131591796875,0.08235597992398214,0.4992372927498668
1543142,3.2790839506875,1.903533935546875,0.09641160005583044,0.17285797678249026
1543843,7.969224545027828,2.532958984375,0.29597382778098424,0.3280211935747421
1545046,0.0031207571955746,1.6727447509765625,-2.8408845330807826,0.266627090382558
1549252,17.624679145497794,5.7220458984375,0.10979421381687215,0.19754796303274438
1558244,4.841017663304228,1.5544891357421875,0.39755513055706676,0.12476141452803706
1559684,19.3697286970375,5.95855712890625,0.12441187641239404,0.14707125589319966
1560853,19.126320970528468,6.16455078125,0.0967792879331888,0.19051657395966703
1560918,3.55548764444375,1.4190673828125,0.3228946468813194,0.12767923435457115
1564698,8.388156232984329,3.7078857421875,0.069976996326511,0.1707029667375601
1565993,9.03118103290035,3.47137451171875,0.14499234238198988,0.12407593525550403
1568306,3.414943589807081,2.094268798828125,0.05183490037888128,0.38905115194789225
1568419,3.3324401559657417,1.689910888671875,0.18096665267887008,0.3925721254495144
1569953,8.073909764680138,3.88336181640625,0.023272107282511167,0.18293296901897685
1574627,3.42973289895599,2.17437744140625,0.029257898754133205,0.11547631253201442
1580884,6.503946886383346,2.74658203125,0.15498812427299535,0.14422747039775471
1582208,3.681839060940547,1.689910888671875,0.2242690944710874,0.2900256562666088
1582670,3.929973259204417,1.873016357421875,0.18557724004989784,0.31411012124862764
1584174,2.5391194684780203,1.6040802001953125,0.09684401813365157,0.24381364353848886
1584533,22.02839504732401,5.7220458984375,0.2066558506648597,0.2680599141197841
1585102,9.014779284974791,2.89154052734375,0.2632611725382811,0.1763649763632494
1585248,12.535708927549422,4.9285888671875,0.059065011931120015,0.1450224368227257
1586458,3.9570559291169047,2.44140625,0.01591211058897879,0.07696432290726268
1588049,3.4316429972750484,1.9054412841796875,0.11550874482933382,0.16373785556482748
1590258,6.442060721463349,2.38800048828125,0.24197319718014954,0.17270236708198503
1595734,6.37553484855016,2.483367919921875,0.21195502400952138,0.2789523985433084
1596873,8.8982770569055,4.0130615234375,0.044092197023816726,0.1457868918261575
1597411,5.0888570029928815,2.6092529296875,0.08184597770643343,0.22021480790476597
1598943,3.1301403757897788,1.42669677734375,0.26406629419042593,0.2037878072202901
1599872,8.867534268675,3.99017333984375,0.04631523161320761,0.2501602569115757
1602619,3.85319320836875,2.033233642578125,0.12353985551578206,0.5394997083720878
1602951,5.2916394388375,2.4566650390625,0.13807132650036746,0.39965294736018137
1605384,8.969606957900396,3.91387939453125,0.0638622547348836,0.2626234324055179
1610743,6.083808574388968,2.52532958984375,0.18069843938978647,0.1080062859164294
1612512,7.586356416730268,3.60107421875,0.045385134036858066,0.08781296648364247
1623099,,6.47735595703125,,
1623156,,3.238677978515625,,
1626624,8.363517155128648,3.894805908203125,0.03666022185808082,0.09423733507392541
1631137,2.7903232357348315,1.7528533935546875,0.08003612493501977,0.07564729481847025
1632029,5.6772504033,1.934051513671875,0.3244359937585282,0.28012930706149597
1634932,4.330359889150714,2.506256103515625,0.03798581994747774,0.14634370568621524
1636980,2.29084375178125,1.46484375,0.11130851528916652,0.19345600955261213
1639247,6.060651725885691,2.99072265625,0.0688551169841285,0.11362724626011218
1643725,0.0125958884309511,1.861572265625,-2.3045910448917497,0.16160275109609032
1644124,4.43158933519375,2.475738525390625,0.05600234627885048,0.3477360978054435
1647304,16.70257492904375,6.0272216796875,0.05260768120462256,0.3699149862588779
1648213,0.74284397155625,0.7772445678710938,0.03506106006115453,0.24603572486232253
1648239,2.554120586741192,1.6803741455078125,0.06913241139997922,0.3895721079202013
1649222,2.9089442589375,2.01416015625,0.007594398521720835,0.2665353300440186
1655189,5.941762690925,2.49481201171875,0.1783585628936143,0.27207879380042727
1660385,5.630796218487376,2.4261474609375,0.17319401973179216,0.4126306271703594
1669290,17.594037849106826,5.6610107421875,0.11602455342309614,0.30817469632419775
1670709,15.004490841638471,4.99725341796875,0.1281242022224729,0.12724724083572012
1691500,12.607974846796424,4.98199462890625,0.05454045123764373,0.24497027821382014
1694775,7.218227599129023,2.63214111328125,0.22796681857217638,0.2022924358523679
1698547,2.544492009881651,1.678466796875,0.06823195965442697,0.13254802205449437
1699510,3.938302933849627,1.7833709716796875,0.21844657908775134,0.6273354858901573
1702998,4.154643497742654,2.216339111328125,0.10007944805642954,0.2956975034017087
1704377,11.62651867875625,4.67681884765625,0.060523871321320755,0.48008948165320137
1713882,2.346330507316452,1.50299072265625,0.10495473759091123,0.11038968551614826
1720040,3.8608917150125,2.353668212890625,0.029069758177405203,0.06890542726004369
1729256,4.66676006275,1.6689300537109375,0.33535826949094305,0.31442368711785057
1740341,7.960436349858355,3.513336181640625,0.08235731179473027,0.14883352165591734
1740703,3.21501497772988,1.7566680908203125,0.14014843163268859,0.3577254794397518
1752205,1.396000071137678,1.209259033203125,0.021106430018881434,0.26905747927201934
1753583,5.877558860534919,3.07464599609375,0.037504307260137204,0.2298974103540382
1756461,6.806349600767135,3.047943115234375,0.10690396635436294,0.25726640641219395
1763265,5.622707247450308,2.6092529296875,0.12517120241679525,0.16404682567412032
1777726,5.33354650353125,2.5787353515625,0.10990592509952957,0.1876135077109908
1788266,5.179143943605595,2.5787353515625,0.09714782051852511,0.14405332271664176
1807195,8.247722069660085,2.933502197265625,0.2152543909655633,0.18371221461289525
1809935,3.4238015276932856,2.08282470703125,0.056529500247618325,0.08501222740095203
1813139,5.40181956814375,2.8228759765625,0.05650237709800687,0.2568731376651136
1816225,15.554153952361958,5.218505859375,0.1155271300644074,0.45499405848424285
1816792,2.794276419772359,1.5888214111328125,0.14465674017299968,0.43684204303722307
1826560,3.03461512535,1.47247314453125,0.23003254405407947,0.12630773817886767
1835283,5.61517986416875,3.07464599609375,0.01767099226255142,0.4501845732420908
1839001,6.258153870725,3.2958984375,0.019485506252830187,0.2515026451004441
1843869,2.57415265540476,1.8711090087890625,0.002485663723796605,0.40832016848770164
1845543,8.007105635762855,3.040313720703125,0.17909795891789815,0.2088634216722076
1852695,3.497786232197541,1.4820098876953125,0.28751661219440466,0.6211763272600693
1864912,6.255504814485903,3.307342529296875,0.017043599391568076,0.39900755022134043
1867031,7.025342484099383,2.399444580078125,0.2765014156255242,0.19496572595219183
1869368,2.0167039543230203,1.4820098876953125,0.04836549807573687,0.22712559597813634
1871788,4.09667354967678,2.43377685546875,0.03301022269133613,0.16866052933031375
1875105,3.38763832233235,1.995086669921875,0.07995438676342514,0.2326056768102034
1876495,2.35167062979599,1.7185211181640625,0.018644185216606768,0.2005076537336005
1888663,3.0472500340038096,2.0294189453125,0.022850525049259107,0.45255134206251046
1898333,26.48076153748116,5.3253173828125,0.3334122259460941,0.33215141886105587
1902638,3.103103046407341,1.8634796142578125,0.08630922851874512,0.4701368340791105
1906592,1.05976630745625,0.946044921875,0.06134246981002407,0.266010466822181
1919656,17.31549493703642,5.42449951171875,0.1368953980457286,0.1569922787519499
1922533,9.368556912399072,3.231048583984375,0.20765746683059072,0.213414859156385
1927992,2.242493139463477,1.5201568603515625,0.07789851739538622,0.3467811697800773
1930719,3.164387733428157,1.5163421630859375,0.2290938757648422,0.2212939973073763
1930766,4.757673764475,2.613067626953125,0.05166868467093333,0.19486191956495416
1930950,17.847434870840516,6.0882568359375,0.07483635820422285,0.35252695830366787
1932216,3.837885549437488,2.254486083984375,0.054520680991805404,0.14074524284607826
1934565,11.003529481014994,4.63104248046875,0.04301386418298103,0.16695291808737864
1936157,5.304116673025419,2.437591552734375,0.14417166423401273,0.09052712367347988
1946318,4.58997501101112,2.712249755859375,0.01181580296715834,0.0948032291583674
1948311,26.804746047972003,5.7830810546875,0.28497277799573073,0.21759473856796974
1950115,8.09400888653181,3.070831298828125,0.17727973924982032,0.38427464264669026
1957348,7.45494187853125,3.223419189453125,0.1099690813856552,0.09415973568125306
1961508,2.7161908684429363,1.934051513671875,0.004258228755021909,0.2614034377533897
1962395,2.77788894731875,1.800537109375,0.06061176477583352,0.35051136638471775
1983319,3.897839254772407,1.651763916015625,0.26390196342922645,0.12316695928886856
1986105,18.38637987628317,5.83648681640625,0.1152689654214809,0.26865100926624913
1991595,10.364862900896696,3.582000732421875,0.18437505645479768,0.27076802698106506
1995524,6.429658755550918,3.040313720703125,0.08381032484402984,0.3059305558227358
1998775,2.507562871913251,1.461029052734375,0.15226355283258983,0.21582955150232477
2009639,2.5608322187908925,1.8253326416015625,0.0163680949504586,0.09312193058183078
2014494,19.972997504775,6.1187744140625,0.12044658475493164,0.21615039315436643
2014949,3.1682697809592355,1.8634796142578125,0.09533518589453183,0.2565286290797681
2018512,4.220008884702111,1.476287841796875,0.3715568007145995,0.09850176899246726
2022282,1.6979432756270398,1.33514404296875,0.04163099377428703,0.6979631844507589
2026906,6.574391965514224,3.4027099609375,0.020118194535336698,0.11605259036151165
2031044,9.285578652583354,4.00543212890625,0.06383490731958819,0.34593039554665417
2044962,3.7331192741985433,2.20489501953125,0.05698999127409832,0.27471055154579826
2046121,7.446992364253674,3.62396240234375,0.03320538353556313,0.17232532979536097
2050506,6.765904374362435,3.204345703125,0.07171680924640089,0.37922038367628974
2068644,4.865779203304555,2.7008056640625,0.039912394254785655,0.11959981499027524
2088331,5.732582491640642,3.017425537109375,0.03889547060873977,0.3790944635234643
2100068,3.5015132509724936,2.18963623046875,0.03369781854255727,0.17575358244355166
2105369,5.412890695835813,2.597808837890625,0.11151847239607038,0.10396439362292335
2115708,5.314894452152657,2.73895263671875,0.0691178609073031,0.09908217345998288
2120369,39.00736358545692,9.0484619140625,0.1562844542660462,0.21574633895407946
2144374,3.986065405602858,2.292633056640625,0.06004259549441482,0.12148783034423764
2152268,4.148546708573122,2.033233642578125,0.15561505357306182,0.10926584142253988
2154906,8.755016007999075,3.27301025390625,0.16983589565491664,0.23828144556216566
2165764,3.977432420979312,2.429962158203125,0.02120354387568013,0.33127991605673585
2166836,3.419183592443005,2.155303955078125,0.033659631984472416,0.18348204833687165
2168337,3.6371727958976408,1.567840576171875,0.2678110842509156,0.2554620353866826
2169855,2.421555874825572,1.712799072265625,0.03353486580381171,0.13878831868654448
2170792,4.534430384061125,2.58636474609375,0.03748808080053434,0.1081716557541828
2173183,4.018490932030545,2.17437744140625,0.09806059207181039,0.3432626743414608
2176118,9.562983058371174,3.3416748046875,0.1946471100630699,0.25345222250628263
2189976,7.13736302992038,2.437591552734375,0.2730963826642111,0.15980148260220514
2190420,3.156077150008059,1.9397735595703125,0.06752105799411018,0.3139692135930343
2195254,11.03898772192042,3.421783447265625,0.24155046866210284,0.15598086055968285
2201245,6.1443609037375,3.27301025390625,0.016055668252498934,0.3340067609319786
2205403,3.978987491173029,2.223968505859375,0.07907962463677498,0.1265181668052913
2211651,4.559673058800399,2.597808837890625,0.03702291872071761,0.06793327758144875
2223263,4.015854614925047,2.460479736328125,0.01724829273139672,0.4193618630634499
2238688,2.1844729982476565,1.4705657958984375,0.08811999021476297,0.12003826592714906
2244543,8.291488079055853,3.307342529296875,0.1394137173872566,0.13558200999135855
2245012,6.37220446846186,2.1209716796875,0.3144873983551908,0.31207815710329284
2247263,2.2628114957915386,1.7108917236328125,0.004814588283373167,0.4014513448984056
2253820,7.179239306031377,3.147125244140625,0.10920739004202196,0.15395235516984193
2266235,5.161091373971431,2.826690673828125,0.03582411901513971,0.08134165062796252
2278318,13.37164396717708,4.5166015625,0.14396713391523042,0.2748796205551833
2279089,9.473468154130387,3.997802734375,0.0737769584939646,0.14526593247641748
2283615,5.511098477625,2.67791748046875,0.09954238622042422,0.38572465470949185
2292291,3.3535785411222605,2.117156982421875,0.03687889025653346,0.11648964468227309
2294918,2.8218778913942515,1.964569091796875,0.010637256352767466,0.08974418615004358
2296701,4.052316568646347,2.292633056640625,0.06720154020144764,0.29357449622864257
2299855,2.1717073308245745,1.3790130615234375,0.12744872783856753,0.6259171742916613
2300264,14.989273164894255,4.7607421875,0.15926857917519,0.19894071310353587
2303453,12.007980265581864,4.76837158203125,0.061914828913451236,0.36407667210998323
2304061,6.082810663414421,3.082275390625,0.05079714037319216,0.10906646959205284
2310559,6.277562965056859,3.093719482421875,0.06206967906734018,0.11496683994470015
2313830,6.302158344391501,2.64739990234375,0.1652599880526524,0.2570475308227898
2338469,3.76207802128125,2.25830078125,0.04475512093162348,0.19301673541154704
2340967,2.2277098928097985,1.495361328125,0.08573941586651218,0.2995712993717955
2348093,3.030258640981629,1.9207000732421875,0.0562903689162319,0.6628027558726703
2354237,4.165610441363242,2.414703369140625,0.04538297115675549,0.16657437353128274
2356795,3.820405056365416,2.002716064453125,0.1296803390073471,0.24496676491256167
2358912,3.5247962380672107,1.9092559814453125,0.1258377764990577,0.24838691006592986
2367800,6.67871271176875,2.635955810546875,0.19328557433422555,0.1881153513110676
2368177,0.8942350210563745,0.9012222290039062,0.019203831358662694,0.256101698968044
2370766,12.268309108825632,4.44793701171875,0.11654676710149703,0.14114469748724454
2370827,3.081740627014369,1.41143798828125,0.26430338059402003,0.6297859733968388
2371569,10.682181744625268,3.391265869140625,0.23311720417254445,0.12461597671925746
2386713,7.621382008350338,2.399444580078125,0.31186764517783616,0.23692718013597677
2399247,5.779486479332263,2.685546875,0.11834014628538381,0.3884176526991281
2399325,3.066291725663177,1.8482208251953125,0.08648268191972003,0.2986376140570188
2403887,6.332475896364485,2.8533935546875,0.1185310315186412,0.19561196995857819
2404201,8.561521946190624,3.475189208984375,0.12108329173389376,0.17230814994855134
2410683,3.4388975883557578,2.15911865234375,0.03500447870910539,0.37457283260326113
2422662,6.712904968997464,3.27301025390625,0.054489450308349285,0.12786160377521386
2441558,11.120407462127332,4.4097900390625,0.07949383229420093,0.12403303035924129
2446903,5.628257052085246,2.5482177734375,0.14101911339849438,0.10593001728034086
2455972,19.266876428991964,5.889892578125,0.12965025090514004,0.14136303511033677
2460684,2.2624358463290264,1.5239715576171875,0.08011098064228556,0.06312861212506961
2474041,5.889978580889874,2.67791748046875,0.12841793019590497,0.24078935205134586
2491930,2.6466584184672683,1.7681121826171875,0.05143316945581494,0.16193852174065973
2496972,6.52947516120912,3.078460693359375,0.08237785496001104,0.22193773022089555
2498060,5.681675904976146,1.89971923828125,0.3364423257892621,0.14790403331337124
2500358,2.647614970752329,1.804351806640625,0.03837299993143595,0.3106108572144178
2517790,8.202476588972786,3.08990478515625,0.17902735413155368,0.31610897209633787
2517817,29.23493065508228,6.96563720703125,0.20146079116310345,0.33356851176988145
2519079,12.302216655181835,3.23486328125,0.3251994756874267,0.2951663232243133
2519970,9.581316502255504,2.685546875,0.33787608078588516,0.13986772327534389
2525531,15.389171966424328,5.0811767578125,0.1282687983803732,0.1487742726345825
2531523,10.816254624827708,3.8909912109375,0.14898652770392362,0.13288799449093583
2535614,3.884794534831599,2.29644775390625,0.04778320013044268,0.21969556684323832
2539154,18.464462930511218,5.6304931640625,0.1405170266932967,0.2713406178679797
2557475,2.410218868062657,1.7604827880859375,0.01360880682707144,0.346311404209785
2557852,1.290539341061958,1.03759765625,0.08672777507859047,0.09561978548054391
2565413,185.67888395311456,13.7939453125,0.5592297672952007,0.20725785082803452
2569014,4.7866170277193305,2.666473388671875,0.04112280072831265,0.12434951495755174
2581334,8.585531896736939,3.90625,0.046127154006598725,0.12073162086426888
2592426,2.627168026556319,1.8024444580078125,0.035695013633532946,0.07623568684475938
2592715,4.536427015867957,2.285003662109375,0.11838357748291461,0.21393788523004895
2595705,8.20032254110265,3.59344482421875,0.08056446344704038,0.0816274376351903
2598774,2.6772815087242634,1.8367767333984373,0.03160948418463405,0.2291744472388945
2604197,4.795346983948548,2.117156982421875,0.19219044576936095,0.6569743453948208
2605591,2.919596483807254,1.9989013671875,0.014135784391564099,0.18056268832800185
2607264,3.820802067144541,2.323150634765625,0.03303848405511456,0.06645911499768047
2612820,10.914265242477995,3.86810302734375,0.15674745439072124,0.1573297070515612
2615072,9.508765652281,3.11279296875,0.2383987889480288,0.3527386039513944
2627942,4.35528235208125,2.58636474609375,0.019981657607413217,0.11861883991025497
2628933,6.92921015683125,2.407073974609375,0.2684495773629584,0.2573566837152147
2635484,5.250132258217491,2.8076171875,0.04766340545397263,0.24138516918550415
2636689,8.22137134689375,3.643035888671875,0.0727490906241327,0.24241492331339717
2638250,3.426357091891987,2.109527587890625,0.04855480874372914,0.28890528064993554
2649260,2.5634767588271643,1.6326904296875,0.08947361377090063,0.26758390551425065
2649521,9.756374301498,4.0740966796875,0.07424145747757782,0.2624159737109654
2653435,3.5459945161564974,2.079010009765625,0.0729531891460643,0.12656102996426327
2659201,4.142160301802505,2.2735595703125,0.08216739541709583,0.4289839860508728
2659870,6.099386100409902,1.995086669921875,0.3353434753551836,0.13756197209584797
2663028,3.791270983914728,2.147674560546875,0.08083211770757859,0.4214894363899959
2664151,9.426298793026945,3.5552978515625,0.1480272162222368,0.13614037978632237
2667435,7.400337278435472,3.22723388671875,0.10600585199525603,0.10186159005303991
2669601,10.436495857356933,3.997802734375,0.1158226640140535,0.13642464623009778
2671121,13.928191237951978,5.10406494140625,0.08202043391441216,0.13555101787534135
2673730,21.72623436768481,6.9427490234375,0.07468726104620216,0.16575367943501562
2679391,3.75039726303125,1.636505126953125,0.25320121771262827,0.702277485893067
2687587,3.411856027647445,2.0751953125,0.05740223004995265,0.4284230701494258
2692223,3.764546879800037,2.300262451171875,0.03304662448500961,0.11917587796665523
2695584,4.460970961677958,2.285003662109375,0.1110990455902815,0.2076911615004502
2704576,2.0399366139245103,1.52587890625,0.03433656892492948,0.12486465117864542
2720035,5.194365636445582,2.696990966796875,0.0692132790120924,0.17931834638421087
2721897,6.64391022864375,3.35693359375,0.0335096304099457,0.39135595165373466
2727936,1.8868360216365545,1.4591217041015625,0.029596882473323538,0.31987939456529463
2730524,3.0287248677705065,2.063751220703125,0.009273808671105166,0.2856924350810071
2739004,4.112318236453575,2.2735595703125,0.07902720898039906,0.08416882549974385
2743139,2.2202988752615056,1.6841888427734375,0.006825259985340892,0.11962123206425879
2748961,2.786670754016086,1.438140869140625,0.2083835173400696,0.15643832505231633
2759848,9.955523782919045,4.14276123046875,0.07212925924064217,0.1584310530117702
2764112,9.911746495621628,3.177642822265625,0.242992566743776,0.2371071473568691
2768137,2.6322814514278434,1.7681121826171875,0.04906759869994881,0.16163302562842083
2768297,5.423839556147868,2.98309326171875,0.022306587421241586,0.35353216087531897
2787149,14.62329911258712,4.52423095703125,0.18172821275639262,0.21442940814732267
2788924,3.356908702015062,1.819610595703125,0.135971844250947,0.3058914269163561
2791247,4.64359655155625,2.1820068359375,0.15857031974414937,0.10385825446619429
2798856,3.80147510170625,1.8253326416015625,0.18793912011773395,0.20637163499248876
2802724,8.879923458895064,3.99017333984375,0.046921578494483085,0.4556534655974693
2821316,4.251666623960773,1.556396484375,0.340378842156545,0.14266311152403308
2821775,5.772686385695124,1.735687255859375,0.4021707520467773,0.24791578298392034
2828721,7.436971235678357,3.3111572265625,0.09142639691239729,0.10739017266200272
2839717,2.911048390538781,1.995086669921875,0.014106774429629043,0.4415146305323369
2841805,5.717152644763701,2.788543701171875,0.08911360527845125,0.29785982919306764
2846774,3.514013532534591,2.26593017578125,0.012933645094711399,0.21988367429579767
2855260,14.434847346475,4.78363037109375,0.13977577361146087,0.14698627564948857
2856684,19.179430353625,6.3934326171875,0.07423456557459929,0.1618512527247293
2858896,2.432151992841682,1.52587890625,0.11071060781495184,0.17577932608408178
2860570,5.408797577925725,2.105712890625,0.248001994783548,0.1509067670177627
2873509,8.896369710921135,2.34222412109375,0.39477014902348406,0.233362779945406
2879816,4.70916875354375,1.743316650390625,0.31087983653145806,0.1872641846311496
2886994,2.3095830552993,1.644134521484375,0.03962756228567538,0.4451487499084816
2892371,6.608968699205434,3.44085693359375,0.015133771623979442,0.10762500706984357
2903702,6.224556366199977,3.200531005859375,0.036275345712932894,0.2137719801490016
2912076,3.604932294656464,1.255035400390625,0.40891314851617155,0.09235381728726609
2920402,7.099968465325,2.98309326171875,0.13925617313204142,0.14281125666441152
2937960,10.25204727684375,4.3182373046875,0.057850842894934695,0.2400751224131061
2946746,8.60523173470625,3.673553466796875,0.08713302240096554,0.2681108548873912
2961966,15.055692752088362,4.60052490234375,0.18348966456310067,0.21157481877531778
2964106,2.586443595175,1.728057861328125,0.05636559171912803,0.19078220706773485
2969809,5.69710894859375,2.5177001953125,0.15414850437603,0.24494825930512634
2976295,8.273216339403007,2.475738525390625,0.32711721873030775,0.22182685489266488
2985024,4.06882967272395,1.64031982421875,0.28707670957743914,0.12187694616573462
2997475,2.459522554170689,1.800537109375,0.007747694431972041,0.10923717393153669
3002166,3.733240610861685,1.88446044921875,0.15930544105739997,0.3408025303731497
3007471,5.880574632778007,2.72369384765625,0.11668233141608308,0.23590052188693234
3008622,5.732512186579697,3.124237060546875,0.016229016943736796,0.09996700423296845
3016722,6.418643842793244,1.972198486328125,0.3650173465412162,0.11859253447249252
3017499,3.907976343245537,2.353668212890625,0.03433406295071639,0.08160485739843869
3028815,4.273087447276339,1.5926361083984375,0.3275669437945616,0.6436895941703725
3031797,9.072402288955344,3.62396240234375,0.11894677447954205,0.15757346218327514
3031954,2.9048142034880584,1.6880035400390625,0.12205832982927822,0.15843854590425244
3037562,7.379976858959708,3.200531005859375,0.11022194171319333,0.09476300651177345
3038986,1.4403695218425128,1.068115234375,0.11554675905797089,0.06468702200860484
3041851,1.5943201888439944,1.1920928955078125,0.08811039600181078,0.32952604750598796
3046961,0.0019695064111147,2.048492431640625,-3.172794146763959,0.34327105886360415
3047787,6.732652741768106,2.52532958984375,0.22470911367801527,0.14006884936746042
3060501,2.8637792052177247,1.712799072265625,0.10637990263793629,0.2507520333809819
3062586,5.855951553799969,2.3956298828125,0.19846789247511176,0.13957200741039083
3071838,3.200985561721609,2.166748046875,0.001571094592639155,0.19830529617940798
3081610,10.644879563813449,4.3487548828125,0.06959335811637057,0.10824164888345528
3099697,2.616130402398994,1.5888214111328125,0.11604676214243692,0.3135372446737555
3099708,3.79495606469375,2.223968505859375,0.058513803096486905,0.18447555527666226
3100994,13.036717760638568,3.749847412109375,0.25414786951760515,0.2097449464671075
3104480,3.4171742933322093,2.18963623046875,0.02310917492969622,0.15954602926413627
3137917,3.2470687717723195,2.040863037109375,0.04677069682314122,0.14950922327021332
3143632,3.87071455740625,2.338409423828125,0.03441031696788366,0.27330570142482796
3151984,1.6532381860306486,1.3751983642578125,0.01078740728163985,0.3309786185888965
3166287,0.0533628603516262,3.10516357421875,-2.0108876238570024,0.14744971035017476
3167768,0.0015334688432631,2.155303955078125,-3.3145878323086397,0.3088050134734301
3169261,5.410312740124937,2.66265869140625,0.0952491189763841,0.26294378405507574
3187486,9.210664921381976,3.742218017578125,0.10459735506892132,0.1659555561255283
3195680,2.7667055771162268,1.94549560546875,0.0084175643194217,0.08460963790770844
3195990,4.934727466505137,2.819061279296875,0.01810639793133262,0.15702573942161527
3198019,4.525165947787173,1.6880035400390625,0.3145744807437493,0.3872921953658115
3199131,4.584409294286161,2.70843505859375,0.012205744182297251,0.18643765838394744
3229802,8.474880773967016,2.979278564453125,0.21696692930259753,0.2170951372546089
3233641,2.52639183906875,1.789093017578125,0.023551328632317237,0.20582952794860124
3281252,5.234109200566309,1.67083740234375,0.38444149636718894,0.1332477811392411
3286924,2.365237287107448,1.5773773193359375,0.07697132897057352,0.4473289186260243
3294832,4.743103848908504,1.995086669921875,0.22611998313659587,0.12672361200904209
3299330,1.5853598680332652,1.2912750244140625,0.033599733616001964,0.1689600671980538
3323709,9.820305450746671,4.06646728515625,0.07829907218275545,0.12012906151501195
3328409,6.826647986919852,3.23486328125,0.06942361376882811,0.29647727471158514
3345581,16.73610043091321,5.39398193359375,0.1257900420694169,0.2832166211138028
3353567,4.61617306041444,2.651214599609375,0.029114758203460545,0.20813015724088504
3367832,4.7572416717875,2.70843505859375,0.028277574345878742,0.17172418098508035
3403796,5.34854216285625,2.956390380859375,0.02209275288934398,0.11762468232489809
3430707,5.811214908586408,2.7923583984375,0.09531019802241403,0.32613449105338277
3436911,5.88267809175,3.147125244140625,0.022704043947863406,0.0818784677389125
3438524,1.6907550218020333,1.415252685546875,0.0018297045255174227,0.28398697126633665
3476771,4.214186683151638,2.410888671875,0.051448035899589795,0.15729113730996414
3479778,2.749245278209856,1.903533935546875,0.01987255232464402,0.21045266163100984
3482653,3.3857269411091693,2.1209716796875,0.039849624888027235,0.29827343926708877
3493374,2.932807715580566,1.8863677978515625,0.05384402918186232,0.14335816210838762
3508423,5.045161790090788,2.826690673828125,0.025957668868794914,0.11292066084496578
3517151,2.662916912988294,1.4095306396484375,0.2017458348407123,0.09095824481580689
3525995,2.4624010747284046,1.544952392578125,0.10798614014313407,0.13468690552588225
3549640,6.513317210090463,3.025054931640625,0.09270233155111662,0.1307320554745155
3563017,3.371058623990393,2.117156982421875,0.039136713376183185,0.2774507338834813
3570855,7.942985528497957,2.864837646484375,0.2143337487205731,0.36283901998452855
3571883,8.909581741747388,3.055572509765625,0.22221842546261805,0.377515900119284
3573819,3.512636491446756,1.8215179443359373,0.15498302778459877,0.3423947563277519
3577531,1.98128914750625,1.4781951904296875,0.04235018336297619,0.08646556594398798
3579899,6.358172282467422,2.79998779296875,0.13259808453261757,0.10117205188946765
3623303,4.03020217226875,1.453399658203125,0.36174925218008713,0.36132630281786016
3627403,3.3461738858604804,2.040863037109375,0.05982771547226268,0.11011448844131584
3667719,5.26642119356984,2.964019775390625,0.01369394453760675,0.14502595569045862
3685356,4.417392471470521,2.033233642578125,0.1828850560632388,0.4061178632568376
3690937,19.83031768742512,5.22613525390625,0.22005870397713245,0.24024268067685436
3692674,2.917702937134891,1.6193389892578125,0.151034413628497,0.3425025097100769
3700629,3.74348903936334,1.773834228515625,0.1999070194789544,0.26579611766969374
3705966,2.823571985172748,1.85394287109375,0.04865434330981466,0.0813219749522723
3709096,5.389668510237243,2.490997314453125,0.13700216588586567,0.0903185299034046
3725838,3.3832542172676767,2.185821533203125,0.01991258181952782,0.24967014822725117
3740743,4.101377630358911,1.903533935546875,0.19358882286319962,0.21015338017802163
3744107,7.645758707512869,3.2501220703125,0.11557107877784167,0.09069034741571645
3765803,3.369110251245729,2.124786376953125,0.03654231329530144,0.11084790816689649
3773877,6.47138497060223,2.979278564453125,0.09983056806961943,0.1055922518772292
3778695,3.591800618240086,1.9054412841796875,0.1353188649524173,0.21753843587828772
3783302,3.3719609164618305,2.14385986328125,0.03108794175930729,0.07529631112693891
3812002,5.851792012916121,1.8367767333984373,0.371204327569968,0.2992612519363323
3826282,3.032343651721021,1.89208984375,0.06636578599287252,0.10932059119243707
3831989,12.374982348192134,4.40216064453125,0.1270457578216534,0.18119114025968205
3835011,3.194820789496589,1.8596649169921875,0.10029445470791998,0.09770781821350809
3837136,3.5851416058358154,1.800537109375,0.17140319907182477,0.13332107406632543
3838812,8.988318866184272,3.269195556640625,0.1820171209290723,0.07287648575132977
3847645,6.452819967242249,1.9512176513671875,0.3742909743772025,0.3638929015839057
3853758,2.1830359231098555,1.59454345703125,0.035106342597999385,0.13473383172702036
3863452,5.177112079589278,2.8839111328125,0.024114756824867856,0.06249116560431334
3863778,7.217505777945917,2.777099609375,0.1929999541835763,0.33545817158255514
3864854,2.5061472642046283,1.7833709716796875,0.022144047184769422,0.18018719029947575
3868931,5.536898057107464,2.22015380859375,0.22369193350229122,0.0976614725482013
3873052,4.073641472132294,2.02178955078125,0.15137888190268967,0.2726599552128732
3875157,9.614855322681253,3.9215087890625,0.09276296461618239,0.2752519749614326
3889846,2.22793844948319,1.678466796875,0.010534056755984011,0.3839323386217059
3899885,12.069948800046404,3.80706787109375,0.2108194988481774,0.16215275918737052
3932132,2.4234504629,1.621246337890625,0.06966063470467315,0.22352240661600556
3945845,11.921840245398926,3.83758544921875,0.20025620976328595,0.24731596041893186
3963333,4.177494951225526,2.300262451171875,0.07824984840987093,0.2355396666805877
3964165,5.448363484909351,1.7833709716796875,0.35940353373022926,0.1668267083105572
4002866,8.492691346233187,3.376007080078125,0.13644031748929508,0.19105852384787517
4003494,2.5474485371014453,1.7547607421875,0.03977855466706187,0.19124795160917604
4008456,11.982871510197583,4.31060791015625,0.1267531201963683,0.32267003092018426
4015004,2.3770188652997604,1.5964508056640625,0.07129931796994654,0.0936171525032569
4017469,4.756861429326818,2.02178955078125,0.21871657883095763,0.1071200549412394
4018767,3.939373472923762,2.353668212890625,0.037809292995509836,0.07368121011732438
4038697,4.286469244150794,1.5888214111328125,0.3304870862804996,0.28543157142936887
4044806,7.64530443870899,3.185272216796875,0.12867495355362124,0.32228746456920687
4062949,4.732197122525,2.4566650390625,0.08954390901902398,0.19122120799026332
4081611,3.3859111728233984,2.0599365234375,0.05889480368224065,0.09500986983131286
4084083,3.587242158871959,2.20489501953125,0.039678820264283265,0.1612094764441484
4109323,8.984359006004524,2.96783447265625,0.24482758501644064,0.16195465817929403
4110512,5.08335364849375,1.9283294677734373,0.27837846762196145,0.24946333581223304
4130358,5.93777221903125,3.27301025390625,0.0012024846106176712,0.12406882919617868
4132129,17.611062077616225,5.86700439453125,0.09316092766367357,0.20073641304773124
4143488,6.056387968295894,2.582550048828125,0.16414056790651887,0.18825883108502284
4154372,1.78070100734476,1.3599395751953125,0.05031158602685293,0.0936710093976646
4187221,3.1819293025375,2.03704833984375,0.039188523462367564,0.09283162413248282
4190937,11.62525962388463,4.4403076171875,0.09428307311213402,0.1697407793417366
4196479,4.8713242854428245,2.132415771484375,0.19433921273913052,0.20279869179827884
4198626,5.926723578646488,3.002166748046875,0.056662456681400686,0.2295880620551999
4207280,4.99545674226875,2.44140625,0.11711512453938522,0.19864035699901614
4213754,16.900514067194308,4.8370361328125,0.20103091746817814,0.24125220419618806
4217501,4.057949784946686,2.49481201171875,0.012749928999558402,0.19814739002950288
4226390,11.236646620141984,3.99017333984375,0.14914907913783815,0.12415634370243038
4242002,8.2850412850625,3.68499755859375,0.06863887019118953,0.13054267230240285
4246643,4.053421611395606,2.4261474609375,0.030445988123693146,0.1680613932260939
4273779,5.2874002484823,1.7337799072265625,0.3647512386984635,0.14820776435741356
4319750,7.03701471945625,2.910614013671875,0.15141153544546604,0.1438378345018375
4319898,5.010899418062763,2.803802490234375,0.028294559698091692,0.16891374535135226
4345149,0.0321538976422743,4.7760009765625,-2.5113629854743227,0.06658455764617723
4356496,9.98944047038094,3.780364990234375,0.1332405643573552,0.20196075948735806
4380620,26.542594755075697,6.9732666015625,0.158788972261535,0.20472132612987382
4384498,8.71212654291594,3.658294677734375,0.09520614705638164,0.2176807991376948
4392837,4.9682395207782974,2.67791748046875,0.05450673991354482,0.24362030143237168
4395237,10.997716821460926,4.3487548828125,0.0837551388299973,0.3082132394056956
4450148,3.229806831048336,1.773834228515625,0.13580700232661969,0.19797336140321029
4460513,8.9819145593,3.66973876953125,0.106416194379363,0.28181662191581863
4472321,10.5833413771875,4.47845458984375,0.04793054255348439,0.14970787554960138
4490335,3.002258776134113,2.048492431640625,0.010296577396505191,0.1247258744029675
4501150,4.055558201362146,2.349853515625,0.0514894530275779,0.2257894098852421
4518081,7.667896259554254,3.60870361328125,0.04864940691685993,0.1711967502018791
4527032,7.767908339868882,3.406524658203125,0.09183678691634922,0.0736315659928737
4574898,1.9523724813770968,1.4629364013671875,0.04272450816184675,0.3342621296271806
4588399,7.263151615625,2.643585205078125,0.22783514100376023,0.20352502199972775
4599977,7.026573571500194,3.055572509765625,0.11910470668674655,0.11172234094618456
4650466,5.404197420990386,2.18963623046875,0.22217325020248135,0.3561015526364293
4690410,8.179872898486792,3.704071044921875,0.05972759358097923,0.19984504296924088
4706049,3.4487503755590296,1.8463134765625,0.13820360124154218,0.47290704659656707
4715933,4.1164592842875,2.330780029296875,0.06327189174537629,0.3043086599118218
4731537,4.217646043383866,1.8367767333984373,0.22898557546554377,0.22721176125436574
4783359,4.531229658561642,2.6397705078125,0.023866815542139097,0.1318125219250711
4810514,3.637777379044565,2.26593017578125,0.027966333489709894,0.2898981055623772
4811091,10.551119736286635,4.2724609375,0.07728140045029575,0.17758213532538994
4811570,7.923569842605502,2.872467041015625,0.21153830900965642,0.3107447751494125
4816588,12.664590885076905,4.8675537109375,0.07162503632329598,0.188469304949593
4829651,10.834000134658709,4.4708251953125,0.05920730205353175,0.14036755856024125
4877512,12.073667395452503,4.08172607421875,0.16557342416781573,0.23526547270738382
4889847,2.6502440607073368,1.8405914306640625,0.025849776321110463,0.11300520883791952
4901640,3.7162751231662696,2.3651123046875,0.00933020686770325,0.2043283568609865
4995580,3.8310045439066016,1.6384124755859375,0.26167779777124006,0.2594469270732675
5005063,2.847656527927029,1.979827880859375,0.009546451547426171,0.23616153714922938
5056882,4.599981613268028,2.655029296875,0.026652119264485186,0.1598317098509371
5091446,9.64833468265715,3.8909912109375,0.09936198520405293,0.19956614557763944
5092304,3.2926457589856,1.8901824951171875,0.10278940412192461,0.1576285962799117
5093786,5.722746748666395,2.796173095703125,0.08775844826676227,0.1934450839345648
5108326,4.2819775260431925,1.9283294677734373,0.20387252660700245,0.12419247879218927
5137960,8.42707122026875,3.70025634765625,0.0733289458467804,0.1758310153871816
5167556,4.307630880030047,1.85394287109375,0.2320939606529765,0.10458509882386634
5173769,5.122973894925963,2.8533935546875,0.02647962898381717,0.06883704658690169
5177647,5.04107674532861,2.246856689453125,0.1751602499324646,0.41042621900945603
5177871,4.714664554223418,1.6231536865234375,0.3579113346568371,0.20588004163256404
5227792,16.760276725115546,5.0201416015625,0.173207233901417,0.1225241593148446
5237133,3.501821673278755,2.044677734375,0.07835672469232757,0.10618370880815453
5309289,11.122504797400325,4.180908203125,0.11429665344660767,0.20417944304867053
5312869,5.293836572505825,2.285003662109375,0.18544017929063494,0.14284159470755065
5335457,8.618023787304992,3.704071044921875,0.08238872655083929,0.12566814415350425
5344117,20.03710530471875,6.561279296875,0.07635219318496689,0.2190992296795687
5350447,8.773659997248615,3.56292724609375,0.11547036890659468,0.18193827223705675
5359964,6.67122358559375,2.96783447265625,0.11554598368876601,0.3651567563838541
5374585,7.417877775886154,3.59344482421875,0.03701320193466273,0.15737329812081252
5412613,12.717972449434455,4.730224609375,0.0920952350335309,0.10814226394172821
5420316,2.749982139830536,1.80816650390625,0.053472243665452,0.07925438454819371
5546367,6.2089133056375,3.017425537109375,0.07356075356398717,0.11564163353597191
5568023,7.522696634281601,3.59344482421875,0.04310707723634988,0.19406458271720464
5577975,8.930353145340632,2.8228759765625,0.2748309364682041,0.12710185717134695
5590835,8.4259255611,3.215789794921875,0.16468613902043017,0.2993453189654645
5591367,4.585485322808381,2.391815185546875,0.09329387937845735,0.22230034945834332
5620927,7.46417227917118,2.5177001953125,0.2714756343389221,0.21757853971131214
5647818,2.624910621132585,1.3751983642578125,0.21156649950162204,0.626174095652193
5713200,3.9873313622447313,2.307891845703125,0.055859149617090376,0.13407230032245387
5744026,12.232053911095136,4.49371337890625,0.10859133375254315,0.24278190899613475
5790790,5.492712997584022,2.5634765625,0.1265428804289359,0.27546827153849457
5812773,6.6644850179654895,2.071380615234375,0.34937673453013873,0.37639009585195743
5865224,0.0002192662868765,1.9683837890625,-4.100192807325253,0.5095584579533975
5881245,0.001248516360647,2.544403076171875,-3.511984630196963,0.4689369843589217
5882801,4.1173473691160325,2.26593017578125,0.08174772421327015,0.12681149043480944
5888067,16.637873684936494,5.9814453125,0.05588861820665514,0.19352500881608614
5895626,3.5729594536314835,2.086639404296875,0.07385698123235462,0.18004885534303358
5899523,5.3184371491734055,2.582550048828125,0.10771091121633569,0.2810736387202411
5935216,3.2583782211659127,1.77764892578125,0.1382325021779351,0.15091137120571416
5955362,2.8729980779098696,1.71661376953125,0.10632644770528721,0.09102486262266356
5986887,7.412554441973043,2.92205810546875,0.17143462456579905,0.14653231291452284
6034364,3.1594602574477904,1.861572265625,0.09479304670851735,0.15056518944804576
6105192,4.399323019148142,2.227783203125,0.12157646336584238,0.2959102929100227
6113226,2.4718261023735977,1.5583038330078125,0.10403970568074317,0.09300521734041056
6313651,3.73288369319198,2.23541259765625,0.0480079175671313,0.25796832061375424
6334084,4.446305616671452,2.4261474609375,0.0706235200608415,0.08871873580091873
6439921,5.4587693592625,2.964019775390625,0.0292730998627021,0.5089464499350475
6619872,8.16325642682932,3.482818603515625,0.09896715553730462,0.17421294571151988
6657709,5.6943713727159775,2.704620361328125,0.10728631749172779,0.1570421177736537
6688902,6.436714006304101,3.139495849609375,0.06337434325494762,0.07929520924913518
6691755,6.714619705860969,2.8533935546875,0.14397890681043468,0.11842905613289763
6705763,10.23786284205562,3.814697265625,0.1380191898825467,0.09041309632706485
6722388,3.286154516041279,2.086639404296875,0.03751687367258738,0.17331215580569714
6738838,3.097621539694956,2.06756591796875,0.01783930867917005,0.2271250491157266
6787736,4.386772666119214,2.529144287109375,0.037684719047559656,0.276081476983824
6801301,7.397007287152519,3.265380859375,0.09815528245854932,0.2177819376665966
6818107,3.944271498527087,1.3141632080078125,0.4179928449260184,0.20293631023125225
6874130,3.599450545392756,2.231597900390625,0.033312294761490446,0.27340222076040055
6890067,11.507996726613785,4.38690185546875,0.09776285208271007,0.2723354138082121
6905067,11.611262821759738,4.00543212890625,0.1609053897801318,0.0932599471780317
6942517,15.499642366048649,4.70733642578125,0.1811588208910797,0.13485762451307914
6967252,4.82985500306875,1.705169677734375,0.3362826912352703,0.18666023892828187
6991770,10.38997056354375,3.05938720703125,0.28816264763411004,0.33263278453341033
7063540,4.619970310857752,2.685546875,0.021090078889046904,0.14859076925133233
7064145,3.093739752715919,1.7757415771484375,0.11641413273331996,0.11702574126649419
7085241,4.923420630962937,2.67791748046875,0.05057115590923522,0.20394422228135153
7120330,4.2020026979007525,1.74713134765625,0.2599679928309925,0.2901654377607033
7144050,6.591761377974763,2.74658203125,0.16081261577660522,0.12314477130070729
7162128,4.030026533509954,2.50244140625,0.007762029389484559,0.0831543532742683
7184545,2.6108713673093007,1.6613006591796875,0.08611311939484906,0.06491400967691664
7202461,4.680618219994358,2.66265869140625,0.032329967836150275,0.10657588394317503
7205546,3.208067202111124,1.54876708984375,0.22126428980485707,0.1684824626406718
7294625,2.6226972988879425,1.57928466796875,0.12105754021670573,0.2397840497906187
7300333,2.806630087143276,1.708984375,0.09907803847676555,0.10846435251468727
7302468,8.410578643488407,3.39508056640625,0.12855074902308794,0.12451059027671631
7348143,5.577538281220768,2.7923583984375,0.0774858210695828,0.09888383821284236
7370079,2.8749294592853403,1.735687255859375,0.0994199810304412,0.14192086682769048
7408003,5.09222790927015,2.483367919921875,0.11434623290509094,0.09572603788979099
7416846,9.3470624905375,2.361297607421875,0.41094905560740336,0.21529863246791428
7546688,13.37406802604375,5.10406494140625,0.06438924065071738,0.15202892883938982
7625976,5.399795661025564,2.910614013671875,0.036400401564783635,0.24456308549242567
7670343,4.7097063701,1.766204833984375,0.3024322279837203,0.3085700568596711
7719287,1.2116886632866226,1.079559326171875,0.03352127423525911,0.2621558615110456
7720016,7.05126895173125,2.0294189453125,0.38720971447541574,0.1528636370211244
7757489,4.1777415898375,1.89208984375,0.20552894180240533,0.23592246310106843
7832711,12.061522504263849,4.87518310546875,0.04941573366859231,0.21692158019110366
7916136,2.5064918713324005,1.64794921875,0.0736505632196433,0.24564288474565085
7931028,6.436751178982377,2.6397705078125,0.17631746247579272,0.083593134474643
8018381,5.86467363426875,2.51007080078125,0.168714891391196,0.06525642675471448
8074141,6.456975734254229,2.780914306640625,0.1437477447517872,0.09726624513631864
8150342,3.1105405705820885,1.6231536865234375,0.17729640648741424,0.08730469638080662
8251358,2.8022959685040405,1.575469970703125,0.15139880744905176,0.6033627596700365
8266166,1.9130142791109392,1.5239715576171875,0.007252919150417592,0.07599130183676576
8406904,4.1506514398625,2.1514892578125,0.119007491022328,0.056538500969910664
8417666,5.646052946249256,2.376556396484375,0.1878227593950641,0.23769259586918065
8461425,5.92006633395,1.9683837890625,0.3311619034776776,0.1409010849787846
8470696,7.1023492485625,3.467559814453125,0.04136608243780526,0.094411369999575
8510907,2.616059910156764,1.60980224609375,0.1074888919906381,0.2402069691472931
8560602,12.672886767511956,5.02777099609375,0.0508123219976353,0.1784127508532666
8719371,5.281611916689144,1.903533935546875,0.3034255513609709,0.10517207475537016
8898321,7.151926123304293,3.15093994140625,0.10676283165997669,0.20252358157913464
9050004,3.385855546577659,2.15911865234375,0.02825366166565102,0.1482295326473028
9122512,3.2459599193171016,1.552581787109375,0.22476142200227767,0.21883532659949845
9175502,5.366790873005812,2.407073974609375,0.15748051658531004,0.4832377863129185
9338981,8.72979466398101,3.871917724609375,0.05911484821353907,0.24534710319905847
9440169,5.939062500423461,2.26593017578125,0.24084811110588422,0.17387281857223721
9472745,1.65085284133125,1.27410888671875,0.05989854425505481,0.18708804666151888
9570177,2.814307773296605,1.926422119140625,0.02224440598232491,0.19505731713744276
9599967,8.10005249119422,3.74603271484375,0.048130484516104355,0.07623664068297147
9695769,1.6201534546344192,1.2264251708984375,0.07659456821229096,0.050507966639798695
9710763,14.548669315998268,4.58526611328125,0.17077645412065579,0.19236450317716403
9778646,4.9989694909,2.5787353515625,0.08177032524268157,0.14373619772941723
9867367,7.14161960311875,3.57818603515625,0.023302339226556557,0.13968800428435732
9937732,4.156122893851716,2.368927001953125,0.05686086354308495,0.14482268208748514
9998058,4.114135105381138,2.254486083984375,0.08470721113204926,0.2478730177491061
10039040,9.116332229775,3.414154052734375,0.15989547390040548,0.1292192608618483
10121892,13.067980555133545,4.547119140625,0.1296039794044488,0.08680347439229068
10217046,2.93611035693125,1.99127197265625,0.01907650340981054,0.07326225952820886
10371452,6.221605896076653,3.192901611328125,0.0376241934560253,0.09667653776412087
10435574,6.7927752694625,2.86102294921875,0.1472652345745219,0.2049554420308282
10571683,2.883476710143441,1.6727447509765625,0.12477193433667022,0.6797562086490155
10699129,2.917516080553469,1.8787384033203125,0.05421378911386859,0.04971335578190305
10854404,5.798901646179729,1.987457275390625,0.31589904082132514,0.09197187420575452
10858706,7.39942081287154,2.38037109375,0.3042307252134623,0.09706786821575862
11039252,5.38277282939375,2.010345458984375,0.2761000116645459,0.14529856545694209
11322651,14.060442267546025,4.08172607421875,0.23173319791804237,0.6219765667856797
11326054,6.378446061491559,2.93731689453125,0.10278868249190154,0.10934199665219806
11550879,5.261775972277974,2.666473388671875,0.08222647273659867,0.12556584172284274
11618213,5.033654238271993,2.819061279296875,0.026726605882572363,0.08828731280385498
11867901,3.420492931531044,1.5583038330078125,0.24511048891421067,0.17892579102917403
11983390,4.463560309704917,2.2125244140625,0.13234929973264387,0.11138446620641453
12134333,2.754680119323893,1.811981201171875,0.05284064319225912,0.09322908635070364
12214827,5.470211302199459,2.9296875,0.03777215537578127,0.09310569641994708
12229881,3.959288082405692,2.368927001953125,0.03578958533610621,0.12701299190632565
12274842,11.152276766915747,3.60107421875,0.21271543028783668,0.08168217364977476
12362732,1.7375016856894945,1.3599395751953125,0.03964581625186933,0.1558967948200576
12617584,3.689442687580595,2.262115478515625,0.03518861121139283,0.04886102604122167
12661813,2.22441023154375,1.5869140625,0.046384771006326764,0.2581099682602514
12780055,9.65209999437502,4.23431396484375,0.04444722723625838,0.154508709330545
12793863,5.340341820032336,2.529144287109375,0.12310864618836415,0.1176291860934584
12831197,7.44840718825435,3.238677978515625,0.10651175812053071,0.29476393309043103
13112057,2.834207431427785,1.5869140625,0.1516015194294259,0.08353699025276451
13283701,2.845385423679545,1.873016357421875,0.04532874712260826,0.04616541949259654
13286782,9.474747788422974,4.0435791015625,0.066418743189811,0.1692943438744745
13656576,5.40074619406875,2.41851806640625,0.157129764368238,0.2980384157377771
13656644,3.832503752732009,2.0904541015625,0.10312163398240831,0.1420135826603324
13750973,1.381707545617246,1.1692047119140625,0.03858029396086762,0.06334056535931494
14064337,4.359358605848684,2.597808837890625,0.017511811108663844,0.18781796005745685
14624354,4.052785473199037,1.93023681640625,0.1793377234322675,0.5016804597700987
15025222,14.026523494758294,5.07354736328125,0.08898246498317564,0.10613999277402454
15226003,4.198745608649915,2.262115478515625,0.09134740551465781,0.13012028966559838
15577638,2.168941476928012,1.6422271728515625,0.013097983142781433,0.22257926436489658
15615601,3.092352405625,1.9092559814453125,0.0689927406310143,0.07059253655162911
15759602,5.126132098543167,2.02178955078125,0.25118587212817434,0.12486035041569676
16035601,4.933161485285382,2.5177001953125,0.09161931178480975,0.19796052217163293
16101837,3.837820186578029,1.64794921875,0.25866888557817563,0.29254450181592345
16273281,12.744274551281704,4.57000732421875,0.11543977479429102,0.2031699265983211
16300944,5.241731160924246,2.8076171875,0.04696790441084975,0.10663050553550397
16491802,7.298995353143255,3.2806396484375,0.0893252932220222,0.1387668113161434
16736876,3.462877527003002,2.086639404296875,0.060266025378957644,0.13399321619302615
17120162,5.248151026193227,2.399444580078125,0.14984023901183297,0.169970932002231
17841579,2.7481623198546004,1.54876708984375,0.1540632132546133,0.24609483533787815
18364834,3.22140428935,1.6269683837890625,0.1909765622893148,0.5032041386256517
19033913,3.91712910059141,2.1514892578125,0.0938591121971819,0.11141018046374407
19493388,5.910954358841991,3.0364990234375,0.048097887298264475,0.13122835889341664
19530271,5.639061648602365,2.288818359375,0.2117898498569385,0.27526423294757907
19535611,5.25226616488125,1.995086669921875,0.270404075994941,0.19748385704110072
19874899,3.334468886561808,1.953125,0.08693161089946144,0.07712856097914064
22838652,3.21211971687444,1.522064208984375,0.23314226261953652,0.09151578991607279
23506301,15.632811326766388,5.523681640625,0.08069412653059005,0.16201298972287306
30856719,5.520060155191459,2.9296875,0.041711863385756165,0.08953758497613477
31349037,4.810164631860971,1.7108917236328125,0.3323261525731951,0.15397863244753154
32238489,0.8457510878579342,0.8487701416015625,0.034057425029163285,0.06855190591289277
50260256,4.100071617518552,2.346038818359375,0.05728865203811917,0.2004701519985198
