track_id,dor_z0,halo_index_z0,is_central_z0,m_z0,r50_z0_kpc,bh_z0,center_x_z0,center_y_z0,center_z_z0,v_x_z0_kms,v_y_z0_kms,v_z_z0_kms,halo_index_z2,is_central_z2,m_z2,r50_z2_kpc,bh_z2,center_x_z2,center_y_z2,center_z_z2,v_x_z2_kms,v_y_z2_kms,v_z_z2_kms,log10_mstar_z0,log10_bh_ratio_z0,compactness_sigma15_z0,log10_mstar_z2,log10_bh_ratio_z2,compactness_sigma15_z2,delta_log10_mstar_z0_minus_z2,delta_compactness_z0_minus_z2
6,0.6170304384007274,6,False,2352332288.0,2.05230712890625,0.0,28516.923828125,18729.95703125,15962.51953125,-3.8557141124329064e-07,1.0909349867915807e-07,-9.80906861514086e-07,6,True,2398695680.0,1.2232463359832764,67393.8515625,5160.1123046875,6706.3369140625,4745.76806640625,1.725868656876628e-07,5.7539807585271774e-08,-2.029428571859171e-07,9.37149866972201,,8.903135139149919,9.379975152978183,-4.551354875942558,9.248704267605055,-0.008476483256172784,-0.34556912845513565
107,0.6579168815021977,107,False,84957265920.0,4.61578369140625,0.0,33077.45703125,144391.09375,129096.453125,-7.564480029031984e-07,1.036507910612272e-06,1.3589072977993055e-07,107,True,132589551616.0,4.4097900390625,1105400960.0,9490.9345703125,46242.08203125,42147.5390625,1.170960715057845e-07,1.2380745317841502e-07,2.4066011405921017e-07,10.929200527572574,,9.93283235502539,11.122509301939784,-2.0789894645251112,10.155882433740512,-0.1933087743672104,-0.22305007871512217
117,0.6275227129805966,117,False,3987251968.0,0.904083251953125,0.0,9916.474609375,167885.546875,187246.390625,5.145791419636225e-07,-4.757728788717941e-07,9.963293479131607e-08,117,False,5993078784.0,0.9015401601791382,317533.03125,873.0241088867188,55766.8515625,65512.0078125,2.0952232659965375e-07,7.12750534148654e-08,-3.176433551743685e-07,9.600673681073573,,9.66636104498591,9.777649986895812,-4.275861077603414,9.845172370415147,-0.17697630582223844,-0.17881132542923694
137,0.7246507183723369,137,False,10522050560.0,4.43267822265625,0.0,9920.4111328125,167745.734375,186834.96875,5.002706870982365e-07,3.3357662232447183e-07,-9.7248187103105e-07,137,False,15285279744.0,3.3721923828125,47812252.0,901.097412109375,55745.0234375,65801.6328125,-8.782905069892877e-09,-1.913183353963177e-07,-1.5527457719599624e-07,10.022100384314994,,9.05210107516102,10.184273391388166,-2.504734191550569,9.392404876796048,-0.1621730070731715,-0.34030380163502905
226,0.6651580821335206,226,False,11615250432.0,2.00653076171875,25545622.0,93130.6875,61182.08984375,33313.29296875,2.5338496811855293e-07,-1.6973764616068365e-07,1.5505517012570635e-06,226,False,13704043520.0,1.51824951171875,17329082.0,31647.31640625,21205.4375,9277.775390625,-5.770713329411592e-08,-8.990124200636274e-08,2.526508353639656e-07,10.065028577895463,-2.6577120962880607,9.611359844592346,10.136848729150817,-2.8980731723742457,9.864834003967777,-0.07182015125535379,-0.25347415937543083
304,0.6521650115556714,304,True,93390520320.0,5.7830810546875,690570560.0,57511.046875,142630.578125,132241.921875,-1.2694037820892845e-07,5.81534322918742e-07,-3.2112703252096253e-07,304,True,46070575104.0,4.445394039154053,29973.509765625,19491.53125,44790.26953125,45513.921875,-2.301200563437078e-09,1.1366569196979981e-07,-5.643499534357943e-08,10.970302795056051,-2.131094735236185,9.827063876039492,10.663423633631773,-6.1866860337426015,9.691558239402815,0.30687916142427873,0.1355056366366778
405,0.6903844705050813,405,False,7515750400.0,1.8157958984375,0.0,101216.7421875,132270.5,21371.201171875,1.1115091780311559e-07,4.869532403972698e-07,-5.714662734135345e-07,405,False,10443965440.0,1.4165242910385132,13935708.0,33948.12890625,43517.16796875,7024.54638671875,-1.2052214515279047e-07,2.8865313694836914e-08,7.547008351593831e-08,9.875972348636756,,9.487371802483509,10.018865426034656,-2.8747363882072685,9.79202938651079,-0.14289307739790047,-0.30465758402728227
429,0.679367329402015,429,True,16612737024.0,1.60980224609375,49566132.0,136376.921875,154937.671875,145518.765625,4.3217707457188226e-07,-1.9269513984454534e-07,4.029469096167304e-07,429,True,18330621952.0,0.606536865234375,33094924.0,43734.73828125,52638.6875,47051.7109375,6.116924566867965e-08,-4.144306231523842e-08,4.9109246447187616e-08,10.220441190337903,-2.5252561612168893,9.910282396822884,10.263177200681758,-2.743415812580953,10.588891397128572,-0.04273601034385521,-0.6786090003056877
481,0.6486001002007352,481,False,12610843648.0,4.8828125,0.0,182794.78125,49457.26171875,156315.234375,3.651978630614394e-08,-3.3580747071937367e-07,-4.6233546413532167e-07,481,False,14055429120.0,3.509521484375,94099392.0,60141.55078125,16326.2939453125,51803.09765625,-3.66581680566469e-08,8.230671255660127e-08,-1.676489773672074e-07,10.100744141245187,,9.067739069700876,10.147844109395836,-2.1742572920461347,9.329972251304994,-0.04709996815064876,-0.26223318160411857
493,0.6155267517220521,493,False,11029608448.0,1.8157958984375,0.0,154436.609375,63692.3125,114320.6640625,-2.7538777658264735e-07,-2.500413245343225e-07,4.0406115431323997e-07,493,False,23191459840.0,1.7522176504135132,16356823.0,52781.859375,21742.591796875,36778.36328125,2.6328587310331386e-08,1.4696279038162174e-07,-1.3433532330964226e-07,10.042560095224296,,9.653959549071049,10.365328087167601,-3.151629133037413,9.999946011043916,-0.3227679919433051,-0.345986461972867
552,0.6904961368601793,552,False,33342603264.0,2.178192138671875,0.0,9803.375,167611.890625,187478.96875,9.907450930768391e-07,8.063701670835144e-07,-6.943861876607116e-07,552,False,35372830720.0,1.1393229961395264,181793312.0,794.034423828125,55651.78515625,65604.03125,4.23911131974819e-07,2.86413410321984e-07,-1.3902568696266826e-07,10.522999504881703,,10.015855225440424,10.54866981573458,-2.289091913828402,10.463699520807412,-0.02567031085287752,-0.44784429536698767
553,0.7124777848063014,553,False,44430774272.0,3.856658935546875,0.0,9908.576171875,167886.640625,187275.34375,7.172484970396908e-07,1.6125510455822223e-06,1.9897468916951766e-07,553,False,53566803968.0,3.2908122539520264,254998672.0,1126.40234375,55782.546875,65131.37890625,-4.796490316039126e-08,5.543097003624098e-08,1.581454966981255e-07,10.647683881530925,,9.768367031071916,10.728895735219817,-2.3223578165292893,9.952941076499542,-0.08121185368889172,-0.18457404542762568
1085,0.7154140447221113,1085,True,15909965824.0,3.238677978515625,200704704.0,19102.380859375,43839.30078125,147631.015625,-1.0131676475566564e-07,-1.361681256639713e-07,-1.2083761191661324e-07,1085,True,17237422080.0,2.7109782695770264,153883776.0,6949.81103515625,15179.6484375,49714.92578125,-2.8752614511518004e-08,-1.5806838504772713e-08,-2.7423972426277032e-08,10.201669246745,-1.8991116953970153,9.436117594306564,10.236472316004646,-2.04927948152139,9.586783261382687,-0.03480306925964527,-0.1506656670761224
1283,0.6363664465748146,1283,False,7242450432.0,1.3561248779296875,0.0,17866.318359375,53117.1328125,186861.84375,-1.4195394726357335e-07,-3.728316926299158e-07,5.826260363051006e-08,1283,True,17295986688.0,1.4699300527572632,51243752.0,6219.0087890625,20307.869140625,62691.015625,-3.158350736498505e-08,-8.316222022131114e-08,-8.758057390423346e-09,9.859885531534406,,9.66143600686322,10.237945342351004,-2.5283044216444615,9.987000338620884,-0.37805981081659823,-0.32556433175766486
1317,0.7586374718540401,1317,False,23074330624.0,1.758575439453125,0.0,53022.390625,87773.9453125,44614.30859375,2.649800308063277e-07,2.1162986740819179e-07,5.12721214818157e-07,1317,False,29047887872.0,0.7540385127067566,77780696.0,15281.2744140625,28856.6015625,14356.5546875,1.4593227604109416e-07,-2.1975185404699005e-07,-2.0517083498816646e-07,10.36312911119222,,9.99538760603524,10.463114559484234,-2.5722427344860224,10.64702426727994,-0.0999854482920135,-0.6516366612446998
1350,0.621941451538026,1350,False,73556746240.0,4.92095947265625,513047584.0,53020.68359375,87676.4453125,44555.40625,5.392941488935321e-07,1.3476217191055184e-06,1.5347603721238556e-07,1350,True,41463517184.0,3.692626953125,208635280.0,16195.478515625,30415.9921875,16345.146484375,9.852544025079624e-08,-5.409844661130592e-08,-9.709206238994739e-08,10.866622510108362,-2.1564648633001333,9.82854782758698,10.61766613878089,-2.298278389753709,9.766662985745793,0.24895637132747162,0.06188484184118792
1415,0.6206592467390807,1415,True,120564350976.0,4.0435791015625,444722592.0,20097.44921875,96990.7421875,144279.0,5.145341788193036e-07,2.7088108822681534e-07,-3.930655267936345e-08,1415,True,99325034496.0,1.7267863750457764,161966864.0,3844.010009765625,31011.80078125,48521.24609375,1.2342410116161773e-07,5.522029056237443e-08,-2.4430301337474702e-08,11.081218912587687,-2.433129720328508,10.171069997618025,10.997058724559716,-2.787632551090675,10.64120080466831,0.08416018802797076,-0.4701308070502854
1441,0.6487456899557719,1441,False,24284659712.0,3.57818603515625,169592416.0,57364.50390625,118287.3046875,20335.771484375,4.250117626725114e-07,4.4964281187276356e-07,2.563760119755898e-07,1441,True,21824958464.0,1.7674764394760132,98979752.0,17598.62890625,38402.51953125,7041.89404296875,1.0837446495770564e-07,3.1108626785680826e-08,-2.609127314201487e-08,10.385332022314467,-2.1559255951661473,9.554837647673363,10.338953425854227,-2.3434070645298926,9.967922975834348,0.04637859646024012,-0.4130853281609852
1447,0.6301166461410381,1447,True,77851459584.0,6.04248046875,528298688.0,56834.5546875,110329.6875,20991.791015625,2.0413911272498808e-07,1.8073454555178614e-07,1.0602374800328107e-07,1447,True,84176404480.0,4.552205562591553,322103584.0,17748.400390625,35800.453125,6526.12646484375,5.5143832611292964e-08,5.044247686214476e-08,1.906598789958025e-08,10.89126675927196,-2.1683872271295366,9.71944387631924,10.925190371306938,-2.4171948141284645,9.937857573602242,-0.03392361203497707,-0.21841369728300286
1528,0.6590177376839111,1528,False,11302907904.0,2.8533935546875,48727320.0,36663.796875,128752.1640625,131965.765625,-1.029463163604305e-07,4.719064605751555e-08,2.5742332354639075e-07,1528,True,12220414976.0,1.7573039531707764,24020510.0,11918.1767578125,41034.7265625,42504.58984375,6.722724066321462e-08,1.1802238475411286e-07,7.843556204534252e-08,10.053190188987443,-2.365417663122636,9.370147675118243,10.08708595375653,-2.7065037297140213,9.719815624745243,-0.03389576476908651,-0.34966794962699943
1685,0.6598136854666824,1685,False,133682749440.0,3.77655029296875,0.0,33890.28125,115963.7109375,146009.453125,-5.327594294612936e-07,-1.0823075626831269e-06,-2.7643727662507445e-06,1685,True,52864032768.0,0.7464091181755066,278485408.0,9540.576171875,39574.08203125,51419.3359375,1.5120249940991926e-07,-7.94026462358488e-08,-8.798775041896079e-08,11.126075369069214,,10.260432460100382,10.723160290503671,-2.2783578464377476,10.9136948862989,0.40291507856554354,-0.653262426198518
1970,0.6209475595063677,1970,False,35177615360.0,3.28826904296875,131464632.0,27126.5859375,175588.875,195969.234375,2.7147666514792945e-07,2.723963916650973e-07,-5.801850875286618e-07,1970,True,35099529216.0,1.8946330547332764,30997896.0,11969.2939453125,57436.9296875,66402.6328125,-1.513739960046223e-07,6.097079818800921e-08,-8.667918649507556e-08,10.546266395920343,-2.427457465856713,9.770815380110767,10.545301291387062,-3.0539690745398884,10.129013626450062,0.0009651045332805808,-0.3581982463392954
2202,0.6428003357760255,2202,False,17803544576.0,2.323150634765625,0.0,9780.99609375,167805.8125,187158.515625,1.045935050569824e-06,3.597408522182377e-07,-8.473847969980852e-07,2202,True,55362777088.0,4.2266845703125,187588736.0,1573.6483154296875,55944.13671875,64349.83984375,2.7814794023584e-08,1.0031380170971715e-08,9.043404247677245e-09,10.250506476272141,,9.701390420250322,10.743217866920961,-2.4700111098497235,9.804218109259837,-0.49271139064881986,-0.10282768900951567
2226,0.664697544972055,2226,False,49194004480.0,1.575469970703125,106757824.0,14758.2802734375,170226.65625,185361.953125,-2.8464398837968474e-07,1.1019508292520186e-06,-8.983760722003353e-07,2226,True,52551688192.0,0.6376902461051941,66647384.0,5541.88427734375,53396.6328125,63700.69921875,-5.316877604855108e-08,2.3262629156306502e-07,-1.7887909109504108e-07,10.691912176346301,-2.663512463183095,10.395796981789193,10.720586672042538,-2.8968035646041597,11.013672010718206,-0.02867449569623659,-0.6178750289290136
2330,0.6139142587520242,2330,False,25143601152.0,2.071380615234375,62529580.0,39434.1484375,1109.153076171875,29410.396484375,-7.882428576522216e-07,-3.588858703551523e-07,1.1411184885901093e-07,2330,True,24011358208.0,0.7502238154411316,32523008.0,11456.642578125,64733.9921875,10739.97265625,1.28413589095544e-07,1.4670798975657817e-07,-1.2971840135378443e-07,10.40042747893621,-2.6043419673240695,9.926037617480434,10.380416726719107,-2.8682260207506967,10.567630457010711,0.0200107522171038,-0.6415928395302775
2787,0.6595594646967534,2787,False,1329897472.0,1.445770263671875,0.0,68317.09375,196156.953125,164346.765625,-2.35360104738902e-07,-3.606328746741383e-08,-4.021561608169577e-07,2787,False,43728003072.0,4.5623779296875,121093872.0,24925.20703125,72.10640716552734,56211.1953125,-2.8175048782941303e-07,-2.0874307438134565e-07,1.0038845488224979e-07,9.123818160470089,,8.883669228445472,10.640759644858845,-2.557637478791956,9.651972758307748,-1.5169414843887559,-0.7683035298622762
3173,0.6360965679873668,3173,False,188967436288.0,9.3536376953125,0.0,93959.546875,60751.34375,33686.06640625,-1.0542208883634885e-06,-1.0811004358401988e-06,2.2084163830982106e-08,3173,True,68246921216.0,2.9652915000915527,368466976.0,31617.27734375,21293.5078125,9089.3251953125,-4.292170885378255e-08,-1.2642195201806317e-07,1.3327712622412946e-07,11.27638697105743,,9.819916155215356,10.834083064078191,-2.2676844939554717,10.125981975036096,0.44230390697923916,-0.30606581982073955
3586,0.65087904992931,3586,False,73088237568.0,2.47955322265625,1060257664.0,98779.3984375,106772.8984375,153169.15625,-1.4771448775263707e-07,3.5492234928824473e-07,-2.449100122703385e-07,3586,True,87299833856.0,0.6879171133041382,105080200.0,32788.26953125,33292.21875,52715.38671875,1.2134066196267668e-08,1.1362214991095243e-07,-1.0952216911164214e-07,10.863847489538635,-1.8384360691275858,10.272287337501844,10.94101341718219,-2.919492526471148,11.184709246899834,-0.0771659276435539,-0.91242190939799
3843,0.6912472697372388,3843,True,29594488832.0,2.910614013671875,143970544.0,59422.63671875,146832.578125,5914.31689453125,-1.3961563638531516e-07,3.558669163794548e-07,-3.4545348626124905e-07,3843,True,31468546048.0,1.7674764394760132,112553248.0,20672.26953125,47030.3515625,3583.958740234375,-4.90699001431949e-08,8.604312995430519e-08,-6.416194509029083e-08,10.471210843062428,-2.3129371974035244,9.7752339190576,10.49787667752022,-2.4465186453704955,10.12684622750034,-0.02666583445779125,-0.35161230844274094
3859,0.6047750707089494,3859,True,42947145728.0,3.696441650390625,211685504.0,94999.71875,137674.28125,24556.193359375,4.6190254465727776e-07,3.094149860771722e-07,-3.3906619023582607e-07,3859,True,16105180160.0,3.082275390625,87846432.0,29342.29296875,44780.33203125,8822.7744140625,1.0596500032988843e-07,4.2735095462376194e-08,4.9198014551166125e-09,10.632934305867602,-2.3072431868579235,9.781258523218947,10.206965587401983,-2.2632414606620728,9.473658429167596,0.4259687184656187,0.3076000940513506
3912,0.6421554960680002,3912,False,2615871744.0,1.689910888671875,0.0,64968.61328125,131423.890625,91766.2734375,-2.2924861298179167e-07,3.472813432381372e-07,4.2485385165491607e-07,3912,False,20458459136.0,0.77056884765625,15136734.0,20725.16796875,42692.37890625,28237.99609375,1.0968906849484483e-07,2.0533562405944394e-08,-6.528331653044006e-08,9.417616446747584,,9.075820740340472,10.310872920972795,-3.1308407418978494,10.480655749730351,-0.8932564742252112,-1.4048350093898794
4191,0.659869495975509,4191,False,24362743808.0,2.651214599609375,0.0,44041.73828125,167377.015625,161561.0,6.822504019510234e-07,5.945597081336018e-07,1.970904435211196e-07,4191,False,26978615296.0,1.09100341796875,63978436.0,15887.439453125,54135.3359375,55435.44921875,-2.052979084510298e-07,-1.0363948632630127e-07,-2.3537980098353728e-07,10.386726198310972,,9.751558874353293,10.43101965531591,-2.6249860360866064,10.374280488549838,-0.0442934570049367,-0.6227216141965446
4253,0.6215317279475285,4253,False,36856459264.0,3.124237060546875,199179584.0,53102.6640625,196124.453125,75720.328125,2.0628999664040748e-07,1.3719871905237824e-09,1.950476189449546e-07,4253,True,38652432384.0,1.7649333477020264,52616356.0,17909.30859375,64918.48828125,25171.7890625,3.65899950338644e-08,-2.500464191257379e-08,2.7868626517602024e-08,10.566513610970754,-2.267268789988194,9.824397641257617,10.58717682911359,-2.8660560618346773,10.21708436560867,-0.020663218142836115,-0.39268672435105323
4323,0.6001028217200032,4323,False,31390459904.0,2.986907958984375,53531420.0,84436.8828125,181918.28125,148002.375,-3.806884194546001e-07,1.956370994093959e-07,2.1686741291659928e-08,4323,True,31234287616.0,2.14385986328125,22838548.0,29145.87890625,59687.20703125,48683.0546875,-3.6359214306003196e-08,2.9459839012702105e-08,2.131763032764411e-08,10.496797678627924,-2.7681889147889582,9.783964918468502,10.494631605112572,-3.135963115680307,9.997837014686473,0.0021660735153528066,-0.21387209621797076
4676,0.6590198462223396,4676,False,17940193280.0,2.674102783203125,0.0,102404.515625,31500.88671875,47833.4375,1.829517515261614e-07,5.789902957076265e-07,1.0066097502203775e-06,4676,False,20536545280.0,1.3631185293197632,25545622.0,34595.734375,10203.1806640625,15476.17578125,1.514368079824635e-07,-1.2093551049474627e-07,4.0920760113749566e-08,10.25382711763702,,9.613059973614524,10.312527387069268,-2.9052109054618667,10.110726955050872,-0.05870026943224893,-0.4976669814363479
4914,0.603250041329766,4914,False,5856429056.0,1.36566162109375,0.0,125202.5,65778.1171875,57665.8203125,-1.5670655102439923e-06,-3.3418473321944475e-07,-2.3361646128705615e-07,4914,False,6139489792.0,0.8824666738510132,504597.5,42912.6796875,23227.810546875,18272.12890625,-1.321475480153822e-07,-1.2589129738671545e-09,1.3634102913329116e-07,9.76763288666839,,9.56461822963007,9.78813228160929,-4.085187187110045,9.869584811600342,-0.020499394940900473,-0.3049665819702714
5046,0.6647422966254792,5046,False,25221687296.0,2.54058837890625,70002624.0,117918.9453125,75615.3828125,156184.328125,2.7432369620328245e-07,2.498970275155443e-07,-4.5908859647170175e-07,5046,True,27993731072.0,1.65557861328125,35268208.0,39707.0234375,24342.421875,51323.1953125,-1.1768990049176864e-07,4.317839952250324e-08,7.353285269573462e-08,10.401774136909168,-2.5566598173611697,9.794372676081208,10.447060786140048,-2.8996773926898265,10.118636074798774,-0.04528664923087966,-0.3242633987175658
5119,0.6427715549490975,5119,False,33850159104.0,2.54058837890625,0.0,122801.515625,66382.7734375,57638.69921875,3.566096324902901e-07,-3.115968922884349e-07,-3.3837415003290516e-07,5119,False,38847647744.0,1.51824951171875,60699448.0,44801.6875,24587.927734375,20322.560546875,-6.28068264063586e-08,-1.8163542847560166e-07,-2.1941666261682258e-07,10.5295607143159,,9.92215925348794,10.5893647270564,-2.806179985431622,10.317350001873361,-0.05980401274049996,-0.3951907483854207
5612,0.6969484753478227,5612,False,79959777280.0,3.12042236328125,711312128.0,138538.296875,146816.015625,145040.25,-8.727990348234016e-07,1.2695552698005486e-07,3.663160725864145e-07,5612,True,48178888704.0,1.5538533926010132,30904.36328125,44650.28125,48083.171875,47685.421875,9.737433259715544e-08,1.1301148816755813e-07,9.09014445937828e-08,10.902871575763717,-2.0508113622035387,10.161551503184224,10.682856778325531,-6.192836978020668,10.395741717813506,0.22001479743818564,-0.23419021462928136
6301,0.6267726950901156,6301,True,82927034368.0,3.326416015625,528908736.0,189501.375,36502.265625,64987.671875,-3.7856715096040716e-08,-1.8717599914452876e-07,-2.3786897429545206e-07,6301,True,60672606208.0,1.049041748046875,254083616.0,63315.4453125,13231.12890625,22799.818359375,-1.224030032886958e-08,-4.3412370587248006e-08,-1.700979623819876e-08,10.918696134444872,-2.195315394112859,10.135731289973513,10.782992650580162,-2.3780159891118444,10.75180349276226,0.13570348386470954,-0.6160722027887466
6334,0.7161295565286975,6334,True,18584401920.0,1.7452239990234375,56505388.0,157009.5,48436.9453125,121659.9296875,-7.701090254386145e-08,8.968301301592874e-08,2.768175875189627e-07,6334,True,20614629376.0,1.0846456289291382,45219564.0,53262.90234375,15937.40234375,38671.3828125,-6.126610685441847e-08,3.769398571051852e-09,9.691083846519177e-08,10.269148589266925,-2.5170587278704573,9.906371824590716,10.31417553116236,-2.658849160532651,10.26124372555223,-0.04502694189543632,-0.35487190096151444
6354,0.6592064537916286,6354,False,18350143488.0,3.070831298828125,52616356.0,166269.34375,42323.9375,131860.078125,2.545469044434867e-07,3.332436051550758e-07,2.606791156267718e-07,6354,True,20185157632.0,2.349853515625,23982382.0,54338.515625,14528.765625,44035.4921875,1.3610085147774953e-07,6.2683231938365225e-09,-6.333225854859847e-08,10.263639464544674,-2.5425186972657614,9.532755526920363,10.305032145296517,-2.9251398289990775,9.748470959977372,-0.04139268075184255,-0.21571543305700835
6399,0.6527093123761406,6399,False,13352657920.0,1.514434814453125,0.0,183052.6875,49833.83203125,156672.96875,-1.3048075686583616e-07,-1.132083369270731e-07,5.505011699824536e-07,6399,False,32015144960.0,0.8417765498161316,73510384.0,60092.17578125,16426.658203125,51697.234375,3.0659887073625214e-08,1.7139410601885174e-07,-3.5329534853190125e-08,10.12556772301107,,9.85519184579389,10.505355472587972,-2.639006781185868,10.617560238059612,-0.3797877495769022,-0.7623683922657225
6453,0.6856859741322712,6453,False,1231070208.0,0.9508132934570312,0.0,190439.125,46488.5234375,1488.9859619140625,8.233978974203637e-07,-3.8892974174586925e-08,1.2177100927601714e-07,6453,False,4079978752.0,1.2054443359375,0.0,61537.71484375,16225.494140625,1110.624755859375,3.7024062038426564e-08,-4.685096399725808e-08,-6.357826265457334e-08,9.0902828214752,,9.12313995392715,9.610657901346453,,9.48893716034634,-0.5203750798712541,-0.3657972064191899
6474,0.7317893798447779,6474,False,17588807680.0,3.147125244140625,89219032.0,166155.296875,61508.27734375,41674.99609375,-5.206421178627352e-07,-1.5209631953894132e-07,3.049576662306208e-07,6474,True,19814250496.0,2.6143393516540527,70307648.0,57120.96875,19314.125,14296.125,-6.300877686271633e-08,7.30240685697936e-08,1.8704662818613826e-10,10.245236400256362,-2.29477889329135,9.498365360358967,10.296977649135126,-2.44997507939927,9.67093470905112,-0.05174124887876452,-0.17256934869215357
6818,0.6470608066618607,6818,True,42790973440.0,2.47955322265625,185148560.0,150619.609375,103375.3671875,110804.359375,-8.593480771423856e-08,6.910788385994238e-08,2.997811918703519e-07,6818,True,43806089216.0,0.873565673828125,112095712.0,50828.859375,33666.6328125,34745.390625,-2.5786661694837676e-08,3.1583557102976556e-08,1.1624211992966593e-07,10.631352166241161,-2.3638318275844923,10.03979201420437,10.641534483314617,-2.59194548347929,10.729591142732277,-0.010182317073455849,-0.6897991285279073
7139,0.6351547256914025,7139,False,9565500416.0,2.117156982421875,18835130.0,141342.203125,125642.3828125,156375.75,-6.243827783691813e-07,-1.028383422863044e-07,-5.713391715289617e-07,7139,True,9926646784.0,1.3478597402572632,7368196.0,49350.5078125,41750.796875,53979.58984375,-9.626253927308426e-08,-8.725931643915885e-10,-8.84269368839341e-08,9.98070769493024,-2.7057390728816455,9.492078103173718,9.996802568823318,-3.1294413988948016,9.80233551672791,-0.016094873893077732,-0.3102574135541918
7274,0.6222500583236344,7274,True,43571830784.0,7.3699951171875,699111232.0,195686.28125,156528.9375,75142.828125,1.4998637709595641e-07,-8.020204944614306e-09,4.900933703311239e-08,7274,True,31390459904.0,4.0842695236206055,428861408.0,64669.74609375,52018.76953125,24822.689453125,2.340477323059531e-08,1.3969599921281883e-09,8.68746408144716e-09,10.639205808333378,-1.7946595287241296,9.338005008141657,10.496797678627924,-1.864480711537204,9.580126088021203,0.14240812970545313,-0.24212107987954568
7317,0.6192068633432238,7317,True,22410602496.0,4.61578369140625,172642640.0,155867.34375,170591.234375,140512.28125,-2.8438447152723256e-09,-1.0525173621545036e-07,7.830572457123708e-08,7317,True,21551659008.0,3.3111572265625,124906648.0,51892.04296875,57477.53515625,46442.953125,1.0704138908579353e-08,-3.276641891147847e-08,2.0890409402340993e-08,10.350453532446299,-2.113305463954394,9.354085359899116,10.333480706992704,-2.2368951532232058,9.553511002155458,0.016972825453594353,-0.19942564225634207
7598,0.7014676441642759,7598,False,3372326912.0,0.74005126953125,0.0,27027.587890625,18548.51171875,13490.9453125,6.478010163846193e-07,-1.4785322832722159e-07,6.165269041957799e-07,7598,False,14172558336.0,0.8989970088005066,37746516.0,5642.52392578125,6974.3603515625,4890.294921875,-5.519229873129916e-08,-1.4847005047613493e-07,-3.73066875170025e-08,9.527929668323967,,9.72403695635612,10.151448253276397,-2.5745713808026194,10.220810883190895,-0.6235185849524303,-0.4967739268347753
7997,0.7331995762812181,7997,True,28579373056.0,2.7313232421875,213515648.0,40688.83203125,4600.20068359375,195634.515625,-3.243985418066586e-07,3.290485750540029e-08,-4.1035170283976186e-07,7997,True,30531516416.0,1.7369588613510132,192469104.0,15253.654296875,1197.0498046875,577.4127807617188,-8.039925347702592e-08,2.432528312112936e-08,-9.143722223825534e-08,10.456052697467333,-2.126622988640145,9.801493046933043,10.484748375040427,-2.2003873504905096,10.125064076126101,-0.028695677573093548,-0.323571029193058
8002,0.6010852373195695,8002,True,18076844032.0,2.101898193359375,45829608.0,12075.177734375,15118.6787109375,3572.386474609375,5.045614557275258e-07,-4.038753687041208e-08,1.1700585389462503e-07,8002,True,17842587648.0,0.8405050039291382,15746778.0,2063.2958984375,4962.7294921875,978.8974609375,7.05900333741738e-08,8.211836544091966e-09,-1.0116663951009741e-08,10.25712261092219,-2.5959764683657083,9.773205095572004,10.2514578388155,-3.0542661340212023,10.364647383795914,0.005664772106689142,-0.5914422882239094
8411,0.6602161561269901,8411,False,22879115264.0,2.178192138671875,0.0,27059.939453125,18701.8671875,13693.4140625,1.2564342455334554e-07,-1.3102136335874093e-06,-2.0905372366541997e-06,8411,False,28071817216.0,1.2906392812728882,18206022.0,10350.2119140625,6969.158203125,6207.16015625,-1.3688398325939488e-07,-4.575253242933286e-08,9.068914152976504e-08,10.359439226266447,,9.852294946825168,10.448270527395259,-3.188055464202062,10.282063208971694,-0.08883130112881155,-0.42976826214652597
9046,0.6074931403874908,9046,True,29711616000.0,5.51605224609375,96234552.0,26442.65234375,8870.048828125,80811.1328125,2.860404322291288e-07,-2.1485890044914413e-07,2.1807511529914336e-07,9046,True,31000031232.0,3.0517578125,33552458.0,7266.65380859375,4042.19091796875,25811.0390625,7.562821480178172e-08,-4.7424798310657934e-08,5.0860901268379166e-08,10.47292627350668,-2.489595244620743,9.360483716996404,10.491362131378738,-2.9656377899815056,9.764537033818314,-0.018435857872058037,-0.40405331682191026
9394,0.6300940129498068,9394,False,3635866368.0,1.3332366943359375,0.0,5161.03466796875,12522.5029296875,126082.609375,-1.881183209206938e-08,-8.2989879501838e-07,4.936365485264105e-07,9394,True,40995004416.0,3.5196940898895264,53226400.0,2433.707275390625,5742.86572265625,40390.73046875,8.424761333003516e-09,-1.5150163790167426e-08,4.453666235804121e-08,9.560607912859416,,9.373247025664357,10.612730937530738,-2.8866038441366126,9.792973559151429,-1.0521230246713227,-0.4197265334870721
9581,0.6915810848661282,9581,False,8657754112.0,1.3370513916015625,0.0,21066.9140625,17598.998046875,140257.59375,-4.4767052287397746e-08,2.8085327130611404e-07,1.9101636894447438e-07,9581,False,15949007872.0,1.2791951894760132,31531684.0,6684.30908203125,6509.90771484375,46678.734375,2.3842494645265333e-09,1.2536480298308561e-08,-4.0643442389409756e-08,9.937405247298576,,9.748183096772053,10.202733672401536,-2.7039865068430484,10.042328446092522,-0.2653284251029593,-0.29414534932046976
9659,0.6204142004366383,9659,False,13411222528.0,1.491546630859375,26841966.0,9836.13671875,198777.140625,133549.5,1.8930315093257377e-07,-2.4536831233490375e-07,3.899286582509376e-07,9659,True,14016387072.0,0.70953369140625,8064028.0,2646.08154296875,12.491941452026367,45204.71875,5.1283443269767304e-08,-2.3733909060297265e-08,3.043394514179454e-08,10.127468368676677,-2.6986540467593736,9.86701311551037,10.146636082325186,-3.240084055259402,10.370176548925803,-0.019167713648508666,-0.503163433415434
9952,0.6148557942710099,9952,True,33420687360.0,2.643585205078125,113315800.0,24446.06640625,16424.0078125,148814.890625,2.0285440882616967e-07,-2.4957204303177605e-08,-1.6436274563602637e-07,9952,True,27837558784.0,1.2270610332489014,40339204.0,7080.6552734375,5117.810546875,50086.51171875,4.311315393579207e-08,2.7407887515096263e-08,-1.599454080292162e-08,10.524015377741252,-2.4697249085274025,9.890725408751035,10.444631147133784,-2.8389038229600194,10.31133189993326,0.07938423060746835,-0.42060649118222493
10640,0.6921869778106973,10640,False,6246857728.0,1.3446807861328125,0.0,27103.8359375,18563.4765625,13777.712890625,7.522529585912707e-07,3.1175585490927915e-07,4.480954487462441e-07,10640,False,8550386176.0,1.2499492168426514,6901130.5,6917.6171875,8323.76953125,4658.09619140625,3.869901021857913e-08,-3.3713729408191284e-07,1.996170517770679e-08,9.795661615014673,,9.60273281595104,9.93198572997009,-3.0930654900015626,9.786647176809641,-0.13632411495541774,-0.18391436085860136
10925,0.6026098339967293,10925,False,7447425536.0,1.9378662109375,0.0,27203.697265625,18828.271484375,13915.7109375,5.89309479437361e-07,3.9761054893006076e-08,-2.5138167103477826e-08,10925,False,22605815808.0,2.37274169921875,20093346.0,7069.17724609375,8185.00048828125,4496.9462890625,7.661652290380516e-08,2.834238266302691e-08,-3.297971673532629e-08,9.87200616956201,,9.441020484063623,10.354220184651425,-3.0511679219530268,9.79134449054269,-0.48221401508941497,-0.3503240064790667
11518,0.6773868908797168,11518,False,64733061120.0,6.85882568359375,568561664.0,17416.56640625,40276.76171875,95797.125,5.869818551218486e-07,-1.384585743835487e-07,3.658134914985567e-07,11518,True,69886722048.0,5.5338544845581055,336744672.0,3965.63525390625,14407.4345703125,29904.197265625,6.59248584611305e-08,-5.688969650918807e-08,9.624522334661378e-08,10.811126144575335,-2.0563485710966396,9.556751496407012,10.844394670895186,-2.317093937886369,9.729853068445014,-0.03326852631985133,-0.1731015720380018
12172,0.6559461671706917,12172,True,47163772928.0,3.41796875,230291872.0,23466.158203125,37161.35546875,176104.46875,-1.76766462800515e-07,-1.574500032575088e-07,1.4711639551023836e-07,12172,True,47241859072.0,1.4190673828125,139700240.0,8749.798828125,13286.9248046875,58140.390625,-3.97625754544606e-08,-4.930156549676212e-08,1.859562281936178e-08,10.673608539770587,-2.311329929673668,9.872956408204892,10.674326979729468,-2.529129827512307,10.446322452834114,-0.0007184399588808787,-0.5733660446292212
12185,0.6501444509825213,12185,True,34513887232.0,4.5166015625,324543776.0,14854.7763671875,28718.662109375,172070.359375,-8.610857094026869e-08,-2.0405138911883114e-07,3.177996745762357e-07,12185,True,32366530560.0,2.4973552227020264,181793312.0,5395.75732421875,10735.3623046875,55736.61328125,-2.236760110463365e-08,-5.6707971651803746e-08,7.145522573637209e-08,10.53799387578915,-2.0267205910071855,9.555776205136292,10.510096148911353,-2.2505182470051746,9.913875668011237,0.027897726877796458,-0.35809946287494476
13736,0.6507552584864124,13736,False,12200893440.0,2.590179443359375,0.0,15992.8017578125,52231.36328125,143698.5,-1.9509664639372204e-07,2.9169865456424304e-07,1.3103469598263473e-07,13736,False,13704043520.0,1.8335978984832764,8140284.0,5134.06298828125,18672.369140625,47058.96875,-1.9432350484294147e-07,-1.7834570087416068e-07,1.3252329722490686e-07,10.086391634105475,,9.466396855612214,10.136848729150817,-3.2262091722368877,9.741892575347523,-0.050457095045342015,-0.27549571973530895
13769,0.6254047189121353,13769,True,21278359552.0,2.712249755859375,176302912.0,7181.18310546875,45353.02734375,147984.90625,1.0246751713793856e-07,-2.6505625783102005e-07,1.1473193950450877e-07,13769,True,21278359552.0,1.3478597402572632,104317640.0,1923.4359130859375,16451.765625,48752.6484375,2.6063473157478256e-08,-6.442070343837258e-08,1.8841086912857463e-08,10.327938143126014,-2.0816786575136623,9.677943624958855,10.327938143126014,-2.309580389762812,10.133471091030604,0.0,-0.4555274660717483
14295,0.6245153530793502,14295,True,22761988096.0,5.9051513671875,96844592.0,20275.873046875,52366.4765625,195105.828125,-1.506265192574574e-07,-6.881147669446364e-07,-1.4694721528485388e-07,14295,True,22801031168.0,4.994710445404053,65503548.0,7334.205078125,20925.072265625,65788.53125,-1.7333235291516758e-08,-1.6181492412670195e-07,-3.252748115301074e-08,10.357210191880084,-2.371134818039555,9.200363640287266,10.35795448824807,-2.5416896640564373,9.310189013851982,-0.0007442963679871184,-0.10982537356471589
14823,0.6807473739389485,14823,False,10697743360.0,1.36566162109375,0.0,52994.09765625,87888.8984375,44669.55859375,1.3916755392529012e-07,9.354349685963825e-07,1.8965610593113524e-07,14823,False,14602030080.0,1.1227926015853882,7549303.0,15340.11328125,28761.966796875,14438.9912109375,1.6742906439048966e-07,1.713468691377784e-07,-4.3927791182341025e-08,10.029292174913198,,9.82627751787488,10.164413238746912,-3.286506382114704,10.088963925332557,-0.13512106383371325,-0.2626864074576769
15398,0.6415685020249383,15398,False,73634832384.0,3.83758544921875,0.0,33594.33203125,115597.4140625,145773.65625,1.0636524621077115e-06,2.492048224667087e-06,1.0888966244237963e-06,15398,False,77148692480.0,1.6301473379135132,427031296.0,10028.0400390625,34849.5703125,48649.15234375,-1.0300005470753604e-07,1.3946073806891945e-07,-1.627550147986767e-07,10.867083302566066,,9.990996214413695,10.887328570016368,-2.256868865525199,10.568988281369629,-0.020245267450302862,-0.5779920669559342
15531,0.66689122433132,15531,True,80115949568.0,4.14276123046875,316613184.0,32006.3125,110261.3984375,143541.640625,3.061373661239486e-07,1.2644994740185211e-06,8.849158348311903e-07,15531,True,68325003264.0,1.6276042461395264,167457264.0,9678.82421875,32409.876953125,44174.30078125,3.843855722607259e-08,1.594474952071323e-07,1.4036952222795662e-07,10.90371898449656,-2.4031899892600666,9.977784129544812,10.834579661111675,-2.6106756699005094,10.517256439838182,0.06913932338488493,-0.5394723102933696
15788,0.6506497685922836,15788,False,27486173184.0,1.712799072265625,0.0,33772.03125,115598.328125,145771.4375,-3.1548142942483537e-07,1.633130295886076e-06,-6.098275093791017e-07,15788,False,29243101184.0,0.6364187002182007,53226400.0,9928.865234375,34353.11328125,48023.8203125,-2.1930222260380106e-07,1.6583463491315342e-07,-1.1294245894077903e-07,10.439114278557115,,10.088554649979622,10.466023426961664,-2.7398963335675393,10.760409028571212,-0.026909148404548944,-0.6718543785915898
16180,0.612667007865855,16180,True,22020173824.0,5.88226318359375,277570336.0,26621.39453125,128473.46875,20437.419921875,1.3247766617041634e-07,1.602770254294228e-07,-2.2615438410866773e-07,16180,True,22254430208.0,4.231770992279053,205890080.0,8165.26806640625,41962.5546875,7837.75732421875,3.347081545257424e-08,4.7983725437461544e-08,-4.1137742101682306e-08,10.342820742905763,-1.8994476917853609,9.188504065260847,10.347416479288535,-2.0337810569300743,9.407633243399278,-0.004595736382771776,-0.2191291781384308
16955,0.6093009881349091,16955,False,36466032640.0,2.933502197265625,134972384.0,13967.576171875,116332.984375,116135.484375,6.662026521553344e-07,7.319194992305711e-07,1.4588462704523408e-07,16955,True,38379130880.0,1.312255859375,39729160.0,4377.41943359375,37218.66015625,36845.3671875,2.396109977098604e-08,9.349354712639979e-08,1.0446339615555189e-07,10.561888516363403,-2.431643597522399,9.86080888958875,10.584095135634108,-2.9849857528395396,10.407067354704305,-0.022206619270704664,-0.5462584651155549
17066,0.6137409075294514,17066,True,78710407168.0,4.1351318359375,445942656.0,10211.400390625,132619.46875,115365.578125,3.17156974460886e-07,3.311588443466462e-07,3.187922459346737e-07,17066,True,53722976256.0,1.0922750234603882,218701024.0,1917.5743408203125,42224.2421875,36477.2734375,7.342718788549973e-08,1.1625042617424697e-07,8.926872396841645e-08,10.896032159002226,-2.2467531428549337,9.971298118626168,10.730160064602646,-2.3903092481104666,10.672662060163637,0.16587209439957995,-0.7013639415374691
17559,0.6162753120910791,17559,False,54581919744.0,3.65447998046875,242797792.0,33481.9921875,115638.640625,145599.296875,-7.1267978185574066e-09,1.0745951612989302e-06,1.6906775499592186e-06,17559,True,48413147136.0,1.6581218242645264,92116744.0,8871.080078125,36054.8359375,47807.19140625,2.1672443040188227e-07,1.0293789642901174e-07,-1.3846638502457154e-08,10.737048806518263,-2.3518040735655217,9.892810425827939,10.684963315224513,-2.7206247364297553,10.355538661914405,0.05208549129375051,-0.4627282360864662
17910,0.6208004211758845,17910,False,3240557312.0,0.5578994750976562,0.0,34030.09765625,115948.3828125,146021.6875,4.934659614264092e-07,-6.583674689863983e-07,-1.1971841331614996e-06,17910,False,7750007808.0,0.8977254629135132,243362.546875,10614.2900390625,38032.32421875,51588.26953125,-5.516730894328248e-08,3.032603501651465e-07,-2.4087105998660263e-07,9.510619706722743,,9.890785777518907,9.889302140050775,-4.503048398272939,9.959586824644994,-0.37868243332803253,-0.0688010471260867
18005,0.7227492410942181,18005,False,5553846784.0,0.835418701171875,0.0,34022.578125,115797.375,145929.5625,-6.361893269968277e-07,-6.119234541301921e-08,-1.0414262305857847e-06,18005,False,10561093632.0,0.6777445673942566,13020641.0,10882.826171875,38461.54296875,50603.328125,1.8446657534809674e-08,-1.1192356375033796e-08,-1.217084246718514e-07,9.744593894538982,,9.861737605206297,10.023708892984756,-2.9090765281142987,10.277109825354742,-0.2791149984457739,-0.4153722201484449
18028,0.7003127085380463,18028,False,60984946688.0,3.448486328125,653967936.0,38502.8984375,124457.6015625,155698.796875,-3.903410004113539e-07,-6.615156422640212e-08,-4.295871747217461e-07,18028,True,70042894336.0,1.9022624492645264,435571904.0,14225.34765625,40673.140625,53174.95703125,-5.115641599218179e-08,1.0881100465098825e-08,-3.9948094610053886e-08,10.785222648500518,-1.9696661930808974,9.978779885714966,10.845364083844622,-2.2063042254589793,10.426458431342963,-0.060141435344103655,-0.4476785456279977
18408,0.7739284345876163,18408,False,19013873664.0,1.4095306396484375,109350512.0,35016.13671875,117278.3125,147246.609375,-1.9072778911777277e-07,-7.125786964934377e-07,-9.429455758436234e-07,18408,True,21044101120.0,0.6160736083984375,95929528.0,8886.3984375,36355.375,49950.73046875,2.9400183620964526e-07,1.0840025765901373e-07,-5.553415505232806e-08,10.2790706039523,-2.240249783124102,10.055458822783525,10.323130379978975,-2.341178072353573,10.638681472905786,-0.04405977602667477,-0.583222650122261
18413,0.6218062366987339,18413,False,57783431168.0,4.1656494140625,455093344.0,33839.1171875,115949.71875,146039.109375,1.5098197536644875e-07,-1.4364427443069872e-06,-2.9446596272464376e-06,18413,False,69340119040.0,2.7516684532165527,290686304.0,10688.845703125,38462.75,50860.76953125,2.0169754577636922e-07,-6.583717038211034e-08,-3.871916121056529e-08,10.761803326588932,-2.103702842840857,9.832279251963348,10.840984582898265,-2.377560012900619,10.181590425623966,-0.07918125630933304,-0.3493111736606185
19217,0.6954969942631268,19217,False,17413115904.0,1.99127197265625,0.0,56150.421875,146720.546875,111955.765625,1.114720362238586e-06,-5.694909646081214e-07,4.659326862110902e-07,19217,False,20224200704.0,1.6276042461395264,38852220.0,17607.7421875,49379.0703125,33773.703125,4.0034333892435825e-07,1.4313121710074483e-07,3.9206491919685504e-07,10.240876490751651,,9.792180619175749,10.305871366541332,-2.7164555272858877,9.98854814526784,-0.06499487578968122,-0.19636752609209118
20315,0.6397176478391793,20315,False,42869059584.0,1.7871856689453125,0.0,32835.1328125,144381.5,129245.2109375,7.063906082294125e-07,-8.497100623117149e-08,-4.316452191233111e-07,20315,False,43181404160.0,0.6389617919921875,158916640.0,9225.576171875,46665.94921875,43566.75390625,-1.1200423699619932e-07,1.5587116308779514e-07,-6.890843451401452e-08,10.632143956523015,,10.253889446614812,10.635296760486046,-2.4341273863635147,10.927084426354241,-0.003152803963031303,-0.6731949797394297
21069,0.6777893009987741,21069,False,20146116608.0,1.7108917236328125,75111752.0,41119.31640625,138986.5,176252.328125,4.6724838398404245e-07,1.4970204631481465e-07,6.74517025345267e-07,21069,True,23699015680.0,1.1088054180145264,32294240.0,14262.361328125,45635.5703125,59578.65625,-3.9699482812238784e-08,2.8674660867977764e-08,-3.656525393580523e-08,10.304191343367666,-2.4284834512442246,9.954357555224993,10.374730308304537,-2.865605239821406,10.307447299221037,-0.07053896493687084,-0.3530897439960441
21185,0.6744277369607915,21185,False,8345411072.0,2.13623046875,0.0,9887.8876953125,167752.03125,187099.234375,5.919471277593402e-07,4.852465167459741e-07,-7.255582659126958e-07,21185,False,21942087680.0,2.0548503398895264,30159084.0,803.4804077148438,55846.0234375,65340.94921875,-3.6012593795931025e-07,-3.4653288594199694e-07,1.2568135332458041e-07,9.921447733694036,,9.426975576112227,10.341277946154378,-2.861859799267869,9.872107651308522,-0.4198302124603419,-0.4451320751962946
22287,0.6216952430037197,22287,False,21942087680.0,3.864288330078125,0.0,26956.435546875,148009.453125,128402.203125,1.6487934999531717e-06,1.4865045727674442e-07,-4.9624340192622185e-08,22287,True,22566772736.0,1.9861857891082764,24935576.0,3892.35009765625,50936.046875,39388.3046875,1.1892296924997936e-07,-6.19090911868625e-08,1.2468042598356988e-07,10.341277946154378,,9.46067366104145,10.35346945526022,-2.9566500505930504,9.906439649889274,-0.012191509105841547,-0.4457659888478229
22568,0.6249553254607334,22568,False,25690202112.0,2.254486083984375,0.0,50841.3671875,148928.03125,125325.8046875,-4.7125774926826125e-07,-8.065873657869815e-07,-6.538428909408367e-09,22568,False,56221716480.0,1.163482666015625,57954244.0,15631.3515625,51179.19140625,41955.17578125,6.165574717442723e-08,-8.149727648287808e-08,-8.701626086349279e-08,10.409767520995853,,9.880196182601463,10.749904100723798,-2.986818855794457,10.651264224631111,-0.340136579727945,-0.7710680420296487
22687,0.6528071359249324,22687,False,5710018048.0,1.10626220703125,0.0,50831.6328125,148932.25,125328.1875,1.2467831993490108e-06,2.1708288500121853e-07,2.6675374442675093e-07,22687,False,26275844096.0,3.0568442344665527,37517748.0,15621.1533203125,51249.84375,41957.23828125,-4.972450184936861e-08,3.169759921206605e-08,-2.0483534513004997e-07,9.7566374809489,,9.690850367027958,10.419556676378559,-2.8453199143827725,9.69164671251669,-0.6629191954296587,-0.0007963454887320864
23249,0.6910466717245218,23249,False,22644858880.0,2.84576416015625,0.0,13958.7861328125,170200.5625,183819.296875,-3.6305945627645997e-07,9.634526065838145e-08,1.464249663740702e-07,23249,False,35372830720.0,2.6194255352020264,78085720.0,4152.05712890625,55429.63671875,63935.12109375,-4.786462071137976e-08,1.1910184127827961e-07,-2.2048634207294526e-07,10.35496961855714,,9.67367126027563,10.54866981573458,-2.6560981966106754,9.92136073042322,-0.19370019717744036,-0.24768947014759135
23328,0.6325683073057371,23328,False,14797244416.0,1.59454345703125,0.0,14028.546875,170308.671875,183768.828125,1.1508809620863758e-06,-3.135929489417322e-07,2.5109473611450994e-08,23328,False,41385431040.0,1.7878215312957764,61538256.0,2725.21630859375,53494.68359375,61653.921875,9.327693106797597e-08,1.0322472121515602e-07,-1.7490506820649898e-07,10.170180847398447,,9.866226307663386,10.616847482848112,-2.827702298708996,10.238361237871276,-0.4466666354496649,-0.37213493020789024
23874,0.6440065273446565,23874,False,22957201408.0,1.3751983642578125,0.0,32004.470703125,191745.65625,15485.1953125,-3.048134260552615e-07,6.081704668758903e-07,-2.801824336984282e-07,23874,False,44430774272.0,1.2270610332489014,111028136.0,11417.138671875,62161.46484375,6254.1904296875,-1.3841466284247872e-07,8.684186525442783e-08,2.1295347707450674e-08,10.360918944390482,,10.153370923734803,10.647683881530925,-2.602250832824047,10.514384634330403,-0.28676493714044327,-0.36101371059559995
24097,0.6957839270194897,24097,False,3240557312.0,0.743865966796875,0.0,31923.1640625,191834.09375,15485.08984375,-4.40437503357316e-07,-3.378251562935475e-07,-1.1704771623044508e-06,24097,False,8325890048.0,0.7006327509880066,0.0,11233.4013671875,62333.83203125,6419.740234375,-1.288075139882494e-07,2.4395513165131888e-08,-8.468966683494727e-08,9.510619706722743,,9.703377672606457,9.92043067128026,,10.152195019536288,-0.40981096455751675,-0.44881734692983066
24297,0.7042781962206558,24297,False,8218522112.0,1.3370513916015625,0.0,38634.87890625,445.5029602050781,29103.701171875,2.7518453293851053e-07,9.657735517976107e-07,-1.223425329044403e-06,24297,False,15421929472.0,1.06048583984375,27452010.0,14348.4794921875,63696.44140625,12041.7236328125,-9.67164694998246e-08,1.3351392169624887e-07,-1.5851553314405464e-07,9.914793727964767,,9.725571577438243,10.188138712665712,-2.749564564245708,10.14988140171609,-0.2733449847009446,-0.4243098242778469
25311,0.6061328658656949,25311,False,19989944320.0,2.09808349609375,39500392.0,5082.36865234375,192298.59375,121666.640625,-2.3048073671816383e-07,1.3203501225689251e-07,-7.686895742153865e-08,25311,False,21785915392.0,0.7985433340072632,12544044.0,1412.5614013671875,64385.55859375,39001.17578125,-1.9097397441214525e-08,7.346490349391388e-08,-5.548185200154876e-08,10.300811584435754,-2.704210178870252,9.81807743312188,10.338175812669396,-3.2397382439773352,10.4847280796541,-0.03736422823364194,-0.6666506465322204
25850,0.6657124844476187,25850,False,47398031360.0,2.25067138671875,198569552.0,16168.9736328125,188164.3125,136765.96875,-7.368457488610147e-08,-9.361426123177807e-08,1.037406676118735e-07,25850,True,58173861888.0,1.1927287578582764,64893504.0,6201.70947265625,62961.8203125,46669.25,-2.7595566720606257e-08,-3.7168621958016956e-08,-4.299421263453951e-08,10.675760303968518,-2.377847647987149,10.147292169432795,10.76472789551534,-2.952526670489288,10.649915359547434,-0.08896759154682243,-0.5026231901146385
26207,0.7092491364456447,26207,False,1264012544.0,2.0294189453125,0.0,44621.03125,170586.28125,164234.171875,-2.2892235662652638e-08,-1.456386087284045e-07,-2.3987018948901095e-07,26207,False,2008267136.0,1.7751058340072632,0.0,15282.9453125,57940.45703125,54942.328125,9.454106475459412e-08,-1.359024537350706e-08,7.181779437814839e-08,9.101751383885409,,8.640693818370329,9.30282148136854,,8.928985104362036,-0.20107009748313054,-0.2882912859917077
26620,0.6173019414010313,26620,False,7105800704.0,3.269195556640625,0.0,18026.126953125,173043.125,181476.671875,-5.719132900594559e-07,-2.9034262638560904e-07,1.7243483796391956e-07,26620,True,28071817216.0,4.948934078216553,56505388.0,6342.86572265625,58595.52734375,59957.3046875,-6.553793241437234e-08,-8.301472576022206e-08,-1.2178668074014354e-09,9.851613022690767,,9.079951672733461,10.448270527395259,-2.696180665998792,9.406503024085314,-0.596657504704492,-0.32655135135185276
27683,0.6106240165324701,27683,False,11068650496.0,1.4705657958984375,0.0,59669.8984375,7732.8193359375,70395.015625,-2.385041852903669e-07,-5.200748205425043e-07,-7.051654051792866e-07,27683,False,12200893440.0,1.079559326171875,1546558.625,19447.08984375,3357.21923828125,23803.015625,1.662303894534034e-08,6.581700517926947e-08,-1.1722948300985081e-07,10.044094674368607,,9.792867983715634,10.086391634105475,-3.8970252467650264,10.03652186374653,-0.04229695973686809,-0.24365388003089627
27954,0.6320348375243361,27954,False,1447026048.0,0.8144378662109375,0.0,89704.671875,2142.667236328125,89151.1015625,-3.782377788752456e-08,2.781894465897494e-07,1.9254285632541723e-07,27954,False,4641220096.0,0.7731119990348816,159362.265625,30376.1796875,37.38038635253906,29963.017578125,6.662190799033851e-08,3.708511542299675e-08,2.8023078968431037e-08,9.160476348949615,,9.294189412835543,9.666632164025968,-4.464246668615012,9.834268543382443,-0.5061558150763528,-0.5400791305468999
29113,0.6004966686491379,29113,False,79022751744.0,5.82122802734375,0.0,68372.515625,196137.9375,164478.4375,7.845284812901809e-07,-2.9474031748577545e-07,-6.927942308720958e-08,29113,True,57314918400.0,4.4657392501831055,147630816.0,23213.0703125,280.7367248535156,55544.3359375,3.787358338058766e-08,-8.398706796697297e-08,-7.523162537381722e-08,10.897752148686697,,9.750230231185897,10.758267678433787,-2.58909065819696,9.783427636217118,0.1394844702529099,-0.033197405031220484
29125,0.6857704775717242,29125,False,39901802496.0,2.09808349609375,0.0,68455.2890625,196054.71875,164632.078125,-1.7992780385611695e-06,-5.429926090982917e-07,-1.8517822297781095e-07,29125,False,50677633024.0,1.09100341796875,102945040.0,24758.09765625,66537.03125,55964.2578125,8.532163064955967e-08,7.311775629403883e-10,2.829206202648038e-08,10.600992514643767,,10.118258363329893,10.704816322300166,-2.6922108956056863,10.648077155534093,-0.10382380765639887,-0.5298187922041997
29739,0.6081111756949498,29739,False,7505989632.0,1.2416839599609375,0.0,50107.61328125,39175.37109375,27636.02734375,2.474509983585449e-07,-1.0418460760774906e-06,-7.254813993995413e-08,29739,True,23191459840.0,1.6886394023895264,54980276.0,17615.517578125,14919.7080078125,8439.4423828125,3.8344801112089044e-08,-1.702184704299725e-07,4.250105689607153e-08,9.875407960187868,,9.734391353759044,10.365328087167601,-2.6251211715041642,10.024022708967623,-0.4899201269797331,-0.28963135520857897
30183,0.6255150526210883,30183,False,16183265280.0,3.21197509765625,82966080.0,68402.421875,41925.484375,43348.31640625,-2.1612819978145126e-07,-2.1071137723538413e-07,5.108453251523315e-07,30183,False,17335029760.0,1.8310546875,54217720.0,23608.013671875,14477.775390625,14941.50390625,-9.444411830372701e-08,-3.5097947659323836e-08,1.3925664177349972e-08,10.209066153247372,-2.2901655823146103,9.44890789892539,10.238924591570303,-2.5047833411852714,9.844872618434415,-0.02985843832293078,-0.3959647195090259
31289,0.6558750792425047,31289,False,4382561280.0,1.392364501953125,0.0,59915.58203125,34004.92578125,168428.65625,-2.2176512004534743e-07,-6.416738074221939e-08,-2.687787059585389e-07,31289,False,8569907712.0,1.48773193359375,20741520.0,18592.078125,13886.84765625,55362.671875,-1.4157579641960183e-07,-1.5268193465090008e-07,-2.1577555742169352e-07,9.641727997413815,,9.426098583656596,9.932976145098817,-2.6161355654940173,9.67418911748656,-0.2912481476850015,-0.24809053382996282
31425,0.7121448930056647,31425,False,10190186496.0,1.6231536865234375,0.0,59474.44921875,33915.734375,168456.53125,8.024620967717055e-08,-4.430356739248964e-07,5.412859991338337e-07,31425,False,12161851392.0,1.2385051250457764,26575072.0,18641.2734375,13877.6201171875,55383.25,-1.6102855227018154e-07,-6.277692676803781e-08,-1.763590802283943e-07,10.008182132332484,,9.692642668629068,10.084999692381317,-2.6605252425477754,9.945652980268422,-0.07681756004883233,-0.25301031163935406
31990,0.6643157340920557,31990,False,55597031424.0,3.528594970703125,537449344.0,94089.6015625,60773.80078125,33485.5078125,6.960878806694382e-08,9.454635119254817e-08,-1.0495482882788565e-07,31990,True,102604636160.0,2.7313232421875,305022336.0,31904.404296875,21231.716796875,9852.556640625,-8.139987528466008e-08,-9.638972642278532e-08,1.2341591570930177e-07,10.745051603262015,-2.014714066131123,9.923648887080958,11.011166984686282,-2.526835341908771,10.356607334151992,-0.2661153814242674,-0.4329584470710337
32330,0.6476142037663953,32330,False,107758297088.0,3.833770751953125,3299121664.0,94087.5078125,60766.58984375,33378.87109375,1.1468038252360202e-07,-7.431135031765734e-07,-4.41919723925821e-07,32330,True,98856517632.0,1.4623006582260132,544769920.0,31736.455078125,19352.73828125,10232.23828125,-6.449059064550511e-09,2.1250492920898978e-07,1.487739620387174e-08,11.032450719582705,-1.5140523879629262,10.157011509875437,10.995005307724558,-2.2587921881492488,10.747450294498906,0.03744541185814754,-0.5904387846234691
32662,0.6240056344216605,32662,False,11205301248.0,2.483367919921875,0.0,94325.8671875,61009.61328125,33563.87890625,-9.93409798866196e-07,-2.2187566628417699e-07,-6.090223791943572e-07,32662,False,11556686848.0,1.1278789043426514,14107283.0,31962.38671875,19230.673828125,10211.4697265625,-2.1269570993354137e-07,1.1759190954307996e-07,4.1450306298429496e-08,10.049423536782317,,9.456861936857523,10.062833345341758,-2.913389966720599,9.984439634699118,-0.013409808559440961,-0.5275776978415951
32775,0.6162988703853376,32775,False,13255051264.0,6.9732666015625,0.0,78012.7265625,68635.828125,72852.5859375,3.338101919325709e-07,-3.0639253623121476e-07,-6.987517622292216e-07,32775,True,46226747392.0,3.8401286602020264,137565072.0,28208.380859375,21966.658203125,24972.716796875,-1.3904914908380306e-07,-1.4122409908168265e-08,1.3302195789322013e-08,10.122381411709192,,8.857227007539967,10.664893336669719,-2.526385156863417,9.788374673759156,-0.542511924960527,-0.9311476662191893
34442,0.6209260924046233,34442,False,27642345472.0,2.208709716796875,0.0,93247.7734375,78320.7890625,40899.33203125,4.5482579480449203e-07,-5.726259360017139e-07,4.3510056002560304e-07,34442,True,49974861824.0,1.3020833730697632,73891664.0,29077.85546875,28271.1640625,10945.521484375,7.980813876429238e-08,-1.0051289933699081e-07,1.6262704605196632e-07,10.441574890450724,,9.925366927787062,10.698751602006617,-2.8301561552627006,10.526793412173461,-0.2571767115558927,-0.6014264843863995
34839,0.6795322669738485,34839,False,12318022656.0,2.95257568359375,0.0,95485.75,73600.5078125,45838.0234375,-1.0971723440889036e-06,-9.803089540127985e-08,-1.2848758501604607e-07,34839,True,13508829184.0,2.6957194805145264,23601104.0,29892.958984375,28057.869140625,15978.83203125,8.877964319253806e-08,-9.416462631861577e-08,-8.496630954368811e-08,10.090540998533804,,9.385239440436958,10.130617710164701,-2.7576853915211252,9.48460566457332,-0.04007671163089732,-0.09936622413636087
35091,0.6243112071871334,35091,False,4206868224.0,1.0776519775390625,0.0,75001.2109375,79068.1796875,84629.6171875,2.20624073676845e-07,-5.664450668518839e-07,-3.9280135410990624e-07,35091,True,16573693952.0,1.1647542715072632,23410464.0,24819.5546875,28245.7421875,28742.908203125,-5.784773904338181e-08,-1.4202936426954693e-07,4.285676880044775e-08,9.623958908383536,,9.575241113077842,10.219419314947842,-2.8500092933638794,10.120067847228649,-0.5954604065643068,-0.5448267341508064
37835,0.6607338881507444,37835,False,19365259264.0,1.57928466796875,0.0,96149.546875,125944.9765625,173799.59375,3.316174286283058e-07,-7.709439842074062e-08,-6.852052365502459e-07,37835,False,23152416768.0,0.766754150390625,79000784.0,31316.59765625,40413.53515625,59273.94140625,6.125520712885191e-08,-7.511832222917292e-08,8.885015745363489e-08,10.28702331573836,,9.989332686984502,10.36459633160554,-2.466964930376056,10.537612128402298,-0.07757301586718057,-0.5482794414177956
38264,0.6240760107068086,38264,False,11888550912.0,2.079010009765625,0.0,101342.28125,131600.828125,21672.916015625,-2.1845535513875802e-07,2.357370192385133e-07,4.534304594017158e-07,38264,False,12806057984.0,1.6530355215072632,0.0,33429.984375,43352.59765625,7152.77978515625,-1.1728570825653151e-07,4.876089931826755e-08,-6.727414358920214e-08,10.075128921963097,,9.598344051475626,10.107415463915935,,9.779992184803008,-0.03228654195283731,-0.18164813332738206
38324,0.6930907738966435,38324,False,28267030528.0,2.330780029296875,0.0,101628.34375,131589.078125,21573.755859375,1.5346320481057774e-07,3.133093571250356e-07,-9.162084779745783e-08,38324,False,41619689472.0,0.888824462890625,184233488.0,32181.205078125,44139.5546875,7263.74951171875,1.6218658061006863e-07,5.480477582864296e-08,-4.3378722835996086e-08,10.451280187936304,,9.900028255499963,10.619298835580077,-2.3539302611213393,10.696074836968542,-0.16801864764377328,-0.7960465814685787
38569,0.601280521128829,38569,False,30726731776.0,6.75201416015625,0.0,90383.1875,148427.5,64673.02734375,-3.900130707279459e-07,3.1529322086498723e-07,5.385669865631826e-08,38569,True,23269543936.0,2.8279623985290527,87541416.0,30309.875,49383.49609375,20514.423828125,-3.0348734636476138e-09,-3.1719981308242495e-08,7.351555098011886e-08,10.487516369331182,,9.243366352715963,10.366787871554047,-2.424574304419597,9.689577425581698,0.12072849777713479,-0.4462110728657347
38928,0.7001674284509436,38928,False,3626105600.0,0.99945068359375,0.0,56056.92578125,146968.1875,111972.6640625,-2.963594454286067e-07,6.900063453940675e-07,1.482257658835806e-07,38928,False,63717949440.0,2.960205078125,112400736.0,17580.314453125,49500.09765625,33906.53515625,1.376122185092754e-07,1.9934310557800927e-07,2.1143719663996308e-07,9.559440447533756,,9.55979839348163,10.804261790964274,-2.7534926359617278,10.097279092004483,-1.2448213434305178,-0.5374806985228524
39339,0.6533108203535366,39339,False,44040347648.0,1.8138885498046875,116823560.0,59587.7734375,141894.359375,117356.625,-1.1043451877412735e-06,6.200117041998965e-08,1.1189896440555458e-06,39339,True,49818689536.0,0.6300608515739441,55361556.0,23631.51171875,46837.51953125,38272.8671875,-2.0634864483781712e-07,-4.312964207997538e-08,-3.907558365767727e-08,10.643850738569745,-2.576320302076118,10.255934839587088,10.697392299379347,-2.9541840114148,10.998318555611956,-0.05354156080960237,-0.7423837160248681
39462,0.6747854291495544,39462,True,50833805312.0,5.56182861328125,331864320.0,64802.3359375,144053.328125,117473.1171875,-8.361740242435189e-07,-2.219309322981644e-07,1.922997796555137e-07,39462,True,49818689536.0,4.231770992279053,229681824.0,24656.59375,49012.21875,37992.95703125,-1.250194117119463e-07,-4.5845755636264585e-08,6.01733489702383e-08,10.706152621293219,-2.1851920590324956,9.588326218247778,10.697392299379347,-2.3362656709619984,9.75760906349009,0.008760321913872104,-0.16928284524231252
40638,0.6469504784134035,40638,True,130715492352.0,6.3934326171875,877244288.0,82984.078125,152594.71875,29236.95703125,1.6879677389169956e-07,-2.0925396881921188e-07,-1.1614655903713356e-07,40638,True,65201577984.0,4.5420331954956055,348335520.0,27036.27734375,52210.984375,10496.2392578125,2.4868644032949305e-08,-8.93948737257233e-08,-1.8431585147027363e-08,11.11632706305304,-2.1732065139776866,9.907725924539145,10.81425810649037,-2.2722603444827105,9.828382650578968,0.3020689565626711,0.07934327396017693
41035,0.7115193264449186,41035,False,3992132352.0,0.9822845458984375,0.0,56112.265625,147069.65625,111996.0,4.567780251818476e-07,1.3074885885089316e-07,7.591983148813597e-07,41035,False,12688929792.0,1.4775594472885132,20207730.0,17504.654296875,49376.51171875,33838.5546875,3.620511392909975e-07,2.0350748641817518e-08,8.824795116879613e-08,9.601204931109933,,9.61284896397161,10.103424994432864,-2.797907463888545,9.84910754983897,-0.5022200633229303,-0.23625858586736115
41178,0.6081134177336593,41178,False,25221687296.0,2.231597900390625,0.0,56815.01171875,153193.078125,126678.484375,1.1424696140238666e-06,-9.437080734642223e-07,2.048912392638158e-06,41178,True,25260730368.0,1.094818115234375,11571785.0,21612.44921875,51928.9921875,40633.88671875,-1.181344586598243e-07,-9.599036587815135e-08,1.798909323724729e-07,10.401774136909168,,9.878850220713389,10.402445903234614,-3.339045547233871,10.343432941061119,-0.0006717663254462991,-0.46458272034772996
41356,0.6635748267856949,41356,False,15382886400.0,1.41143798828125,0.0,56578.62109375,153269.46875,126585.4921875,-2.726397951846593e-07,-5.750599711973337e-07,4.3675450456248655e-07,41356,False,23816144896.0,0.965118408203125,19292664.0,20536.087890625,52157.33203125,41341.0078125,-9.542706891352282e-08,5.920683321392062e-08,4.7078650311505044e-08,10.187037832863279,,9.962545129690279,10.376871463868339,-3.0914792631494157,10.400000565032103,-0.1898336310050599,-0.43745543534182474
42536,0.6195340219782417,42536,True,13762608128.0,1.811981201171875,44304496.0,89394.3203125,185204.28125,51491.40234375,-1.7631079174407205e-07,-2.1983515452461688e-08,1.9243941551394528e-07,42536,True,13860215808.0,1.0083516836166382,32446752.0,31098.00390625,61956.17578125,16183.09375,-7.39362491231077e-08,-1.2648213143506837e-08,4.85035478448026e-08,10.138700744093107,-2.492252943628199,9.7514702125833,10.141769992432634,-2.6305987630705623,10.136351950791646,-0.003069248339526709,-0.38488173820834604
43678,0.6210874896163027,43678,False,18447751168.0,2.040863037109375,0.0,62170.8359375,183086.34375,137713.453125,-6.108331263021682e-08,-1.0268020389503363e-07,9.804748657415985e-08,43678,False,24909344768.0,0.8303324580192566,11476466.0,20614.578125,60912.22265625,45084.8515625,-1.255421437917903e-07,-1.773593254483785e-07,3.0795145988804506e-08,10.265943432020586,,9.801222641916235,10.396362303715366,-3.336554129327909,10.517484281222028,-0.13041887169477917,-0.7162616393057935
44523,0.6064688200675034,44523,False,94327545856.0,4.425048828125,752795136.0,70512.2890625,188257.5,183038.640625,-2.698075434182101e-07,1.979778545546651e-07,-4.472328498650313e-07,44523,True,74337607680.0,1.3936361074447632,240662624.0,24353.1328125,61207.640625,63203.58984375,-2.6218321735882455e-08,9.444996607044231e-08,-7.29253102349503e-08,10.974638535434568,-2.097961731092925,10.005761434521684,10.871208580594887,-2.4897999329910525,10.654984495804937,0.10342995483968132,-0.6492230612832532
44663,0.620560470015476,44663,True,30141087744.0,6.23321533203125,128719432.0,98503.640625,11805.9365234375,7229.14794921875,-1.850121549296091e-07,-7.851610206444093e-08,-2.7107757816224876e-08,44663,True,26197760000.0,4.6793622970581055,75721800.0,33768.81640625,4225.8056640625,2672.393310546875,-4.554099675146972e-08,-1.2052306708199012e-08,-2.125063147673245e-08,10.479158921259724,-2.3695148065749825,9.287090725892622,10.418264159211805,-2.5390432300851815,9.412984151952966,0.060894762047919215,-0.12589342606034393
45660,0.7019198732441669,45660,False,10190186496.0,3.055572509765625,0.0,137187.015625,198697.75,118448.078125,-1.0849465326145946e-07,4.308331540414656e-07,1.0347542911404162e-07,45660,False,18740572160.0,2.9296875,65961080.0,46160.24609375,66592.0390625,38802.34375,-2.830038070555929e-08,3.322611874523318e-08,1.7682202724245144e-07,10.008182132332484,,9.280543241133621,10.272782846004135,-2.453495088143228,9.572550898884359,-0.2646007136716513,-0.29200765775073734
45950,0.6151807209059917,45950,False,26197760000.0,4.3182373046875,217480928.0,117843.8359375,6677.4287109375,137355.046875,4.985358827980235e-07,4.188171374153171e-07,-4.946777494296839e-07,45950,True,16534650880.0,1.4470418691635132,52006308.0,39450.109375,4695.9052734375,47610.94140625,1.1575703062760567e-08,-9.989425109324657e-08,-1.022449396259617e-07,10.418264159211805,-2.0808429817258913,9.46530440186092,10.218395029458962,-2.5023390057579653,9.977673383488483,0.19986912975284277,-0.5123689816275636
46250,0.7137258656902371,46250,False,10404922368.0,6.44683837890625,0.0,122166.5234375,2955.01171875,154239.359375,-6.636901872525414e-08,-7.98861435669096e-07,2.9870182061131345e-07,46250,True,42869059584.0,6.2357587814331055,345285280.0,41184.33984375,2148.79833984375,51553.83203125,3.944433046854101e-08,-4.092169803016077e-08,1.8662952072645567e-08,10.017238844252116,,8.803218670259097,10.632143956523015,-2.0939658923671285,9.439809996054752,-0.6149051122708986,-0.6365913257956546
48750,0.6918444995272178,48750,False,29516402688.0,1.8863677978515625,165627136.0,93298.0703125,62714.07421875,36908.41796875,-2.2099672492004174e-07,-1.267651441594353e-07,-4.822288133254915e-07,48750,True,31390459904.0,0.995635986328125,124449120.0,34887.8125,21743.03515625,10112.248046875,-1.5842820744182973e-07,-5.407844128058059e-08,1.5588163648772024e-07,10.470063426729945,-2.2509319345613243,10.05662386575764,10.496797678627924,-2.4018058486394827,10.499646800547996,-0.026734251897979178,-0.44302293479035626
48958,0.6722382549742901,48958,False,24089444352.0,1.1997222900390625,52158820.0,98269.6171875,65742.34375,39503.6640625,-6.293270189416944e-07,4.2858135884671356e-07,1.2817481298554867e-08,48958,False,33069301760.0,0.49591064453125,41025504.0,34692.015625,20867.26171875,13600.1416015625,6.27031084832197e-08,-5.6091405298275276e-08,-3.2274033401336055e-07,10.38182678266155,-2.6644990249623306,10.263205690917111,10.519425025122944,-2.90637110003951,10.97631987959018,-0.13759824246139374,-0.7131141886730692
49186,0.6339485458575399,49186,False,11712858112.0,1.5087127685546875,0.0,94092.28125,61031.51953125,33511.51953125,-1.5015656344985473e-06,-2.0266135436486366e-07,-2.721597525123798e-07,49186,False,12357064704.0,0.9371439814567566,4775506.0,32694.14453125,19238.16015625,9897.2392578125,-9.541241041688409e-08,1.1464986471310112e-07,6.964621945826366e-08,10.06866288233237,,9.80075303350932,10.091915320732614,-3.4128959256787734,10.134205840139927,-0.02325243840024349,-0.33345280663060706
49188,0.6378597937533205,49188,False,17061730304.0,1.6460418701171875,0.0,94220.4609375,60926.6015625,33684.52734375,2.6543054332250904e-07,4.989655053577735e-07,1.038191271618416e-06,49188,True,19013873664.0,0.453948974609375,37479620.0,32423.130859375,21530.064453125,11729.0478515625,-1.386933945468627e-07,-4.514310703029878e-08,1.6247115652845423e-08,10.232023072750229,,9.90736175560088,10.2790706039523,-2.7052754249580038,10.793560044790995,-0.047047531202071724,-0.8861982891901157
49412,0.7398155574074718,49412,False,2825726976.0,0.6542205810546875,0.0,124442.734375,65704.203125,57887.34375,-6.006284252180194e-07,-3.012745253272442e-07,7.340361918295457e-08,49412,False,12532758528.0,0.9396871328353882,0.0,42715.1953125,23233.193359375,18654.8046875,-1.1603345484445526e-07,-1.563556395467458e-08,1.1784222664346089e-07,9.45113019765948,,9.72754389401879,10.09804667208228,,10.138571751949595,-0.6469164744227989,-0.41102785793080443
49562,0.6331006356274026,49562,False,38066790400.0,3.597259521484375,109045488.0,121986.265625,66920.75,57442.40625,-1.4602723297230114e-07,-1.5134177999698295e-07,-1.8230947773645312e-07,49562,True,23308587008.0,2.685546875,40872996.0,45106.125,23838.5,20073.08984375,-2.0559876645620534e-07,-2.0434460790141884e-09,-1.6181617823463057e-08,10.580546260835085,-2.542938560450324,9.746588604656585,10.367515946912752,-2.756079474149055,9.723966841127076,0.2130303139223333,0.022621763529508954
49780,0.6319006491999953,49780,True,42322460672.0,5.66864013671875,187588736.0,115216.046875,67408.625,94735.3515625,-3.87591114758834e-07,-5.573633643507492e-08,5.075971998280693e-08,49780,True,42556719104.0,2.9958090782165527,81593480.0,40618.40625,22855.869140625,31319.73046875,-1.1532014809745306e-07,-2.234903107023456e-08,1.331997445674915e-08,10.626570910095285,-2.3533641530240477,9.496352578885944,10.628968138789995,-2.717312682403207,9.914196940061474,-0.0023972286947095967,-0.4178443611755309
50269,0.7151884979919824,50269,True,18662488064.0,1.834869384765625,106147776.0,113898.546875,69379.3125,129757.0,-9.775598641681427e-08,6.873353441960717e-08,-8.293648079416016e-08,50269,True,19697123328.0,1.1355082988739014,72290296.0,38596.44140625,22736.44921875,43723.6171875,-3.941349291380902e-08,2.327131909396485e-08,-2.544568289408744e-08,10.270969542970692,-2.245058643677776,9.875561811337437,10.294402804131122,-2.4353228011174024,10.211617335211665,-0.023433261160430874,-0.33605552387422755
50829,0.6986479913505268,50829,False,10073058304.0,4.79888916015625,85711280.0,119958.0546875,92357.1171875,26654.78125,-2.651381123541796e-07,3.4726983955124524e-08,1.1751181716590509e-07,50829,True,10209708032.0,4.0435791015625,60851956.0,43264.33984375,30019.33203125,7419.890625,-1.4386073132754973e-07,4.286506438688775e-08,5.758237264785748e-08,10.003161347703685,-2.0701233668611567,8.981450268967302,10.009013322703527,-2.2247387801316303,9.098864407733865,-0.005851974999842469,-0.11741413876656281
51234,0.6040470808596735,51234,False,60594520064.0,2.73895263671875,341625024.0,103674.5546875,71278.90625,51845.890625,2.5757128696568543e-07,-1.1005464983782076e-07,-4.88309808588383e-07,51234,True,47007604736.0,0.8341471552848816,136192480.0,35694.48046875,25274.88671875,17605.111328125,-1.1045963788092195e-07,-3.840615647732193e-08,2.8911870231240755e-08,10.782433350014841,-2.248883674803866,10.126056566578884,10.672168122355231,-2.5380149941078853,10.790304112782298,0.11026522765961033,-0.6642475462034145
51474,0.6135802877116582,51474,False,220826419200.0,11.138916015625,5329350144.0,124394.0703125,65648.7265625,57820.58984375,3.3851938496809453e-07,-8.527644013156532e-07,-2.5007045678648865e-07,51474,True,118377955328.0,2.29644775390625,1281093888.0,44888.0234375,24442.794921875,20054.056640625,-1.3925506436862634e-07,-1.0505094394375192e-07,-4.2672745337313245e-08,11.344051030227467,-1.617376775437574,9.773786635982333,11.07327083439039,-1.9656898751795584,10.531685980431146,0.2707801958370766,-0.7578993444488127
52285,0.6558991111128528,52285,False,16476087296.0,2.09808349609375,0.0,136989.015625,101725.71875,137919.78125,-3.8542147251519054e-09,6.567890977748903e-07,1.067034077095741e-06,52285,False,22879115264.0,1.64794921875,24592426.0,45549.19140625,32172.595703125,45040.3671875,-8.787753813521704e-08,8.801470130492817e-08,1.5720647184025438e-07,10.216854084332612,,9.734119933018738,10.359439226266447,-2.968637853020062,10.034023488971572,-0.14258514193383576,-0.29990355595283447
52429,0.6169129369290133,52429,True,45914402816.0,4.8370361328125,122466472.0,118535.25,94445.328125,164675.0,-1.0550053275437676e-07,1.2292427697957464e-07,-2.710701494379464e-07,52429,True,44040347648.0,2.3244223594665527,47964764.0,40190.58984375,30940.10546875,56409.02734375,-3.1605534189793616e-08,1.9359944758434722e-08,-7.078354968825806e-08,10.661948940054463,-2.573931733136887,9.635079942663385,10.643850738569745,-2.9629284266083236,10.094378171933943,0.018098201484718857,-0.4592982292705585
53300,0.6259020252382109,53300,True,17471680512.0,2.071380615234375,28214566.0,111657.8203125,114647.765625,54203.12890625,-5.53106573875084e-08,-3.078181620708165e-08,-1.616671418958049e-08,53300,True,18447751168.0,1.068115234375,12544044.0,37483.48828125,38282.54296875,18075.642578125,-8.565085529710359e-09,3.767465006632165e-09,1.1194257965030374e-08,10.242334679567223,-2.791861305282084,9.767944818111445,10.265943432020586,-3.1675058633285254,10.22301626793475,-0.023608752453363024,-0.45507144982330416
53398,0.6135585099956606,53398,True,69496291328.0,5.82122802734375,307767552.0,124579.1640625,121505.6640625,100131.765625,-1.2754723854868644e-07,1.7988089950904396e-07,4.262161823476163e-08,53398,True,39003815936.0,2.7211508750915527,171422560.0,42006.01171875,39649.0625,33188.63671875,-7.494215914505276e-09,4.510652118483449e-08,1.5160892985477403e-08,10.841961629068383,-2.353738798921146,9.69443971156758,10.591107098279767,-2.3570391217732576,9.938978165211466,0.2508545307886152,-0.2445384536438855
53810,0.646345198594246,53810,False,79335088128.0,3.8909912109375,564901376.0,136458.828125,110895.046875,137712.671875,8.728898848175959e-08,1.4687361726828385e-07,2.2485487249923608e-07,53810,True,86050463744.0,1.9098918437957764,224496448.0,45632.5234375,37248.8359375,44411.796875,-3.676737136970587e-08,-4.539210340936961e-09,6.799120910727652e-08,10.89946530850339,-2.1474926759011055,10.014374933788005,10.93475321517395,-2.5835437412208155,10.513240054071451,-0.03528790667056114,-0.49886512028344576
54269,0.6296119988355976,54269,False,12630365184.0,1.4858245849609375,24935576.0,116306.015625,126139.90625,149843.84375,-7.366346608250751e-07,6.961561780371994e-07,-2.0384781862503587e-07,54269,False,13313614848.0,0.6586710810661316,7282408.5,39641.41796875,41156.703125,50280.05078125,4.2142996647953623e-08,-3.587236463431509e-08,1.7790331696687645e-07,10.101415907570633,-2.7045965029034655,9.843464597485251,10.124295989012847,-3.2620209523825183,10.396293094751835,-0.02288008144221365,-0.5528284972665833
55787,0.6191937396743034,55787,True,16866515968.0,3.086090087890625,35458848.0,97123.1015625,126490.75,107022.3046875,-1.1573401081932388e-07,1.1407130351415162e-08,3.0258490824053297e-07,55787,True,17081250816.0,2.3091635704040527,21809098.0,33071.90234375,42151.015625,34029.9140625,-3.28931406556876e-08,6.296124177573859e-10,7.78613866714295e-08,10.22702538181035,-2.677300759833949,9.492912482319433,10.232519669783713,-2.893881965769588,9.687337623672674,-0.005494287973363043,-0.19442514135324096
56230,0.6390757830224267,56230,False,24831258624.0,2.2735595703125,0.0,138380.40625,146781.953125,145114.640625,5.746068723055942e-07,1.8420325886836508e-06,-4.0000568901632505e-07,56230,False,28618416128.0,1.4470418691635132,17557848.0,45662.0703125,48838.28515625,47973.34375,1.870500341283332e-07,1.5144915721521102e-07,-2.2428500301430176e-07,10.394998733231755,,9.859939226548892,10.456645594276864,-3.212174309301201,10.215923948306383,-0.061646861045108636,-0.3559847217574905
59531,0.7344147424352562,59531,True,36778373120.0,1.8405914306640625,190638960.0,106686.5390625,203.14324951171875,90810.34375,2.4998848857649136e-07,-9.218887697670652e-08,-2.721692169416201e-07,59531,True,38691475456.0,0.7387797236442566,145800688.0,35277.9609375,173.09979248046875,31308.509765625,-1.0662458471699665e-08,9.028744862860094e-09,-3.140976545523699e-08,10.565592514444381,-2.285380854322794,10.168156420852156,10.587615291369763,-2.4238557180469393,10.784842840271844,-0.02202277692538246,-0.6166864194196879
61127,0.6699223508183056,61127,True,43493744640.0,1.3828277587890625,127041808.0,179243.21875,16109.208984375,31227.166015625,1.8587799388569692e-07,-1.5333540659412392e-07,6.926382667415965e-08,61127,True,48725487616.0,0.598907470703125,67257424.0,58737.6171875,6203.60302734375,9988.5625,4.790082996919409e-08,-3.989198305021091e-08,2.361047179988418e-08,10.63842680031833,-2.534480134513993,10.427274666885303,10.687756193974954,-2.860015964419015,11.021716598288595,-0.04932939365662392,-0.594441931403292
61324,0.6857308731377393,61324,False,10346357760.0,1.6269683837890625,0.0,150536.21875,5761.95263671875,57530.19140625,4.2182534798484994e-07,2.946842982964881e-07,-5.036272341385484e-07,61324,False,22488686592.0,0.5620321035385132,42474360.0,50436.3046875,2074.10693359375,18573.349609375,9.012484980530644e-08,-9.694164049278697e-08,-1.5938798014758504e-07,10.01478749152015,,9.697718821192328,10.35196409205176,-2.723837248373242,10.727322406977295,-0.33717660053161147,-1.029603585784967
64105,0.7043249407385668,64105,False,23542845440.0,2.0599365234375,84948720.0,196393.125,34437.7890625,152009.28125,-5.960883981970255e-07,-1.1246152809007981e-07,-3.160508299515641e-07,64105,True,27017658368.0,1.132965087890625,64283460.0,64330.734375,12498.076171875,49838.04296875,4.7023821281300116e-08,-8.372852278171194e-08,4.75348400641451e-08,10.37185895146448,-2.4427021121219816,9.90107819465752,10.431647705828683,-2.623548461594453,10.350322914780355,-0.05978875436420239,-0.44924472012283445
64391,0.6151488291360955,64391,False,90423263232.0,3.9520263671875,2171759104.0,176225.078125,21672.59765625,178504.578125,4.921076310893113e-07,-1.271433660576804e-07,-9.760658059576599e-08,64391,True,89173893120.0,2.3651123046875,367246912.0,57752.13671875,8506.6767578125,61166.19921875,7.042451954930584e-08,-7.330768170277224e-08,-6.25763121320233e-08,10.956280175979387,-1.6194685252309116,10.061050425793058,10.950237727319507,-2.3852795746121447,10.389460075999619,0.0060424486598797955,-0.3284096502065612
65193,0.6515945956376892,65193,False,3860362752.0,8.4686279296875,0.0,165766.53125,61307.17578125,42224.3671875,-1.8091779452333867e-07,-2.5992102337113465e-07,3.958166132633778e-07,65193,False,15011979264.0,2.0319621562957764,993705.625,56709.10546875,21346.197265625,14065.73046875,8.981303523114548e-08,-3.538183079854207e-07,-2.131626608559145e-08,9.586628116534378,,8.194908537785912,10.17643795585185,-4.179180207644359,9.714564532913087,-0.5898098393174713,-1.5196559951271755
65590,0.6033561670766467,65590,False,17491202048.0,1.7032623291015625,18091638.0,154014.890625,63698.65234375,113678.0859375,-4.2419603119014937e-07,-2.935800011982792e-07,-5.984057338537241e-08,65590,False,17744979968.0,1.0007222890853882,5480870.0,53200.30859375,21516.044921875,34753.03125,-1.3540866916628147e-07,-2.0429720137826735e-08,1.2241667946000234e-07,10.242819656526978,-2.985341767270437,9.895897344617623,10.249075513416383,-3.5102260121929705,10.248605154017486,-0.006255856889405109,-0.35270780939986324
66394,0.6451765239791749,66394,False,28345116672.0,3.101348876953125,0.0,183180.75,49755.171875,156319.671875,2.0842614389948722e-07,-2.992186978190148e-07,-2.9708004944950517e-08,66394,False,34748145664.0,2.3320517539978027,32828030.0,59724.203125,17043.43359375,51726.5546875,-3.4298639484120486e-09,-3.1051732207743044e-07,-1.2736863652662578e-07,10.452478248940379,,9.715152313476768,10.540931633404401,-3.024686811771612,9.98932435701005,-0.08845338446402273,-0.27417204353328195
66449,0.6597457439161772,66449,False,23894231040.0,1.89971923828125,0.0,182599.828125,49889.69140625,156691.140625,3.367937040366087e-07,-2.6365182748122606e-07,2.683173647710646e-07,66449,False,30921945088.0,0.5327860713005066,36297660.0,59833.06640625,16872.162109375,51736.578125,-3.034345041896813e-08,2.3579444530241744e-07,1.825464437388291e-07,10.378293058691993,,9.960258927479908,10.490266804599981,-2.930388176308888,10.900437510864501,-0.11197374590798859,-0.9401785833845935
66897,0.6679699000879449,66897,True,35919429632.0,6.46209716796875,277570336.0,691.4226684570312,78169.234375,2336.649658203125,6.020293596975534e-08,-1.3868503856429015e-07,-9.422652169632784e-08,66897,True,32093231104.0,4.241943359375,31127.767578125,66560.0625,26774.107421875,1282.350341796875,1.7463413826135366e-08,-3.52054598806717e-08,-2.4644428719966527e-08,10.555329431847111,-2.1119563807267094,9.339769205782572,10.506413443489913,-6.01326546843114,9.565066145548347,0.048915988357197904,-0.2252969397657747
69297,0.605413483466434,69297,False,102760808448.0,3.406524658203125,491085984.0,141370.421875,122180.9296875,153321.09375,-1.3424825340280222e-07,1.1114231313058553e-07,-1.7676489960649633e-07,69297,True,98075664384.0,0.8214315176010132,259879040.0,50371.9921875,39274.59765625,50176.296875,-1.1212916462000067e-07,2.0837561010011996e-08,4.921608720565018e-08,11.011827512323816,-2.320669973138908,10.21336020691849,10.991561258808485,-2.5767900050074135,11.119704215309604,0.020266253515330845,-0.9063440083911143
70751,0.6071907853023358,70751,False,7115561472.0,1.308441162109375,0.0,159074.3125,146516.9375,77523.046875,-1.2833256732847076e-06,1.0275977047058404e-06,-2.7283968506708334e-07,70751,True,18935787520.0,0.9485880732536316,26346304.0,53676.56640625,47304.3828125,26253.392578125,-5.2330417332768775e-08,1.066300825414146e-07,4.210562210005264e-08,9.852209174915105,,9.67707787777844,10.277283371694937,-2.856563673018838,10.311666881848446,-0.42507419677983194,-0.6345890040700048
71883,0.6492821745148009,71883,False,28345116672.0,2.81524658203125,0.0,9836.259765625,167774.40625,187386.125,1.296026994168642e-06,2.0629586927611854e-08,-1.519922676607166e-07,71883,False,32249401344.0,1.7369588613510132,75950560.0,935.7210693359375,56028.51953125,65302.32421875,-1.0073345180217075e-07,6.255364581875256e-08,-3.2762523005658295e-07,10.452478248940379,,9.778203589133307,10.508521657098093,-2.6279906767397976,10.148837358183767,-0.05604340815771458,-0.3706337690504604
72033,0.6611736134081211,72033,False,41697775616.0,1.6078948974609375,127956872.0,10040.1953125,167953.28125,187012.78125,5.853038942404964e-07,-6.50949743885576e-07,-4.635084565052239e-07,72033,False,46695260160.0,0.8290609121322632,74959240.0,910.3690795898438,55569.546875,65723.1953125,3.1319217441705405e-07,5.322054974499224e-08,-3.2452356890644296e-07,10.620112887984233,-2.5130492730909477,10.310726402470582,10.66927279939207,-2.7944476247337935,10.791393139577934,-0.0491599114078376,-0.4806667371073523
72262,0.6794855734606449,72262,False,23425716224.0,2.132415771484375,78695768.0,173330.625,158975.9375,54193.27734375,-4.0822939695317473e-07,-2.324393904018507e-07,2.765340809673944e-07,72262,True,26510102528.0,1.2308757305145264,58716800.0,59694.33203125,53205.82421875,16747.087890625,-1.0088261603868887e-07,-8.52471426782131e-09,6.080333037061791e-08,10.369692877996352,-2.473741499940535,9.876385049094209,10.423411407373173,-2.654649028384286,10.288090094356509,-0.05371852937682142,-0.4117050452623001
72514,0.7358321961981545,72514,False,1544633088.0,0.5617141723632812,0.0,150410.390625,154946.671875,39109.125,-2.2829955526049162e-07,5.054193934483919e-07,-6.518280315503944e-08,72514,False,2393815296.0,0.6046295166015625,0.0,50362.703125,51807.21875,12143.4990234375,-6.728998158678223e-08,4.738233627676891e-08,-7.44101456007229e-08,9.18882533374067,,9.564552261479454,9.379090637706737,,9.706856620803574,-0.19026530396606667,-0.14230435932412
73351,0.6182077740095974,73351,False,24245616640.0,1.983642578125,119416248.0,157863.28125,161402.234375,141295.21875,3.0299368347641575e-08,-7.28239228919847e-08,2.886855732242566e-08,73351,True,23620929536.0,0.96893310546875,71222720.0,53131.09765625,54116.40234375,45068.640625,-2.425257150662219e-08,-1.280577510698322e-08,1.3307267465734185e-07,10.384633234025632,-2.3075698122853336,9.938438101500925,10.373296984065487,-2.520678428677913,10.393856292063072,0.01133624996014504,-0.4554181905621473
73661,0.6716468067631327,73661,False,29399273472.0,2.506256103515625,90896656.0,192228.96875,167967.859375,146346.0,1.831454454759296e-07,2.014398887695279e-07,-7.430519843865113e-08,73661,True,34045374464.0,1.6072591543197632,45143308.0,62239.0390625,54938.16796875,47925.7890625,5.1374755116739834e-08,7.38935810318253e-08,4.0064229267500195e-08,10.468336598065218,-2.5097886918230206,9.869798426653038,10.532058115331942,-2.8774647353020337,10.222929253313719,-0.0637215172667247,-0.3531308266606814
74170,0.6329071544436423,74170,False,41307344896.0,2.87628173828125,0.0,9845.13671875,167851.9375,187104.84375,5.478972866512777e-07,-5.240128757577622e-07,-1.3732218349105096e-06,74170,False,59891748864.0,1.5665690898895264,86473832.0,639.3871459960938,55697.79296875,65306.15234375,2.501651863440202e-07,2.6491659355087904e-07,1.1808421618297871e-07,10.616027280813576,,9.927780144936406,10.777366994849036,-2.840482290128299,10.484942665065436,-0.16133971403546,-0.5571625201290296
74285,0.6951509463023098,74285,False,4158064640.0,0.75531005859375,0.0,9891.189453125,167817.9375,187292.015625,1.3854549933967064e-06,-3.1449584980691725e-07,-5.913650511502055e-07,74285,False,36309860352.0,6.2357587814331055,112858264.0,690.6978149414062,55859.4765625,65385.1171875,6.115691775221421e-08,-3.095011607001652e-07,-2.5788838797780045e-07,9.618891236456996,,9.80170333399219,10.560024578616213,-2.507491213003111,9.367690618147948,-0.9411333421592172,0.4340127158442417
75441,0.6283978052976779,75441,False,54738087936.0,1.6937255859375,138480144.0,188982.78125,198250.796875,119351.6875,-2.6272692821294186e-07,-5.818062618345721e-07,9.682496937557517e-08,75441,True,23777101824.0,0.8176168203353882,30494.787109375,62903.8828125,66117.2109375,37618.1796875,6.58118395335805e-08,1.9854326183121884e-08,1.3377716356899327e-07,10.738289622936227,-2.5969021164630766,10.395025050691789,10.376158917627079,-5.891933311825355,10.507334191587463,0.3621307053091485,-0.11230914089567356
75687,0.664511922614747,75687,False,17139815424.0,2.193450927734375,49032340.0,187425.96875,191292.984375,140202.390625,7.121383305275231e-08,-8.607737811416882e-08,-1.3380636687543301e-07,75687,True,19209086976.0,1.1723836660385132,26079410.0,61491.75390625,64586.6015625,47370.09375,5.9443255651103755e-08,-3.863803499370988e-08,-3.911498325237517e-08,10.234006140762798,-2.543523520923967,9.722314256655844,10.283506722971616,-2.8672089609363773,10.179902084318382,-0.049500582208818145,-0.4575878276625378
75729,0.6087235204754728,75729,False,8999378944.0,1.491546630859375,0.0,162008.09375,178709.59375,142025.34375,6.830236998212058e-07,-3.061018389871606e-07,3.8959743164923566e-07,75729,False,11380994048.0,1.1088054180145264,3126479.0,52821.609375,60107.55859375,47360.296875,1.6224177556978248e-07,8.644084914521954e-08,4.3924174519816006e-08,9.954212539383725,,9.693757286217418,10.056180196216102,-3.5611246802679424,9.988897187132602,-0.10196765683237707,-0.29513990091518494
75753,0.6016829810267675,75753,False,43025231872.0,2.521514892578125,123229024.0,159229.265625,1212.2667236328125,134474.265625,-1.3412169153070863e-07,-3.659192202576378e-07,2.2277292544004013e-07,75753,True,39081902080.0,0.972747802734375,33857480.0,53068.91796875,66127.3359375,44341.4609375,1.645875080669157e-08,6.687915998782046e-08,1.4516891688742817e-08,10.63372321950997,-2.5430102107196357,10.031230913209003,10.591975692271555,-3.0623210616770824,10.609975304548115,0.041747527238413795,-0.5787443913391126
77613,0.616261287245523,77613,True,15051022336.0,1.4286041259765625,21542204.0,15094.462890625,15661.9609375,42075.6796875,4.11483682682956e-07,-5.752820442239681e-08,-3.606637903885712e-07,77613,True,14406815744.0,0.8036295771598816,5414146.5,2697.7578125,5608.65283203125,15748.908203125,1.226082844141274e-07,-2.2350352679723073e-08,-6.960243581488612e-08,10.177566000249065,-2.8442758660006,9.94519815012333,10.158568001797592,-3.4250379987412365,10.300984133275342,0.018997998451473208,-0.35578598315201226
80788,0.6622087069885517,80788,False,4192227072.0,0.8306503295898438,0.0,27096.798828125,18562.38671875,13718.3701171875,-1.1024228996348029e-07,-1.8289983927388676e-06,-4.165461291449901e-07,80788,False,6910586368.0,0.8341471552848816,2290050.5,6940.7568359375,8128.052734375,4791.52392578125,4.694345534517197e-08,-1.7581031741542574e-08,-4.0031743253621244e-08,9.622444798175522,,9.743317435583462,9.839514899122761,-3.4796698396520815,9.95765088954983,-0.21707010094723955,-0.21433345396636838
80976,0.6033654774044561,80976,False,4977964544.0,0.8392333984375,0.0,27234.078125,18563.74609375,13799.0390625,-5.770979427666134e-08,-1.021284333546646e-06,-3.9651428096476593e-07,80976,False,8257564672.0,0.96893310546875,1216514.875,6790.06787109375,8218.3623046875,4511.451171875,3.2957015605461493e-07,-1.5119509555461264e-07,-1.6271000902179367e-07,9.697051798982098,,9.811227660676282,9.916851983705595,-3.831734560047535,9.93741129170318,-0.21980018472349627,-0.12618363102689756
81796,0.6447050287842978,81796,False,15870922752.0,1.7986297607421875,64817248.0,35738.31640625,17332.869140625,20971.38671875,-3.5044158153141325e-07,-1.8640498922195547e-07,-9.036691039909783e-07,81796,False,20146116608.0,1.3427734375,43236916.0,11287.3525390625,8127.12109375,9199.1728515625,1.3159885270397353e-07,1.0424237473216635e-07,-9.042123849667405e-08,10.200602177823004,-2.3889115899386955,9.818189515140476,10.304191343367666,-2.6683366343109105,10.112187231077963,-0.10358916554466191,-0.29399771593748625
83271,0.684790105962043,83271,True,29321187328.0,2.4566650390625,81288456.0,27409.208984375,26309.314453125,160727.578125,2.2031828805779696e-08,-2.7354070653018425e-07,7.272473823149994e-08,83271,True,33186430976.0,1.9098918437957764,60394424.0,9288.02734375,10279.39453125,53144.44921875,-1.3574172896824166e-08,-7.070592999980363e-08,2.216299499480101e-08,10.467181552584307,-2.5571526779800595,9.88166263447208,10.52096054886014,-2.7399637052359895,10.09944738775764,-0.053778996275832824,-0.21778475328556013
83700,0.6566717963671045,83700,False,8316129280.0,1.2969970703125,0.0,7061.39990234375,30126.998046875,187200.484375,-1.7813638919506047e-07,-6.35088213130075e-07,1.6025950344555895e-07,83700,False,13606436864.0,1.15203857421875,2178050.25,1415.68798828125,12497.607421875,62872.28515625,-7.842903926302824e-08,-1.7034405175309075e-07,-4.848340751095748e-08,9.919921232120977,,9.750512739485085,10.133744410809372,-3.7956765156256256,10.041543879301138,-0.2138231786883953,-0.29103113981605233
83855,0.6538871999543966,83855,False,17393594368.0,2.750396728515625,46592164.0,21639.91015625,15907.884765625,183469.890625,-4.882315352006117e-07,-1.0013952760346e-06,6.560923537790586e-08,83855,True,19658080256.0,1.7903646230697632,31531684.0,6434.30029296875,8504.412109375,61345.48046875,5.511484602038763e-08,-1.0585566201370966e-07,-7.761342146750394e-08,10.240389337775355,-2.572076455800338,9.581296323623704,10.293541103784294,-2.7947939382258076,9.914128872123651,-0.05315176600893956,-0.3328325484999475
84311,0.642574602698517,84311,False,1140783616.0,0.8697509765625,0.0,49286.5078125,46444.46875,28741.41015625,-3.032655513379723e-07,-3.275899587151798e-07,-7.565840576262417e-08,84311,False,2689076992.0,1.0693868398666382,0.0,16459.9140625,17836.2421875,8805.8701171875,-1.1264946664368836e-07,-1.1425064627701431e-07,2.5529665492740605e-08,9.057203275190217,,9.148110887617028,9.429603236854046,,9.385900983957796,-0.37239996166382916,-0.23779009634076864
87007,0.6390490587279235,87007,False,100262068224.0,9.5977783203125,1065138048.0,13506.046875,81146.859375,17629.642578125,4.678360596699349e-07,-5.116821739648003e-07,1.358791763550471e-07,87007,True,76680175616.0,6.9376630783081055,576492224.0,2838.021728515625,28383.921875,5312.2587890625,7.386793754449172e-08,-4.717507096074769e-08,1.3499732887112259e-08,11.001136659074223,-1.973730760595888,9.527880586841869,10.884683098845727,-2.1238896451450477,9.622863291530296,0.1164535602284964,-0.09498270468842662
92228,0.6723252642591783,92228,False,1266452736.0,1.5430450439453125,0.0,34237.04296875,116803.125,145407.421875,-4.815973397853668e-07,-1.003244051389629e-06,-4.4511071450870077e-07,92228,False,2703718144.0,2.5202434062957764,0.0,9576.439453125,39403.15625,51541.69921875,2.136488603809994e-07,-1.96868526813887e-07,-4.785584550859312e-08,9.102588986564458,,8.820021080569513,9.431961415492356,,8.829797684733022,-0.32937242892789875,-0.009776604163509006
94291,0.7280143651632898,94291,False,3743234304.0,1.0662078857421875,0.0,38554.53515625,144706.8125,128305.5,-7.251391025420162e-07,6.623756121371116e-07,3.6332818353912444e-07,94291,False,4548493312.0,0.6014506220817566,3407671.5,11920.013671875,47849.94140625,41439.99609375,1.0643893944006777e-07,-1.2696256490585256e-08,5.3599737981357976e-08,9.57324701219311,,9.53148417678694,9.657867560470638,-3.1254098384057825,9.989067592851294,-0.08462054827752752,-0.45758341606435415
95655,0.6007258130434611,95655,False,69262032896.0,6.87408447265625,662508544.0,49667.62890625,151708.53125,140625.828125,-2.9997249839652795e-07,-2.588866152564151e-07,-6.266149057410075e-07,95655,True,33303560192.0,4.150390625,131922160.0,15000.08203125,49175.1796875,48171.140625,4.305530509896016e-08,5.296903538010156e-08,-4.7394792090926785e-08,10.84049523429052,-2.019303750793936,9.584672937253446,10.522490662608222,-2.4021729090833333,9.595357202492472,0.3180045716822981,-0.010684265239026658
97114,0.6621051872474024,97114,False,36856459264.0,2.353668212890625,124601624.0,9954.3115234375,167947.859375,187521.90625,5.5917488417378536e-09,-5.613309781438147e-07,-9.887459100355045e-07,97114,False,47788462080.0,1.65557861328125,91659216.0,516.79443359375,55554.109375,65339.35546875,6.343944392028789e-08,-1.421599193918155e-07,-2.6218091875307437e-07,10.566513610970754,-2.4709899082170854,10.008895747848383,10.679323054355974,-2.7171469161355097,10.3508983430147,-0.11280944338522048,-0.34200259516631704
99036,0.6661844889650163,99036,False,6139489792.0,1.068115234375,0.0,50761.3046875,148818.640625,125321.125,2.550003443957394e-07,-8.732240530662239e-07,3.3014273981279985e-08,99036,False,14309208064.0,1.1266072988510132,9093479.0,15238.0791015625,50957.6171875,41170.6015625,8.159033626498058e-08,-1.0605530320617618e-07,-1.314699034082878e-07,9.78813228160929,,9.745205117523453,10.155615598612883,-3.1968855304137738,10.07795675781237,-0.36748331700359316,-0.332751640288917
100031,0.6839624251195557,100031,False,21356443648.0,2.201080322265625,0.0,9761.119140625,167779.8125,187019.65625,5.452401978800481e-07,3.5244735130390836e-08,-8.329740808221686e-07,100031,False,29750659072.0,1.5894572734832764,71070208.0,1418.50927734375,55828.1328125,64310.5234375,-2.4036454604470237e-08,3.806920645388345e-08,1.512425598093614e-07,10.329528934094329,,9.815575097288225,10.473496591179266,-2.6218090046925164,10.171623304102082,-0.14396765708493753,-0.35604820681385796
100221,0.7144579189526166,100221,False,14562987008.0,1.3484954833984375,0.0,13998.2353515625,170395.59375,183742.5,4.952455583406845e-07,1.064723392119049e-06,-2.1588643051018153e-07,100221,False,26353930240.0,1.247406005859375,71909016.0,3042.399169921875,52556.45703125,61379.640625,2.109431846974985e-07,1.0066562339261509e-07,-7.533827783845481e-09,10.163250462067982,,9.968476217796097,10.42084539200633,-2.564062046080075,10.276833645943391,-0.25759492993834776,-0.3083574281472945
103252,0.6399017231499968,103252,True,21551659008.0,1.62506103515625,56200368.0,33187.015625,186420.765625,127160.78125,7.349173358761618e-08,-2.0736347039473912e-07,1.710960617629098e-07,103252,True,23074330624.0,0.93841552734375,32599262.0,10674.7841796875,63249.44921875,41492.09375,1.7074288649610025e-08,-5.637596345309248e-08,4.3033971053318965e-08,10.333480706992704,-2.5837415476541397,10.017176191266119,10.36312911119222,-2.8499213428100343,10.404536333464645,-0.02964840419951642,-0.387360142198526
104782,0.6943957712516015,104782,False,69262032896.0,2.040863037109375,227241648.0,27062.388671875,195866.109375,190188.5625,4.416324657086079e-07,6.757806545465428e-07,3.2072566114038636e-07,104782,True,77382950912.0,0.8188883662223816,134972384.0,9077.900390625,63682.96484375,62069.57421875,-3.3026775980715684e-08,3.098667278322864e-08,-1.9569041942446574e-09,10.84049523429052,-2.4840073040870285,10.375774444186169,10.888645287033745,-2.758400368192739,11.018808235195458,-0.04815005274322459,-0.6430337910092891
109773,0.6681797863413991,109773,True,18467272704.0,2.689361572265625,53378912.0,63101.19140625,37661.82421875,35619.0,1.1858375614792749e-07,-6.885748149443316e-08,1.0846558495813952e-07,109773,True,19638558720.0,1.9276937246322632,36602680.0,20304.478515625,13429.6396484375,11791.6083984375,2.7036280769721088e-08,-5.970042593617109e-08,-1.183512043922974e-08,10.266402762410445,-2.5390330449112186,9.621928969850838,10.293109611611863,-2.729596726583559,9.865552561246332,-0.026706849201417526,-0.24362359139549383
110495,0.6881217156872337,110495,True,24245616640.0,4.35638427734375,248593216.0,91388.2578125,36278.7109375,87803.1015625,-8.21972747644395e-08,-4.3449276176943386e-07,7.274320523720235e-08,110495,True,25104558080.0,3.7384033203125,206500128.0,30911.3515625,14040.8173828125,28858.966796875,-2.231204021541089e-08,-8.707500853688543e-08,1.6014272574693678e-08,10.384633234025632,-1.9891439612645179,9.425943961088379,10.399752580814662,-2.08483225562284,9.540723350203411,-0.01511934678902982,-0.11477938911503216
112514,0.6804460923564565,112514,False,5114614784.0,0.843048095703125,0.0,72282.9765625,34465.64453125,173759.0625,-5.671726057698834e-07,-3.79118233695408e-07,-1.9780918592005037e-07,112514,False,15519537152.0,0.99945068359375,19407046.0,25832.16796875,13304.4892578125,59074.30078125,3.419357028633385e-07,-1.2036478835852904e-07,-3.349181909584331e-08,9.708812929644832,,9.820034402044659,10.190878764903498,-2.902919329645579,10.191236710851372,-0.4820658352586662,-0.3712023088067138
112613,0.6605201242893689,112613,False,3030702080.0,1.5430450439453125,0.0,72481.8984375,34865.2890625,173565.921875,-5.491848469318938e-07,-2.810029968713934e-07,-4.344102819686668e-07,112613,False,5670975488.0,1.5309652090072632,550470.0,25541.38671875,13326.6103515625,59029.51171875,1.1920622711159012e-08,-1.0823664808867761e-07,-1.8978928650881244e-08,9.481543247033688,,9.198975341038743,9.753657770112776,-4.0129241147241315,9.476209787828786,-0.2721145230790878,-0.27723444679004317
112637,0.6969642700465215,112637,False,13743086592.0,1.2798309326171875,0.0,72417.7421875,34627.0703125,173603.640625,-6.280858997342875e-07,-5.17808416589105e-07,-2.498309186194092e-07,112637,False,16222308352.0,0.6853739619255066,22762292.0,25982.947265625,13293.75390625,58759.29296875,-1.887389231569614e-07,-9.675576961853949e-08,-8.043160804049876e-09,10.138084282893134,,9.977355379063109,10.210112652169025,-2.8528966618960854,10.456221250511344,-0.07202836927589118,-0.4788658714482352
112935,0.6687672414243684,112935,False,2562187776.0,0.8974075317382812,0.0,93985.8828125,60742.5078125,33311.60546875,4.2619669216037437e-07,1.2561635287511308e-07,1.0947098871838534e-06,112935,False,15051022336.0,1.2461345195770264,11266763.0,32594.123046875,19018.115234375,8791.8125,-1.490654994995566e-07,2.8121307948936192e-08,1.0773783998274666e-07,9.408610954874813,,9.479126389653365,10.177566000249065,-3.125766841360638,10.034218610171282,-0.768955045374252,-0.555092220517917
113454,0.6272442875257234,113454,False,2791564544.0,2.1820068359375,0.0,93998.75,60743.75390625,33258.47265625,2.1001881123083876e-06,-1.3234541995643667e-07,1.0721226999521605e-06,113454,False,3396728832.0,1.3071696758270264,198681.546875,31613.4453125,19182.712890625,10080.771484375,9.309717086125602e-08,2.1189168819546467e-07,-8.970087783666258e-09,9.445847673661993,,8.93756351339995,9.531060877612822,-4.23290334498975,9.356562931024788,-0.0852132039508291,-0.41899941762483905
113721,0.6045801895995093,113721,False,4226389504.0,1.15966796875,0.0,94156.78125,60835.16796875,33498.09765625,4.5655107783204585e-07,1.0139392969676919e-07,3.330894742248347e-07,113721,False,20302286848.0,1.4063518047332764,11323955.0,30975.306640625,20878.21875,10779.4345703125,1.9092732372882892e-07,-2.0933565281211486e-07,1.0327077859528799e-07,9.625969519134367,,9.529469026648728,10.307544959564947,-3.25354682470114,10.08540399730598,-0.6815754404305796,-0.5559349706572512
114191,0.7236870894049207,114191,False,8306368512.0,1.8291473388671875,0.0,77690.140625,68690.890625,72774.765625,9.290432672059978e-07,-8.399774742429145e-08,5.121552817399788e-07,114191,False,13313614848.0,1.4546712636947632,43846960.0,24569.9453125,23433.841796875,24336.509765625,7.81163507213023e-08,-6.088041004659317e-08,-6.919296424712229e-08,9.919411194673922,,9.52603816034139,10.124295989012847,-2.4823565007974904,9.88014869953926,-0.20488479433892515,-0.3541105391978707
115874,0.7328957149625412,115874,False,16066137088.0,2.17437744140625,88761504.0,99419.625,51689.59765625,190647.59375,1.718984918852584e-07,-3.2286860118801997e-07,4.837213509745197e-07,115874,True,17256943616.0,1.6632080078125,71298976.0,32724.48046875,18404.6328125,61314.7265625,1.08151851918592e-08,-2.9248576893792233e-08,7.551000180683332e-08,10.205911468360483,-2.2576868159297714,9.699909067779238,10.236963880125169,-2.3838805875908773,9.905544029149782,-0.031052411764685317,-0.20563496137054393
124006,0.708006934464982,124006,False,14348251136.0,2.05230712890625,0.0,60097.75,142318.890625,117394.3671875,1.1103776564880263e-08,-8.476315827010694e-08,8.661381230012921e-07,124006,True,16768908288.0,1.64031982421875,33171180.0,23574.4765625,45989.03515625,38003.2890625,-1.9847895771363255e-07,6.643251992954902e-08,-5.876678343952335e-08,10.156798969483194,,9.688435438911103,10.224504789503484,-2.703743868530473,9.902111989061597,-0.06770582002029002,-0.21367655015049358
126915,0.6322243090380213,126915,True,55753203712.0,4.0740966796875,175082832.0,86004.140625,148618.46875,63658.20703125,3.3739380000952224e-07,-5.987116935557424e-08,1.341110902330911e-07,126915,True,49662517248.0,2.2379558086395264,80830920.0,27066.74609375,49880.01171875,20143.056640625,6.972292965201632e-08,-1.3198177661877253e-08,5.497155797229425e-08,10.74626982803351,-2.50302626523508,9.831222831922197,10.696028728895737,-2.7884512070234555,10.171251469047913,0.050241099137773304,-0.34002863712571596
127129,0.656771434015632,127129,False,15480494080.0,1.8901824951171875,0.0,56111.546875,146788.625,112004.0703125,6.479571084128111e-07,-1.124967070609273e-06,1.226310928359453e-07,127129,False,17315508224.0,1.24359130859375,9474757.0,17724.44921875,49046.51953125,33855.58984375,1.4388913882612542e-07,-3.466038478450173e-08,9.380944021586402e-08,10.189784817638433,,9.775029212333985,10.238435242962558,-3.261867162571778,10.09641872578814,-0.04865042532412467,-0.32138951345415556
127454,0.6275766955159647,127454,True,28852674560.0,1.9073486328125,71070208.0,76083.921875,157470.859375,115466.1015625,-4.934573212267424e-07,-1.0886556367495359e-07,2.3515138991569984e-07,127454,True,30023958528.0,0.7947286367416382,29892190.0,27899.505859375,52897.2109375,37384.7109375,-1.1910564978734328e-07,-1.1757893325636815e-08,4.704317646542222e-08,10.460186077207931,-2.608498490721181,10.039540953631397,10.47746795151583,-3.001910217471064,10.627139657934618,-0.017281874307899514,-0.5875987043032218
129078,0.6375284806671631,129078,True,32874088448.0,2.552032470703125,80830920.0,56383.91796875,186419.859375,193081.625,-2.545053803260089e-07,2.2350035067120189e-07,-4.580947745580488e-07,129078,True,35919429632.0,1.1444091796875,20360242.0,20014.392578125,60901.75,73.92457580566406,-5.351321519242447e-08,5.707095951379415e-08,-1.101339606179863e-07,10.51685371929273,-2.6092761974204497,9.906524425568488,10.555329431847111,-3.2465464961666726,10.46745743269511,-0.03847571255438176,-0.5609330071266214
129308,0.6189566768837892,129308,False,38691475456.0,3.093719482421875,0.0,80583.40625,196946.796875,52487.62890625,-8.330813727752684e-08,-3.0979936838093636e-08,2.064388269218398e-07,129308,True,60360261632.0,1.125335693359375,122008936.0,27988.001953125,64315.87109375,16589.248046875,-5.093358268482007e-08,6.159248044923515e-08,4.721584545563928e-08,10.587615291369763,,9.851893892980522,10.780751113560273,-2.69435947375955,10.70382797252052,-0.1931358221905093,-0.8519340795399977
133204,0.6104780507118654,133204,True,39667544064.0,2.239227294921875,96692080.0,97670.1953125,14184.5771484375,70651.203125,-2.2075968786339217e-07,7.634589849203621e-08,3.2776648595245206e-07,133204,True,39238074368.0,0.9816488027572632,43618196.0,33463.33984375,4201.02197265625,22017.99609375,-2.3551198324867073e-08,2.2985453540513845e-08,7.037382232510936e-08,10.598435312839408,-2.613044410143804,10.073288043895479,10.593707685969068,-2.9540399862909625,10.605773474102563,0.004727626870339563,-0.5324854302070836
134041,0.6539438614173496,134041,False,24479873024.0,1.99127197265625,73129104.0,137005.125,198456.03125,118141.5078125,-2.674210861641768e-07,2.9388047551037744e-07,5.321168146110722e-07,134041,False,27876601856.0,1.1304219961166382,25850644.0,46224.31640625,70.9733657836914,39118.7890625,9.569193792913211e-08,-1.7971241561554052e-07,-2.747957239535026e-07,10.388809160813427,-2.5247189084645205,9.940113289237527,10.445239832369529,-3.0327684655135525,10.365378933021809,-0.05643067155610204,-0.42526564378428233
139198,0.6171329942736591,139198,False,27837558784.0,5.9356689453125,132684720.0,130699.765625,62483.703125,56612.49609375,-3.988114087860595e-07,-3.352408270984597e-07,-6.859187351437868e-08,139198,True,24831258624.0,3.2297770977020264,47659740.0,46979.30078125,21247.0078125,17436.431640625,-1.1686214662631755e-07,1.0415287299281317e-08,8.195773659736005e-08,10.444631147133784,-2.3218102348328102,9.28442664108077,10.394998733231755,-2.71684706443813,9.631239907279264,0.049632413902028105,-0.3468132661984935
139676,0.6177370286401197,139676,False,3787157504.0,0.6170272827148438,0.0,124497.8515625,65570.2421875,57819.27734375,-4.709465315499983e-07,7.410476854374792e-08,-4.845396688324399e-07,139676,False,14192079872.0,0.904083251953125,33026.7109375,42824.76171875,23230.392578125,18582.580078125,-3.483079638044728e-07,-2.28579288830133e-08,2.0192160832266381e-07,9.578313367358918,,9.892856816275302,10.15204604667249,-5.6331807213255765,10.217733410584827,-0.5737326793135722,-0.32487659430952576
140928,0.6420956686438234,140928,False,28930758656.0,1.567840576171875,72519064.0,100086.1171875,80327.9609375,133645.90625,-2.402495908881974e-07,1.8440600513258687e-07,-2.5200299091920897e-07,140928,True,31429502976.0,0.8023580312728882,16375887.0,34172.41015625,23576.48046875,43916.88671875,2.8125717310700793e-09,1.230720272360486e-07,-2.873423454730073e-08,10.461359822372298,-2.600907632330216,10.168406972485686,10.497337513168794,-3.283132680305123,10.640785207047212,-0.035977690796496375,-0.4723782345615266
141036,0.6006012868655463,141036,False,54894260224.0,1.51824951171875,141225344.0,121511.3203125,65959.8515625,163110.90625,1.6509176248291624e-07,-5.326514838088769e-07,1.0203226707972135e-07,141036,True,53410631680.0,0.7870992422103882,18472916.0,41678.875,21471.310546875,53779.83984375,-4.372341422254067e-08,6.560027543400793e-08,5.527769886271017e-08,10.73952693673859,-2.5896142954642674,10.46751221155555,10.727627714339032,-3.4610922589230775,10.883583472928033,0.011899222399557985,-0.4160712613724833
143084,0.6410511278191807,143084,True,48803573760.0,5.63812255859375,429471456.0,106185.5859375,108432.7421875,115344.7734375,-3.1547526191388897e-07,3.732740765372e-07,-7.233317944610462e-08,143084,True,50677633024.0,4.1758222579956055,234562176.0,36572.35546875,34145.35546875,38277.86328125,-4.644716611323929e-08,9.118688382159235e-08,1.4500183276311418e-08,10.688451625433437,-2.0555173208602087,9.561749857272718,10.704816322300166,-2.3345583404322032,9.773703315043957,-0.016364696866729034,-0.21195345777123897
144050,0.6122733155006972,144050,False,5387914752.0,1.0929107666015625,0.0,119494.671875,80653.5234375,157802.71875,2.470878257554432e-07,4.085693490196718e-07,-1.169609973317165e-07,144050,False,14972937216.0,0.789642333984375,11438338.0,40178.984375,26754.67578125,53681.21484375,-9.774698384035219e-08,-1.4918941815267317e-07,-3.072641732160264e-07,9.731420715664742,,9.67354365913712,10.175307003521073,-3.116944077828515,10.32916136826319,-0.44388628785633166,-0.6556177091260693
145106,0.6462121186005444,145106,True,76289744896.0,4.93621826171875,486205600.0,98538.0546875,90455.1953125,39188.828125,5.107592215836121e-08,-3.4475826282687194e-07,2.0121288457630726e-07,145106,True,62546661376.0,1.9989013671875,176302912.0,33091.90234375,32219.58984375,13037.626953125,-4.4769571161396016e-08,-9.038640058633973e-08,-7.363093246226526e-09,10.882466162667756,-2.195646206031495,9.842374631096225,10.796204132819568,-2.549944647207218,10.34501708527147,0.08626202984818754,-0.5026424541752448
146543,0.6374250543638406,146543,True,30726731776.0,1.76239013671875,155561392.0,135874.0,114702.4296875,138884.234375,-1.059094998367982e-07,-6.799199780971321e-08,-2.5884171250822874e-08,146543,True,31898015744.0,0.9295145869255066,102029976.0,46161.69140625,38218.63671875,46270.69140625,-4.967686351164957e-08,1.0521000959329285e-08,1.0112183090882354e-08,10.487516369331182,-2.2956145486689885,10.118363288924485,10.503763668065517,-2.495035883570035,10.551379353711257,-0.016247298734334947,-0.4330160647867718
150956,0.6112348731793519,150956,True,53879148544.0,3.11279296875,283975808.0,99441.1953125,133919.875,175661.65625,-5.830240468185366e-08,-3.3118570286205795e-07,-3.452898340583488e-07,150956,True,43806089216.0,0.728607177734375,167762288.0,33743.5703125,46027.37109375,60276.2109375,-3.2658231674531635e-08,-4.311706192083875e-08,-8.40325284912069e-08,10.731420723918724,-2.278139379997101,9.991695368715424,10.641534483314617,-2.416840142758863,10.847794315370518,0.08988624060410721,-0.8560989466550932
152636,0.6437833297143299,152636,True,48803573760.0,2.796173095703125,194604256.0,102915.703125,167254.1875,119378.7421875,3.390393743529785e-08,-2.0979319614866654e-08,2.4066162040981e-07,152636,True,52551688192.0,1.3529460430145264,97759664.0,34056.7421875,55869.0,38466.875,1.5087783467038207e-08,-9.372916665029152e-09,6.959631804193123e-08,10.688451625433437,-2.399299291365939,10.018605546399236,10.720586672042538,-2.730426971811784,10.523665956844903,-0.032135046609100826,-0.5050604104456671
153297,0.6759685572376042,153297,False,16105180160.0,4.34112548828125,112705760.0,139875.953125,160757.015625,152285.171875,-2.8316756583990355e-07,-2.414685411622486e-07,-2.677348618362885e-07,153297,True,15597622272.0,3.1789145469665527,66342360.0,47362.8828125,56199.28125,52208.6328125,-3.48531123961493e-08,-1.1804677058080415e-07,-5.6009248794453015e-08,10.206965587401983,-2.155019475505901,9.250562077240897,10.19305839881253,-2.3712674821755395,9.439640118239375,0.013907188589453057,-0.1890780409984778
154264,0.6663097120972806,154264,False,15675708416.0,5.05828857421875,119568760.0,116415.7109375,183703.65625,38851.0,-6.123399316493305e-07,-7.536272761399232e-08,2.668146521500603e-07,154264,True,15695229952.0,2.8737387657165527,71375232.0,39354.62109375,61888.36328125,12702.3623046875,-4.857059465734892e-08,-8.611335289288036e-08,-3.088938171913469e-08,10.195227176565446,-2.117609451192716,9.139221773389806,10.195767682963943,-2.342220150065121,9.50809675321876,-0.0005405063984973424,-0.3688749798289539
154378,0.6000143242723192,154378,False,35958472704.0,2.452850341796875,154493824.0,121211.0390625,180664.84375,42021.31640625,-4.024953170755907e-07,6.093193860579049e-07,-1.9027792674819466e-08,154378,True,37715402752.0,0.9028117060661316,27337628.0,42077.2890625,60762.28515625,13508.9951171875,-7.646637101288434e-08,-4.0627011088645304e-08,1.617099232298358e-09,10.555801237279455,-2.366890114401003,9.971294660820615,10.576518749783297,-3.1397579202830608,10.643122977375365,-0.020717512503841462,-0.6718283165547501
154382,0.6590025718223093,154382,True,20068030464.0,1.7719268798828125,46439652.0,129330.3359375,184982.796875,50222.10546875,-1.1919738795995727e-07,-7.034412874418194e-08,2.4321619207512413e-07,154382,True,22020173824.0,0.8532206416130066,32065474.0,43569.6328125,62190.0234375,15514.9208984375,-2.029437773387599e-08,-2.1827428753340428e-08,6.245637962365436e-08,10.30250475163103,-2.635615794979782,9.929836057064032,10.342820742905763,-2.8367830787534594,10.446228712489697,-0.040315991274733065,-0.5163926554256655
155425,0.6117069106060525,155425,False,11693336576.0,1.983642578125,0.0,114998.1640625,185387.953125,119442.109375,-2.7911110578315856e-07,-1.4430467842885264e-07,7.829459747199508e-08,155425,False,12884144128.0,1.2728374004364014,5213975.5,39880.4609375,62974.39453125,39615.53125,-3.5435857625998324e-07,4.8016595144417806e-08,-5.807064340501711e-08,10.067938450408096,,9.62174331788339,10.110055574393927,-3.3928865882673716,9.952896182507503,-0.04211712398583067,-0.331152864624114
156087,0.6091140452882459,156087,True,21551659008.0,1.8405914306640625,31569812.0,116571.1484375,172047.234375,153035.3125,-1.0645173631473881e-07,-2.2183948544807208e-07,-3.174097429337053e-08,156087,True,22644858880.0,0.5664825439453125,15270181.0,39616.78125,58323.5859375,51033.2578125,-3.593095954101955e-08,-3.8622317788394867e-08,8.282305397067091e-10,10.333480706992704,-2.834208711340769,9.93604461340048,10.35496961855714,-3.1711254337053467,10.725189821004786,-0.02148891156443611,-0.7891452076043066
160741,0.6064768012123853,160741,False,18350143488.0,7.48443603515625,137870096.0,175718.796875,31713.12890625,47426.24609375,-5.713446284971724e-07,1.0626456514728488e-07,-8.720664368411235e-08,160741,True,18818658304.0,3.9520263671875,72061528.0,59768.05859375,10246.408203125,16422.361328125,-4.4503803309225987e-08,9.834394631980103e-09,-5.295262539561918e-08,10.263639464544674,-2.1241693865525764,8.952400842906272,10.274588656713954,-2.416885190005218,9.379358906527624,-0.010949192169279698,-0.4269580636213526
162923,0.6786396658303682,162923,False,1007793792.0,0.690460205078125,0.0,177964.78125,53770.32421875,2156.05224609375,4.2039772552016075e-07,-2.5925552904482174e-07,-6.844159372576542e-08,162923,False,5124375552.0,1.3605754375457764,183490.0,56943.56640625,18134.177734375,825.0361938476562,5.867005370419065e-08,-2.1210108513969317e-07,1.373457170217307e-08,9.003371678778187,,9.244663699401903,9.709640950538795,-4.446028549869813,9.509057010966465,-0.7062692717606076,-0.2643933115645627
168374,0.6483397759946641,168374,True,49037832192.0,2.025604248046875,153426240.0,180733.9375,112868.9140625,39631.96484375,1.0449596743455913e-08,1.9952605612161278e-07,-8.398642847851079e-08,168374,True,53722976256.0,1.0401408672332764,71680248.0,60384.77734375,36681.05859375,13520.9609375,-1.5261980124137153e-08,4.878553738763003e-08,-2.524386033542214e-08,10.690531263144504,-2.5046316211805078,10.23069936444979,10.730160064602646,-2.8747605653698214,10.704521824328678,-0.03962880145814296,-0.47382245987888716
171276,0.602874772643495,171276,False,42712887296.0,3.650665283203125,0.0,155564.0625,149432.953125,73377.09375,3.3698998436193506e-07,1.7452518932259409e-06,-2.4168633672161377e-07,171276,False,46539087872.0,2.3854575157165527,36755192.0,52675.69921875,49044.4609375,25203.6328125,-2.8112406624813957e-08,5.852210449575068e-08,-9.85205783621268e-09,10.63055892975831,,9.787000906020538,10.667817867218027,-3.1024991714799044,10.101460337754148,-0.037258937459716535,-0.31445943173361
171673,0.734682944021175,171673,False,6100446720.0,0.926971435546875,0.0,155356.5625,149327.578125,73461.109375,3.1368750796900713e-07,3.8666084378746746e-07,-3.357135369697062e-07,171673,False,21551659008.0,1.6937255859375,46515908.0,52151.3046875,49208.35546875,25176.740234375,4.81654787165553e-08,3.547078790688829e-07,-6.173734590220192e-08,9.785361638441493,,9.834762110971518,10.333480706992704,-2.665879204100196,9.990216134748266,-0.5481190685512107,-0.15545402377674833
172779,0.603381470384433,172779,True,11869029376.0,2.99835205078125,39576648.0,10810.0791015625,144796.875,143052.484375,4.909943527309224e-07,2.53780058301345e-07,-1.0382999704461326e-07,172779,True,11908072448.0,1.6759237051010132,21618458.0,1051.5821533203125,46998.95703125,48319.265625,1.0855225696104753e-07,6.334424540455075e-08,-2.5470603404187386e-08,10.074415204726881,-2.47697619648233,9.359091268595261,10.075841468204358,-2.7410167548115822,9.739460102378565,-0.0014262634774766525,-0.38036883378330444
176704,0.6385286141720474,176704,False,19345737728.0,2.170562744140625,0.0,193384.765625,163391.9375,189335.578125,9.4036801101538e-07,7.014161269580654e-07,-1.1589941095735412e-06,176704,False,24167530496.0,1.02996826171875,17157506.0,61728.8203125,53080.57421875,63615.9453125,1.7803419893880346e-07,-2.8042126842819926e-08,3.450640662094884e-08,10.286585295705782,,9.781726779040667,10.383232275283387,-3.148778115847361,10.363996511972399,-0.0966469795776046,-0.5822697329317315
180003,0.6449354800259841,180003,False,1520231424.0,0.9202957153320312,0.0,3944.668212890625,175250.109375,177537.28125,8.736631116335047e-07,-1.4315938301479036e-07,2.3090542811132764e-07,180003,False,3743234304.0,1.0515849590301514,0.0,64542.76953125,59022.8671875,58558.2421875,2.769164950677805e-07,2.505299967481278e-08,-3.1772142250474644e-08,9.181909705389373,,9.23601860529312,9.57324701219311,,9.540480463638984,-0.391337306803738,-0.3044618583458636
185825,0.6589066725443175,185825,False,7369339904.0,1.1806488037109375,0.0,20878.52734375,17624.001953125,140468.09375,-2.2157909995712544e-07,-2.0277370538224204e-07,5.03145884067635e-07,185825,False,10658700288.0,0.5620321035385132,3631672.25,6963.10009765625,6622.92626953125,46737.03125,-7.291023784716799e-09,-7.495422060799228e-09,3.5157487587866854e-08,9.867428588416827,,9.759247491310113,10.027704250453874,-3.4675976029063635,10.403062565379411,-0.1602756620370478,-0.6438150740692983
189198,0.6527084386733543,189198,False,2198600960.0,0.5998611450195312,0.0,31553.6484375,6403.296875,183628.0,7.24590734080266e-07,-3.196223303802981e-07,-7.465262683581386e-07,189198,False,4231269888.0,0.6243388056755066,1415494.375,9728.0419921875,3553.692626953125,60295.546875,4.0879651663772165e-08,1.413640493552748e-08,4.7080003895416667e-08,9.342146413264418,,9.675070315015951,9.626470727323957,-3.475562579452093,9.933340233415784,-0.28432431405953906,-0.25826991839983293
189514,0.6548322989200139,189514,False,3865243136.0,0.7534027099609375,0.0,27065.876953125,18555.046875,13483.0146484375,4.418729204758165e-08,-1.0142322253159364e-06,-7.318438974834862e-07,189514,False,11615250432.0,1.3224284648895264,11457402.0,6817.35693359375,8250.2646484375,4588.64208984375,-1.3722727487675002e-07,-2.3772736312821507e-07,-1.1034775582174916e-07,9.587176817608038,,9.77163605059181,10.065028577895463,-3.005942426666943,9.882970294805137,-0.47785176028742526,-0.11133424421332627
189629,0.69951897542127,189629,False,6793457664.0,0.81634521484375,0.0,27238.998046875,18689.3515625,13787.2451171875,6.166393973217055e-08,-6.203399038895441e-07,-8.470273087368696e-07,189629,False,22293473280.0,0.7273356318473816,36183276.0,8505.041015625,7946.8564453125,5389.4306640625,2.742707181369042e-07,8.338867019119789e-08,-2.939466412499314e-07,9.832090873276803,,9.96428009618051,10.348177735991545,-2.789669851071023,10.55557544001393,-0.5160868627147419,-0.591295343833421
189716,0.6626176341494049,189716,False,18350143488.0,1.56402587890625,0.0,27112.59375,18675.80859375,13679.5185546875,1.333995442109881e-06,7.207744374682079e-07,3.021488339527423e-07,189716,False,26744358912.0,0.6650289297103882,40491716.0,8475.5810546875,7808.2783203125,5160.6171875,-8.241603666192532e-08,-1.8312054805846856e-07,-1.5791036389600777e-07,10.263639464544674,,9.972273562392562,10.427232191899467,-2.819866009758388,10.692971384680966,-0.1635927273547928,-0.720697822288404
190293,0.7092008799549306,190293,False,14621550592.0,1.4209747314453125,0.0,26817.462890625,18512.3515625,13484.2578125,-1.8331779472191556e-07,1.211463285244463e-07,-8.052260795921029e-07,190293,False,17666893824.0,0.827789306640625,36945832.0,7185.02880859375,8320.7890625,4734.50390625,-4.524413554918283e-08,-3.536446513408009e-08,-1.2135164695337153e-07,10.164993431297683,,9.936113898598709,10.247160198987286,-2.679594747907351,10.370280481141984,-0.0821667676896034,-0.4341665825432752
191081,0.6289114088051336,191081,True,37910618112.0,5.7220458984375,320273472.0,38796.26953125,20713.291015625,24018.822265625,-2.473154552262713e-07,-7.438200100295944e-07,-1.42863456176201e-07,191081,True,36778373120.0,3.1331381797790527,178743088.0,13322.86328125,10212.9306640625,9153.0439453125,5.2815951612217305e-09,-1.4965891637075401e-07,-5.559762783491351e-08,10.578760865419376,-2.0732398975365056,9.442433859763346,10.565592514444381,-2.313363257825802,9.821623191164809,0.013168350974995136,-0.37918933140146294
210509,0.6337119082588679,210509,False,52864032768.0,5.24139404296875,232122000.0,35712.91015625,126542.4765625,133654.8125,7.526891181441897e-07,1.2675903917624964e-06,3.0994357302915887e-07,210509,True,58642374656.0,2.6448569297790527,77246912.0,8147.88232421875,40772.8515625,41987.40625,1.7988294587212295e-07,2.9030580606104195e-08,4.80744972719549e-08,10.723160290503671,-2.35744398664486,9.643990074345865,10.768211548248289,-2.8803304210338165,10.13460827166199,-0.0450512577446176,-0.49061819731612566
212715,0.621481369873165,212715,False,8159957504.0,1.617431640625,0.0,34047.67578125,115793.2890625,146134.296875,-9.563325420458568e-07,-3.006219984058589e-08,-1.6183046227524756e-06,212715,False,10580615168.0,1.3707479238510132,4141631.5,10745.7099609375,37886.62109375,51529.546875,-2.7129463120445507e-08,2.507618717118021e-07,6.14809607668576e-08,9.911687897010435,,9.598448995048829,10.024510918767323,-3.407339463668124,9.819074523613672,-0.11282302175688841,-0.22062552856484352
213887,0.6037590214610941,213887,False,18682007552.0,2.7313232421875,0.0,33911.5234375,115825.484375,146073.890625,-2.320953626622213e-06,-8.373677360395959e-07,-1.5165101103775669e-06,213887,False,19540951040.0,1.4495849609375,14774520.0,10832.091796875,38084.88671875,51720.73046875,3.395413372686562e-08,1.7884464398321143e-07,9.977316750564569e-08,10.271423543302475,,9.616863892768185,10.290945696607574,-3.121432316342779,10.049080184609851,-0.019522153305098655,-0.4322162918416659
213921,0.6638822446218882,213921,False,11283386368.0,1.934051513671875,0.0,34047.16015625,115896.640625,145979.890625,-3.516967979066976e-07,-5.137914058650495e-07,-2.5552042188792257e-06,213921,False,14641072128.0,1.5055339336395264,11667105.0,10665.755859375,38055.89453125,51411.25390625,-6.208305336485864e-08,1.9342570567459916e-07,-5.32254169627322e-08,10.052439459596238,,9.622737403523727,10.1655728801531,-3.0986097737649,9.899037057191974,-0.11313342055686171,-0.2762996536682465
215760,0.6355447257667793,215760,True,35958472704.0,2.593994140625,75569288.0,16327.798828125,151414.546875,46722.2890625,4.8434813493258844e-08,1.1128996391107648e-07,-6.082071735136196e-08,215760,True,38418173952.0,1.40380859375,22381014.0,5432.06982421875,49558.65625,15484.5693359375,-4.438102774173558e-09,5.38178959175184e-08,1.1573778380125077e-08,10.555801237279455,-2.677455906885523,9.934847751147593,10.584536718635597,-3.234656959739574,10.363574873552814,-0.02873548135614179,-0.4287271224052205
216550,0.6588044417999849,216550,False,25494986752.0,1.590728759765625,0.0,56006.94140625,147274.203125,111626.5703125,4.829421982321946e-07,-2.3054049336224125e-07,1.030139628710458e-06,216550,False,33342603264.0,0.91552734375,23257954.0,16647.71484375,49287.9765625,33322.7890625,1.9374883208911342e-07,-8.307506682569965e-09,2.969403283259453e-07,10.406454790630427,,10.104060591097284,10.522999504881703,-3.156427997653177,10.580492525241787,-0.1165447142512761,-0.4764319341445038
218204,0.6999881300551886,218204,False,12962229248.0,1.3751983642578125,0.0,33702.68359375,144344.078125,129187.8515625,6.104216367930348e-07,-1.2891851497442985e-07,8.212675197682984e-07,218204,False,15207193600.0,0.92315673828125,29930318.0,9309.3779296875,46351.98828125,42240.8203125,5.3742432726267e-08,2.165866703762731e-07,1.9945056806136563e-07,10.112679698050705,,9.905131677395026,10.182049074901865,-2.7059377437980063,10.234135908858711,-0.06936937685116007,-0.32900423146368496
218313,0.685368226449491,218313,False,3552900352.0,0.6990432739257812,0.0,33121.44140625,144408.4375,129037.4921875,-8.067839019076928e-08,5.839509640281904e-07,1.563314242503111e-07,218313,False,18057322496.0,2.03704833984375,18453852.0,6828.55029296875,46270.33984375,42238.0078125,2.413663935385557e-07,3.4779048974087345e-08,1.7251528561246232e-07,9.550583027026786,,9.783826934984528,10.256653354426051,-2.990566321181167,9.793151351810709,-0.7060703273992655,-0.009324416826180126
219205,0.6393964317361037,219205,False,24011358208.0,2.96783447265625,0.0,32763.65234375,144456.5625,129004.0625,4.201187380203919e-07,1.1296153843431966e-06,4.5210850885268883e-07,219205,False,29516402688.0,1.8208822011947632,23982382.0,10396.0537109375,46314.34765625,42270.23046875,8.132484907719117e-08,1.6053253659720212e-07,6.067973146173244e-08,10.380416726719107,,9.671757214162065,10.470063426729945,-3.090171110432506,10.079640650563007,-0.08964670001083874,-0.40788343640094205
219478,0.6251911782760996,219478,False,45211631616.0,4.8675537109375,0.0,38735.453125,144553.46875,128457.8125,-1.1858724064950366e-06,1.1691545864778163e-07,6.266043897085183e-07,219478,True,27447130112.0,1.8513997793197632,35230080.0,12326.3955078125,48587.9375,41573.43359375,3.455710384514532e-08,-1.3373799845339818e-07,-3.368076662013664e-08,10.655250180315406,,9.624284051665184,10.43849694107461,-2.8915833117020773,10.03724662963423,0.2167532392407967,-0.4129625779690471
222292,0.751421832197312,222292,False,1298175104.0,0.499725341796875,0.0,9904.0810546875,167927.28125,187236.03125,6.897558364471479e-07,-2.2295882473599704e-08,-1.934012288984377e-06,222292,False,4465527296.0,0.70953369140625,0.0,840.4744873046875,55831.0234375,65381.9140625,-8.015646812964405e-08,-1.966684664012064e-07,-2.3639159962840495e-07,9.113333276109927,,9.565236215553773,9.649872748380705,,9.873413214981323,-0.5365394722707784,-0.30817699942755006
229037,0.627827642640436,229037,False,39277117440.0,2.567291259765625,29973.509765625,13940.3388671875,171336.59375,183403.25,1.809698062515963e-07,-6.99104475643253e-07,-8.44526297782977e-08,229037,False,43259490304.0,1.2156169414520264,69850120.0,3040.9208984375,56490.890625,61653.73046875,2.7914621725244615e-08,8.337703150118614e-08,6.9034477689911e-08,10.594139607275844,-6.117402007386674,9.979926893867372,10.636081398148281,-2.7919142415951015,10.508886282152094,-0.04194179087243732,-0.5289593882847221
229539,0.6364485035977898,229539,False,25924458496.0,2.140045166015625,41711804.0,14122.0576171875,170710.578125,184176.546875,-5.696127232113213e-07,9.253179769075359e-07,-9.433708783035399e-07,229539,False,28071817216.0,1.1355082988739014,17653168.0,4615.2705078125,54386.63671875,62833.09375,-1.1996789339718816e-07,4.365993433452786e-08,6.335111635280555e-08,10.413709693714686,-2.793450720596187,9.918075284757936,10.448270527395259,-3.20144787311288,10.365485058475802,-0.0345608336805725,-0.4474097737178653
230061,0.6299293725877742,230061,False,20653672448.0,4.4403076171875,0.0,13275.1943359375,170389.515625,183565.328125,1.0015615998781868e-06,9.133739098388105e-08,-9.906777620471985e-08,230061,True,24440829952.0,1.7674764394760132,42245596.0,4823.53759765625,53908.9765625,63021.421875,-6.100974303535622e-08,2.2485342299205513e-07,1.0277739770359062e-09,10.314997285149595,,9.343877697606281,10.388115949420511,-2.7623345079120427,10.017085499400633,-0.07311866427091651,-0.6732078017943515
237565,0.6365896034080193,237565,False,41853947904.0,3.6773681640625,0.0,43984.74609375,170235.6875,163895.84375,-3.2633434443596343e-07,-5.051904281572206e-07,-3.966503641095187e-07,237565,False,37637316608.0,1.1444091796875,227851696.0,15358.923828125,58742.921875,55519.62890625,-9.238178222403803e-08,-6.151631026796167e-08,-1.274375591719945e-07,10.621736429403509,,9.773430761476755,10.575618652377935,-2.217966386803334,10.487746653225933,0.0461177770255734,-0.7143158917491785
239461,0.6225507894912651,239461,False,14758201344.0,1.4629364013671875,18816066.0,40949.8203125,14530.80859375,16029.1767578125,-8.259794270770726e-08,-3.5711653367798135e-07,7.176553253884776e-07,239461,False,15929487360.0,0.4545847773551941,5833552.5,16494.91796875,4689.037109375,4784.80615234375,-6.124890816749939e-09,2.3786684621995846e-08,6.507688254941968e-08,10.169033431065964,-2.894504603318223,9.921195261565957,10.202201799636311,-3.4362686889120932,10.715779466965545,-0.03316836857034744,-0.7945842053995875
241428,0.6526867870672473,241428,False,11185779712.0,1.708984375,0.0,60101.6171875,7604.853515625,70186.5234375,1.6458643870009837e-07,-1.9046854049520334e-07,-2.2956985645805617e-08,241428,False,12571800576.0,1.1965434551239014,4432356.0,19623.763671875,3176.902587890625,23723.533203125,-8.305943310915609e-08,-9.975267545314637e-08,-4.02702404755928e-08,10.048666262265172,,9.699559124195448,10.099397483272229,-3.452762848287773,9.982504769870417,-0.05073122100705696,-0.28294564567496927
243904,0.6090002615393302,243904,True,27603302400.0,4.84466552734375,161051792.0,94088.1015625,8644.896484375,125223.3046875,-2.170980053506355e-07,-2.573661674887262e-07,5.466109342933123e-08,243904,True,23035287552.0,2.7821860313415527,77018144.0,32525.763671875,4208.72021484375,41355.109375,-4.83898077163758e-08,-6.099490690303355e-08,7.277029645536004e-09,10.440961043235525,-2.2339954817210326,9.413065344729082,10.362393637967791,-2.4758005892779433,9.695814389265953,0.07856740526773365,-0.282749044536871
245320,0.6455451186602607,245320,False,1522671488.0,0.5931854248046875,0.0,67916.90625,196475.03125,164749.109375,4.825459853918801e-08,-7.349308361881413e-07,-7.545538664999185e-07,245320,False,7193647104.0,0.9778341054916382,538555.0625,24007.228515625,691.4920043945312,53498.3359375,3.4302338747238537e-08,-1.2891665335246216e-07,-6.10214279106458e-09,9.182606215655047,,9.522820508538254,9.856949128986432,-4.125719016306185,9.871551357818511,-0.674342913331385,-0.34873084928025655
245505,0.6102369265141454,245505,False,188967436288.0,7.3394775390625,1964343936.0,67930.1640625,196472.75,164763.453125,-7.163015425248886e-08,-5.307282435751404e-07,-6.58686929000396e-07,245505,True,153360351232.0,2.7109782695770264,934588480.0,24031.875,649.7510375976562,53500.07421875,-6.091728010915176e-08,-8.711542420769547e-08,4.557878341415744e-08,11.27638697105743,-1.98316944054456,9.977889252432231,11.185713094509708,-2.2150926710241383,10.536024039887751,0.09067387654772219,-0.5581347874555203
246865,0.6617600857676199,246865,False,2898932480.0,0.54168701171875,0.0,52217.7109375,2073.63525390625,180916.609375,3.314538616905338e-07,-8.993121980438445e-08,-2.995505496983242e-07,246865,False,13489307648.0,0.720977783203125,5881212.0,18768.73828125,3365.0732421875,60836.38671875,-2.9105125420869626e-08,-1.1114047993032727e-07,-2.6264015673405083e-07,9.462238100175657,,9.861615466528564,10.129989659651928,-3.360522824958153,10.343106836319555,-0.6677515594762706,-0.48149136979099083
247485,0.6430505535495931,247485,False,2781803776.0,0.804901123046875,0.0,50025.12109375,39157.30078125,27600.900390625,2.9569110893135075e-07,-6.458075745285896e-07,2.2092274676310808e-08,247485,False,5212221952.0,0.7476806640625,0.0,18242.95703125,14703.966796875,8442.7470703125,-7.98615786834489e-08,-1.1389533227657012e-07,-3.93889791894253e-08,9.444326492296591,,9.585712692277545,9.717022900992289,,9.906448676885066,-0.27269640869569756,-0.32073598460752173
249079,0.641643288767492,249079,False,5739300352.0,3.536224365234375,0.0,68465.0234375,42011.984375,43081.9921875,-3.55431495790981e-07,-1.280287165172922e-07,-2.094849804734622e-07,249079,True,21942087680.0,3.8706462383270264,53607676.0,22454.44140625,15233.3203125,15154.7001953125,1.2128163007218973e-07,-4.1528554817205077e-08,-3.0558705788052976e-08,9.75885895306252,,8.936049234773266,10.341277946154378,-2.612050966055601,9.459602725638034,-0.5824189930918582,-0.5235534908647672
250132,0.6367544063618816,250132,False,47241859072.0,3.314971923828125,166237184.0,89732.515625,28052.6953125,85483.515625,-2.2029432500403345e-07,-1.194193970377455e-07,-4.655827297028736e-07,250132,True,29204060160.0,1.018524169921875,30921640.0,29434.39453125,11656.8798828125,27416.591796875,3.918553659332247e-08,-9.323613880951598e-08,7.229947840414752e-08,10.674326979729468,-2.453598806251323,9.89360719798396,10.465443234410893,-2.975180714751207,10.453486225291522,0.208883745318575,-0.5598790273075629
252431,0.6610079472497637,252431,False,28110858240.0,2.47955322265625,0.0,59954.0703125,33976.62890625,168365.859375,-4.76456335718467e-07,-1.518580319270768e-07,-2.972485013685855e-08,252431,False,36856459264.0,1.6504924297332764,30349724.0,18226.896484375,14077.3271484375,55360.56640625,1.4132349690498813e-07,-2.681037472029857e-07,7.683307501338277e-08,10.448874105059817,,9.857313953023025,10.566513610970754,-3.084358865009955,10.240093305913643,-0.11763950591093675,-0.3827793528906174
254368,0.60241394492698,254368,False,1788651008.0,2.803802490234375,0.0,72004.0859375,34319.671875,173479.5625,-9.821268349696766e-07,-8.089633496410897e-08,1.240216818132467e-07,254368,False,1786210816.0,1.59454345703125,38202.26171875,25750.615234375,13205.3046875,59354.62890625,5.045133377734601e-08,-2.1684489581730304e-07,-9.372376297278606e-08,9.25252561162094,,8.580904485922138,9.251932714811408,-4.669843639258453,8.947978175076349,0.0005928968095307852,-0.36707368915421057
258026,0.6757229738568599,258026,False,29282144256.0,2.338409423828125,0.0,78106.5234375,68489.953125,72921.9921875,-2.6060530444738106e-07,-5.888830401090672e-07,5.647900707117515e-07,258026,False,38613389312.0,1.4546712636947632,46287140.0,26554.728515625,22616.17578125,25601.005859375,-3.461625652789735e-08,-8.220902714128897e-08,-1.563746963029189e-07,10.466602875817081,,9.91322204696695,10.58673792373998,-2.921277576411274,10.342590634266394,-0.12013504792289886,-0.42936858729944305
271684,0.6642799875957334,271684,True,19521429504.0,1.735687255859375,27604522.0,93001.9765625,113761.5234375,137800.328125,-6.367170612975315e-08,3.996166526576417e-07,-6.218050430106814e-07,271684,True,22449643520.0,0.9320577383041382,17004996.0,31340.482421875,36003.78515625,48434.53125,-1.6799544866330507e-08,8.216751723466587e-08,-9.849420479213222e-08,10.2905116167614,-2.849531385464908,9.931304404703223,10.351209449191186,-3.120632915079349,10.397045224463557,-0.06069783242978666,-0.46574081976033455
273895,0.6836118974326965,273895,True,14074950656.0,2.44140625,44838284.0,45873.3984375,120439.0859375,191148.109375,-1.80428727958315e-07,4.801124759978848e-07,-3.850401242289081e-07,273895,True,14875329536.0,1.5996297597885132,28748356.0,16323.5439453125,38040.87109375,65353.578125,-4.271764098007225e-08,9.05897863390237e-08,-6.588376066929413e-08,10.148446880975285,-2.4967978975606337,9.566986802926948,10.172466595515285,-2.71385358129112,9.866437382675922,-0.024019714539999626,-0.2994505797489744
276701,0.6864561573361443,276701,False,1993625984.0,0.6389617919921875,0.0,61676.23046875,142651.0625,108268.4765625,-5.44750150766049e-07,1.5892094040736993e-07,7.594688327117183e-07,276701,False,5329350144.0,0.6726583242416382,0.0,20696.521484375,47885.25,31765.783203125,-4.2044064230140066e-08,3.8151625858517946e-08,3.2912504366322537e-07,9.299643685409592,,9.59143135127779,9.726674254789893,,9.984982473261013,-0.4270305693803014,-0.39355112198322395
278070,0.6284698774399505,278070,False,3684669952.0,1.3408660888671875,0.0,54776.125,147257.5625,111918.2890625,-1.946669669905532e-07,-1.2384002445742226e-07,9.299802172790805e-07,278070,True,18740572160.0,0.514984130859375,14107283.0,17355.48046875,48498.375,35425.12109375,3.429204653571105e-08,-5.5715169366976625e-08,7.772853649612443e-08,9.566398592752845,,9.375320481646574,10.272782846004135,-3.123339467382977,10.705092076189118,-0.7063842532512901,-1.3297715945425441
278766,0.6437918164152011,278766,False,4499689472.0,1.2645721435546875,0.0,59440.30078125,141942.25,117475.28125,3.788104407931314e-08,-5.555443660654191e-09,6.707250577164814e-07,278766,False,5700257792.0,0.9396871328353882,607661.6875,23234.328125,46311.40234375,37666.65625,-1.3435730750188668e-07,-4.0137830836783905e-09,9.76446372646933e-08,9.653182543719744,,9.500267127536048,9.755894496920108,-3.9722326415697657,9.796419576787423,-0.10271195320036419,-0.29615244925137496
280889,0.6612462848563534,280889,False,27173830656.0,1.2950897216796875,73815408.0,44045.6875,144347.625,182934.9375,-7.194335012172814e-07,-9.629872010918916e-08,-3.1041506076689984e-07,280889,True,33967288320.0,0.698089599609375,35077568.0,16331.466796875,46682.33984375,62930.15234375,-1.4890682464852034e-08,1.2015421191335918e-07,-8.30263502393791e-08,10.434150864604765,-2.566003840031919,10.265701079607478,10.531060877612822,-2.9860314024055223,10.76519412594467,-0.09691001300805624,-0.49949304633719294
284458,0.7116675477635107,284458,False,22761988096.0,1.6536712646484375,0.0,56173.046875,147072.015625,111935.34375,3.061301754314627e-07,1.5139404752062546e-07,9.419379694008967e-07,284458,False,28149901312.0,0.84686279296875,61767024.0,17663.4296875,49380.1640625,33849.84765625,-2.326710557554179e-07,1.5570226707950496e-07,3.1184335114176065e-08,10.357210191880084,,10.029536422089233,10.449476876639267,-2.6587201995611442,10.5577572978908,-0.09226668475918309,-0.5282208758015674
297376,0.6866315743227543,297376,False,12513236992.0,1.5735626220703125,31722324.0,150108.203125,5916.2978515625,57065.921875,-3.001401296387485e-07,7.218720554647007e-08,-4.923848564430955e-07,297376,False,13938300928.0,0.90789794921875,24478044.0,50559.47265625,2066.107177734375,18816.205078125,1.7298572174695437e-07,7.143495128758559e-09,-4.675182552205115e-08,10.097369669878624,-2.596004673345163,9.8020436234772,10.144209836705548,-2.7554331255990987,10.207154284048272,-0.04684016682692338,-0.40511066057107215
297402,0.6129226881775187,297402,False,2259605504.0,2.109527587890625,0.0,123607.453125,21034.7890625,63093.32421875,-1.5074984105467593e-07,1.0670072470020386e-07,1.2489300615925458e-07,297402,False,23816144896.0,0.90789794921875,8445306.0,41283.42578125,5947.7041015625,19414.470703125,-1.8513084398819046e-07,2.0463923533498019e-07,3.003808035639821e-10,9.354032623930246,,8.867754809900692,10.376871463868339,-3.450256073821128,10.439815911211063,-1.0228388399380925,-1.5720611013103714
302055,0.6525797723623922,302055,False,13723565056.0,1.8177032470703125,0.0,143711.265625,34516.4609375,48574.46875,2.794052988974727e-07,-1.0160933072711487e-07,5.215254077484133e-07,302055,True,16280872960.0,0.591278076171875,19426110.0,47943.25390625,11238.53125,14421.3291015625,-3.354039890268723e-08,-2.3217840094957864e-08,1.0041433995411353e-07,10.137466945410628,,9.748182470876602,10.211677687503228,-2.923291843911763,10.553990023175283,-0.0742107420925997,-0.8058075522986812
307424,0.7067396675858966,307424,False,18564880384.0,2.513885498046875,92421768.0,105353.3125,40079.75,178428.109375,-4.216993829686544e-07,-2.4090144279398373e-07,1.4021540550857026e-07,307424,True,20146116608.0,1.6072591543197632,60775700.0,35897.59765625,12393.9287109375,58874.44140625,-3.767543788057992e-08,1.0551165985361877e-07,-4.83727475852902e-08,10.26869215535393,-2.3029178831718964,9.668173916390408,10.304191343367666,-2.520461373723349,9.995062481349445,-0.03549918801373586,-0.3268885649590363
308423,0.6387986712863496,308423,False,33772072960.0,1.2683868408203125,70917696.0,92728.2578125,61498.80859375,33016.8046875,-1.980479709118299e-07,-1.0513450661164825e-06,-6.810616923758062e-07,308423,True,38808604672.0,0.6326040029525757,22914804.0,35071.10546875,18635.533203125,10512.3056640625,-1.462375394112314e-07,1.1363188434643234e-07,6.784474493315429e-08,10.528557718836739,-2.677803101196356,10.373680127305546,10.588928028358554,-3.228811881466053,10.887230124823219,-0.0603703095218151,-0.5135499975176732
312471,0.6396887980419201,312471,False,29711616000.0,3.498077392578125,375177472.0,148006.28125,53862.671875,113250.8984375,9.748789580044104e-07,5.093421009405574e-07,2.4197777293011313e-07,312471,True,39823716352.0,2.44140625,230901920.0,48947.62890625,17814.435546875,38580.62890625,2.7983219297311734e-08,1.2482354705412035e-08,-1.0965082708480622e-07,10.47292627350668,-1.8986895207714605,9.65718215292914,10.600141785974042,-2.236714241788185,10.018681707925705,-0.1272155124673624,-0.3614995549965645
316144,0.6214114278046751,316144,False,17959714816.0,5.218505859375,92574280.0,124922.2421875,66017.171875,57722.6171875,-2.3831704254462238e-07,-1.339150799140043e-06,-8.790308356765308e-07,316144,True,18701529088.0,4.0130615234375,52997632.0,44972.73046875,25826.96875,19319.091796875,-1.567566698668088e-07,-1.7344991931622644e-07,2.734590331954223e-08,10.25429943618313,-2.2878090931904427,9.177980173034477,10.271877117088998,-2.547620651871381,9.36666339028991,-0.017577680905867865,-0.18868321725543247
319263,0.7263375845430561,319263,False,2081472512.0,0.8678436279296875,0.0,102989.8125,83684.859375,141735.265625,3.4488316202896385e-08,1.0061393140858854e-07,-4.007964093943883e-07,319263,False,14504422400.0,1.74713134765625,32179858.0,33954.34375,26744.12890625,48811.94921875,-6.869881019611057e-08,1.1049799297779828e-07,-5.527610014155471e-08,9.318370679952297,,9.410708461390092,10.161500438861719,-2.6539163155049383,9.798012104783407,-0.8431297589094218,-0.3873036433933148
319646,0.6831502780138443,319646,False,23191459840.0,2.323150634765625,65808572.0,115129.8515625,96885.3828125,160221.828125,-8.240917992452523e-08,2.908379315158527e-07,-2.2130375043616368e-07,319646,True,26432016384.0,1.7267863750457764,43770708.0,39267.53125,31302.197265625,54813.3515625,-4.876006443055303e-08,4.053172020235252e-08,-5.829905802556823e-08,10.365328087167601,-2.547045620151965,9.81621203114578,10.42213029483969,-2.7809467233692216,10.066272374948282,-0.056802207672088656,-0.2500603438025024
325018,0.6499127719203154,325018,False,2908692992.0,0.6160736083984375,0.0,136962.59375,101713.6171875,137987.203125,9.515441661278601e-07,8.511803457622591e-07,-3.84460065561143e-07,325018,False,20809844736.0,3.326416015625,35458848.0,45283.05859375,33558.3359375,46171.234375,4.317844215506739e-08,-2.6865036417689225e-08,-1.4160548289510189e-07,9.463697884562103,,9.779248977488912,10.318268839916097,-2.7685442179396955,9.535303995444737,-0.854570955353994,0.2439449820441748
328522,0.6718535456827563,328522,True,81677664256.0,3.871917724609375,428251360.0,97247.828125,137853.546875,20445.87109375,-3.5827764577334165e-07,-4.5853931851524976e-07,1.2882418332083034e-07,328522,True,91672633344.0,1.5741984844207764,318443328.0,33970.0546875,48255.8046875,6326.80517578125,-6.45626627715501e-08,-1.05682524065287e-07,1.9925565197809192e-08,10.912103309695471,-2.280404558864561,10.030214129249117,10.962239706863798,-2.459207552851219,10.666650471956826,-0.05013639716832685,-0.6364363427077091
339605,0.6246985665295753,339605,False,30297260032.0,5.43212890625,129939520.0,121087.0546875,167392.5,152999.640625,-6.38963939536552e-08,-2.503156224520353e-07,-5.469808073144122e-08,339605,True,30648645632.0,4.0130615234375,49947408.0,40856.81640625,55652.59765625,53569.5859375,-5.283433424096984e-08,-1.2215680689209307e-09,-1.9179702803739929e-07,10.48140335435086,-2.3676620962137713,9.378948253327097,10.486411287743671,-2.7878983321287216,9.581197560944583,-0.005007933392811026,-0.20224930761748539
340024,0.6532958707570389,340024,False,18389186560.0,5.05828857421875,104470152.0,137596.875,153949.984375,181013.796875,-4.4160256607028714e-07,-7.663390988454921e-08,-4.790090883943776e-07,340024,True,25455945728.0,4.292806148529053,58716800.0,46178.21484375,51425.7109375,61850.0,-6.091823223641768e-08,1.8391681066987076e-08,-4.276007814496552e-08,10.2645625187804,-2.245570292192782,9.20855711560476,10.40578923638896,-2.637026857400072,9.456677320345195,-0.14122671760856065,-0.2481202047404345
359382,0.6580374234559165,359382,False,17374072832.0,1.6155242919921875,39424136.0,180147.078125,56417.5625,21636.576171875,-1.3222602035511954e-07,-1.3917590990786266e-07,-5.12831888954679e-07,359382,True,19150522368.0,0.9104411005973816,27757034.0,59677.81640625,19604.4609375,7423.6923828125,1.588613507408354e-08,5.567735783529315e-08,-2.7175607542062608e-08,10.23990163774042,-2.6441394534197333,9.927431398667823,10.28218062469868,-2.838807567319764,10.343302842027715,-0.04227898695826049,-0.415871443359892
361487,0.6423251547812795,361487,True,17374072832.0,2.0599365234375,46592164.0,194464.265625,42587.5625,82648.5,6.792976847691534e-08,-4.55454312486836e-07,2.4831894052113057e-07,361487,True,17784023040.0,0.9663900136947632,27947672.0,64630.5703125,17218.814453125,26467.021484375,4.766939287748073e-09,-1.6574257699630834e-07,4.091290151109206e-08,10.23990163774042,-2.571588755765403,9.769120880933459,10.250030012339291,-2.80368437470224,10.272301362138835,-0.010128374598870948,-0.5031804812053764
372258,0.6469758089981922,372258,True,50131034112.0,2.75421142578125,172032608.0,189391.15625,122738.765625,111647.5859375,-2.4646363172564634e-08,2.905492522131681e-07,4.020532173854008e-07,372258,True,53098291200.0,1.4979045391082764,65961080.0,63245.0078125,39336.45703125,34852.65625,-8.80303385741854e-09,7.973926585691515e-08,1.1990523773874884e-07,10.700106663410242,-2.464495890152348,10.040110749983276,10.725080544916649,-2.905792787055741,10.461854339684102,-0.02497388150640667,-0.42174358970082615
376593,0.6373428868167499,376593,False,14855808000.0,1.86920166015625,34620036.0,160141.75,148486.53125,66522.8203125,1.1924107639060821e-06,4.1627728819548793e-07,-5.1405915968416593e-08,376593,True,16183265280.0,0.8875529170036316,17767552.0,53860.58984375,47714.2265625,18658.08203125,3.833500628047659e-08,-1.388091641629785e-09,1.527347706087312e-07,10.171896277842698,-2.632568762697511,9.76441204072742,10.209066153247372,-2.9594385580885834,10.28677476973684,-0.03716987540467365,-0.522362729009421
378098,0.670042916486978,378098,False,18272059392.0,2.3956298828125,0.0,158469.546875,132355.796875,103913.5390625,-1.717451709737361e-07,2.464715009864449e-07,-4.75698385571377e-07,378098,False,22332516352.0,1.617431640625,27642650.0,54298.26953125,43644.16015625,33985.53125,-4.0499770648239064e-07,7.934469437032021e-08,1.3841832924299524e-07,10.261787498210673,,9.69265791553237,10.348937660653936,-2.907357985728551,10.03569875869233,-0.08715016244326357,-0.34304084315995986
378100,0.6586082152445699,378100,False,9077465088.0,1.4095306396484375,16966868.0,156480.25,135662.53125,96148.8203125,-7.817556735290054e-08,1.7222299675268005e-07,3.504659105146857e-07,378100,False,10990565376.0,0.6173452138900757,11323955.0,52907.5625,42836.359375,30433.658203125,1.2517067204953491e-07,2.210035034977409e-07,1.7770327076505055e-07,9.95796458728825,-2.728362906187643,9.734352806119476,10.041020033948639,-2.987021899084831,10.35522790565848,-0.08305544666038855,-0.6208750995390044
383198,0.6782191570767805,383198,False,14484900864.0,3.200531005859375,0.0,161216.59375,158553.640625,49281.5078125,3.3272904431669303e-08,1.6777281075519568e-07,2.009889499277051e-07,383198,False,18740572160.0,2.2074382305145264,38280304.0,53743.4609375,52521.14453125,15000.470703125,1.4604587761368748e-08,-1.2115573611026775e-07,1.0406671435703174e-07,10.160915527198387,,9.403082468882829,10.272782846004135,-2.68980746797043,9.756950006297009,-0.11186731880574818,-0.35386753741418
385504,0.6768635965721616,385504,False,10131621888.0,2.18963623046875,0.0,155278.75,149458.890625,73444.4453125,-1.372342666172699e-07,4.509468851665588e-07,-2.565058423442679e-07,385504,False,17374072832.0,1.7115275859832764,31569812.0,52143.625,49308.5859375,25184.04296875,3.177782730290346e-07,-7.604583629472472e-08,2.242022789644693e-09,10.005678973556401,,9.495121017886932,10.23990163774042,-2.7406296420884844,9.889825782666504,-0.23422266418401883,-0.39470476477957206
386766,0.6696043343421879,386766,True,13665001472.0,3.99017333984375,70765184.0,173734.109375,170222.515625,144497.015625,1.3601122361706075e-07,-5.4189499110179895e-08,-2.4285716904159926e-07,386766,True,12532758528.0,2.8889975547790527,50481196.0,57402.4140625,57143.8984375,49338.86328125,9.689848923244426e-09,-1.879086219958026e-08,-5.766225541492531e-08,10.135609682811076,-2.2857900425738404,9.234122038941685,10.09804667208228,-2.3949170364237125,9.406925910690031,0.03756301072879609,-0.17280387174834644
389228,0.6204523621508219,389228,False,25846372352.0,3.787994384765625,0.0,9910.5908203125,167455.203125,187078.484375,6.285360427682463e-07,4.6051334834373847e-07,-6.805887551308842e-07,389228,False,39159988224.0,3.1636557579040527,35763868.0,758.9100341796875,55836.6015625,65845.5,-3.604569753790088e-09,-2.2957652845434495e-07,-1.2638504642836779e-07,10.4123995966344,,9.54478560681882,10.59284255253221,-3.0393980692480507,9.842558720781838,-0.18044295589781,-0.297773113963018
413656,0.6699043556650096,413656,False,5778343424.0,0.9317398071289062,0.0,27227.646484375,18627.685546875,13865.78125,-6.313779294941924e-07,-7.855007879697951e-07,4.705802325588593e-07,413656,False,14875329536.0,1.1749267578125,12544044.0,8630.439453125,7914.15576171875,5361.42138671875,1.5864453928315925e-07,8.240070314968762e-08,9.66587521133988e-09,9.761803349677777,,9.807861374019053,10.172466595515285,-3.0740290268232253,10.067450403692112,-0.41066324583750813,-0.25958902967305875
415368,0.6877238228986977,415368,False,25885415424.0,2.201080322265625,77628184.0,20153.705078125,41530.18359375,11301.3359375,-1.0173483815378859e-06,-1.2637609643206815e-06,-7.290323082997929e-07,415368,False,30297260032.0,1.44195556640625,54675256.0,7578.62744140625,15107.7001953125,4230.8759765625,-2.057757910733926e-07,-9.655429522581471e-08,5.1334179573814254e-08,10.41305513918085,-2.523035712594969,9.899101302374746,10.48140335435086,-2.743612529186644,10.242975537522515,-0.06834821517001011,-0.34387423514776927
415381,0.6453416373556711,415381,False,14231122944.0,1.438140869140625,0.0,26133.560546875,18367.275390625,12448.3466796875,8.91189927187952e-07,-6.068066795705818e-07,9.921669743562234e-07,415381,False,16476087296.0,0.7832845449447632,5833552.5,9967.513671875,7158.01953125,6165.5341796875,1.5443005452198122e-07,-4.4934896692439e-08,1.3798055142899557e-08,10.153239170579084,,9.916537028197888,10.216854084332612,-3.4509209736083934,10.375974748044982,-0.06361491375352735,-0.45943771984709336
423945,0.6160925936924683,423945,True,30882902016.0,1.556396484375,110875624.0,22558.271484375,39029.078125,162753.0625,-4.097868000485505e-08,-1.8804949775130808e-07,1.624062377914015e-07,423945,True,32054188032.0,0.7731119990348816,50557452.0,7677.240234375,13986.318359375,53489.453125,-2.4121020736345145e-09,-5.133351521635632e-08,3.683403804188856e-08,10.489718103526322,-2.4448820265016984,10.201537741818994,10.505884780199999,-2.8020996019949793,10.673521159556474,-0.016166676673677216,-0.47198341773748
435755,0.653036736824823,435755,False,10248751104.0,1.1444091796875,0.0,18426.15234375,46441.2734375,175479.046875,6.021974172654154e-07,-1.5697020216975943e-07,-2.5843062800845473e-08,435755,False,20380372992.0,0.8557637929916382,7778070.0,6526.4580078125,17074.84765625,58298.94921875,-1.5137720765778795e-07,-9.206507911585504e-08,-7.571252069737966e-08,10.010670946202776,,9.922798947050774,10.309212127996465,-3.4183402806639482,10.410681266418521,-0.2985411817936896,-0.4878823193677473
436157,0.632480981104096,436157,False,26783401984.0,2.7923583984375,0.0,18478.0859375,46463.28125,175442.796875,-8.860898788043414e-07,-8.80468689956615e-07,-2.0081540696992306e-07,436157,True,42166288384.0,5.009969234466553,0.0,5910.3623046875,16988.80078125,57474.09765625,5.03921775418803e-08,-6.325810630869455e-08,1.6172585048934707e-07,10.427865739555836,,9.758909000895741,10.624965374662253,,9.575212786263311,-0.19709963510641693,0.18369621463243035
436370,0.6540751918889693,436370,False,1434825088.0,2.605438232421875,0.0,18818.126953125,46450.65234375,175126.9375,-2.492366775186383e-07,-7.485007245122688e-07,2.8528762641144567e-07,436370,False,2142476928.0,1.36566162109375,113340.8203125,6278.134765625,17152.9453125,57936.078125,2.3322659359337194e-08,2.6116206086612692e-08,1.5070230574565358e-07,9.156798961734559,,8.532977789139752,9.330916153770854,-4.276529802215836,9.127901496732534,-0.17411719203629517,-0.5949237075927822
440402,0.6630611435285877,440402,True,28032774144.0,3.322601318359375,96387064.0,35482.3203125,71943.046875,31751.572265625,9.061271555310668e-08,-9.672627498957809e-08,1.918964187552774e-07,440402,True,30492473344.0,2.4007163047790527,47430976.0,11347.8505859375,25132.30078125,9266.91796875,1.0995662158563846e-08,-7.093748166653313e-08,6.887690062740148e-08,10.447666077989167,-2.463647326351855,9.665448728405163,10.484192652836537,-2.8081305914979016,9.913681389770039,-0.036526574847369986,-0.24823266136487554
440671,0.6303379458585948,440671,False,10287793152.0,1.7299652099609375,0.0,53050.6015625,87978.0078125,44553.73828125,5.69342091694125e-07,-1.0591648447189073e-07,-7.62880574711744e-07,440671,False,18857701376.0,1.6632080078125,9303181.0,15290.6611328125,28850.109375,14335.677734375,-2.1102344760492997e-08,-2.50583241268032e-07,1.3121493225298764e-07,10.012322223674229,,9.65526616950755,10.275488754119316,-3.306857283572244,9.944068903143929,-0.263166530445087,-0.28880273363637876
441113,0.6457809342363422,441113,False,1634919808.0,0.732421875,0.0,53014.40625,87867.8046875,44699.703125,-3.964809707213135e-07,1.0315062581867096e-06,1.175003347952952e-07,441113,False,7037475328.0,1.2804667949676514,229362.5,15293.830078125,28932.623046875,14352.2412109375,2.717788163408841e-07,-7.455478368001422e-08,-2.301013601879731e-08,9.213496455591288,,9.416354495463457,9.847416885311304,-4.486894471634266,9.686364404055782,-0.6339204297200158,-0.2700099085923249
446417,0.6054659357526995,446417,False,2110754560.0,0.9222030639648438,0.0,33758.2265625,115824.4375,145864.4375,1.0318321983504575e-06,1.2297999774091295e-06,3.434915925026871e-07,446417,False,3943328768.0,0.9791057109832764,327660.71875,9972.7392578125,34243.62109375,47904.08203125,1.250559620302738e-07,4.618506181941484e-07,8.58438866657707e-08,9.324437736180814,,9.377197894975748,9.595862987110241,-4.080438607530318,9.609618611481743,-0.27142525092942726,-0.23242071650599527
452771,0.7014374426816287,452771,False,2298648320.0,0.6914138793945312,0.0,52215.02734375,117369.640625,56642.546875,1.6031864902288362e-07,2.6395301233606006e-07,-3.2882726941352303e-07,452771,False,18779615232.0,1.60980224609375,31951090.0,17419.552734375,39468.921875,18621.9140625,1.279363104345066e-08,-2.864923089873628e-07,3.568719719737601e-08,9.361472531788456,,9.601865391851401,10.273686689935893,-2.7692010113879353,9.963527896420874,-0.912214158147437,-0.36166250456947324
458066,0.6516674627343886,458066,False,3845721600.0,5.0506591796875,0.0,33871.46484375,115994.625,146382.5625,-9.54724370672011e-08,-5.28610939909413e-07,-1.270403913622431e-06,458066,False,27290959872.0,3.5909018516540527,86016304.0,10944.7060546875,38542.88671875,50494.65234375,-1.60750147415456e-07,-1.2644382252346986e-07,2.849593556675245e-07,9.584977841535316,,8.529955746807287,10.436018810854282,-2.501438033260368,9.603213508456557,-0.8510409693189658,-1.0732577616492698
458677,0.686697642801295,458677,False,19462864896.0,1.8520355224609375,60318168.0,33577.16796875,115626.359375,145665.609375,1.2989920605832594e-06,6.416191240532498e-07,2.4825083073665155e-06,458677,True,22371559424.0,1.28173828125,47507232.0,7008.5849609375,34649.62109375,48343.46875,2.0016162238789548e-07,9.356335084476086e-08,-6.195630675165376e-08,10.289206767943998,-2.5087586253935075,9.887732799505454,10.349696257929153,-2.6729365308596864,10.187997224771879,-0.06048948998515513,-0.30026442526642505
460550,0.6869908876345444,460550,False,20653672448.0,1.453399658203125,0.0,33856.0546875,115509.9296875,145821.96875,-7.015040068836242e-07,6.823314038229e-07,-1.4868357993691461e-06,460550,False,24948387840.0,0.4374186396598816,32065474.0,9372.8037109375,37534.26171875,51163.44921875,2.4170839196813176e-07,1.868932599791151e-07,-1.1222232387808617e-07,10.314997285149595,,10.071419704563658,10.39704248684064,-2.891004822688335,10.935696558400862,-0.08204520169104512,-0.8642768538372039
471061,0.6833864921403746,471061,False,18545358848.0,1.529693603515625,0.0,25871.658203125,148093.5,128114.2421875,4.6093117589407484e-07,1.6954902548604878e-07,2.889226209390472e-07,471061,True,21903044608.0,0.8672078847885132,25926900.0,4070.505126953125,49088.0234375,39989.08984375,1.1395833610094996e-07,-6.54428831126097e-08,1.6424247917257162e-07,10.26823524123424,,9.99132856523146,10.340504487650636,-2.9267538950377796,10.433319660823118,-0.0722692464163952,-0.44199109559165883
481813,0.6063854464961596,481813,True,21903044608.0,2.689361572265625,67181168.0,24023.044921875,175381.671875,21350.607421875,2.273654757800614e-07,2.06209335829044e-07,-4.316426895911718e-07,481813,True,22254430208.0,1.3758342266082764,37822772.0,6577.5927734375,57330.59375,9260.3583984375,7.607149399291302e-08,5.873095787478633e-08,-1.005702330303393e-07,10.340504487650636,-2.5132569375116867,9.696030695091029,10.347416479288535,-2.7696631245260064,10.139567315510206,-0.006911991637899462,-0.4435366204191773
482149,0.6481326706955381,482149,False,13469787136.0,1.3561248779296875,42855640.0,41535.97265625,179942.140625,50556.5859375,2.5507071654828906e-07,-1.3360917705540487e-07,1.447931765596877e-07,482149,False,17022687232.0,0.5251566767692566,30502234.0,13331.373046875,57648.5703125,16368.4521484375,1.5354714832938043e-07,2.849127156423492e-07,-2.2351562734002073e-07,10.129360732590762,-2.497352747412214,9.930911207919577,10.231028119667961,-2.7466964711952,10.650594782544395,-0.10166738707719958,-0.7196835746248187
492195,0.6102281962673806,492195,False,6080925696.0,1.373291015625,0.0,14082.5390625,170225.765625,183697.203125,-4.67511370061402e-07,8.889333571460156e-07,1.487756975393495e-07,492195,False,16749386752.0,1.8157958984375,12849066.0,4749.5986328125,54350.78515625,63153.9140625,1.6483919296206295e-07,6.488416914862682e-08,-1.527741844142838e-08,9.783969696717335,,9.577325828493896,10.22399891077,-3.1151273508683226,9.835398364616752,-0.4400292140526645,-0.25807253612285663
496129,0.6820498448598892,496129,True,11634771968.0,1.461029052734375,27108860.0,13884.4765625,2940.3857421875,14024.529296875,5.944343115515949e-07,5.344409146346152e-07,-3.076137033986015e-07,496129,True,12630365184.0,0.6453196406364441,19788324.0,1872.9947509765625,65641.2890625,6061.56640625,1.1609418493208068e-07,7.320278427869198e-08,-6.020684395480203e-08,10.065757875890066,-2.6326466211690143,9.818769597864623,10.101415907570633,-2.8050068949900644,10.386753582643042,-0.03565803168056725,-0.5679839847784187
496354,0.6951702056938576,496354,False,1123702272.0,0.6036758422851562,0.0,31992.349609375,191889.421875,15508.833984375,-3.583982959298737e-07,3.4159333495153987e-07,-4.880945425611571e-07,496354,False,4338637824.0,1.4928182363510132,0.0,11341.990234375,62403.5703125,6655.23046875,1.417251382918039e-07,-2.926132403047177e-08,-7.835306803372077e-08,9.05065125895955,,9.379445563852952,9.63735339808884,,9.376343000388095,-0.5867021391292901,0.0031025634648571554
496985,0.6628986367088184,496985,False,36622200832.0,1.8749237060546875,97454640.0,31972.65625,192095.78125,15556.8916015625,-1.4785909741021896e-07,2.3172472651822318e-07,-5.480879963215557e-07,496985,False,44977373184.0,0.9930928945541382,57039180.0,11420.1396484375,62509.53125,6820.9599609375,1.1262938670597578e-07,-6.356944481922255e-08,-2.3557794293083134e-07,10.56374443992397,-2.5749419183951807,10.154269039599232,10.652994087715742,-2.8968208142806797,10.657509275840766,-0.08924964779177103,-0.5032402362415347
503246,0.6209744491158872,503246,False,1603197440.0,2.0294189453125,0.0,39284.22265625,187186.109375,87316.6015625,7.080686259541835e-08,-1.8092040932060627e-07,2.3862494913373666e-07,503246,True,37442101248.0,0.7998148798942566,118958712.0,12363.814453125,63465.1328125,28414.236328125,8.726593136998417e-08,-8.03818949179913e-08,-1.5141990772349345e-08,9.204987010702395,,8.743929445187316,10.573360213324738,-2.497963960015959,10.718875993981346,-1.3683732026223439,-1.9749465487940299
503453,0.623574460789296,503453,True,76445917184.0,2.60162353515625,461803840.0,20366.6640625,186783.015625,103398.1953125,-7.654470124407453e-08,-1.0894322599597217e-07,1.706855812244612e-07,503453,True,76445917184.0,0.919342041015625,190638960.0,7171.6337890625,63013.80078125,33711.8515625,-1.8294805670393544e-08,-3.965533323935233e-08,2.9979318583173153e-08,10.883354295610882,-2.218896755761044,10.260487616553656,10.883354295610882,-2.6031426354892955,10.938138614676072,0.0,-0.6776509981224166
537268,0.6380915598157948,537268,False,25768288256.0,1.39617919921875,41635548.0,61432.96875,17073.986328125,139210.625,6.541065999954299e-07,-4.626710961019853e-07,3.263399150910118e-07,537268,True,27993731072.0,0.7349650263786316,12772811.0,20346.888671875,8374.322265625,46720.4140625,-1.0234094460770393e-08,-1.2490640699525102e-07,-1.7694937071155437e-08,10.411085570057908,-2.7916212849158826,10.193673824893784,10.447060786140048,-3.340774300196627,10.6476607759059,-0.03597521608213938,-0.4539869510121157
541846,0.6490138629232616,541846,False,18779615232.0,1.544952392578125,0.0,72178.0078125,34470.3125,173773.828125,-3.5653124541568104e-07,7.567714987999352e-07,-1.1498347021188238e-06,541846,False,22020173824.0,0.5505880117416382,10656718.0,25895.544921875,13225.3916015625,59068.19140625,1.8413352620427759e-07,-4.497265848613097e-08,2.1571437969214458e-07,10.273686689935893,,9.990314038041383,10.342820742905763,-3.3151972693553287,10.731580616367566,-0.0691340529698703,-0.7412665783261829
543981,0.6077626566056297,543981,False,4143423488.0,0.91552734375,0.0,94396.59375,59994.109375,32751.015625,-5.031396312915604e-07,4.151586665557261e-07,2.381422632424801e-07,543981,False,5270786048.0,0.6612142324447632,81170.5,28421.71484375,20588.375,9782.115234375,2.3287331885057938e-07,-1.988683351328291e-07,-9.682842305736017e-10,9.61735932361988,,9.674852343979962,9.72187538767031,-4.812477166495959,9.991362098075957,-0.10451606405043101,-0.31650975409599447
545747,0.6903547198039267,545747,False,1288414336.0,0.8392333984375,0.0,94116.5,60739.02734375,33376.30859375,-2.0781493503818638e-07,2.452532044117106e-07,3.73927292685039e-07,545747,False,5065810944.0,1.51824951171875,0.0,31073.71875,20788.82421875,10720.056640625,2.5432240136069595e-07,-9.119354160702642e-08,-1.062174703747587e-07,9.110055548506436,,9.224231410200618,9.70464897789242,,9.432634252709379,-0.5945934293859843,-0.20840284250876095
545783,0.6829272630534752,545783,False,13879736320.0,2.76947021484375,29973.509765625,94389.6015625,60998.12109375,34130.63671875,7.90702259223508e-08,4.601872092280246e-07,-2.1089203272595114e-08,545783,False,16007572480.0,2.0472209453582764,30959768.0,31657.41015625,19319.19140625,10252.216796875,-2.2840099234144873e-07,1.2188449716177274e-07,-1.3829158262979035e-07,10.142381215696881,-5.665643615807711,9.478786167574233,10.20432547692399,-2.713527779328424,9.737578402594316,-0.06194426122710972,-0.2587922350200831
547265,0.6033446959629175,547265,False,6227336192.0,1.186370849609375,0.0,79046.546875,68111.0546875,72949.4921875,-1.2633947221729613e-07,2.473165068295202e-07,5.6911332535491965e-08,547265,False,8081871872.0,0.6326040029525757,702981.1875,24718.189453125,23623.904296875,24228.697265625,-5.6928545433265754e-08,-2.76642690977269e-08,1.395065822862307e-07,9.794302312387403,,9.68297161177464,9.907511960963785,-4.060568257955712,10.20581405742845,-0.11320964857638138,-0.5228424456538097
561091,0.6546967874871191,561091,False,44430774272.0,2.18963623046875,0.0,74899.2265625,76621.6953125,82450.84375,2.8219068326507113e-07,-5.947153454144427e-07,7.161467578953307e-07,561091,True,59735576576.0,1.0922750234603882,201924784.0,22433.193359375,25975.158203125,28448.896484375,1.1976051439432922e-07,-1.211607969509032e-08,-4.618391713506753e-08,10.647683881530925,,10.137125925861458,10.776233059919262,-2.4710434329327304,10.718735055480252,-0.12854917838833657,-0.5816091296187942
571874,0.7033460608211456,571874,False,2820846592.0,0.6399154663085938,0.0,52210.15625,117294.6640625,56611.7421875,-1.3300540047112008e-07,-7.4034034014403e-08,-6.016084057591797e-07,571874,False,8033068544.0,1.44195556640625,37022088.0,17439.62890625,39393.64453125,18596.103515625,-1.7458621215382664e-08,-2.172664608224295e-07,3.429042649827352e-08,9.450379468268276,,9.741195557934223,9.904881472696502,-2.336420563916938,9.666453655868155,-0.4545020044282264,0.07474190206606757
581214,0.6771729679376576,581214,False,10151143424.0,1.6193389892578125,0.0,96295.2109375,125934.21875,173782.84375,-1.1777239024013397e-06,2.570088781794766e-07,6.190136332406837e-07,581214,False,16085658624.0,0.9816488027572632,16299631.0,31301.025390625,40335.12109375,59342.17578125,-3.474794496582945e-08,2.1156246532427758e-07,-8.782563298836976e-08,10.006514963900965,,9.692508304958501,10.206438847700712,-2.9942610749825076,10.218504635834206,-0.19992388379974635,-0.5259963308757047
586019,0.6714912439164086,586019,False,10678221824.0,1.3408660888671875,23982382.0,78787.5234375,134772.34375,72948.4765625,9.312009296991164e-08,-1.5533659336597339e-07,-8.51228350029487e-08,586019,True,12181371904.0,0.545501708984375,15899290.0,27309.0859375,44629.73046875,22864.662109375,-8.335548784543789e-08,4.630668826166584e-08,1.4142409554551705e-07,10.02849893843035,-2.6486066221329088,9.837420827324076,10.085696202646991,-2.8843184717835757,10.48050202937689,-0.05719726421664184,-0.643081202052814
586754,0.662269889249979,586754,False,2013147520.0,1.773834228515625,0.0,56059.31640625,146822.28125,111965.546875,-8.27452595331124e-07,4.57960737776375e-07,8.517507126271084e-07,586754,False,3479694848.0,1.1202495098114014,217447.5625,17651.900390625,49257.63671875,33916.4375,-2.383263080218967e-07,9.95584557017537e-08,1.2861833909028064e-07,9.30387560041004,,8.930506054002601,9.54154116014184,-4.20418661638023,9.467569016316103,-0.23766555973180026,-0.5370629623135024
587227,0.6168696639388952,587227,False,35997515776.0,3.11279296875,245542992.0,61753.6640625,142569.0,108117.796875,-2.0584334947670868e-07,3.2735238164605107e-07,1.9929627796955174e-06,587227,True,42634801152.0,1.1469523906707764,78543256.0,22197.30078125,46606.80859375,32225.39453125,-3.587906149959963e-08,1.2849824315708247e-07,1.2130990967307298e-07,10.556272530711688,-2.1661449871907608,9.816547175508388,10.629764241781837,-2.7346553408555514,10.540446155337213,-0.07349171107014918,-0.7238989798288245
590734,0.6033133299434295,590734,False,30180130816.0,2.43377685546875,57649224.0,59087.18359375,141946.515625,117708.1015625,-8.824077326607949e-07,6.659751647930534e-07,3.582404701774067e-07,590734,True,27837558784.0,1.4394124746322632,10237312.0,23686.892578125,47285.1796875,37134.26171875,-1.6906625432966393e-07,-6.699902144191583e-08,9.134826228773818e-08,10.479721117896291,-2.7189276521421766,9.90029998274204,10.444631147133784,-3.4344452077608913,10.207353253878685,0.03508997076250786,-0.3070532711366454
591516,0.6236500712661729,591516,False,104322523136.0,7.01141357421875,901646080.0,105576.671875,126381.6796875,146902.53125,2.466073567575222e-07,-1.450363953381384e-07,2.794146496398753e-07,591516,True,35646132224.0,6.0526533126831055,0.0,34032.30859375,42466.62109375,49150.0546875,5.031985494952096e-08,-5.4779409452976324e-08,-6.227433146932526e-08,11.018378082325638,-2.0633419834376117,9.749669704677991,10.552012413713792,,9.379093715425663,0.4663656686118465,0.3705759892523286
600989,0.6187741132299455,600989,False,52551688192.0,3.35693359375,0.0,56080.46875,147013.453125,111949.7734375,-2.344241636365041e-07,1.4867849813526846e-06,1.326836468251713e-06,600989,True,25534029824.0,1.2842814922332764,58106756.0,17082.12890625,50408.10546875,32388.04296875,5.640945843765621e-08,-4.940524434005056e-08,2.921247812537331e-07,10.720586672042538,,9.931672546744778,10.40711936130698,-2.642892731103544,10.244129025328016,0.31346731073555745,-0.312456478583238
602429,0.6932706303643063,602429,False,41932029952.0,3.01361083984375,0.0,57162.5078125,153057.421875,126745.4375,4.9997119333511364e-08,-7.860274990889593e-07,1.2920483527523174e-07,602429,True,48569319424.0,1.30462646484375,179658160.0,19687.8515625,50824.796875,40916.87890625,-1.0016782958643944e-08,4.953378862637692e-08,3.560005268354871e-08,10.622545887340666,,9.903915133332497,10.686362017978448,-2.4319150705124186,10.513132741821737,-0.06381613063778246,-0.6092176084892404
616954,0.6753818949989485,616954,False,4992605696.0,1.9435882568359375,0.0,62094.4296875,183109.515625,137750.59375,4.3419481698947493e-07,-1.8015037994700833e-07,6.64152707940957e-07,616954,False,22371559424.0,3.570556640625,61767024.0,20749.212890625,60919.51171875,45244.8984375,1.9837482057027955e-07,3.338431397992281e-08,-3.267322412625617e-08,9.698327267874971,,9.265420868288794,10.349696257929153,-2.5589395808510305,9.520592367749488,-0.6513689900541824,-0.25517149946069395
618882,0.6032749928428384,618882,False,1066358144.0,2.452850341796875,60170.421875,48516.84375,185028.234375,168451.6875,-3.9242183902388206e-07,-7.091504699019424e-07,-5.490998091772781e-07,618882,True,1029755456.0,1.1444091796875,54957.640625,17323.435546875,61812.7421875,56906.45703125,-1.0400834327128905e-07,3.890622224389517e-08,3.897435618682721e-08,9.027903090094304,-4.248520033607763,8.443396513635463,9.012734101676687,-4.272706021830755,8.924862102524685,0.015168988417617157,-0.48146558888922186
619839,0.6177997823622543,619839,False,20224200704.0,2.7618408203125,0.0,58835.9296875,173974.34375,156138.078125,6.743735525560624e-07,6.943100316902928e-08,-4.4934729714896093e-08,619839,False,20458459136.0,3.41796875,0.0,20928.046875,58727.53125,52582.25390625,-2.135841548067674e-08,-1.4471804377080844e-07,1.0741798917024425e-07,10.305871366541332,,9.644073400173104,10.310872920972795,,9.510220789407098,-0.0050015544314625515,0.13385261076600585
627956,0.6805502654276822,627956,False,9204354048.0,2.8533935546875,0.0,110465.34375,21218.45703125,75277.9921875,-2.092933470976277e-07,-5.442142310130293e-07,2.6523753149376716e-07,627956,False,10756307968.0,1.8488566875457764,19254536.0,37550.6171875,6347.22216796875,24130.07421875,-1.5759830773731665e-07,-4.043904056061365e-08,1.1685216350088012e-07,9.963993315574122,,9.280950801704922,10.031663228182008,-2.7471301708201223,9.631308355402329,-0.06766991260788657,-0.35035755369740684
645160,0.6361371555496546,645160,True,47085690880.0,3.18145751953125,208635280.0,92853.1484375,40318.76171875,148392.8125,-2.6496752525417833e-07,-1.887237033315614e-07,-3.5929485164842845e-08,645160,True,46851432448.0,1.5818278789520264,86473832.0,32484.859375,14453.90625,49658.5546875,-7.847664562632417e-08,-5.6536954673447326e-08,-5.878094455624705e-09,10.672888947128461,-2.35350119810128,9.918949754099346,10.670722873660333,-2.733838168939596,10.371984035405934,0.00216607346812836,-0.4530342813065875
663395,0.6710707140076483,663395,False,12532758528.0,1.9245147705078125,22724164.0,103476.703125,72008.6875,50643.76171875,-9.245686669601128e-07,7.866088935770676e-08,-6.121325668573263e-07,663395,False,14367772672.0,1.0999044179916382,13668814.0,34637.94921875,26609.212890625,16709.58203125,5.922729329199683e-08,-9.99376510435468e-08,1.395933253434123e-07,10.09804667208228,-2.741558757168046,9.671564799150378,10.157389447937023,-3.0216586141007684,10.095357028212044,-0.059342775854743124,-0.42379222906166625
682377,0.7124545366045215,682377,False,3508977152.0,0.6809234619140625,0.0,136930.796875,101694.3515625,138081.515625,-5.765004971181042e-07,-2.1909475833581382e-07,3.9351303371404356e-07,682377,False,16886036480.0,2.9652915000915527,66266104.0,46502.0078125,33754.38671875,44928.27734375,-1.562871148053091e-07,-9.343194307120939e-08,3.439056683873787e-08,9.545180540403315,,9.79553309265849,10.227527723172757,-2.406236285417633,9.519426634130662,-0.6823471827694423,0.27610645852782767
682784,0.691543936038801,682784,False,34162501632.0,1.1844635009765625,0.0,137776.25,102437.5546875,138885.765625,-1.3886014471609087e-07,4.3051562670370913e-07,3.8329741869347345e-07,682784,True,38262001664.0,0.7311503291130066,62605836.0,44896.59765625,34249.50390625,45014.73828125,2.6554882737173102e-08,2.5771315748102097e-08,1.0988480880769202e-07,10.533549665447694,,10.423267141606287,10.582767686258203,-2.786152867034034,10.786757666528521,-0.049218020810508634,-0.3634905249222342
684934,0.6681414031623797,684934,False,36973588480.0,3.12042236328125,143818032.0,137979.984375,124975.578125,154610.546875,4.482712370190711e-07,6.701549182253075e-07,3.485205297693028e-07,684934,True,44899287040.0,1.5894572734832764,85863792.0,47614.34765625,40457.55078125,52901.484375,-1.2516450453858852e-07,7.171349380996617e-08,-1.4230063527520542e-07,10.567891603167961,-2.4100782615777265,9.826571530588469,10.652239444855168,-2.718429380554398,10.350366157777984,-0.08434784168720633,-0.5237946271895151
690249,0.6034784938415919,690249,False,29399273472.0,2.1514892578125,104012616.0,121892.4453125,135053.8125,1840.9044189453125,-6.188601275880501e-08,-7.570742468487879e-07,-1.7645623984208214e-07,690249,True,34591973376.0,0.942230224609375,14240731.0,40096.3203125,46041.83203125,712.3295288085938,5.185345131053509e-08,4.39497327420213e-08,-3.2001596927955234e-09,10.468336598065218,-2.451250578700239,9.969227825017697,10.538975338014986,-3.385443055096309,10.577739791052979,-0.07063873994976788,-0.608511966035282
702000,0.6161241624593478,702000,True,93078175744.0,5.27191162109375,467904288.0,106173.0625,129759.4453125,183403.515625,5.127928304204943e-08,1.2237596713760013e-08,-2.688220490654203e-07,702000,True,48256974848.0,2.23541259765625,62300812.0,34964.16796875,43265.3515625,62487.8828125,8.999128908726561e-08,5.544654513300884e-08,-7.407938795722657e-08,10.968847862882008,-2.298690837680841,9.885895681252231,10.683560093204763,-2.889066386115077,10.159523552105119,0.2852877696772449,-0.27362787085288787
708413,0.6669746959515012,708413,True,21005058048.0,2.38800048828125,57954244.0,119284.125,177580.953125,116895.015625,-3.460279742739658e-07,1.4822812488546333e-07,1.087776126951212e-07,708413,True,23620929536.0,1.8361409902572632,32751774.0,41768.44140625,58439.23046875,38551.0703125,-9.725451377562422e-08,3.911902979325532e-08,2.099493556784182e-08,10.322323886059264,-2.559238641129924,9.755272269171112,10.373296984065487,-2.8580621555378336,9.977437945124013,-0.05097309800622263,-0.22216567595290115
710029,0.6409975243643615,710029,False,2581709056.0,0.919342041015625,0.0,143393.9375,169963.34375,136058.921875,-1.0215072876462727e-07,-2.573978576947411e-07,2.0302888970036292e-07,710029,False,7759768576.0,0.79345703125,2487838.5,49173.08984375,57769.6484375,44085.53515625,2.5640058964881973e-08,-9.77536345203589e-08,2.4009705157368444e-07,9.41190729815765,,9.46669161722284,9.889848769239517,-3.4940265848748067,10.040563649722866,-0.47794147108186635,-0.5738720325000255
717639,0.6098542589930279,717639,True,32015144960.0,3.162384033203125,129634496.0,130849.078125,181560.828125,65055.296875,-3.1728216498549955e-08,1.630742829661358e-08,1.8392113076970418e-07,717639,True,31039074304.0,1.9480388164520264,40720484.0,42684.265625,60503.47265625,20914.42578125,4.1701177622144314e-08,-8.344467339327366e-09,2.807404442251027e-08,10.505355472587972,-2.392634889039682,9.755333559690055,10.49190876056748,-2.882095829223059,10.057512351053147,0.013446712020492413,-0.302178791363092
729799,0.6075354512707395,729799,False,8228282880.0,1.6384124755859375,0.0,150289.390625,4913.8232421875,57943.64453125,1.322829064065445e-07,4.689412662628456e-07,-4.6795827302048565e-07,729799,False,8316129280.0,0.812530517578125,2354391.25,50534.28125,2229.80322265625,18329.17578125,-8.984960686575505e-08,-7.891382125535529e-08,-3.6124628621792e-08,9.915309213882097,,9.593674344558698,9.919921232120977,-3.548042597064326,10.055161709890362,-0.0046120182388804665,-0.46148736533166357
735322,0.6212170663676969,735322,False,3552900352.0,2.02178955078125,0.0,159304.234375,908.8666381835938,134941.078125,-7.790983147515362e-08,-3.521217308843916e-07,-5.140865955155505e-09,735322,False,13430744064.0,1.9938151836395264,19902708.0,52902.984375,836.643798828125,44902.98046875,1.9831370323686315e-08,-1.236623461409181e-07,4.071493009405458e-08,9.550583027026786,,9.091979105553094,10.128100073274684,-2.8291879019180293,9.678572724792772,-0.5775170462478982,-0.5865936192396788
735584,0.6998065777049812,735584,False,15207193600.0,1.4553070068359375,43236916.0,198445.78125,11657.138671875,125748.65625,7.813413844814932e-07,7.838566773443745e-08,2.4933186182352074e-08,735584,False,17120293888.0,0.675201416015625,32256112.0,71.18573760986328,3815.35107421875,41592.1484375,-2.489487549439673e-08,1.0501612024427232e-08,-2.135181453866153e-08,10.182049074901865,-2.5461943658451096,9.937617144393009,10.233511215530458,-2.7248991971367116,10.489361198915239,-0.05146214062859222,-0.5517440545222296
748385,0.6827276342244004,748385,False,1259132288.0,0.6885528564453125,0.0,169947.171875,41502.8671875,135028.84375,1.8910866117494152e-07,3.488355559966294e-08,5.685903374796908e-07,748385,False,4382561280.0,1.068115234375,56447.0078125,56501.2421875,14050.1962890625,44842.11328125,1.6491928533923783e-07,2.9567775783334582e-08,8.635888093522226e-08,9.100071360711741,,9.343165434276719,9.641727997413815,-4.89008707196703,9.59880083332798,-0.5416566367020739,-0.2556353990512612
750387,0.6231832383440952,750387,True,28540329984.0,2.044677734375,106910328.0,180430.65625,22072.197265625,178344.78125,-2.6942011288610956e-08,-1.6031756899792526e-07,-1.1248635445326727e-07,750387,True,29906831360.0,1.0058085918426514,57572968.0,59803.09375,8029.12255859375,59693.54296875,3.3961661927151e-08,-3.683129179421485e-08,3.6412908244187747e-09,10.45545899013118,-2.4264393281707846,9.989521688519517,10.475770401805477,-2.7155517830365183,10.471997390092994,-0.020311411674295954,-0.4824757015734775
756488,0.6093760444754209,756488,False,31195244544.0,3.803253173828125,117281088.0,141116.984375,65192.16796875,53702.16015625,-3.263273242737341e-07,9.352462626566194e-08,-7.838167448426248e-08,756488,True,29633529856.0,2.2303264141082764,56200368.0,49430.25390625,21713.5,18196.31640625,-1.1603759020317739e-07,-7.701879134458522e-09,-1.3697830425485336e-08,10.494088394476512,-2.4248604082725307,9.623855539936521,10.471783386399933,-2.722044227061369,9.949230744649169,0.02230500807657876,-0.3253752047126479
759540,0.636711124282444,759540,False,6315182592.0,1.07574462890625,0.0,154383.09375,63628.859375,114315.625,1.4027381212144974e-07,-5.574694341703434e-07,3.7457105861449236e-08,759540,False,8423497216.0,0.7082621455192566,946045.875,52867.09765625,21808.33984375,36673.32421875,-9.989992832970529e-08,-6.136922081623197e-08,3.138198678698245e-07,9.800385911906654,,9.752822132355103,9.925492436663504,-3.9495802402444835,10.150201390635612,-0.12510652475685013,-0.3973792582805089
761509,0.680198273787178,761509,False,48725487616.0,1.59454345703125,195824352.0,183100.984375,49793.953125,156607.75,3.569277566839446e-07,-2.1510517456135858e-07,1.1358124396565472e-07,761509,True,70120980480.0,0.5900065302848816,128871944.0,59215.02734375,16812.8515625,52013.87109375,2.2388454112842737e-07,4.0633668874079376e-08,-5.973016214966265e-08,10.687756193974954,-2.3958894958765597,10.383801654239893,10.84584798006974,-2.7356896002819338,11.189562752307387,-0.15809178609478636,-0.8057610980674941
765512,0.6583539923286436,765512,True,17920671744.0,2.20489501953125,46668420.0,2337.031005859375,88775.734375,17724.166015625,2.16862062529799e-07,1.501014068594486e-08,-1.1039356451192361e-07,765512,True,19482386432.0,1.1011760234832764,31646068.0,65988.515625,30052.037109375,6692.955078125,6.286720122261613e-08,-2.7616964715093673e-08,-4.59454660983738e-08,10.253354284859848,-2.5843311871436865,9.738272410156547,10.289642153300827,-2.789322396356152,10.22685703326666,-0.03628786844097931,-0.4885846231101123
767647,0.6636620526642281,767647,True,12064243712.0,3.276824951171875,46363396.0,194667.484375,77607.5625,45330.7109375,-1.3018438771439378e-08,-1.5211740844733868e-07,-2.126218845432959e-07,767647,True,12493715456.0,2.7262370586395264,31150406.0,64940.4296875,26699.51953125,16389.123046875,-5.165901595383104e-10,-3.305137141751402e-08,-6.640377847588752e-08,10.0815001018768,-2.415324862461769,9.30832023905743,10.096691610678654,-2.60322789925295,9.443346185164287,-0.015191508801853715,-0.13502594610685748
769618,0.6520426553405002,769618,True,66529034240.0,2.15911865234375,255608720.0,158200.0,73949.8125,116473.6171875,-4.617497495473799e-08,-1.2916419223074627e-07,2.871106801194401e-07,769618,True,71682686976.0,0.8900960683822632,147630816.0,52579.5078125,25274.45703125,37676.87890625,9.086841501471099e-09,-3.445184404426982e-08,4.5437225537625636e-08,10.82301121911292,-2.4154355535730185,10.321596455258005,10.85541427618781,-2.686237255950982,10.931258952091191,-0.03240305707488922,-0.6096624968331863
774849,0.6719565437540477,774849,False,30023958528.0,2.475738525390625,154341312.0,174732.5,75015.140625,171832.765625,-5.9398175267233455e-08,-1.4943955761737016e-07,-8.184636044461513e-07,774849,True,32210360320.0,1.2499492168426514,78848272.0,59151.31640625,26747.580078125,58643.5078125,-5.0787033245569546e-08,-1.2403286575590755e-07,-5.1877194096050516e-08,10.47746795151583,-2.2889857638049644,9.88691078924277,10.507995583065965,-2.611203403081297,10.362657029905513,-0.03052763155013416,-0.47574624066274396
775921,0.6014065745857468,775921,True,16554172416.0,1.8215179443359375,32256112.0,2713.378662109375,93011.75,27998.609375,1.3394272002642538e-07,-2.912238414864987e-07,-2.940855381439178e-07,775921,True,15734273024.0,0.7311503291130066,9446161.0,144.7293701171875,32547.568359375,10934.3447265625,3.9877601665239126e-08,-7.37727035016178e-08,-7.622558939601731e-08,10.218907474176074,-2.710295455782328,9.828257293223919,10.196846681856238,-3.2215913384542496,10.400836662126558,0.022060792319836153,-0.5725793689026393
784221,0.6924446016169572,784221,False,1605637632.0,0.70953369140625,0.0,152815.84375,113573.3125,184256.71875,-3.2807560046421713e-07,6.397711871386491e-08,1.484993674694124e-07,784221,False,17881630720.0,3.0161540508270264,41406784.0,52640.13671875,37704.45703125,62477.296875,-2.1014617601622376e-08,-2.0980538195658482e-08,-6.21344753426456e-08,9.205647538339928,,9.429188004940547,10.252407121865028,-2.63533562102437,9.533226842668793,-1.0467595835251,-0.10403883772824507
789267,0.7090781361721415,789267,False,3196634112.0,0.6542205810546875,0.0,155384.796875,149263.078125,73329.2109375,3.776668791033444e-07,7.283270520019869e-07,3.080663191212807e-07,789267,False,3943328768.0,0.4361470639705658,0.0,52118.96875,49170.37109375,25194.423828125,-1.6256786139479118e-08,-3.1690541391071747e-07,6.298498789192308e-08,9.504692929598837,,9.781106625958145,9.595862987110241,,10.136413557215203,-0.09117005751140361,-0.3553069312570578
789289,0.64428074205663,789289,False,6159011328.0,1.0585784912109375,0.0,155436.46875,149378.546875,73378.0546875,-1.0483785217729746e-06,-6.747225143044489e-07,-6.77358968914632e-08,789289,False,26392973312.0,3.5400390625,50709964.0,52353.43359375,49427.21484375,25166.431640625,3.78429092506849e-08,1.1173604264058667e-07,-6.245276296112934e-08,9.789511002869823,,9.752426404609274,10.421488318611724,-2.716395016377928,9.597976237210922,-0.6319773157419011,0.15445016739835182
794862,0.6183361170396101,794862,True,20419416064.0,2.3345947265625,55056532.0,186591.9375,153471.5625,144405.515625,1.8499434872865095e-07,2.572521964339103e-07,5.304962868990515e-08,794862,True,22098257920.0,1.7674764394760132,33819352.0,61212.08984375,49695.05078125,47735.98828125,4.755142768431142e-08,6.356330572998559e-08,2.7621748444062177e-08,10.310043318367509,-2.56923446657169,9.757726068076659,10.344358038139774,-2.8151927561530465,9.973327588119895,-0.03431471977226508,-0.2156015200432364
798108,0.638630359266431,798108,False,14231122944.0,1.7147064208984375,0.0,10080.2705078125,167729.578125,187163.328125,4.938318056701974e-07,1.256576524610864e-06,-8.522906114194484e-07,798108,False,15324322816.0,1.1876424551010132,12029319.0,998.2027587890625,55879.69921875,65373.13671875,3.225934506190242e-07,-3.127716468043218e-07,-4.1075074364016473e-07,10.153239170579084,,9.801954509402707,10.18538129207969,-3.105140250185697,10.07335272094544,-0.03214212150060547,-0.27139821154273314
801128,0.6113815652993632,801128,False,5534325248.0,1.0051727294921875,0.0,150393.625,154934.453125,39073.55859375,5.412927635006781e-07,3.51500830220175e-07,-2.2298502244666452e-07,801128,False,16144222208.0,0.9320577383041382,3269458.25,50243.54296875,51765.30078125,12085.384765625,-1.5484431514778407e-07,-4.596350322572107e-08,2.8099952587012922e-08,9.743064678704625,,9.739703632309268,10.208017126534317,-3.6935413306102367,10.253852901806688,-0.4649524478296918,-0.5141492694974197
805018,0.6186872361765806,805018,False,31195244544.0,1.392364501953125,0.0,197309.59375,178954.875,103851.84375,-1.6635372901419032e-07,9.189452043756319e-07,4.434945708453597e-07,805018,True,39472332800.0,0.743865966796875,16471207.0,65447.953125,57049.90625,32652.423828125,3.55945246610645e-08,9.810899115336724e-08,1.0243561376910293e-07,10.494088394476512,,10.278458980719293,10.59629279379428,-3.379567368623742,10.789050759677995,-0.10220439931776859,-0.5105917789587018
808565,0.6140029010090511,808565,False,28267030528.0,2.46429443359375,74044176.0,148031.0625,151454.53125,144900.703125,-3.3199245308423997e-07,7.402245500998106e-07,-4.606666834661155e-07,808565,True,29243101184.0,1.255035400390625,20512752.0,50295.609375,50387.73828125,48510.1640625,-1.7196294166410553e-08,-3.4911565194306604e-08,-1.1670844202171793e-07,10.451280187936304,-2.5817892834927587,9.863741293871168,10.466023426961664,-3.153999497542212,10.318039462964196,-0.014743239025360566,-0.4542981690930272
809503,0.6315994382294959,809503,False,41463517184.0,1.5544891357421875,102792528.0,3600.489990234375,175508.265625,177539.5625,1.0480223409103928e-06,-2.449540374982462e-07,-2.1020484552991547e-07,809503,False,48335060992.0,0.659942626953125,30006574.0,64287.125,58637.90625,58595.92578125,7.87773544175252e-08,1.4718557395099197e-07,1.6994292195704475e-07,10.61766613878089,-2.6057045918872705,10.330284602094391,10.684262270947368,-3.207045858255999,10.955002999181668,-0.06659613216647742,-0.6247183970872765
813496,0.6301922653218894,813496,True,73010151424.0,3.60870361328125,353215872.0,171593.4375,183430.90625,21028.9609375,2.3113734926027973e-07,-1.1911401998077054e-07,-1.0573920405931858e-08,813496,True,54035316736.0,0.9282430410385132,192774128.0,55850.48828125,61754.21875,6926.03564453125,5.879248732298947e-08,-3.060149822431413e-08,1.3073468529967158e-08,10.863383249174104,-2.3153430385065663,10.027356427498907,10.732677701492662,-2.44762895419137,10.781185148431906,0.13070554768144227,-0.753828720932999
813650,0.6314186999791817,813650,True,21551659008.0,2.651214599609375,72519064.0,157775.796875,192441.40625,2330.5654296875,1.227651438284738e-07,-3.1153291502050706e-08,-1.3764935147264623e-07,813650,True,21239316480.0,1.3554891347885132,33590584.0,51873.66796875,64227.00390625,1413.5369873046875,3.3369133234373294e-08,-9.371773357358393e-10,-3.238178436504313e-08,10.333480706992704,-2.4730285169506225,9.698313383035025,10.327140536244611,-2.8009229817696433,10.128996475118624,0.006340170748092788,-0.43068309208359956
852408,0.6102566340549741,852408,False,3596823552.0,0.8687973022460938,0.0,31458.46484375,6508.09716796875,183621.671875,1.5051372770358284e-07,6.04724874619933e-08,-5.949585215603292e-07,852408,False,8852968448.0,0.7273356318473816,4670654.5,9591.4521484375,3231.16650390625,60333.890625,-5.1410115275984936e-08,7.116594957778943e-08,7.136695678866545e-10,9.555919133322451,,9.64754143778239,9.947088916395844,-3.2777111737693967,10.15448662041823,-0.39116978307339245,-0.5069451826358389
884010,0.6028653478303433,884010,False,49350176768.0,2.09808349609375,0.0,20013.38671875,41565.67578125,11445.6982421875,-2.249949204724544e-08,-1.0743069367435965e-07,2.6091086624546733e-07,884010,True,74571866112.0,0.7235209345817566,134209832.0,4831.15283203125,16469.845703125,6496.24560546875,2.1575465325440746e-07,-7.555939873782336e-08,-8.755127822723807e-08,10.693288712613143,,10.210554561299269,10.872575011160972,-2.7447906784357765,11.083398358686463,-0.1792862985478294,-0.8728437973871941
884395,0.6390632154935596,884395,False,24050401280.0,2.429962158203125,58335524.0,19321.5625,42203.3046875,12892.2529296875,2.6617848902787955e-07,-3.2782818948362547e-07,-3.9170538457256043e-07,884395,False,25299773440.0,1.3275146484375,18777938.0,4395.45654296875,16510.732421875,6784.14990234375,1.58622896151428e-07,-2.5274621862081403e-07,-7.058549300609229e-08,10.381122326956662,-2.6151892236772127,9.802723061381128,10.403116632077067,-3.129468731281588,10.218557649084689,-0.02199430512040479,-0.41583458770356074
943990,0.6360825254458574,943990,False,17881630720.0,1.8177032470703125,0.0,33684.7734375,115635.3125,145695.125,5.78559649966337e-07,9.353521477351023e-07,6.764703925909998e-07,943990,False,26197760000.0,1.3275146484375,13363791.0,9950.7216796875,34508.046875,47903.02734375,1.6064242913671478e-07,4.545909604303233e-08,2.4609601467773246e-08,10.252407121865028,,9.863122647331004,10.418264159211805,-3.2923344842433537,10.233705176219427,-0.16585703734677715,-0.37058252888842347
949881,0.6041948742006057,949881,False,8462539776.0,1.758575439453125,0.0,35671.28515625,119838.2890625,159001.578125,4.840583187615266e-07,5.742017492593732e-07,-1.369708797938074e-06,949881,False,8325890048.0,0.7375081777572632,4765974.0,12529.208984375,37139.328125,56302.96484375,-1.447811968091628e-07,1.6557675053263665e-07,-1.1313217385122698e-07,9.927500722987938,,9.559759217830958,9.92043067128026,-3.242279002486635,10.118780410843609,0.007070051707678715,-0.5590211930126507
964959,0.678977150618202,964959,False,7379100672.0,1.0967254638671875,0.0,38616.99609375,144530.125,128386.640625,-6.2446866877508e-07,8.850296495666043e-08,1.0390976967755705e-06,964959,False,13020793856.0,0.751495361328125,6624704.0,12123.107421875,47831.30859375,41433.6171875,-4.928773833512423e-09,2.072456624091501e-07,-6.383206141435949e-08,9.868003435401983,,9.807856544791,10.11463746324677,-3.2934709850210977,10.300748006931874,-0.24663402784478805,-0.4928914621408733
985428,0.6592798960628986,985428,False,17295986688.0,2.1514892578125,0.0,26650.48046875,175870.234375,194597.984375,-2.656027220382384e-07,2.430640506645432e-07,-5.773233624495333e-07,985428,False,29360230400.0,1.5436809062957764,20665264.0,10034.7490234375,57074.37109375,498.3982849121094,-1.3745065530201828e-07,4.6890388460951726e-08,3.317663033186591e-09,10.237945342351004,,9.738836569303484,10.467759459318149,-3.1525185015266555,10.184923160678297,-0.2298141169671446,-0.4460865913748133
995106,0.6802090174058896,995106,True,37637316608.0,1.5468597412109375,166237184.0,17086.048828125,157976.328125,80346.5390625,3.1127996180657647e-08,2.564866861121118e-07,2.11823760309926e-07,995106,True,41307344896.0,0.865936279296875,107367864.0,5551.416015625,51090.890625,25590.283203125,1.7288645182134132e-08,8.068888490697645e-08,5.711394024388028e-08,10.575618652377935,-2.3548904788997906,10.291442247484666,10.616027280813576,-2.58515296756831,10.709798377951383,-0.04040862843564064,-0.4183561304667176
997271,0.7158060094729007,997271,False,6695850496.0,1.56402587890625,0.0,50944.4140625,148931.3125,125221.671875,6.054561367818678e-07,-2.565043288882407e-08,-2.0655062371588429e-07,997271,False,10190186496.0,1.21307373046875,9293650.0,15251.7197265625,50876.8828125,41126.671875,7.215351871536768e-08,-3.8844359551148955e-07,2.500363471824585e-08,9.825805748227875,,9.534439846075763,10.008182132332484,-3.0399958194651737,9.882351335283328,-0.1823763841046091,-0.347911489207565
1011731,0.6443797003773413,1011731,True,20770801664.0,1.926422119140625,56734156.0,18515.9296875,171809.9375,180455.328125,1.4184259100602503e-07,-1.3615085947549233e-07,4.917873752674495e-07,1011731,True,22098257920.0,1.09100341796875,36373916.0,6668.55712890625,57587.34765625,61630.42578125,-2.3523523129398427e-09,4.067532088924963e-08,-1.0424925278584851e-07,10.317453258765852,-2.5636086602574495,9.890326074515352,10.344358038139774,-2.7835679786127026,10.2876188713737,-0.026904779373921883,-0.3972927968583484
1027827,0.6526772959494253,1027827,False,21356443648.0,1.6918182373046875,47049696.0,39298.140625,187024.4375,87482.5390625,1.198645378508445e-07,-6.3567782149220875e-09,5.381833716455731e-07,1027827,False,25260730368.0,0.9740194082260132,29625296.0,12709.404296875,62798.64453125,28500.228515625,-9.833868119812905e-08,-2.2203896321570937e-07,4.1441658993335295e-08,10.329528934094329,-2.65697211240861,9.986998380770205,10.402445903234614,-2.9307832049582463,10.419594487216255,-0.07291696914028556,-0.4325961064460504
1038537,0.6393870353666818,1038537,False,1488509056.0,2.185821533203125,0.0,32071.330078125,176324.75,162667.796875,-3.4447435837137164e-07,-4.2565286406670566e-08,6.044850238140498e-07,1038537,False,1727646592.0,1.0808309316635132,48478.89453125,10347.501953125,59832.671875,54134.33984375,-4.404780984401668e-09,5.100142086433834e-09,7.616564090540123e-08,9.172751481212414,,8.66332943118882,9.237454907794799,-4.551902199781204,9.186818260280283,-0.06470342658238515,-0.5234888290914625
1040964,0.6432128055050877,1040964,False,51848916992.0,2.31170654296875,230291872.0,28896.41015625,197910.515625,188744.265625,4.769567496509808e-08,9.636434015192208e-07,-6.448352110055566e-07,1040964,True,58720460800.0,1.1431376934051514,75416776.0,6278.3466796875,65497.0078125,65100.828125,1.7863661128103558e-07,-2.2976658353712764e-09,-7.499841103708604e-08,10.714739689378668,-2.3524610792817473,10.16884063605673,10.76878945498213,-2.8913214922179793,10.681641637099943,-0.05404976560346242,-0.5128010010432131
1041141,0.6288302619508289,1041141,False,42088202240.0,4.34112548828125,274520096.0,11855.8935546875,179900.765625,179937.234375,5.107342815335869e-08,-1.0907952230354567e-07,2.3309783614422486e-07,1041141,False,54269575168.0,2.8177897930145264,165627136.0,1693.625,63095.7265625,59579.7421875,1.0713545606222397e-07,-1.8966352399729658e-07,-3.465489584186798e-08,10.624160375642957,-2.185586233551006,9.66775686548187,10.734556421857429,-2.515424929688808,10.059693534406584,-0.11039604621447197,-0.3919366689247141
1052627,0.6304637685133673,1052627,True,41775861760.0,5.0048828125,290076256.0,99293.0234375,23444.884765625,74069.6015625,1.0590413523914322e-07,3.098001002399542e-07,3.08062709564183e-07,1052627,True,41541603328.0,2.8177897930145264,147020768.0,33007.39453125,6639.576171875,22998.787109375,-4.258874142237801e-09,4.9943061242174736e-08,8.179648602890666e-08,10.620925417362619,-2.1584132359925743,9.571834547730647,10.618483254429833,-2.451104567363748,9.943620366978989,0.002442162932785763,-0.3717858192483412
1082423,0.6141154387892174,1082423,False,13235529728.0,2.3345947265625,0.0,50088.41015625,39088.34765625,27692.07421875,2.945668882148311e-07,-6.655327524640597e-07,4.857895987697702e-07,1082423,False,16398001152.0,1.73187255859375,12277149.0,18014.10546875,14663.4619140625,8493.5478515625,4.969840716739782e-08,-1.1869891380911213e-07,-7.703393833935479e-08,10.121741327831808,,9.569424077540958,10.214790912586563,-3.125693385954145,9.857017016228399,-0.09304958475475544,-0.28759293868744074
1095974,0.6429123488267003,1095974,False,69105860608.0,4.14276123046875,0.0,72166.5078125,34493.859375,173604.1875,-1.8094560516601632e-07,-4.659912065108074e-07,4.6557984134665276e-09,1095974,True,84957265920.0,1.3987224102020264,254693664.0,24937.66796875,14146.1015625,57879.8359375,2.5785422685942194e-09,-1.819669392943979e-07,7.995295092655397e-09,10.839514879816836,,9.913580024865086,10.929200527572574,-2.523182386394054,10.710603227828488,-0.08968564775573817,-0.7970232029634019
1107677,0.6316649978290075,1107677,False,89486237696.0,5.37872314453125,0.0,93925.0859375,60693.7890625,33315.33203125,1.2189363474135462e-07,9.930656830192675e-08,7.698637887187942e-07,1107677,True,120252006400.0,2.8584799766540527,768656320.0,30985.59375,18670.08203125,9951.1337890625,7.773340371386439e-08,2.260988196667313e-07,-1.8678568025620734e-08,10.951756249257116,,9.855737463201539,11.080092331292681,-2.194360128930266,10.395889599730728,-0.128336082035565,-0.5401521365291888
1109054,0.6178003059705462,1109054,False,13840694272.0,1.73187255859375,0.0,94178.6953125,60825.5703125,33342.9140625,4.452539315025206e-08,-6.145958764136594e-08,-1.1235697883194007e-07,1109054,False,20770801664.0,1.5157064199447632,25926900.0,31707.484375,19279.16796875,10155.189453125,6.360437954100462e-09,1.3517096419946029e-07,-7.192741691142146e-08,10.141157875592999,,9.783383979234836,10.317453258765852,-2.903702666152997,10.046530623588028,-0.1762953831728531,-0.263146644353192
1125165,0.6180330776660589,1125165,False,43493744640.0,3.18145751953125,147173280.0,73245.6328125,43065.88671875,167430.140625,-3.930742025204381e-07,-2.332279080974331e-07,9.075712625872256e-08,1125165,True,48335060992.0,1.5869140625,74120432.0,26222.126953125,17163.01171875,55430.30859375,-7.972239046694085e-08,-9.437155767955119e-08,3.641486401306793e-08,10.63842680031833,-2.470597831362398,9.884487607289214,10.684262270947368,-2.8143243290718325,10.383432157934747,-0.045835470629038255,-0.49894455064553256
1163788,0.7044939568998947,1163788,False,2996539392.0,1.1081695556640625,0.0,75338.0859375,115080.140625,88032.7578125,-2.3605990051578374e-08,2.6511889927860466e-07,9.617646412607428e-08,1163788,True,12025200640.0,0.797271728515625,28938994.0,26234.640625,37484.265625,28901.5625,-7.955846115237364e-08,3.9474564061947603e-08,-1.5476846471074168e-08,9.47661999123183,,9.4097106690698,10.080092331292681,-2.6186089015325593,10.227682785053592,-0.6034723400608506,-0.8179721159837925
1172843,0.6280945210452531,1172843,False,89486237696.0,6.2255859375,560631040.0,38362.7578125,124252.03125,156601.328125,-6.553742082360259e-07,6.097002369642723e-08,1.4927387326224562e-07,1172843,True,52785946624.0,2.3473105430603027,240662624.0,16050.544921875,39678.96484375,52651.60546875,-1.4838437323305698e-07,8.191418032765796e-08,6.958164533443778e-08,10.951756249257116,-2.2030791099400022,9.760485900557844,10.722518314275703,-2.34110966667187,10.166662490136142,0.22923793498141265,-0.4061765895782976
1175888,0.6683748517188111,1175888,False,8179479040.0,2.017974853515625,0.0,96108.953125,125910.1875,174073.0625,6.670599361768836e-08,-3.9351638747575635e-07,9.063074735138343e-09,1175888,False,9838800896.0,1.1113485097885132,14927031.0,32292.515625,41580.4765625,58968.171875,6.537222674296572e-08,1.2884062527973583e-07,-1.7252344264306885e-07,9.912725643859808,,9.455352018734521,9.992942172010283,-2.818968737261929,9.92416676477327,-0.08021652815047453,-0.46881474603874906
1205136,0.6632527310407051,1205136,True,27876601856.0,3.7078857421875,107520376.0,43343.875,131294.703125,168098.96875,-3.3098862672886753e-07,1.313056685603442e-08,-3.7391407659015385e-07,1205136,True,29945874432.0,3.0059814453125,70383904.0,16503.353515625,43489.17578125,57922.63671875,-1.0245845061263026e-07,2.0015413326746057e-08,-8.8490637040195e-08,10.445239832369529,-2.4137490579242917,9.59155031790761,10.476336999185055,-2.628863646907045,9.759357555878214,-0.031097166815525767,-0.16780723797060482
1219113,0.6894189806994522,1219113,False,14231122944.0,1.50299072265625,0.0,57313.6796875,153155.3125,127499.28125,3.7696545973631146e-07,1.2626048828678904e-07,9.979540891436045e-07,1219113,True,16456565760.0,0.4227956235408783,21351564.0,22704.404296875,52684.65234375,40791.609375,-2.226343553957122e-07,-1.1726254456334573e-07,1.3780331187263073e-07,10.153239170579084,,9.887804720768216,10.216339209546078,-2.886909516991027,10.777143484787947,-0.06310003896699357,-0.8893387640197314
1236391,0.6916900201316806,1236391,False,1854535808.0,0.7648468017578125,0.0,91668.734375,193459.796875,80024.15625,-1.247900058842788e-06,3.563881705304084e-07,4.902747718915634e-07,1236391,False,36075601920.0,4.3487548828125,72137784.0,32247.958984375,63338.41015625,24760.677734375,3.663313208335239e-08,-1.0244220582933394e-08,1.504537578966847e-07,9.268235223249246,,9.442873540742436,10.557213586012343,-2.6990507889137483,9.599666191935126,-1.288978362763098,-0.15679265119269026
1237182,0.6508080914560083,1237182,False,1969224192.0,0.5712509155273438,0.0,91595.453125,193446.296875,80041.2265625,-6.973299377932562e-07,6.905935947543185e-07,3.0814817364444025e-07,1237182,False,8072111104.0,0.942230224609375,723236.5625,32630.66796875,63239.94140625,24914.443359375,4.94371619197409e-08,1.872756030252276e-07,4.255547381148972e-08,9.29429516245902,,9.65905479879449,9.906987130870338,-4.047706757525518,9.945751583908331,-0.6126919684113172,-0.28669678511384156
1251236,0.6691705108789057,1251236,False,1417743872.0,1.2664794921875,0.0,58692.36328125,174002.34375,156067.140625,-9.903170621328172e-07,6.983984945918564e-08,-1.513285496912431e-07,1251236,False,2654914560.0,1.4521281719207764,0.0,20720.083984375,58670.265625,52860.16015625,1.1137133526517573e-07,2.552057480897929e-07,1.082371028360285e-07,9.151597778784813,,8.997700536156252,9.424050549252668,,9.181043122742452,-0.2724527704678543,-0.18334258658619973
1253127,0.6841291015986833,1253127,False,15675708416.0,3.612518310546875,0.0,67970.7109375,196771.265625,164827.953125,-3.15896500069357e-07,-3.424694341447321e-07,-1.5574356382330734e-07,1253127,False,23738058752.0,2.960205078125,42855640.0,24832.599609375,214.3924102783203,56054.04296875,3.238901769009317e-08,1.8695480719088664e-07,-1.5321251112254686e-07,10.195227176565446,,9.358512090988027,10.375445200390862,-2.7434372152123148,9.668462501431073,-0.1802180238254163,-0.3099504104430455
1254911,0.6764094725843792,1254911,True,14348251136.0,1.86920166015625,51243752.0,70901.1875,186492.578125,181837.0625,-4.7106098577387456e-07,4.3292894247315417e-07,-2.8004262730974006e-07,1254911,True,15109586944.0,1.0732015371322632,27490138.0,25849.439453125,60737.8828125,62436.53515625,-9.915468979215802e-08,5.476379172364432e-08,-9.363570541154331e-08,10.156798969483194,-2.4471580487766524,9.749314732367917,10.179252592042964,-2.740075672043509,10.133230662991144,-0.02245362255976957,-0.3839159306232265
1262725,0.6505207030445971,1262725,False,5290307584.0,1.4972686767578125,0.0,110538.671875,21123.525390625,75447.609375,4.018835682018107e-07,6.044508609193144e-07,5.927997790422523e-07,1262725,False,6842260992.0,1.033782958984375,2583158.0,37593.57421875,6122.515625,24179.416015625,1.4363088496338605e-07,-1.3374939555887977e-07,4.8275019537413755e-08,9.723480923103342,,9.460531314408927,9.835199635944283,-3.4230486651447336,9.813555582560166,-0.11171871284094159,-0.35302426815123944
1264037,0.6451797017501685,1264037,False,1213988992.0,1.209259033203125,0.0,110835.9375,21007.115234375,75429.640625,6.755846015948919e-07,2.2803543231475487e-07,1.5557314725356264e-07,1264037,False,2020467968.0,0.9256998896598816,36303.3203125,37894.73828125,6072.57861328125,24066.658203125,-2.1844203956788988e-07,-5.750560561068596e-08,1.6103953726087639e-07,9.084214748736494,,8.96043573833736,9.305451969635822,-4.745505622080361,9.355746651691417,-0.22123722089932762,-0.39531091335405755
1265641,0.6333589901836453,1265641,False,28384159744.0,2.033233642578125,149460944.0,123564.2421875,21011.423828125,63098.6171875,1.0088510862260591e-06,5.536366529668157e-07,4.2107865283469437e-07,1265641,True,26744358912.0,0.5359649658203125,69392584.0,40532.5625,6891.2841796875,19209.29296875,1.7278841468737483e-08,-3.4981223251406846e-08,6.238464322905202e-08,10.453076042336471,-2.2785483213901196,9.990795111724106,10.427232191899467,-2.5859191321070276,10.833527588465312,0.025843850437004434,-0.8427324767412063
1277093,0.6865494011773712,1277093,False,9536218112.0,1.171112060546875,0.0,122271.234375,3058.285400390625,154077.25,-2.764994064818893e-07,-2.6852757173401187e-07,4.225724126172281e-07,1277093,False,16515129344.0,0.7336934804916382,13077833.0,41945.9140625,2328.468017578125,51781.80078125,-1.3087047534554586e-07,-3.23122080203575e-08,-5.050443974141672e-08,9.979376175675812,,9.876478495387525,10.217881979369576,-3.101346192117533,10.419609989361243,-0.23850580369376395,-0.5431314939737177
1277858,0.6686289053207274,1277858,False,43884175360.0,2.452850341796875,126279248.0,122486.8359375,4912.50146484375,154440.4375,-2.9493045872186485e-07,-4.082741611455276e-07,-3.7015232123849273e-07,1277858,True,49506344960.0,1.4521281719207764,68477520.0,39601.05859375,1329.6220703125,51738.8125,2.2225663087738212e-08,-1.7497420401468844e-08,-3.5296097156134465e-09,10.642307941818359,-2.540975954838462,10.057801365359518,10.694660863671436,-2.859112840241507,10.45165343716122,-0.052352921853076495,-0.39385207180170134
1293101,0.6984107780673224,1293101,False,13118400512.0,1.9016265869140625,26041282.0,119141.40625,25935.44140625,83315.640625,-5.676855607816833e-07,5.186354883335298e-07,-6.391258011717582e-07,1293101,True,14641072128.0,1.68609619140625,21656586.0,40765.26953125,8716.53125,27246.59765625,-1.1862993432032454e-07,-3.121186509247309e-08,9.364674724565702e-08,10.117880886018392,-2.7022185254839535,9.699193024974372,10.1655728801531,-2.8299828857687803,9.825249359056954,-0.04769199413470737,-0.1260563340825822
1295671,0.6321841526992807,1295671,True,30336303104.0,2.079010009765625,79000784.0,112549.3828125,28866.818359375,84798.7421875,1.2786722436430864e-07,-1.575871380055105e-07,-1.0014876039576848e-07,1295671,True,30180130816.0,0.84686279296875,18129766.0,37112.84765625,10139.306640625,29098.958984375,2.6424288535054075e-08,-2.014643740722022e-08,-6.273123176470108e-08,10.481962654916181,-2.5843312536866976,10.00517778442871,10.479721117896291,-3.2213289191821723,10.588001539147825,0.0022415370198896056,-0.5828237547191151
1370726,0.6299987347079491,1370726,False,1128582656.0,2.0751953125,0.0,137981.15625,103762.9453125,138566.328125,-3.159878190217569e-07,-3.630015044109314e-07,-1.8291893866262399e-07,1370726,False,1207888512.0,1.132965087890625,127340.8671875,45639.96875,33671.8984375,47228.37109375,2.416718025699538e-08,5.956364645953727e-08,-6.829290555288026e-08,9.052533371770126,,8.576944905150349,9.082026850793683,-3.977059047723347,9.000702059745358,-0.029493479023557256,-0.42375715459500896
1373485,0.6510122956417426,1373485,False,27642345472.0,1.47247314453125,43999472.0,137808.6875,124993.75,154619.640625,-6.977366524552053e-07,4.963068818142347e-07,-1.51867752151702e-07,1373485,False,31702802432.0,0.759124755859375,13916644.0,46383.12890625,40667.828125,52858.7265625,1.142225940498065e-07,1.4082957022765186e-07,-1.5981903800366126e-07,10.441574890450724,-2.7981274255295894,10.189503816370584,10.501097654235378,-3.3575631364898832,10.680627922548311,-0.05952276378465449,-0.49112410617772717
1382810,0.6914281742535744,1382810,False,18447751168.0,1.8177032470703125,0.0,101597.8046875,131672.265625,21578.544921875,5.780163974122843e-07,-1.6841557908264804e-06,-1.6500288779752736e-07,1382810,False,21981130752.0,1.01470947265625,59021824.0,33954.12890625,43635.3515625,6994.52392578125,-1.7554042130996095e-07,-9.101812992184932e-08,9.604833195453466e-08,10.265943432020586,,9.87665895748656,10.34205002961262,-2.571037402881505,10.332537457593512,-0.07610659759203386,-0.45587850010695163
1404994,0.6032449223369113,1404994,False,51927003136.0,5.01251220703125,303802240.0,138530.734375,146939.90625,145068.671875,-1.1227177765249508e-06,-6.427702032851812e-07,9.65708522926434e-07,1404994,True,35021447168.0,2.0116171836853027,92421768.0,45296.63671875,48401.48828125,48757.36328125,7.230956100556796e-08,-5.955840820526248e-10,-1.5155016797052667e-07,10.715393258873608,-2.2328022871873494,9.665310093965456,10.54433408818064,-2.5785598159986063,10.089016082972186,0.17105917069296694,-0.42370598900673073
1406104,0.6661149855419845,1406104,False,30843858944.0,1.857757568359375,79610832.0,122155.015625,135322.6875,1890.9205322265625,4.4207939708940103e-07,2.151876401512709e-07,-5.227216206549201e-07,1406104,True,34240587776.0,0.888824462890625,49261108.0,41482.58203125,45585.4921875,599.399658203125,-3.0697261621526195e-08,-1.21984218282023e-08,7.607132346265644e-08,10.489168708329693,-2.5881965456450775,10.085685149435234,10.534541211194439,-2.842037035261101,10.611317212582902,-0.04537250286474581,-0.5256320631476683
1411684,0.6485807540199461,1411684,True,53488717824.0,4.55474853515625,365416768.0,130561.4921875,143752.28125,30295.849609375,-4.189922364616905e-08,-1.283633821458352e-07,3.4855609953865496e-08,1411684,True,50599546880.0,1.8335978984832764,187588736.0,43039.80078125,49240.50390625,9828.2763671875,1.2963783824204711e-08,-7.663462753271233e-08,1.7256322593084406e-08,10.728262187563448,-2.165473715475259,9.740565580300915,10.704146627741048,-2.430939870669811,10.309190473937756,0.0241155598224001,-0.5686248936368408
1419622,0.6748904435518694,1419622,True,40916918272.0,2.513885498046875,121246384.0,100116.3671875,157342.828125,119856.265625,-9.170321391138714e-08,-4.9288765069377405e-08,1.0095038049939831e-07,1419622,True,45523976192.0,1.4012655019760132,65961080.0,33784.66015625,52633.23828125,39258.734375,-1.495526724681895e-08,-8.788988203889403e-09,3.8326824380874314e-08,10.611902916636776,-2.528234121381146,10.011384677673252,10.658240187544065,-2.838952429683158,10.438459542304123,-0.0463372709072889,-0.4270748646308711
1423833,0.6698063463058056,1423833,True,23777101824.0,3.0059814453125,101419928.0,106929.9140625,172886.875,134289.671875,2.0256666743989626e-07,4.880210440205701e-07,3.4524276770753204e-07,1423833,True,25338816512.0,2.1870932579040527,66494872.0,35245.734375,56129.515625,43325.08984375,8.390368400057469e-09,4.957837873575954e-08,6.187686807379578e-08,10.376158917627079,-2.3700356197293027,9.659179474320238,10.403786326636185,-2.5809981722800734,9.8939853739387,-0.02762740900910643,-0.2348058996184612
1442638,0.6268365252058251,1442638,False,15909965824.0,1.9207000732421875,20512752.0,139387.109375,198773.375,119650.6953125,-4.978409720024501e-07,3.8417510950239375e-07,6.121206297393655e-08,1442638,True,16944601088.0,0.8303324580192566,7301472.5,47965.17578125,65434.34765625,39510.20703125,-7.629717657664514e-08,-3.0854114818623657e-09,5.2002278039253724e-08,10.201669246745,-2.889645317325548,9.776479917338037,10.229031349076635,-3.365620895238933,10.350153326583296,-0.02736210233163483,-0.5736734092452593
1443766,0.6183732603441066,1443766,False,29828745216.0,2.01416015625,64359716.0,104382.2890625,185721.296875,125809.5390625,-5.177710136194946e-07,-2.504796547952992e-08,3.177721552560797e-08,1443766,True,30336303104.0,1.0821025371551514,14393242.0,35461.56640625,62984.62890625,39351.7109375,7.02768598870307e-09,-5.160305605045323e-08,1.3144342858595337e-07,10.474634984598103,-2.666020865577341,10.018493983724877,10.481962654916181,-3.3238040274751857,10.430560031952448,-0.007327670318078461,-0.41206604822757065
1451575,0.6649807873984348,1451575,True,101355266048.0,3.086090087890625,1176166144.0,150474.1875,179431.734375,168679.25,-2.935568232942387e-08,-2.0545236623092933e-07,-4.356199667654437e-08,1451575,True,92765839360.0,0.7960001826286316,782077312.0,50083.19921875,60721.265625,56646.328125,1.3607233562140664e-08,-4.3899266444213936e-08,-1.8109931332332962e-08,11.005846317964147,-1.9353776439061177,10.27173341847323,10.967388078495564,-2.0741383912728644,11.116018327426877,0.038458239468583955,-0.8442849089536466
1461168,0.6945604186490201,1461168,False,1088319744.0,0.8211135864257812,0.0,150485.984375,5824.32421875,57496.3984375,-7.365713372564642e-08,2.9315125971152156e-07,-4.92180447508872e-07,1461168,False,28969801728.0,2.410888671875,59326844.0,50497.84765625,2046.977783203125,18566.982421875,1.2163759777195082e-07,-1.0716198772797725e-07,-1.2876100186076656e-07,9.036756508095726,,9.165151650834678,10.461945522862369,-2.6886942769999,9.888679788366282,-1.4251890147666426,-0.7235281375316038
1506631,0.6094104634168761,1506631,False,19931379712.0,1.514434814453125,62910860.0,179944.8125,56477.296875,21522.40234375,3.467221176833846e-08,-7.117199061212887e-07,1.8848848526431539e-07,1506631,True,21707829248.0,0.6230672597885132,25011832.0,59509.2578125,20218.970703125,8142.0986328125,2.5239431877821517e-08,-1.197191750179627e-07,-7.893997633345862e-08,10.299537362953796,-2.500811740863663,10.029161485736616,10.336616396796188,-2.938470893856084,10.644814000214376,-0.037079033842392306,-0.6156525144777607
1533565,0.6916868491770868,1533565,True,18721050624.0,2.178192138671875,88608992.0,168881.21875,100845.5234375,97032.71875,-1.3728012504543585e-07,8.204862211869113e-08,2.6264214625371096e-07,1533565,True,20263243776.0,1.47247314453125,67638704.0,57045.46875,33171.79296875,30841.30078125,-3.4805260895609536e-08,2.2462769422304518e-08,7.891317466146575e-08,10.272330217660757,-2.324852421531868,9.765185938219476,10.30670896922038,-2.4765136915696737,10.054637895140242,-0.034378751559623666,-0.2894519569207663
1542414,0.632163275205445,1542414,False,60047917056.0,2.941131591796875,330644224.0,155805.546875,107685.6484375,152198.921875,-3.8604622432103497e-07,1.3825767553043988e-07,7.365569558714924e-07,1542414,True,63249432576.0,1.4139811992645264,70307648.0,54576.34765625,33994.51953125,51547.41015625,-1.7429796628221084e-07,1.0478571965677475e-07,-3.7651879836175794e-08,10.778497947179812,-2.2591370067323946,10.07572626303087,10.801056633717934,-2.9540540639820785,10.575391181241558,-0.02255868653812243,-0.4996649182106889
1568419,0.6116856779612636,1568419,True,31234287616.0,1.689910888671875,101419928.0,155034.90625,132916.125,41173.140625,-2.8148463115940103e-07,7.857829587010201e-08,2.837007286871085e-07,1568419,True,32132274176.0,0.6014506220817566,39881672.0,53231.82421875,43684.44921875,12295.8740234375,-7.608756646959591e-08,3.500762701946769e-08,5.8173757366830614e-08,10.494631605112572,-2.4885083072147958,10.15283589870546,10.506941464024464,-2.906168106632785,10.83814149640512,-0.012309858911892846,-0.68530559769966
1572882,0.6322436242658837,1572882,False,7857375744.0,1.4133453369140625,0.0,155497.5,149303.1875,73329.9453125,-1.4704590967085096e-07,5.151305799699912e-07,1.2761378229697584e-06,1572882,False,8618711040.0,0.6440480947494507,3812779.25,52283.140625,49450.375,25150.498046875,2.4011375998611584e-08,-1.9289849717551988e-07,-6.411173369968992e-09,9.895277521840832,,9.669905086295303,9.935442320340664,-3.354200658859847,10.222064870610598,-0.040164798499832344,-0.552159784315295
1634879,0.6150355742763886,1634879,False,6002839552.0,1.5087127685546875,0.0,162018.046875,178773.734375,141952.734375,3.682368685531401e-07,-1.1743414773945915e-07,2.1922413395714102e-07,1634879,False,14484900864.0,1.6911824941635132,10389824.0,53045.2578125,60537.22265625,47377.58984375,-1.0280713169663613e-08,-9.0271996100455e-08,-4.284782750829663e-09,9.778356735391144,,9.510446886568094,10.160915527198387,-3.144307336376167,9.818629815448313,-0.3825587918072433,-0.30818292888021936
1639847,0.6303525706110041,1639847,False,4709544960.0,1.21307373046875,0.0,3799.7431640625,175314.265625,177274.421875,7.046186283332645e-07,-8.015543357942079e-07,-2.0029116853947926e-07,1639847,False,4938921984.0,0.659942626953125,1646644.0,64530.2890625,58826.7421875,58518.34765625,-6.495482551827081e-08,-9.151716717781255e-09,1.2208818844783309e-08,9.672978947275837,,9.54714815022668,9.693632166030772,-3.4770324500105994,9.964372894265072,-0.02065321875493531,-0.41722474403839094
1648535,0.6011675726480279,1648535,False,26705315840.0,2.529144287109375,51701288.0,26335.12109375,17457.98828125,14957.2861328125,-1.4682021820533464e-08,2.392936551132152e-07,-9.264393838748219e-07,1648535,True,23113373696.0,1.8564860820770264,13916644.0,6273.798828125,6159.23291015625,4896.787109375,1.4540283643782459e-08,6.949170483494527e-08,-2.5285009641606848e-08,10.426597718675051,-2.7130963561550923,9.822137308995384,10.36386334100574,-3.220328823260243,9.96082579444901,0.06273437766931167,-0.1386884854536259
1699510,0.652445029846908,1699510,False,39277117440.0,1.7833709716796875,0.0,20127.9140625,41382.34765625,11219.2919921875,4.791153287442285e-07,6.304478716856465e-08,8.120941288325412e-07,1699510,True,46851432448.0,0.9091695547103882,71146464.0,5080.95654296875,16127.3212890625,6188.17919921875,1.5511763251652155e-07,6.037500099864701e-08,-1.4202197462509503e-07,10.594139607275844,,10.217277067390532,10.670722873660333,-2.8185695532660158,10.732755547493596,-0.07658326638448898,-0.5154784801030647
1703813,0.6366114684190697,1703813,False,19404302336.0,1.8157958984375,0.0,26900.5234375,19152.853515625,13683.71484375,1.0971780284307897e-07,-1.6214049765039817e-06,-1.3360527191252913e-06,1703813,True,20497502208.0,1.0732015371322632,8140284.0,6374.13525390625,8642.7939453125,4053.270263671875,2.054335510592864e-07,-1.4894006028498552e-07,1.5807924569344323e-07,10.287898032694573,,9.899297486541325,10.311700941866757,-3.4010613849528277,10.265679012814935,-0.023802909172184528,-0.3663815262736101
1708028,0.6374923191842267,1708028,False,30219173888.0,2.2430419921875,74425448.0,35938.8125,17446.70703125,21114.310546875,-1.1404485888988347e-07,-7.90325429989025e-07,-1.1842175808851607e-06,1708028,True,34787188736.0,0.942230224609375,29739678.0,11656.326171875,8180.67724609375,8947.8837890625,-1.3444713431454147e-07,-1.0548947670940834e-07,1.463369869725284e-08,10.480282587706945,-2.60856113016793,9.954026481520229,10.541419333439336,-3.068083071458519,10.58018378647733,-0.06113674573239081,-0.6261573049571005
1782066,0.7404743771822154,1782066,False,18447751168.0,1.79290771484375,0.0,18385.658203125,46388.58203125,175317.078125,1.8101684418070363e-07,-3.4216287758681574e-07,-7.183464134641326e-08,1782066,False,21629745152.0,0.9015401601791382,54065212.0,6529.873046875,17178.455078125,58171.4921875,6.004779606882948e-08,-1.0541968720190198e-07,4.154895094643507e-08,10.265943432020586,,9.885606528044502,10.3350514024843,-2.60213349220315,10.402573786003634,-0.06910797046371364,-0.5169672579591325
1817624,0.6470367911485998,1817624,False,20068030464.0,2.201080322265625,0.0,33758.01953125,115851.6875,145951.8125,8.479681810058537e-07,4.945191989236264e-08,9.439371524422313e-07,1817624,False,24245616640.0,1.4317830801010132,17824744.0,9886.1123046875,33982.734375,47906.37109375,8.873965384736948e-08,6.243930528171404e-08,-4.637336559198957e-08,10.30250475163103,,9.788550914824926,10.384633234025632,-3.1336099328193012,10.150817395180093,-0.08212848239460158,-0.3622664803551672
1852695,0.6577851205454481,1852695,False,34943361024.0,1.4820098876953125,0.0,33743.49609375,115677.59375,145600.953125,4.7615154130653536e-07,1.6627341210551094e-06,1.3734982076130109e-06,1852695,True,42790973440.0,0.8303324580192566,64588480.0,9691.6982421875,35606.99609375,47009.78125,6.062273882889713e-08,1.1843584957205167e-07,4.243050355512423e-08,10.543364675231205,,10.287088023453297,10.631352166241161,-2.8211971020940485,10.752474143747824,-0.08798749100995629,-0.46538612029452686
1867573,0.6459186292607492,1867573,False,38222958592.0,3.11279296875,103250064.0,38946.625,123617.15625,155614.4375,-4.220240725771873e-07,3.574527340788336e-08,-1.9043098120619106e-07,1867573,True,28345116672.0,1.4088948965072632,29129634.0,13822.322265625,41530.69921875,53915.3125,-1.0717893239586829e-08,1.1460257631767945e-08,-1.469551733634944e-07,10.582324299946901,-2.568433970419061,9.842598944743601,10.452478248940379,-2.9881432209820873,10.229160354985504,0.12984605100652225,-0.38656141024190305
1870301,0.6936497593756278,1870301,False,8316129280.0,1.2912750244140625,0.0,34064.22265625,115857.0859375,146144.34375,-1.4875863598717842e-06,-1.518889547469371e-07,-1.3995891094964463e-06,1870301,False,10268272640.0,0.9740194082260132,7320536.0,10683.3671875,37980.80078125,51732.4765625,-6.061816293367883e-08,2.2558569412467477e-07,3.5315850244188596e-09,9.919921232120977,,9.753393105516723,10.011497391405287,-3.1469545107130017,10.028645975386928,-0.09157615928431007,-0.27525286987020436
1874277,0.6267316195050473,1874277,False,19794731008.0,1.911163330078125,48956088.0,10392.9072265625,112732.53125,171324.140625,4.047715265187435e-07,-5.841468819767215e-08,-1.4171054374401137e-07,1874277,True,21005058048.0,0.762939453125,12658427.0,1005.7914428710938,37115.94921875,58358.74609375,9.389988520069892e-08,-8.065139667223775e-09,-8.897625747295024e-08,10.296549604469885,-2.6067428976994536,9.874602898596509,10.322323886059264,-3.2199441446483714,10.498588775490784,-0.025774281589379555,-0.6239858768942756
1896059,0.6838720708795906,1896059,False,10483007488.0,1.4705657958984375,0.0,26088.70703125,147955.625,128773.3125,6.656234745605616e-07,2.2093597351613425e-07,2.3350705191660381e-07,1896059,False,19716644864.0,1.0388692617416382,35268208.0,4851.02001953125,46311.2578125,39803.6875,8.557131536690576e-08,2.859242442809773e-07,1.484946068330828e-07,10.020485896012703,,9.769259205359733,10.294833014001696,-2.747449620551476,10.269991669292613,-0.27434711798899336,-0.5007324639328807
1930598,0.7659649151582323,1930598,False,1405542912.0,0.4596710205078125,0.0,9812.9267578125,167993.34375,187147.25,7.470920877494791e-07,4.3629114543364267e-07,-1.4426179859583499e-06,1930598,False,1927741184.0,0.4793803095817566,0.0,834.111083984375,55799.59765625,65517.5703125,1.596469729747696e-07,-2.2409307121051825e-07,5.2060741495552065e-08,9.147844109395836,,9.654173421956997,9.285048725673768,,9.764028438372657,-0.13720461627793235,-0.10985501641565953
1949005,0.6827678046846778,1949005,False,1407983104.0,0.8420944213867188,0.0,50802.52734375,148941.859375,125332.6328125,6.435780051106121e-07,4.1903695091605186e-07,-6.5430418771939e-07,1949005,False,3133189632.0,1.01470947265625,0.0,15252.814453125,50876.734375,41132.21875,-1.0360241731177666e-07,-1.6632131405458495e-07,-9.733394534805484e-08,9.14859744324104,,9.260556257794125,9.495986680754317,,9.48647410873521,-0.3473892375132763,-0.22591785094108552
1950115,0.6103629922430767,1950115,False,72541634560.0,3.070831298828125,495966336.0,53446.3671875,164820.203125,115125.9140625,-3.3267781418544473e-07,-2.4825769173730805e-07,3.988948265032377e-07,1950115,True,67544145920.0,0.8862813711166382,191859056.0,16807.73046875,56454.86328125,37005.90234375,7.081136033093571e-08,-5.336589481430565e-08,6.365711158196063e-08,10.86058733718859,-2.1651351376854926,10.129703399564281,10.82958771450072,-2.546605411211336,10.908230283153298,0.0309996226878706,-0.7785268835890164
1977002,0.6153248005596197,1977002,False,13899257856.0,1.7452239990234375,0.0,9929.0185546875,167989.03125,187129.359375,-1.973705252567015e-07,-4.3540248384488223e-07,-1.233918283105595e-06,1977002,False,14484900864.0,1.0553996562957764,6824875.0,702.1497802734375,55846.34375,65311.796875,-3.750356114551323e-08,-1.5837625255699095e-07,2.9523695843636233e-07,10.142991611934052,,9.780214847257843,10.160915527198387,-3.3268208256698237,10.125790104586917,-0.017923915264335122,-0.3455752573290738
2022282,0.690100320212374,2022282,False,16964122624.0,1.33514404296875,45753352.0,31756.755859375,176524.046875,163298.640625,-7.588360517729598e-08,-1.0879307410505135e-07,1.3813054522415769e-07,2022282,False,21083144192.0,0.598907470703125,37784644.0,10131.1240234375,59651.71875,54188.21875,5.774071709652162e-08,6.053430468000442e-08,4.111563711717281e-08,10.229531403066973,-2.5691084860464524,10.041239219469052,10.323935378998273,-2.746620044268321,10.657895783311915,-0.09440397593130001,-0.6166565638428629
2054342,0.6609140305674132,2054342,False,1023654976.0,2.696990966796875,0.0,59738.77734375,7935.46875,71281.9609375,-2.2787499176502024e-07,3.9795860828917284e-08,2.773592377991463e-08,2054342,False,1368940288.0,1.220703125,158468.640625,19547.505859375,3182.1875,23823.283203125,-4.140489195947339e-08,-3.279834857039532e-07,2.2715181557941833e-07,9.010153601885229,,8.363834364117372,9.13638450499471,-3.9364411725165382,9.006469420442343,-0.12623090310948193,-0.6426350563249716
2081964,0.6596498656054957,2081964,False,23659972608.0,2.51007080078125,0.0,68262.25,196285.46875,164437.890625,-4.991473474547092e-07,-8.431642299910891e-07,-8.083129046099202e-07,2081964,False,31546630144.0,1.7217000722885132,31074152.0,25777.31640625,662.0482788085938,55146.41796875,-1.563027183237864e-07,-1.5851712475978275e-07,5.621242138431626e-08,10.374014237493883,,9.774485280000443,10.498952974102183,-3.006553688333014,10.145016727550361,-0.1249387366082999,-0.3705314475499186
2146180,0.6096676688676959,2146180,False,1813052800.0,0.942230224609375,0.0,94108.53125,60795.74609375,33428.5390625,9.180589017887542e-07,1.8658826661521744e-07,-9.578864137438359e-07,2146180,False,3450412800.0,1.0388692617416382,60915.10546875,31020.435546875,20854.04296875,10783.8359375,2.74870501471014e-07,-2.130149709955731e-07,-1.8163849802022014e-07,9.258410451869775,,9.297174904907768,9.537871056243581,-4.753146055757347,9.513029711534497,-0.2794606043738064,-0.2158548066267283
2224712,0.6387213563394316,2224712,False,5836907520.0,1.02996826171875,0.0,85444.7265625,110145.6015625,163046.140625,5.53622271581844e-07,6.521465252262715e-07,-6.136438059911598e-07,2224712,False,15109586944.0,0.9854635000228882,9732119.0,28152.37890625,34863.8828125,56596.703125,1.38691632400878e-07,3.297915540656504e-08,-1.3286307876114734e-07,9.766182812400126,,9.746947049089139,10.179252592042964,-3.19104518139296,10.188791777022674,-0.41306977964283753,-0.44184472793353535
2281031,0.658747911592048,2281031,False,1017554560.0,1.186370849609375,0.0,101774.7109375,131579.015625,21730.32421875,-3.3251444619963877e-07,2.1826022589266358e-07,1.2872999377577798e-07,2281031,False,3035582464.0,1.3147990703582764,99638.6484375,33294.1875,43431.68359375,7209.392578125,-2.3591141484757827e-08,-2.1649251280564386e-08,-1.2828157025523979e-07,9.007557704847303,,8.896227004234538,9.482242035322523,-4.483814207466853,9.303952952816312,-0.4746843304752204,-0.40772594858177413
2297558,0.6516478433298971,2297558,False,4050696704.0,1.0089874267578125,0.0,56156.16796875,147060.453125,111985.4296875,1.286874748984701e-06,-5.826297777566936e-10,1.0608007414703025e-06,2297558,False,5553846784.0,0.7489522695541382,588002.0625,17525.654296875,49440.92578125,33860.79296875,1.252456200973029e-07,-3.7074798342473514e-07,3.0478307166958984e-07,9.607529726592544,,9.601701094963229,9.744593894538982,-3.9752150451111468,9.932912682802407,-0.13706416794643772,-0.3312115878391779
2299855,0.6596370304335647,2299855,False,21707829248.0,1.3790130615234375,47278464.0,61604.52734375,142800.203125,108480.7421875,-5.944196246332467e-08,-1.143251893154229e-07,7.687128800171195e-07,2299855,True,25963501568.0,0.8379618525505066,25431238.0,22575.111328125,46646.63671875,32300.017578125,-1.0451034171410356e-07,9.819325441640103e-08,5.686897353029963e-08,10.336616396796188,-2.6619530382114873,10.127263827277856,10.414363263209626,-3.008995760938685,10.529526890879806,-0.0777468664134382,-0.40226306360194997
2342292,0.636423827633617,2342292,True,25729245184.0,4.8828125,130854584.0,62817.4140625,165606.90625,76355.671875,-4.752269333607728e-08,3.250263347354121e-08,2.1391383597801905e-07,2342292,True,26432016384.0,3.1687419414520264,45677096.0,21138.876953125,55073.66796875,24436.064453125,-1.4715581642121833e-08,-2.212683369862134e-09,4.837804823409897e-08,10.410427045548392,-2.29363810442626,9.377421974004081,10.42213029483969,-2.7624318097434437,9.670799986527653,-0.011703249291297624,-0.2933780125235721
2348093,0.6708237911462418,2348093,False,30297260032.0,1.9207000732421875,0.0,56702.640625,153184.046875,126693.8359375,9.08730328319507e-07,2.3991074726836814e-07,5.100346243125387e-07,2348093,False,33420687360.0,0.6256103515625,51701288.0,22576.86328125,51849.1640625,41208.54296875,-3.1559133617520274e-07,1.5209188575227017e-07,-4.628509486792609e-08,10.48140335435086,,10.056214024943898,10.524015377741252,-2.8105140152212944,10.829559488597198,-0.04261202339039194,-0.7733454636532997
2370827,0.6584083080664815,2370827,False,30804815872.0,1.41143798828125,0.0,44189.25,167100.8125,161562.953125,-2.6221212579002895e-07,-9.88908652743703e-08,6.524792439677185e-08,2370827,True,38144872448.0,0.598907470703125,98674728.0,15831.5888671875,53988.12109375,55889.05078125,-1.4625835831338918e-07,8.373359605684527e-08,-2.7915697842217924e-07,10.488618617251703,,10.264125914078702,10.581436167003774,-2.5872302290810096,10.915396571317416,-0.09281754975207157,-0.6512706572387135
2465614,0.6226612854506913,2465614,False,25221687296.0,5.83648681640625,225411520.0,97100.9375,50849.51171875,10180.7939453125,-1.9927922778606444e-07,5.1630355102361136e-08,8.807067075622399e-09,2465614,True,24675088384.0,3.570556640625,106452800.0,34362.4140625,15080.90234375,2525.73095703125,-9.149205482117395e-08,1.52297374711452e-07,1.3300615719913367e-08,10.401774136909168,-2.0487980293491046,9.252546873610262,10.392258716949161,-2.365101627891055,9.563154826769496,0.00951541996000671,-0.3106079531592343
2604197,0.6674939213376935,2604197,False,47554203648.0,2.117156982421875,84948720.0,122542.921875,100977.0078125,26865.79296875,-5.948024863755563e-07,3.710205476181727e-07,1.3206109095165175e-08,2604197,True,57236832256.0,0.5868276357650757,53912700.0,43248.50390625,33672.3515625,9835.7490234375,-1.6284167259073001e-07,-2.484390027035488e-09,-4.571645817463832e-08,10.67718891329106,-2.7480320739485613,10.188559321534537,10.757675589940844,-3.0259845076811507,11.104909752793226,-0.08048667664978382,-0.9163504312586888
2677265,0.6818709786351004,2677265,False,18564880384.0,2.227783203125,0.0,138228.40625,146837.953125,145014.875,4.276381844192656e-07,-1.6330238850059686e-07,-9.5558391421946e-07,2677265,False,23347630080.0,1.7496745586395264,38051536.0,45898.84375,49074.87109375,48003.51953125,-1.9189589295365295e-07,-1.9809623097444273e-07,-1.5492672034156385e-08,10.26869215535393,,9.746882767612824,10.368242803728089,-2.787870611403093,10.003806888296369,-0.09955064837415861,-0.25692412068354464
2679391,0.6949853270504308,2679391,False,37481144320.0,1.636505126953125,0.0,138497.15625,146805.984375,144991.765625,-1.7233365952051827e-06,-4.854477992921602e-07,9.612427902538911e-07,2679391,True,44508860416.0,0.751495361328125,88761504.0,45253.5390625,48614.77734375,48015.17578125,1.340745541256183e-07,1.0256180615897392e-07,5.6093277578384004e-08,10.573812841668117,,10.252936786318521,10.648446474952516,-2.7002218225218044,10.834557018637618,-0.07463363328439954,-0.5816202323190964
2687587,0.6543468626512038,2687587,True,32991217664.0,2.0751953125,95471992.0,128876.875,145744.734375,191369.28125,-4.5469953136034746e-08,-9.6265097226933e-08,-1.801741831286563e-07,2687587,True,37207846912.0,0.9333292841911316,62300812.0,43158.06640625,49097.05859375,64641.1953125,-3.763867439943169e-09,-2.7406942493257702e-08,-3.4799668924279104e-08,10.518398345099657,-2.5385223609909944,10.04280987847988,10.570634539645514,-2.776140832555829,10.615582200910852,-0.05223619454585737,-0.5727723224309731
2860534,0.647990293420894,2860534,False,22410602496.0,1.8310546875,0.0,6986.88720703125,30330.966796875,187089.296875,-7.09594530690083e-07,-1.242585767613491e-06,3.5761431149694545e-07,2860534,True,30687688704.0,0.93841552734375,36640808.0,199.43487548828125,9820.8447265625,63052.515625,6.351831416395726e-08,1.6436576544265336e-08,-4.890552673941784e-08,10.350453532446299,,9.956401559310411,10.486964180028476,-2.9229991379018703,10.528371402300898,-0.13651064758217757,-0.5719698429904874
3028815,0.6531510103884934,3028815,False,42712887296.0,1.5926361083984375,0.0,9942.2060546875,167848.84375,187003.359375,4.6306843159982236e-07,-1.2644139246731356e-07,-7.358807465607242e-07,3028815,False,53644890112.0,0.7527669668197632,24401788.0,1017.6980590820312,55992.64453125,65250.734375,-1.2191144982409696e-08,-3.3824214540345565e-08,-3.032326674201613e-07,10.63055892975831,,10.327384092956372,10.72952836000464,-3.3421067103018154,10.914537530539487,-0.09896943024632954,-0.5871534375831153
3055207,0.6136808702168888,3055207,True,18330621952.0,4.85992431640625,76636864.0,155017.984375,155773.109375,144027.453125,-4.350668518782186e-07,-1.5697114008617064e-07,-2.3730305542812857e-07,3055207,True,19209086976.0,3.173828125,29587168.0,53528.12109375,52610.56640625,49156.01171875,-6.545280228920092e-08,-4.57956623733935e-08,-4.586379986903921e-08,10.263177200681758,-2.37873947568852,9.233232941610252,10.283506722971616,-2.812403325260567,9.531131616463023,-0.02032952228985785,-0.297898674852771
3070295,0.6288626943285041,3070295,False,2266926080.0,1.0280609130859375,0.0,14242.494140625,170161.25,183760.484375,7.590455908257354e-08,7.114059599189204e-07,-8.072358923527645e-07,3070295,False,4958443008.0,1.0706584453582764,114383.375,2442.4384765625,53415.88671875,61410.84375,3.4062176723637094e-07,4.1335862732694295e-08,-2.3185410213955038e-07,9.355437358868686,,9.337409087512041,9.695345325847466,-4.636982419139067,9.650868905249745,-0.3399079669787799,-0.31345981773770326
3198019,0.6124418973164785,3198019,True,43884175360.0,1.6880035400390625,84643704.0,32026.7109375,19938.478515625,190822.71875,-2.1967919394683122e-07,-5.445841111395566e-07,9.899130049006999e-08,3198019,True,47163772928.0,0.7502238154411316,38394688.0,11938.44140625,9525.5224609375,62584.5859375,-5.1689035274193884e-08,-1.301472565273798e-07,4.823191446234887e-08,10.642307941818359,-2.714713282028433,10.301247912195086,10.673608539770587,-3.089337396962124,10.860822270062194,-0.03130059795222806,-0.559574357867108
3259950,0.6821758476841361,3259950,False,8647993344.0,1.4553070068359375,0.0,33810.32421875,115640.4296875,145801.046875,1.012413463286066e-06,1.2959259265699075e-06,1.0100625331688207e-06,3259950,False,21473572864.0,1.46484375,33285564.0,9957.3642578125,34260.125,47896.6796875,6.880997460712024e-08,4.10374099146793e-07,1.1078156347821277e-07,9.936915346687023,,9.692483416178167,10.33190431020362,-2.8096483900451914,10.083217356579818,-0.39498896351659774,-0.39073394040165077
3299260,0.619763767025986,3299260,False,7505989632.0,1.129150390625,0.0,34101.875,115948.40625,146023.40625,1.3131702303326165e-07,-7.265790600285982e-07,-1.609617356734816e-06,3299260,False,11010086912.0,1.0706584453582764,1206983.0,10667.9970703125,37995.25,51726.15625,-3.4385930547387034e-08,1.239954343645877e-07,-7.288258530024905e-08,9.875407960187868,,9.796280276526954,10.041790747241782,-3.960089594011198,9.99731432664406,-0.16638278705391407,-0.20103405011710684
3471263,0.6077150067294418,3471263,True,24323702784.0,1.8634796142578125,73357872.0,65808.7578125,8438.5283203125,136824.9375,1.2792891368462733e-07,-2.2324228154957382e-07,1.2874653521066648e-07,3471263,True,25260730368.0,0.591278076171875,46897184.0,21722.228515625,3731.18603515625,44977.44140625,7.1172641114003454e-09,-3.924905200847206e-08,2.2141179556456336e-08,10.386029688045298,-2.5205829634212535,9.980542718890602,10.402445903234614,-2.7312991374913396,10.74475823890667,-0.016416215189316574,-0.7642155200160676
3786109,0.6990965993191339,3786109,False,1654441216.0,0.44155120849609375,0.0,122313.984375,3086.923583984375,154034.578125,-2.4215904659286025e-07,-2.0581804704988826e-08,5.315214366419241e-07,3786109,False,2606110976.0,0.4113515317440033,0.0,41942.80078125,2474.721923828125,51833.90234375,-2.731717643200682e-07,-3.4338560794822115e-07,7.676490554331394e-10,9.218651340839864,,9.75117972423237,9.415992905328308,,9.994673227095948,-0.1973415644884433,-0.2434935028635774
3913617,0.6349442877756575,3913617,True,43181404160.0,3.25775146484375,146715744.0,121711.8046875,109019.234375,68878.09375,-3.4077808663823816e-07,1.1729797932957808e-07,-1.0898052948959958e-07,3913617,True,43025231872.0,1.0045369863510132,76560608.0,42562.9765625,35671.2734375,23570.716796875,-9.897353692167599e-08,3.324370823065692e-08,-2.4433129297563028e-08,10.635296760486046,-2.4688200401980205,9.86591983738003,10.63372321950997,-2.7497178458122837,10.630774321812238,0.0015735409760768704,-0.7648544844322078
4107179,0.6215625423296004,4107179,False,70901833728.0,4.2877197265625,279705504.0,174264.703125,22183.80859375,121334.5625,-1.6838824024034693e-07,-4.553968935283592e-08,2.2632161744695622e-07,4107179,True,54425747456.0,1.5106201171875,101724952.0,58489.5234375,8672.61328125,40445.74609375,-3.4590740938256204e-08,-5.813162218260004e-08,-2.5119891944314077e-08,10.85065746744898,-2.4039564550162815,9.902317883526909,10.735804402137335,-2.728376908538431,10.467071506176557,0.11485306531164596,-0.5647536226496488
4153000,0.6582156716889987,4153000,False,4114141440.0,1.8482208251953125,0.0,182972.296875,49400.58203125,156264.703125,3.0153350394357403e-07,-3.079059922583838e-07,1.5630236305241851e-07,4153000,False,4992605696.0,1.2118022441864014,90255.6328125,59625.34375,17126.212890625,51767.9453125,1.298094218782353e-07,2.4335419013254977e-08,-7.22809474495989e-08,9.614279218218115,,9.214148429065432,9.698327267874971,-4.742852952332748,9.573179639201374,-0.08404804965685564,-0.3590312101359423
4206505,0.6274229961541008,4206505,False,9604543488.0,1.430511474609375,17367210.0,154766.6875,126323.515625,108221.4140625,-4.742173587146681e-07,2.586439507012983e-08,1.3992347192015586e-07,4206505,False,10580615168.0,0.5963643789291382,5661977.5,52629.73828125,41393.31640625,35043.0078125,-5.371959233002599e-08,2.763439077568819e-08,1.5780760520556214e-07,9.982476727307635,-2.7427466716081557,9.749239708643548,10.024510918767323,-3.271542779567497,10.361243376295388,-0.04203419145968823,-0.6120036676518392
4285578,0.6509201777154335,4285578,False,1598317056.0,1.251220703125,0.0,183717.046875,172830.84375,139788.140625,9.817480162155334e-08,-6.0342792096435e-08,3.726154673699966e-08,4285578,False,2427977984.0,0.8672078847885132,108723.78125,60346.078125,56431.234375,45759.04296875,-8.835785081373615e-08,-5.4367448321102074e-09,-8.420157371347159e-08,9.203662933934856,,9.057662051294828,9.385244744400476,-4.348920196302848,9.478059917572958,-0.1815818104656195,-0.4203978662781296
4675449,0.6354062622942463,4675449,False,2757402112.0,0.9298324584960938,0.0,13823.6611328125,170758.859375,183628.859375,-2.3432697560110682e-07,6.243867574085016e-07,-7.970593856043706e-07,4675449,False,5475761152.0,0.9167989492416382,305022.34375,2900.5888671875,56800.4609375,61833.3515625,1.765866102232394e-07,-9.442297965733815e-08,-1.770221480512646e-08,9.440500103896333,,9.487893050267964,9.738444496322673,-4.254112842510618,9.79503333601535,-0.29794439242633963,-0.30714028574738705
4679778,0.6001942545673514,4679778,False,18311100416.0,1.79290771484375,0.0,13488.375,170912.6875,183301.734375,-1.2803533877558948e-07,-3.6943993109161966e-07,3.620563759909601e-08,4679778,False,17686415360.0,0.7603963613510132,6977386.0,3378.83154296875,53127.21875,61560.01171875,-1.2579289432324003e-07,9.309293602655089e-08,6.94839243919887e-08,10.26271444425999,,9.882377540283905,10.2476398200706,-3.4039470705710397,10.426079775052237,0.015074624189390207,-0.5437022347683325
5084444,0.6986605341616432,5084444,False,1234730496.0,0.6818771362304688,0.0,44446.1640625,167272.5,161358.421875,-9.762208037500386e-07,3.817570188857644e-07,1.016171182754988e-07,5084444,False,1908219776.0,0.7082621455192566,0.0,15634.4560546875,53962.09765625,55419.64453125,-2.8300661369939917e-07,1.119098369528615e-09,-1.596129521885814e-07,9.09157217470281,,9.341012981920626,9.280628392384502,,9.50533734635661,-0.18905621768169212,-0.1643243644359842
5359757,0.6435201695617346,5359757,False,2196160768.0,0.67138671875,0.0,138197.203125,124865.96875,154588.0,-2.6408713438286213e-07,6.010232311837171e-08,1.2168853480432062e-08,5359757,False,4533852160.0,0.5048116445541382,0.0,46767.7109375,40741.6015625,52686.734375,-1.966123051033719e-07,-1.4247852675453032e-07,-2.459425161305262e-07,9.341664129083894,,9.601205010290162,9.656467354532667,,10.101773308116508,-0.3148032254487738,-0.5005682978263462
5647818,0.659300943594705,5647818,False,26236801024.0,1.3751983642578125,53455164.0,199396.0,47127.3515625,184854.984375,-7.817309892743651e-07,-4.4190434778101917e-07,-3.9039377952576615e-07,5647818,True,30648645632.0,0.6764730215072632,23257954.0,65770.546875,17310.814453125,61991.328125,5.044102024953645e-08,-1.2175652486234867e-08,-9.843541448617543e-08,10.418910881682374,-2.6909212153859587,10.211362861026693,10.486411287743671,-3.1198397805151448,10.741035566042008,-0.06750040606129737,-0.5296727050153152
5807583,0.603265189731833,5807583,False,45680144384.0,2.8228759765625,133447272.0,183483.078125,172825.546875,139822.6875,5.704656746985393e-10,-1.206428663635961e-07,-5.173968133931339e-07,5807583,True,45602062336.0,1.4292399883270264,41940572.0,60584.12890625,57277.671875,46167.30859375,5.4047838204951404e-08,-5.2482274526255424e-08,2.3523064385244652e-08,10.659727467940844,-2.534417767804999,9.983689771271871,10.658984483912052,-3.0363501346842616,10.42632674584607,0.0007429840287915823,-0.44263697457419937
6098149,0.6011218372668866,6098149,False,18193973248.0,1.678466796875,0.0,33939.28125,115690.5078125,145938.265625,6.300401764747221e-07,1.7040969169102027e-06,1.7421255904537247e-07,6098149,False,20146116608.0,1.15966796875,2597456.0,9816.546875,33919.9296875,47708.25,8.471967305467842e-08,3.216614459233824e-07,2.0262844202534325e-07,10.2599275517986,,9.922558419996811,10.304191343367666,-3.8896431438734096,10.20769085088203,-0.04426379156906535,-0.2851324308852181
6163743,0.6326905096561485,6163743,False,16398001152.0,2.25067138671875,0.0,33903.5,116067.9140625,146477.546875,-7.418374252665672e-07,-3.8729359630451654e-07,-1.3209224789534346e-06,6163743,False,18291580928.0,1.41143798828125,21465948.0,10657.166015625,37917.85546875,51494.39453125,-3.1660505328545696e-08,1.698837870378611e-08,-3.146620031202474e-07,10.214790912586563,,9.686322778050839,10.262251242853955,-2.9305011698811474,10.037758539680954,-0.04746033026739127,-0.3514357616301158
6220689,0.6146987223716674,6220689,False,3567541248.0,0.8478164672851562,0.0,32695.9453125,144308.203125,129245.7421875,1.0228314977211994e-06,9.58647547122382e-07,-4.992853064322844e-07,6220689,False,5329350144.0,0.6739298701286316,236511.46875,9164.478515625,46754.62109375,43778.91015625,4.0144314539247716e-08,-2.30515144750143e-08,-1.3506654283901298e-07,9.552369003139237,,9.659916231603352,9.726674254789893,-4.352822049698836,9.983752196190457,-0.17430525165065625,-0.3238359645871043
7765873,0.6141653144751581,7765873,False,12415629312.0,2.25830078125,51548776.0,9221.869140625,189572.046875,22895.728515625,6.613122849330466e-08,3.3278018918281305e-07,-5.35949538971181e-07,7765873,True,13391700992.0,1.4063518047332764,20855902.0,620.1564331054688,62391.078125,8544.41796875,1.4536244918872399e-07,2.89186079527326e-08,-1.7379575112386192e-08,10.093968737567774,-2.3817503799318813,9.563296060410886,10.126835743891855,-2.807606766437338,9.904694781632887,-0.03286700632408035,-0.3413987212220011
8057005,0.6787278566633401,8057005,False,1625159040.0,0.8955001831054688,0.0,18427.9609375,46399.49609375,175384.53125,-2.6479489179109805e-07,-5.338966388990229e-07,-1.31725869323418e-07,8057005,False,5358632448.0,1.064300537109375,0.0,6561.12255859375,17202.607421875,58113.984375,-8.27986355034227e-08,-5.053642126995328e-08,4.069725179078887e-08,9.21089586797006,,9.282797349490329,9.729053969531071,,9.688457547548166,-0.5181581015610117,-0.4056601980578378
8251358,0.6280103559279913,8251358,False,27993731072.0,1.575469970703125,63902180.0,33341.8359375,144352.09375,128601.9453125,1.2091485359633225e-06,1.515466294677026e-07,-8.680355563228659e-07,8251358,False,30882902016.0,0.701904296875,18339468.0,6995.62841796875,46280.16015625,42184.05078125,4.745226434010874e-08,1.482930542806571e-07,-8.939820617115402e-08,10.447060786140048,-2.6415451119281084,10.150945591582937,10.489718103526322,-3.2263313702302394,10.720301251939508,-0.042657317386273874,-0.569355660356571
8334619,0.6019892364773224,8334619,False,13938300928.0,4.39453125,0.0,50856.72265625,148903.6875,125243.09375,7.888704089964449e-07,-1.095762058866967e-06,-1.9187433508704999e-07,8334619,False,28423202816.0,4.1147871017456055,32599262.0,15141.3447265625,50960.84765625,41112.01171875,1.2545683603093494e-07,-2.2288674017545418e-07,-1.35162096626118e-07,10.144209836705548,,9.17984100100225,10.45367301401873,-2.9404652456365428,9.532151959287667,-0.30946317731318196,-0.3523109582854165
10223610,0.6176055146725293,10223610,True,14523943936.0,1.873016357421875,32980540.0,186181.046875,178885.875,29608.94921875,1.7424180498437636e-07,-3.507097900978806e-08,-9.148730129027172e-08,10223610,True,15792836608.0,1.0973613262176514,25088088.0,61201.5390625,59862.515625,10345.53125,3.945132931448825e-08,-1.4580258778096322e-08,-2.1257546833908236e-08,10.162084563820253,-2.643826801623326,9.753272208563292,10.198460142203356,-2.7989925778473146,10.137935666458958,-0.03637557838310279,-0.384663457895666
10571683,0.6680773258759971,10571683,False,28813631488.0,1.6727447509765625,0.0,18585.1328125,46522.12109375,175450.5625,-2.730733399403107e-07,-6.431521910599258e-07,-2.4650043428664503e-07,10571683,False,61141118976.0,1.4139811992645264,135429920.0,6266.41015625,17106.533203125,57933.0078125,1.0249630832959156e-07,2.8262494566888563e-08,1.8712081839566963e-07,10.459597997461573,,10.124453483835977,10.786333382716128,-2.654618760793693,10.560667930239752,-0.3267353852545547,-0.4362144464037758
11322651,0.6499601665799971,11322651,False,140398116864.0,4.08172607421875,0.0,94225.84375,60733.88671875,33519.9609375,1.3671998431163956e-06,-5.892815693187003e-07,1.9851333021847495e-08,11322651,True,56846405632.0,1.1431376934051514,38204048.0,30980.1328125,19489.26171875,9975.5,1.545425050153426e-07,8.081970293005725e-08,6.04080252486483e-09,11.147361282715025,,10.231095499114701,10.754703009682709,-3.172593627636926,10.667555191800524,0.3926582730323158,-0.43645969268582263
