matched_index,host_halo_index,track_id,DoR,is_central_flag,gal_stellar_mass,gal_r50_kpc,host_mass,host_radius_kpc,gal_center_x,gal_center_y,gal_center_z,host_center_x,host_center_y,host_center_z,dist_to_host_kpc,dist_over_hostR,dist_over_galR50,bh_mass,v_gal_x,v_gal_y,v_gal_z,v_host_x,v_host_y,v_host_z,v_rel,sigma_host,v_rel_over_sigma
654,482701,66897,0.6679699000879449,True,35919429632.0,6.46209716796875,4142915911680.0,587.890625,691.4226684570312,78169.234375,2336.649658203125,689.39111328125,78163.8984375,2339.13623046875,6.227558676425721,0.010593056619036442,0.9637055145649022,0.0,58.90496826171875,-135.69500732421875,-92.19500732421875,58.90496826171875,-135.69500732421875,-92.19500732421875,0.0,125.87913513183594,0.0
704,526916,765512,0.6583539923286436,True,17920671744.0,2.20489501953125,4027973894144.0,867.1875,2337.031005859375,88775.734375,17724.166015625,2157.100830078125,88753.75,17685.556640625,185.33446721725232,0.2137190252595342,84.05591448823425,0.0,212.1865234375,14.6865234375,-108.01348876953125,212.1865234375,14.6865234375,-108.01348876953125,0.0,59.779911041259766,0.0
729,547161,775921,0.6014065745857468,True,16554172416.0,1.8215179443359375,1386802446336.0,479.00390625,2713.378662109375,93011.75,27998.609375,2708.953857421875,93012.515625,28011.76953125,13.905207322710476,0.02902942364618864,7.63385689718244,0.0,131.054931640625,-284.9450988769531,-287.7450866699219,131.054931640625,-284.9450988769531,-287.7450866699219,0.0,75.14707946777344,0.0
1723,1315808,9394,0.6300940129498068,False,3635866368.0,1.3332366943359375,72123716468736.0,2503.90625,5161.03466796875,12522.5029296875,126082.609375,5141.2705078125,12564.3046875,126099.8671875,49.35424070109843,0.019710898002310764,37.018363588980684,0.0,-18.40625,-812.0062255859375,482.9937744140625,-245.40618896484375,-455.106201171875,393.9937744140625,432.2355835846942,210.27403259277344,2.0555823192004974
2807,2235781,180003,0.6449354800259841,False,1520231424.0,0.9202957153320312,141848643371008.0,2410.15625,3944.668212890625,175250.109375,177537.28125,3641.3857421875,175283.734375,177442.21875,319.6056579083698,0.13260785806246786,347.28582626624535,0.0,854.8270263671875,-140.0728759765625,225.9271240234375,653.6270751953125,-194.3729248046875,131.7271728515625,228.69968617181195,307.39898681640625,0.7439832139342821
2819,2235781,809503,0.6315994382294959,False,41463517184.0,1.5544891357421875,141848643371008.0,2410.15625,3600.489990234375,175508.265625,177539.5625,3641.3857421875,175283.734375,177442.21875,248.11801711773478,0.10294685961448963,159.61386375291158,0.0,1025.4271240234375,-239.6728515625,-205.6728515625,653.6270751953125,-194.3729248046875,131.7271728515625,504.1092502101794,307.39898681640625,1.6399183856492612
2833,2235781,1639847,0.6303525706110041,False,4709544960.0,1.21307373046875,141848643371008.0,2410.15625,3799.7431640625,175314.265625,177274.421875,3641.3857421875,175283.734375,177442.21875,232.73379975677116,0.0965637807742843,191.8546201366007,0.0,689.4271240234375,-784.2728881835938,-195.972900390625,653.6270751953125,-194.3729248046875,131.7271728515625,675.759534371115,307.39898681640625,2.198314123835131
3012,2359176,25311,0.6061328658656949,False,19989944320.0,2.09808349609375,197660568977408.0,2765.625,5082.36865234375,192298.59375,121666.640625,5390.32763671875,192148.703125,121262.8515625,529.4823344690558,0.19145123958203147,252.3647583401021,0.0,-225.5115966796875,129.1883544921875,-75.211669921875,75.58837890625,38.6883544921875,184.8883056640625,408.04833365381785,234.4243927001953,1.7406393974353587
3563,2695320,83700,0.6566717963671045,False,8316129280.0,1.2969970703125,395321137954816.0,4109.375,7061.39990234375,30126.998046875,187200.484375,7106.962890625,29804.173828125,187237.1875,328.08319295177375,0.07983773516697155,252.95600156808757,0.0,-174.2957763671875,-621.395751953125,156.8043212890625,265.3043212890625,-600.395751953125,108.4041748046875,442.754808036111,290.633056640625,1.5234151722238132
3637,2695320,2860534,0.647990293420894,False,22410602496.0,1.8310546875,395321137954816.0,4109.375,6986.88720703125,30330.966796875,187089.296875,7106.962890625,29804.173828125,187237.1875,560.1791130324617,0.13631735069991463,305.93248626412844,0.0,-694.2957763671875,-1215.7957763671875,349.9041748046875,265.3043212890625,-600.395751953125,108.4041748046875,1165.277558125408,290.633056640625,4.009446040290945
3927,2857986,13769,0.6254047189121353,True,21278359552.0,2.712249755859375,3223378460672.0,577.1484375,7181.18310546875,45353.02734375,147984.90625,7172.91650390625,45350.76171875,147994.375,12.77211746721163,0.022129692532021506,4.7090491720460275,0.0,100.25833129882812,-259.3416748046875,112.25833129882812,100.25833129882812,-259.3416748046875,112.25833129882812,0.0,90.17138671875,0.0
4816,3607410,7765873,0.6141653144751581,False,12415629312.0,2.25830078125,67246172930048.0,2046.875,9221.869140625,189572.046875,22895.728515625,8814.6728515625,189562.515625,22597.396484375,504.8778698087138,0.2466578905935701,223.56537889043153,0.0,64.7054443359375,325.60546875,-524.39453125,143.60546875,21.2054443359375,-91.89453125,534.7343627595121,192.6754150390625,2.775311851027291
5124,3821235,8002,0.6010852373195695,True,18076844032.0,2.101898193359375,1821583736832.0,926.7578125,12075.177734375,15118.6787109375,3572.386474609375,12105.861328125,15123.4951171875,3328.18896484375,246.16479128890995,0.2656193322232284,117.11546832602542,0.0,493.68316650390625,-39.51678466796875,114.48321533203125,493.68316650390625,-39.51678466796875,114.48321533203125,0.0,57.13520050048828,0.0
5925,4449184,1874277,0.6267316195050473,False,19794731008.0,1.911163330078125,39939907518464.0,1789.0625,10392.9072265625,112732.53125,171324.140625,10357.8720703125,112571.09375,171047.328125,322.3580132957174,0.18018264498625253,168.67109588301903,0.0,396.044677734375,-57.1552734375,-138.6552734375,480.044677734375,101.4447021484375,-237.45526123046875,204.86920179409776,165.9424591064453,1.2345797627518738
5991,4539183,17066,0.6137409075294514,True,78710407168.0,4.1351318359375,7186385207296.0,910.15625,10211.400390625,132619.46875,115365.578125,10246.6435546875,132610.765625,115351.46875,38.947393504476544,0.04279198599633474,9.418658231399906,0.0,310.319091796875,324.01910400390625,311.91912841796875,310.319091796875,324.01910400390625,311.91912841796875,0.0,109.28755950927734,0.0
6063,4609657,172779,0.603381470384433,True,11869029376.0,2.99835205078125,1168162422784.0,463.37890625,10810.0791015625,144796.875,143052.484375,10808.94921875,144799.203125,143065.609375,13.377683887190933,0.02886985943199898,4.461678835780891,0.0,480.4085693359375,248.30859375,-101.5914306640625,480.4085693359375,248.30859375,-101.5914306640625,0.0,50.86193084716797,0.0
6283,4778400,117,0.6275227129805966,False,3987251968.0,0.904083251953125,228684963250176.0,3527.34375,9916.474609375,167885.546875,187246.390625,9966.7412109375,167953.078125,187212.265625,90.83895961648629,0.025752794752846614,100.47632164432144,0.0,503.48486328125,-465.5152587890625,97.48486328125,692.48486328125,239.98486328125,-774.5152587890625,1137.468960074017,329.6644287109375,3.4503842726428755
6284,4778400,137,0.7246507183723369,False,10522050560.0,4.43267822265625,228684963250176.0,3527.34375,9920.4111328125,167745.734375,186834.96875,9966.7412109375,167953.078125,187212.265625,433.0021231909801,0.12275586216709956,97.68408655918786,0.0,489.48486328125,326.384765625,-951.5152587890625,692.48486328125,239.98486328125,-774.5152587890625,282.847915185899,329.6644287109375,0.8579873670080158
6285,4778400,552,0.6904961368601793,False,33342603264.0,2.178192138671875,228684963250176.0,3527.34375,9803.375,167611.890625,187478.96875,9966.7412109375,167953.078125,187212.265625,462.84769192153414,0.13121706437642608,212.49167311922704,0.0,969.384765625,788.98486328125,-679.415283203125,692.48486328125,239.98486328125,-774.5152587890625,622.1885255084862,329.6644287109375,1.887338976611411
6286,4778400,553,0.7124777848063014,False,44430774272.0,3.856658935546875,228684963250176.0,3527.34375,9908.576171875,167886.640625,187275.34375,9966.7412109375,167953.078125,187212.265625,108.51710938330312,0.03076454042317342,28.13759557089675,0.0,701.78466796875,1577.78466796875,194.684814453125,692.48486328125,239.98486328125,-774.5152587890625,1652.011981119326,329.6644287109375,5.011192707624134
6288,4778400,2202,0.6428003357760255,False,17803544576.0,2.323150634765625,228684963250176.0,3527.34375,9780.99609375,167805.8125,187158.515625,9966.7412109375,167953.078125,187212.265625,243.05858422536477,0.06890697404395724,104.62454762425948,0.0,1023.384765625,351.98486328125,-829.115234375,692.48486328125,239.98486328125,-774.5152587890625,353.5815361484367,329.6644287109375,1.0725498578388348
6292,4778400,21185,0.6744277369607915,False,8345411072.0,2.13623046875,228684963250176.0,3527.34375,9887.8876953125,167752.03125,187099.234375,9966.7412109375,167953.078125,187212.265625,243.74943353831665,0.06910282944164901,114.10259197405085,0.0,579.184814453125,474.78466796875,-709.915283203125,692.48486328125,239.98486328125,-774.5152587890625,268.5907783067903,329.6644287109375,0.8147399443641554
6295,4778400,71883,0.6492821745148009,False,28345116672.0,2.81524658203125,228684963250176.0,3527.34375,9836.259765625,167774.40625,187386.125,9966.7412109375,167953.078125,187212.265625,281.3825310182656,0.07977179173939755,99.94951519139866,0.0,1268.084716796875,20.184814453125,-148.71533203125,692.48486328125,239.98486328125,-774.5152587890625,878.2099983273582,329.6644287109375,2.6639513451947425
6296,4778400,72033,0.6611736134081211,False,41697775616.0,1.6078948974609375,228684963250176.0,3527.34375,10040.1953125,167953.28125,187012.78125,9966.7412109375,167953.078125,187212.265625,212.57836711495437,0.060265849370352516,132.20911855037392,0.0,572.684814453125,-636.915283203125,-453.5152587890625,692.48486328125,239.98486328125,-774.5152587890625,941.4599930977097,329.6644287109375,2.855813096908973
6298,4778400,74170,0.6329071544436423,False,41307344896.0,2.87628173828125,228684963250176.0,3527.34375,9845.13671875,167851.9375,187104.84375,9966.7412109375,167953.078125,187212.265625,191.19764060805247,0.05420442524436482,66.47389164397521,0.0,536.084716796875,-512.7152099609375,-1343.615234375,692.48486328125,239.98486328125,-774.5152587890625,956.5004904813395,329.6644287109375,2.901436755616834
6299,4778400,74285,0.6951509463023098,False,4158064640.0,0.75531005859375,228684963250176.0,3527.34375,9891.189453125,167817.9375,187292.015625,9966.7412109375,167953.078125,187212.265625,174.1583162928181,0.04937378623583769,230.57857407204298,0.0,1355.584716796875,-307.71533203125,-578.615234375,692.48486328125,239.98486328125,-774.5152587890625,882.0735452575507,329.6644287109375,2.675670980659508
6300,4778400,100031,0.6839624251195557,False,21356443648.0,2.201080322265625,228684963250176.0,3527.34375,9761.119140625,167779.8125,187019.65625,9966.7412109375,167953.078125,187212.265625,330.7563815622156,0.09376925102981971,150.27001887044273,0.0,533.48486328125,34.48486328125,-815.0152587890625,692.48486328125,239.98486328125,-774.5152587890625,262.96672793340224,329.6644287109375,0.7976800195327766
6307,4778400,222292,0.751421832197312,False,1298175104.0,0.499725341796875,228684963250176.0,3527.34375,9904.0810546875,167927.28125,187236.03125,9966.7412109375,167953.078125,187212.265625,71.8093230206264,0.020357903314817672,143.69758148029837,0.0,674.884765625,-21.815185546875,-1892.315185546875,692.48486328125,239.98486328125,-774.5152587890625,1148.183654849558,329.6644287109375,3.4828860952308864
6320,4778400,389228,0.6204523621508219,False,25846372352.0,3.787994384765625,228684963250176.0,3527.34375,9910.5908203125,167455.203125,187078.484375,9966.7412109375,167953.078125,187212.265625,518.5844240274698,0.14701839706648093,136.90211002241395,0.0,614.98486328125,450.584716796875,-665.915283203125,692.48486328125,239.98486328125,-774.5152587890625,249.30403726788887,329.6644287109375,0.7562357826797512
6323,4778400,798108,0.638630359266431,False,14231122944.0,1.7147064208984375,228684963250176.0,3527.34375,10080.2705078125,167729.578125,187163.328125,9966.7412109375,167953.078125,187212.265625,255.41344944067038,0.07240957149148573,148.9546235599001,0.0,483.184814453125,1229.48486328125,-833.915283203125,692.48486328125,239.98486328125,-774.5152587890625,1013.13628073416,329.6644287109375,3.0732350611673573
6340,4778400,1930598,0.7659649151582323,False,1405542912.0,0.4596710205078125,228684963250176.0,3527.34375,9812.9267578125,167993.34375,187147.25,9966.7412109375,167953.078125,187212.265625,171.77670983263147,0.04869860212309375,373.69488649265844,0.0,730.98486328125,426.884765625,-1411.5152587890625,692.48486328125,239.98486328125,-774.5152587890625,664.9682875867866,329.6644287109375,2.0171065777007335
6346,4778400,1977002,0.6153248005596197,False,13899257856.0,1.7452239990234375,228684963250176.0,3527.34375,9929.0185546875,167989.03125,187129.359375,9966.7412109375,167953.078125,187212.265625,97.92380854972804,0.027761345502469965,56.10959315510362,0.0,-193.115234375,-426.0152587890625,-1207.315185546875,692.48486328125,239.98486328125,-774.5152587890625,1189.6047546004506,329.6644287109375,3.608532346823327
6351,4778400,3028815,0.6531510103884934,False,42712887296.0,1.5926361083984375,228684963250176.0,3527.34375,9942.2060546875,167848.84375,187003.359375,9966.7412109375,167953.078125,187212.265625,234.75221002775467,0.06655212155825603,147.3985229832712,0.0,453.084716796875,-123.71533203125,-720.0152587890625,692.48486328125,239.98486328125,-774.5152587890625,438.81717401110325,329.6644287109375,1.3311025873400344
6376,4778400,97114,0.6621051872474024,False,36856459264.0,2.353668212890625,228684963250176.0,3527.34375,9954.3115234375,167947.859375,187521.90625,9966.7412109375,167953.078125,187212.265625,309.9339431770918,0.08786610127722647,131.68123760164596,0.0,5.47119140625,-549.228759765625,-967.4287109375,692.48486328125,239.98486328125,-774.5152587890625,1063.983800706464,329.6644287109375,3.2274752992516706
6628,4902450,1041141,0.6288302619508289,False,42088202240.0,4.34112548828125,101229074055168.0,2164.0625,11855.8935546875,179900.765625,179937.234375,11784.09375,179983.6875,179950.0,110.42739917393418,0.05102782344499485,25.437504507075396,0.0,49.9722900390625,-106.727783203125,228.072265625,418.6722412109375,-575.427734375,31.772216796875,627.8160617510397,220.73800659179688,2.844168394217848
6910,5088026,9659,0.6204142004366383,False,13411222528.0,1.491546630859375,55252204126208.0,1605.46875,9836.13671875,198777.140625,133549.5,9848.701171875,198615.953125,133318.125,282.265240976604,0.1758148459610964,189.2433230960892,0.0,185.2218017578125,-240.07818603515625,381.5218505859375,102.921875,-315.4781494140625,-153.9781494140625,547.0088504054406,262.48785400390625,2.083939664489391
6953,5102703,496129,0.6820498448598892,True,11634771968.0,1.461029052734375,983255416832.0,417.48046875,13884.4765625,2940.3857421875,14024.529296875,13887.7373046875,2944.469970703125,14042.2119140625,18.4387719976374,0.0441667895335221,12.620400643730179,0.0,581.6183471679688,522.9183959960938,-300.9815979003906,581.6183471679688,522.9183959960938,-300.9815979003906,0.0,60.10880661010742,0.0
7187,5252239,77613,0.616261287245523,True,15051022336.0,1.4286041259765625,1258117136384.0,697.265625,15094.462890625,15661.9609375,42075.6796875,15183.5576171875,15689.759765625,42031.41796875,103.29445722338656,0.14814219075174767,72.30446513849785,0.0,402.61212158203125,-56.28790283203125,-352.8879089355469,402.61212158203125,-56.28790283203125,-352.8879089355469,0.0,71.81995391845703,0.0
7350,5377098,12185,0.6501444509825213,True,34513887232.0,4.5166015625,4707631759360.0,782.2265625,14854.7763671875,28718.662109375,172070.359375,14847.9072265625,28730.62890625,172076.1875,14.978530014295801,0.019148582689936206,3.3163275101921945,0.0,-84.2520751953125,-199.65206909179688,310.94793701171875,-84.2520751953125,-199.65206909179688,310.94793701171875,0.0,115.8641357421875,0.0
7678,5665204,87007,0.6390490587279235,False,100262068224.0,9.5977783203125,65167220015104.0,2242.1875,13506.046875,81146.859375,17629.642578125,14252.3349609375,80035.7109375,17540.349609375,1341.4805222734833,0.5982909646376511,139.76990064819555,0.0,457.74957275390625,-500.650390625,132.94964599609375,69.44964599609375,-159.35040283203125,2.14959716796875,533.2646318302416,208.314453125,2.559902223924203
7905,5854109,16955,0.6093009881349091,False,36466032640.0,2.933502197265625,59649994784768.0,1962.890625,13967.576171875,116332.984375,116135.484375,13959.126953125,116345.1953125,116341.96875,207.0176161858089,0.10546569103197428,70.57012480807892,0.0,651.83935546875,716.139404296875,142.7393798828125,459.4393310546875,393.4393310546875,190.639404296875,378.74466201375407,185.55657958984375,2.0411276326117638
8407,6227203,23249,0.6910466717245218,False,22644858880.0,2.84576416015625,788083549143040.0,5640.625,13958.7861328125,170200.5625,183819.296875,13636.3583984375,170951.265625,183124.03125,1072.804322831336,0.190192456125223,376.9828638127316,0.0,-355.23193359375,94.26806640625,143.26806640625,256.26806640625,363.3681640625,-215.931884765625,758.5326080535237,331.32763671875,2.2893731883205684
8410,6227203,23328,0.6325683073057371,False,14797244416.0,1.59454345703125,788083549143040.0,5640.625,14028.546875,170308.671875,183768.828125,13636.3583984375,170951.265625,183124.03125,991.2121562497318,0.17572736288083887,621.6275585835639,0.0,1126.068115234375,-306.8319091796875,24.568115234375,256.26806640625,363.3681640625,-215.931884765625,1124.082075791284,331.32763671875,3.3926601684165263
8448,6227203,100221,0.7144579189526166,False,14562987008.0,1.3484954833984375,788083549143040.0,5640.625,13998.2353515625,170395.59375,183742.5,13636.3583984375,170951.265625,183124.03125,906.7688551089586,0.1607568053378763,672.4300275917478,0.0,484.568115234375,1041.76806640625,-211.23193359375,256.26806640625,363.3681640625,-215.931884765625,715.7998528471152,331.32763671875,2.160398872656456
8465,6227203,229037,0.627827642640436,False,39277117440.0,2.567291259765625,788083549143040.0,5640.625,13940.3388671875,171336.59375,183403.25,13636.3583984375,170951.265625,183124.03125,564.6636163673447,0.10010656910667608,219.94528833432574,0.0,177.068115234375,-684.0318603515625,-82.6318359375,256.26806640625,363.3681640625,-215.931884765625,1058.8145949248087,331.32763671875,3.1956724329144675
8470,6227203,229539,0.6364485035977898,False,25924458496.0,2.140045166015625,788083549143040.0,5640.625,14122.0576171875,170710.578125,184176.546875,13636.3583984375,170951.265625,183124.03125,1183.9017461849403,0.20988839821561267,553.2134391299554,0.0,-557.3319091796875,905.3681640625,-923.0318603515625,256.26806640625,363.3681640625,-215.931884765625,1206.5236407742168,331.32763671875,3.6414820469636333
8473,6227203,230061,0.6299293725877742,False,20653672448.0,4.4403076171875,788083549143040.0,5640.625,13275.1943359375,170389.515625,183565.328125,13636.3583984375,170951.265625,183124.03125,800.4657859185922,0.14191083185260361,180.2725970651576,0.0,979.968017578125,89.3681640625,-96.931884765625,256.26806640625,363.3681640625,-215.931884765625,782.9295110839636,331.32763671875,2.363006958422123
8499,6227203,492195,0.6102281962673806,False,6080925696.0,1.373291015625,788083549143040.0,5640.625,14082.5390625,170225.765625,183697.203125,13636.3583984375,170951.265625,183124.03125,1026.622342088009,0.18200506895743096,747.5635756786639,0.0,-457.431884765625,869.76806640625,145.568115234375,256.26806640625,363.3681640625,-215.931884765625,946.8319446430271,331.32763671875,2.857690816316517
8608,6227203,3070295,0.6288626943285041,False,2266926080.0,1.0280609130859375,788083549143040.0,5640.625,14242.494140625,170161.25,183760.484375,13636.3583984375,170951.265625,183124.03125,1181.7773927536427,0.20951178154081201,1149.5207897811165,0.0,74.26806640625,696.068115234375,-789.8319091796875,256.26806640625,363.3681640625,-215.931884765625,687.8768025833039,331.32763671875,2.076122624105798
8626,6227203,4675449,0.6354062622942463,False,2757402112.0,0.9298324584960938,788083549143040.0,5640.625,13823.6611328125,170758.859375,183628.859375,13636.3583984375,170951.265625,183124.03125,571.7988414944804,0.10137153976633446,614.9482482245295,0.0,-229.27490234375,610.925048828125,-779.8748779296875,256.26806640625,363.3681640625,-215.931884765625,784.2627654276762,331.32763671875,2.367030934076301
8628,6227203,4679778,0.6001942545673514,False,18311100416.0,1.79290771484375,788083549143040.0,5640.625,13488.375,170912.6875,183301.734375,13636.3583984375,170951.265625,183124.03125,234.44777366482523,0.04156414823974741,130.7639939991318,0.0,-125.27490234375,-361.474853515625,35.425048828125,256.26806640625,363.3681640625,-215.931884765625,856.8271384590817,331.32763671875,2.5860418615981797
8684,6227203,2226,0.664697544972055,False,49194004480.0,1.575469970703125,788083549143040.0,5640.625,14758.2802734375,170226.65625,185361.953125,13636.3583984375,170951.265625,183124.03125,2606.1584292872376,0.4620336273528621,1654.2101580800813,0.0,-278.507080078125,1078.19287109375,-879.0072021484375,256.26806640625,363.3681640625,-215.931884765625,1112.0376322777995,331.32763671875,3.3563081042399165
9615,6882008,11518,0.6773868908797168,False,64733061120.0,6.85882568359375,80759377362944.0,3304.6875,17416.56640625,40276.76171875,95797.125,18973.642578125,40505.61328125,96107.3125,1604.0808981581465,0.48539563821333986,233.87106950320864,0.0,574.3265380859375,-135.47341918945312,357.9266052246094,304.58514404296875,-66.3148193359375,4.98516845703125,449.5675581951006,165.4729766845703,2.7168639085527553
9738,6955316,435755,0.653036736824823,False,10248751104.0,1.1444091796875,183587655647232.0,3199.21875,18426.15234375,46441.2734375,175479.046875,18482.3515625,46447.1953125,175481.71875,56.57348944197805,0.01768353271934845,49.434669387592976,0.0,589.214111328125,-153.5859375,-25.285888671875,53.01416015625,-333.8858642578125,72.714111328125,574.1275565809341,249.1285858154297,2.304543072412751
9740,6955316,436157,0.632480981104096,False,26783401984.0,2.7923583984375,183587655647232.0,3199.21875,18478.0859375,46463.28125,175442.796875,18482.3515625,46447.1953125,175481.71875,42.33042989871655,0.013231489687510912,15.159382807881356,0.0,-866.9859008789062,-861.4859008789062,-196.48583984375,53.01416015625,-333.8858642578125,72.714111328125,1094.180298057962,249.1285858154297,4.39203030224962
9770,6955316,1782066,0.7404743771822154,False,18447751168.0,1.79290771484375,183587655647232.0,3199.21875,18385.658203125,46388.58203125,175317.078125,18482.3515625,46447.1953125,175481.71875,199.72896106099668,0.06243054216314426,111.39946546462535,0.0,177.1141357421875,-334.785888671875,-70.285888671875,53.01416015625,-333.8858642578125,72.714111328125,189.34258365295483,249.1285858154297,0.7600195017091771
9787,6955316,8057005,0.6787278566633401,False,1625159040.0,0.8955001831054688,183587655647232.0,3199.21875,18427.9609375,46399.49609375,175384.53125,18482.3515625,46447.1953125,175481.71875,121.15678154152567,0.037870740017863946,135.2950941019029,0.0,-259.0859375,-522.3858642578125,-128.8858642578125,53.01416015625,-333.8858642578125,72.714111328125,416.63085713049554,249.1285858154297,1.6723526758955
9790,6955316,10571683,0.6680773258759971,False,28813631488.0,1.6727447509765625,183587655647232.0,3199.21875,18585.1328125,46522.12109375,175450.5625,18482.3515625,46447.1953125,175481.71875,130.95254851108416,0.040932664736065376,78.28603164627057,0.0,-267.1859130859375,-629.285888671875,-241.1859130859375,53.01416015625,-333.8858642578125,72.714111328125,536.956689738828,249.1285858154297,2.1553395327208245
9912,7033253,13736,0.6507552584864124,False,12200893440.0,2.590179443359375,120579344564224.0,2351.5625,15992.8017578125,52231.36328125,143698.5,15893.869140625,51780.92578125,143944.296875,522.5875122021039,0.22222990552116045,201.75726185376777,0.0,-190.890380859375,285.40966796875,128.2095947265625,47.53369140625,-218.0662841796875,227.03369140625,565.7740491680896,253.82403564453125,2.2290010783708043
9972,7047509,1283,0.6363664465748146,False,7242450432.0,1.3561248779296875,51893896216576.0,1875.0,17866.318359375,53117.1328125,186861.84375,17835.279296875,53082.87109375,186772.515625,100.58231797189123,0.053643902918341986,74.16892028811098,72383.234375,-138.8934326171875,-364.79345703125,57.0064697265625,-55.8934326171875,-395.1934814453125,98.20654296875,97.52234369382849,175.8328857421875,0.5546308546446724
10451,7545161,215760,0.6355447257667793,True,35958472704.0,2.593994140625,4417777565696.0,659.1796875,16327.798828125,151414.546875,46722.2890625,16333.8681640625,151426.0625,46655.671875,67.87706629100148,0.10297202352886743,26.167008332041608,0.0,47.39056396484375,108.89056396484375,-59.509429931640625,47.39056396484375,108.89056396484375,-59.509429931640625,0.0,74.41177368164062,0.0
10514,7598329,995106,0.6802090174058896,True,37637316608.0,1.5468597412109375,4137918398464.0,719.7265625,17086.048828125,157976.328125,80346.5390625,17071.0390625,157952.15625,80357.1484375,30.366617246965156,0.0421918806796368,19.631138129687876,0.0,30.456878662109375,250.95684814453125,207.25686645507812,30.456878662109375,250.95684814453125,207.25686645507812,0.0,97.11869049072266,0.0
10656,7719399,1011731,0.6443797003773413,True,20770801664.0,1.926422119140625,414791335936.0,262.20703125,18515.9296875,171809.9375,180455.328125,18513.1953125,171810.78125,180455.203125,2.864322904828469,0.010923898154727569,1.486861512006642,0.0,138.78448486328125,-133.2154541015625,481.18450927734375,138.78448486328125,-133.2154541015625,481.18450927734375,0.0,60.40564727783203,0.0
10789,7774322,26620,0.6173019414010313,False,7105800704.0,3.269195556640625,199579597275136.0,2644.53125,18026.126953125,173043.125,181476.671875,18195.578125,173231.734375,181461.234375,254.01872449477307,0.0960543478148625,77.70068204662519,0.0,-559.5828857421875,-284.0828857421875,168.7171630859375,2.9171142578125,-116.7828369140625,199.317138671875,587.6494829775255,194.81625366210938,3.0164294402085603
11048,7911684,25850,0.6657124844476187,False,47398031360.0,2.25067138671875,150804136722432.0,2753.90625,16168.9736328125,188164.3125,136765.96875,16352.84765625,188046.203125,136718.0625,223.72860735061894,0.08124045883937368,99.40527465308585,0.0,-72.095947265625,-91.595947265625,101.5040283203125,76.5040283203125,-115.9959716796875,-156.2960205078125,298.56017670032907,182.81820678710938,1.6330987047039602
11447,8153764,9581,0.6915810848661282,False,8657754112.0,1.3370513916015625,143767671668736.0,3105.46875,21066.9140625,17598.998046875,140257.59375,20843.91015625,17658.2734375,140295.65625,233.86549134653262,0.07530762991787718,174.91137050940213,0.0,-43.8018798828125,274.798095703125,186.8980712890625,80.798095703125,-128.1019287109375,23.59814453125,452.2393720895775,308.9551696777344,1.4637702051119594
11457,8153764,185825,0.6589066725443175,False,7369339904.0,1.1806488037109375,143767671668736.0,3105.46875,20878.52734375,17624.001953125,140468.09375,20843.91015625,17658.2734375,140295.65625,179.18586919153537,0.05770010378997869,151.76898382341147,0.0,-216.8018798828125,-198.40191650390625,492.298095703125,80.798095703125,-128.1019287109375,23.59814453125,559.6315555621932,308.9551696777344,1.8113681546288247
11527,9555060,83855,0.6538871999543966,False,17393594368.0,2.750396728515625,156081477124096.0,2894.53125,21639.91015625,15907.884765625,183469.890625,21872.794921875,14434.8671875,183110.3125,1534.0510185466346,0.5299825381213744,557.7562693562954,0.0,-477.705322265625,-979.8052978515625,64.1947021484375,480.5938720703125,-179.106201171875,244.5938720703125,1261.7449226357426,283.8844909667969,4.444571516882605
11872,8375568,415368,0.6877238228986977,False,25885415424.0,2.201080322265625,447135086542848.0,3628.90625,20153.705078125,41530.18359375,11301.3359375,20086.71484375,41518.5390625,11442.0224609375,156.25615023601438,0.04305874538258308,70.99066247395105,0.0,-995.4144287109375,-1236.514404296875,-713.314453125,7.58544921875,-590.9144287109375,-271.41455078125,1272.039153208323,342.1150207519531,3.718162243833782
11915,8375568,884010,0.6028653478303433,False,49350176768.0,2.09808349609375,447135086542848.0,3628.90625,20013.38671875,41565.67578125,11445.6982421875,20086.71484375,41518.5390625,11442.0224609375,87.24904319435302,0.024042793388325483,41.58511487116451,0.0,-22.014404296875,-105.114501953125,255.28564453125,7.58544921875,-590.9144287109375,-271.41455078125,717.1407225281996,342.1150207519531,2.0961977084547683
11936,8375568,1699510,0.652445029846908,False,39277117440.0,1.7833709716796875,447135086542848.0,3628.90625,20127.9140625,41382.34765625,11219.2919921875,20086.71484375,41518.5390625,11442.0224609375,264.29970955632473,0.07283178218129077,148.20231671001753,0.0,468.78564453125,61.685546875,794.58544921875,7.58544921875,-590.9144287109375,-271.41455078125,1332.2718747654528,342.1150207519531,3.8942221006174482
12062,8375568,884395,0.6390632154935596,False,24050401280.0,2.429962158203125,447135086542848.0,3628.90625,19321.5625,42203.3046875,12892.2529296875,20086.71484375,41518.5390625,11442.0224609375,1776.9441417271967,0.4896638323812296,731.2641210187351,0.0,260.439697265625,-320.76025390625,-383.26025390625,7.58544921875,-590.9144287109375,-271.41455078125,386.55919369131277,342.1150207519531,1.1299100309646546
12200,8480871,1085,0.7154140447221113,True,15909965824.0,3.238677978515625,4152910938112.0,813.4765625,19102.380859375,43839.30078125,147631.015625,19126.412109375,43824.8984375,147577.9375,60.01846245590843,0.07378019874531841,18.531778353405958,0.0,-99.13238525390625,-133.23236083984375,-118.23236083984375,-99.13238525390625,-133.23236083984375,-118.23236083984375,0.0,69.2855453491211,0.0
12217,6955316,436370,0.6540751918889693,False,1434825088.0,2.605438232421875,183587655647232.0,3199.21875,18818.126953125,46450.65234375,175126.9375,18482.3515625,46447.1953125,175481.71875,488.494421018293,0.1526917848359988,187.4903096682568,0.0,-243.8631591796875,-732.3630981445312,279.1368408203125,53.01416015625,-333.8858642578125,72.714111328125,538.0804697376665,249.1285858154297,2.1598503759673355
12312,8542242,14295,0.6245153530793502,True,22761988096.0,5.9051513671875,1794097545216.0,440.91796875,20275.873046875,52366.4765625,195105.828125,20276.001953125,52368.26953125,195104.96875,1.9924555579461805,0.0045188803794836965,0.33740973500144933,0.0,-147.3790283203125,-673.279052734375,-143.779052734375,-147.3790283203125,-673.279052734375,-143.779052734375,0.0,61.331424713134766,0.0
12517,8762177,1415,0.6206592467390807,True,120564350976.0,4.0435791015625,7786083123200.0,1082.03125,20097.44921875,96990.7421875,144279.0,19970.451171875,96952.953125,144274.140625,132.5900851499999,0.122538129236101,32.79027856751092,0.0,503.44085693359375,265.0408935546875,-38.4591064453125,503.44085693359375,265.0408935546875,-38.4591064453125,0.0,143.6503143310547,0.0
13227,9356197,503453,0.623574460789296,True,76445917184.0,2.60162353515625,9725108289536.0,875.0,20366.6640625,186783.015625,103398.1953125,20386.041015625,186798.109375,103431.5625,41.4325572844726,0.04735149403939726,15.925654394106724,0.0,-74.8944091796875,-106.59442138671875,167.005615234375,-74.8944091796875,-106.59442138671875,167.005615234375,0.0,139.43017578125,0.0
13573,9605725,9952,0.6148557942710099,True,33420687360.0,2.643585205078125,2928526753792.0,556.640625,24446.06640625,16424.0078125,148814.890625,24446.67578125,16418.994140625,148786.421875,28.91328362748325,0.05194246041147868,10.937148374087979,0.0,198.48089599609375,-24.41912841796875,-160.819091796875,198.48089599609375,-24.41912841796875,-160.819091796875,0.0,95.12123107910156,0.0
13799,9775896,12172,0.6559461671706917,True,47163772928.0,3.41796875,5537214758912.0,681.640625,23466.158203125,37161.35546875,176104.46875,23453.939453125,37166.37890625,176115.765625,17.382524576267144,0.025501010266615408,5.085630047456444,0.0,-172.95538330078125,-154.05538940429688,143.944580078125,-172.95538330078125,-154.05538940429688,143.944580078125,0.0,143.1193389892578,0.0
13876,9823293,423945,0.6160925936924683,True,30882902016.0,1.556396484375,2613685256192.0,655.2734375,22558.271484375,39029.078125,162753.0625,22571.91015625,39033.64453125,162764.40625,18.31791747487839,0.027954616235879984,11.769441565035589,0.0,-40.095184326171875,-183.99517822265625,158.90478515625,-40.095184326171875,-183.99517822265625,158.90478515625,0.0,79.99284362792969,0.0
15112,10778830,481813,0.6063854464961596,True,21903044608.0,2.689361572265625,1684152778752.0,470.21484375,24023.044921875,175381.671875,21350.607421875,24012.283203125,175381.328125,21331.5625,21.87788389541948,0.04652742078693572,8.134973043802615,0.0,222.4635009765625,201.76348876953125,-422.33648681640625,222.4635009765625,201.76348876953125,-422.33648681640625,0.0,53.54913330078125,0.0
15419,11010957,9046,0.6074931403874908,True,29711616000.0,5.51605224609375,2268858679296.0,707.03125,26442.65234375,8870.048828125,80811.1328125,26439.4375,8873.83984375,80816.7890625,7.529952447951328,0.01065009848992011,1.3650981013248638,0.0,279.8734436035156,-210.2265625,213.37344360351562,279.8734436035156,-210.2265625,213.37344360351562,0.0,57.15545654296875,0.0
15584,11116594,415381,0.6453416373556711,False,14231122944.0,1.438140869140625,922415966191616.0,5257.8125,26133.560546875,18367.275390625,12448.3466796875,27105.62890625,18440.224609375,13643.4365234375,1542.2315709544525,0.2933219035396284,1072.3786550034058,0.0,871.9759521484375,-593.7239990234375,970.7760009765625,146.034423828125,-295.7655029296875,-235.365478515625,1438.9397612430075,394.30218505859375,3.6493324555865176
15632,11116594,7598,0.7014676441642759,False,3372326912.0,0.74005126953125,922415966191616.0,5257.8125,27027.587890625,18548.51171875,13490.9453125,27105.62890625,18440.224609375,13643.4365234375,202.65751303556408,0.03854407380171204,273.8425314288397,0.0,633.83447265625,-144.66552734375,603.234619140625,146.034423828125,-295.7655029296875,-235.365478515625,981.8504030899331,394.30218505859375,2.4900962771586697
15643,11116594,8411,0.6602161561269901,False,22879115264.0,2.178192138671875,922415966191616.0,5257.8125,27059.939453125,18701.8671875,13693.4140625,27105.62890625,18440.224609375,13643.4365234375,270.2630556060188,0.05140218591020863,124.07677486652221,0.0,122.9345703125,-1281.9654541015625,-2045.4654541015625,146.034423828125,-295.7655029296875,-235.365478515625,2061.452368729402,394.30218505859375,5.228102827842732
15647,11116594,10640,0.6921869778106973,False,6246857728.0,1.3446807861328125,922415966191616.0,5257.8125,27103.8359375,18563.4765625,13777.712890625,27105.62890625,18440.224609375,13643.4365234375,182.27561951928183,0.03466757696652017,135.55307802344004,0.0,736.034423828125,305.034423828125,438.4345703125,146.034423828125,-295.7655029296875,-235.365478515625,1078.4558673367105,394.30218505859375,2.735099901047849
15660,11116594,80788,0.6622087069885517,False,4192227072.0,0.8306503295898438,922415966191616.0,5257.8125,27096.798828125,18562.38671875,13718.3701171875,27105.62890625,18440.224609375,13643.4365234375,143.58479974890486,0.027308847500534653,172.85829504191466,0.0,-107.865478515625,-1789.5654296875,-407.5654296875,146.034423828125,-295.7655029296875,-235.365478515625,1524.9774440218478,394.30218505859375,3.867534854759261
15664,11116594,80976,0.6033654774044561,False,4977964544.0,0.8392333984375,922415966191616.0,5257.8125,27234.078125,18563.74609375,13799.0390625,27105.62890625,18440.224609375,13643.4365234375,236.5774906080153,0.0449954216906775,281.89713499067074,0.0,-56.465576171875,-999.2655029296875,-387.9654541015625,146.034423828125,-295.7655029296875,-235.365478515625,747.8002758416372,394.30218505859375,1.896515678021194
15678,11116594,189514,0.6548322989200139,False,3865243136.0,0.7534027099609375,922415966191616.0,5257.8125,27065.876953125,18555.046875,13483.0146484375,27105.62890625,18440.224609375,13643.4365234375,201.2449960595937,0.03827542272753045,267.1147759344108,0.0,43.234619140625,-992.365478515625,-716.0654296875,146.034423828125,-295.7655029296875,-235.365478515625,852.5794795130597,394.30218505859375,2.162248934497701
15680,11116594,189629,0.69951897542127,False,6793457664.0,0.81634521484375,922415966191616.0,5257.8125,27238.998046875,18689.3515625,13787.2451171875,27105.62890625,18440.224609375,13643.4365234375,317.0685699982726,0.06030427482879479,388.40010847489333,0.0,60.33447265625,-606.9654541015625,-828.7655029296875,146.034423828125,-295.7655029296875,-235.365478515625,675.5097928341595,394.30218505859375,1.7131779088005257
15682,11116594,189716,0.6626176341494049,False,18350143488.0,1.56402587890625,922415966191616.0,5257.8125,27112.59375,18675.80859375,13679.5185546875,27105.62890625,18440.224609375,13643.4365234375,238.43287466620063,0.04534830305687025,152.4481646256012,0.0,1305.234619140625,705.234619140625,295.634521484375,146.034423828125,-295.7655029296875,-235.365478515625,1621.0204616837254,394.30218505859375,4.111112043274221
15692,11116594,190293,0.7092008799549306,False,14621550592.0,1.4209747314453125,922415966191616.0,5257.8125,26817.462890625,18512.3515625,13484.2578125,27105.62890625,18440.224609375,13643.4365234375,337.0160410781776,0.0640981474858941,237.17243777824908,0.0,-179.365478515625,118.534423828125,-787.865478515625,146.034423828125,-295.7655029296875,-235.365478515625,763.4040710900426,394.30218505859375,1.9360888679239754
15716,11116594,413656,0.6699043556650096,False,5778343424.0,0.9317398071289062,922415966191616.0,5257.8125,27227.646484375,18627.685546875,13865.78125,27105.62890625,18440.224609375,13643.4365234375,315.3840038588233,0.059983881863193735,338.48935233395036,0.0,-617.7655029296875,-768.5654296875,460.4345703125,146.034423828125,-295.7655029296875,-235.365478515625,1136.251647658499,394.30218505859375,2.881677278784673
15766,11116594,1648535,0.6011675726480279,False,26705315840.0,2.529144287109375,922415966191616.0,5257.8125,26335.12109375,17457.98828125,14957.2861328125,27105.62890625,18440.224609375,13643.4365234375,1812.366212846305,0.34469966603911895,716.592652338434,0.0,-14.365478515625,234.134521484375,-906.4654541015625,146.034423828125,-295.7655029296875,-235.365478515625,869.9984722844946,394.30218505859375,2.206425693926124
15980,11116594,10925,0.6026098339967293,False,7447425536.0,1.9378662109375,922415966191616.0,5257.8125,27203.697265625,18828.271484375,13915.7109375,27105.62890625,18440.224609375,13643.4365234375,484.0776145008644,0.09206825357520156,249.7992956214854,0.0,576.60400390625,38.90380859375,-24.59619140625,146.034423828125,-295.7655029296875,-235.365478515625,584.6515233477278,394.30218505859375,1.4827498946292876
16055,11116594,1703813,0.6366114684190697,False,19404302336.0,1.8157958984375,922415966191616.0,5257.8125,26900.5234375,19152.853515625,13683.71484375,27105.62890625,18440.224609375,13643.4365234375,742.6510313878416,0.14124715010051073,408.9947730507024,0.0,107.352294921875,-1586.4476318359375,-1307.24755859375,146.034423828125,-295.7655029296875,-235.365478515625,1678.1799243726214,394.30218505859375,4.256075639355744
16158,11299763,83271,0.684790105962043,True,29321187328.0,2.4566650390625,2448768106496.0,596.6796875,27409.208984375,26309.314453125,160727.578125,27410.83984375,26313.5703125,160734.296875,8.118721751809257,0.01360649930254121,3.304773594574978,0.0,21.55682373046875,-267.6431884765625,71.15679931640625,21.55682373046875,-267.6431884765625,71.15679931640625,0.0,117.42241668701172,0.0
17191,12045963,16180,0.612667007865855,True,22020173824.0,5.88226318359375,7456249348096.0,1994.140625,26621.39453125,128473.46875,20437.419921875,26338.66796875,128653.8515625,19884.87890625,646.354269836893,0.32412672493289835,109.8819025370444,0.0,129.6214599609375,156.82147216796875,-221.2785186767578,129.6214599609375,156.82147216796875,-221.2785186767578,0.0,95.10137939453125,0.0
17380,12197019,471061,0.6833864921403746,False,18545358848.0,1.529693603515625,416430533115904.0,4242.1875,25871.658203125,148093.5,128114.2421875,25365.41796875,148325.40625,128259.90625,575.5672878066658,0.13567700338720667,376.2631199371337,0.0,450.9935302734375,165.8935546875,282.6934814453125,918.87255859375,81.672607421875,325.172607421875,477.2928128979229,325.1674499511719,1.4678369958911774
17436,12197019,22287,0.6216952430037197,False,21942087680.0,3.864288330078125,416430533115904.0,4242.1875,26956.435546875,148009.453125,128402.203125,25365.41796875,148325.40625,128259.90625,1628.3156056903624,0.3838386694813377,421.3752874018701,0.0,1613.24560546875,145.445556640625,-48.554443359375,918.87255859375,81.672607421875,325.172607421875,791.1338861180067,325.1674499511719,2.433004552690639
17506,12197019,1896059,0.6838720708795906,False,10483007488.0,1.4705657958984375,416430533115904.0,4242.1875,26088.70703125,147955.625,128773.3125,25365.41796875,148325.40625,128259.90625,960.9740986742327,0.22652796432836425,653.4723582953516,0.0,651.272705078125,216.172607421875,228.47265625,918.87255859375,81.672607421875,325.172607421875,314.72338991283596,325.1674499511719,0.9678809793541628
18041,12511704,1970,0.6209475595063677,False,35177615360.0,3.28826904296875,141848643371008.0,2988.28125,27126.5859375,175588.875,195969.234375,26793.728515625,176035.3125,194512.546875,1559.4995919716594,0.5218717588820193,474.26155572832795,0.0,265.6236572265625,266.5235595703125,-567.6763916015625,-208.3763427734375,208.6236572265625,-510.2763671875,480.96066522549506,264.3340148925781,1.819518632215953
18080,12511704,985428,0.6592798960628986,False,17295986688.0,2.1514892578125,141848643371008.0,2988.28125,26650.48046875,175870.234375,194597.984375,26793.728515625,176035.3125,194512.546875,234.6707410250963,0.07853033948029367,109.07362896326745,0.0,-259.8763427734375,237.8236083984375,-564.8763427734375,-208.3763427734375,208.6236572265625,-510.2763671875,80.53598253218777,264.3340148925781,0.30467506259047494
18559,14461431,104782,0.6943957712516015,False,69262032896.0,2.040863037109375,403636966391808.0,4359.375,27062.388671875,195866.109375,190188.5625,28760.34375,199162.828125,189118.546875,3859.5776195946855,0.8853511385450175,1891.1497486187463,0.0,432.11090087890625,661.2108764648438,313.81085205078125,254.267333984375,393.1673583984375,-125.232666015625,544.2746297773875,236.2970733642578,2.3033490090601956
19080,11116594,6,0.6170304384007274,False,2352332288.0,2.05230712890625,922415966191616.0,5257.8125,28516.923828125,18729.95703125,15962.51953125,27105.62890625,18440.224609375,13643.4365234375,2730.172930405762,0.5192602304486442,1330.2945216882679,0.0,-377.258544921875,106.741455078125,-959.758544921875,146.034423828125,-295.7655029296875,-235.365478515625,980.0983098880138,394.30218505859375,2.485652748138766
21044,14461431,1040964,0.6432128055050877,False,51848916992.0,2.31170654296875,403636966391808.0,4359.375,28896.41015625,197910.515625,188744.265625,28760.34375,199162.828125,189118.546875,1314.1107710796691,0.30144476469211046,568.4591649734468,0.0,46.6673583984375,942.8673095703125,-630.9326171875,254.267333984375,393.1673583984375,-125.232666015625,775.2420440074702,236.2970733642578,3.2807940994360743
21273,14585115,189198,0.6527084386733543,False,2198600960.0,0.5998611450195312,247235631644672.0,2691.40625,31553.6484375,6403.296875,183628.0,31587.986328125,6578.6669921875,183519.78125,208.91401720922042,0.07762262468151006,348.270627200597,0.0,708.9686279296875,-312.7313232421875,-730.4312744140625,417.4686279296875,-373.9312744140625,-223.6312255859375,587.8468963221884,301.38861083984375,1.9504615475817266
21297,14585115,852408,0.6102566340549741,False,3596823552.0,0.8687973022460938,247235631644672.0,2691.40625,31458.46484375,6508.09716796875,183621.671875,31587.986328125,6578.6669921875,183519.78125,179.26966968190484,0.0666081791561214,206.3423415547454,0.0,147.2686767578125,59.168701171875,-582.1312255859375,417.4686279296875,-373.9312744140625,-223.6312255859375,623.7834980711042,301.38861083984375,2.069698308548823
21556,14735979,3198019,0.6124418973164785,True,43884175360.0,1.6880035400390625,2923529240576.0,633.7890625,32026.7109375,19938.478515625,190822.71875,32040.84375,20001.115234375,190812.578125,65.00713191887013,0.10256903402915718,38.51125331014755,0.0,-214.94293212890625,-532.8429565429688,96.8570556640625,-214.94293212890625,-532.8429565429688,96.8570556640625,0.0,91.53269958496094,0.0
22216,15326234,15531,0.66689122433132,True,80115949568.0,4.14276123046875,4782593933312.0,633.7890625,32006.3125,110261.3984375,143541.640625,32001.015625,110258.40625,143540.03125,6.292865697868201,0.009928959128839813,1.519002749080996,0.0,299.53704833984375,1237.237060546875,865.8370971679688,299.53704833984375,1237.237060546875,865.8370971679688,0.0,130.124267578125,0.0
22293,15472933,15398,0.6415685020249383,False,73634832384.0,3.83758544921875,1384263664533504.0,4851.5625,33594.33203125,115597.4140625,145773.65625,33902.7109375,115949.8515625,145965.0,505.88750912654365,0.10427310977165473,131.8244286207442,0.0,1040.72021484375,2438.320068359375,1065.420166015625,701.726806640625,1470.427001953125,752.726806640625,1072.1523472901074,382.349609375,2.804115189349034
22301,15472933,15788,0.6506497685922836,False,27486173184.0,1.712799072265625,1384263664533504.0,4851.5625,33772.03125,115598.328125,145771.4375,33902.7109375,115949.8515625,145965.0,422.03358781400806,0.08698920972655882,246.39993951874237,0.0,-308.6796875,1597.920166015625,-596.6796875,701.726806640625,1470.427001953125,752.726806640625,1690.5838271772,382.349609375,4.421565461883636
22383,15472933,460550,0.6869908876345444,False,20653672448.0,1.453399658203125,1384263664533504.0,4851.5625,33856.0546875,115509.9296875,145821.96875,33902.7109375,115949.8515625,145965.0,464.9365550740667,0.09583233341301213,319.89587478565915,0.0,-686.379638671875,667.620361328125,-1454.77978515625,701.726806640625,1470.427001953125,752.726806640625,2728.447059881565,382.349609375,7.136000647003577
22644,15472933,1685,0.6598136854666824,False,133682749440.0,3.77655029296875,1384263664533504.0,4851.5625,33890.28125,115963.7109375,146009.453125,33902.7109375,115949.8515625,145965.0,48.193980215415976,0.009933702846333728,12.76137651473738,0.0,-521.273193359375,-1058.97314453125,-2704.773193359375,701.726806640625,1470.427001953125,752.726806640625,4455.0982425795255,382.349609375,11.651896937627217
22653,15472933,17559,0.6162753120910791,False,54581919744.0,3.65447998046875,1384263664533504.0,4851.5625,33481.9921875,115638.640625,145599.296875,33902.7109375,115949.8515625,145965.0,638.431899152883,0.1315930484566329,174.69842564878223,0.0,-6.97314453125,1051.427001953125,1654.226806640625,701.726806640625,1470.427001953125,752.726806640625,1220.8680808306106,382.349609375,3.1930674202238043
22657,15472933,17910,0.6208004211758845,False,3240557312.0,0.5578994750976562,1384263664533504.0,4851.5625,34030.09765625,115948.3828125,146021.6875,33902.7109375,115949.8515625,145965.0,139.43817983860842,0.028740880868505438,249.93423737170713,0.0,482.826904296875,-644.173095703125,-1171.373046875,701.726806640625,1470.427001953125,752.726806640625,2867.3351716450547,382.349609375,7.4992496431004225
22659,15472933,18005,0.7227492410942181,False,5553846784.0,0.835418701171875,1384263664533504.0,4851.5625,34022.578125,115797.375,145929.5625,33902.7109375,115949.8515625,145965.0,197.16252472827225,0.04063897450115756,236.00444238524292,0.0,-622.47314453125,-59.873046875,-1018.97314453125,701.726806640625,1470.427001953125,752.726806640625,2689.655083297742,382.349609375,7.034543824156985
22667,15472933,18413,0.6218062366987339,False,57783431168.0,4.1656494140625,1384263664533504.0,4851.5625,33839.1171875,115949.71875,146039.109375,33902.7109375,115949.8515625,145965.0,97.65440154500605,0.020128443474655033,23.442779705690537,0.0,147.726806640625,-1405.47314453125,-2881.173095703125,701.726806640625,1470.427001953125,752.726806640625,4667.220388282813,382.349609375,12.206682768453692
22689,15472933,92228,0.6723252642591783,False,1266452736.0,1.5430450439453125,1384263664533504.0,4851.5625,34237.04296875,116803.125,145407.421875,33902.7109375,115949.8515625,145965.0,1072.728685055701,0.22110993830455672,695.202443548187,0.0,-471.214111328125,-981.6142578125,-435.51416015625,701.726806640625,1470.427001953125,752.726806640625,2966.5153516900496,382.349609375,7.7586462205079885
22718,15472933,212715,0.621481369873165,False,8159957504.0,1.617431640625,1384263664533504.0,4851.5625,34047.67578125,115793.2890625,146134.296875,33902.7109375,115949.8515625,145965.0,272.3748413757731,0.0561416742288228,168.39960004153457,0.0,-935.714111328125,-29.4140625,-1583.4141845703125,701.726806640625,1470.427001953125,752.726806640625,3223.0871395719737,382.349609375,8.429685974677803
22726,15472933,213887,0.6037590214610941,False,18682007552.0,2.7313232421875,1384263664533504.0,4851.5625,33911.5234375,115825.484375,146073.890625,33902.7109375,115949.8515625,145965.0,165.53557229731857,0.03412005354920576,60.606364614955694,0.0,-2270.9140625,-819.314208984375,-1483.814208984375,701.726806640625,1470.427001953125,752.726806640625,4368.251854520703,382.349609375,11.424758251123041
22729,15472933,213921,0.6638822446218882,False,11283386368.0,1.934051513671875,1384263664533504.0,4851.5625,34047.16015625,115896.640625,145979.890625,33902.7109375,115949.8515625,145965.0,154.65675342514106,0.03187772051275049,79.96516759345202,0.0,-344.1142578125,-502.714111328125,-2500.1142578125,701.726806640625,1470.427001953125,752.726806640625,3945.6361179928585,382.349609375,10.319445923960828
22734,15472933,446417,0.6054659357526995,False,2110754560.0,0.9222030639648438,1384263664533504.0,4851.5625,33758.2265625,115824.4375,145864.4375,33902.7109375,115949.8515625,145965.0,216.1417083724114,0.044550947941495424,234.37539606857254,0.0,1009.5859375,1203.28564453125,336.0859375,701.726806640625,1470.427001953125,752.726806640625,582.8647897556921,382.349609375,1.5244288877618055
22751,15472933,458066,0.6516674627343886,False,3845721600.0,5.0506591796875,1384263664533504.0,4851.5625,33871.46484375,115994.625,146382.5625,33902.7109375,115949.8515625,145965.0,421.11687271641136,0.08680025717826192,83.37859628502336,0.0,-93.4140625,-517.214111328125,-1243.01416015625,701.726806640625,1470.427001953125,752.726806640625,2926.7641181917893,382.349609375,7.6546805500232225
22754,15472933,458677,0.686697642801295,False,19462864896.0,1.8520355224609375,1384263664533504.0,4851.5625,33577.16796875,115626.359375,145665.609375,33902.7109375,115949.8515625,145965.0,547.9600042101515,0.11294505722850144,295.8690573504963,0.0,1270.98583984375,627.785888671875,2428.98583984375,701.726806640625,1470.427001953125,752.726806640625,1960.5979289671548,382.349609375,5.127762343400864
22794,15472933,943990,0.6360825254458574,False,17881630720.0,1.8177032470703125,1384263664533504.0,4851.5625,33684.7734375,115635.3125,145695.125,33902.7109375,115949.8515625,145965.0,468.2564376168564,0.09651662482279809,257.60884697299724,0.0,566.0859375,915.18603515625,661.8857421875,701.726806640625,1470.427001953125,752.726806640625,578.7426678427377,382.349609375,1.5136478595826672
22830,15472933,1817624,0.6470367911485998,False,20068030464.0,2.201080322265625,1384263664533504.0,4851.5625,33758.01953125,115851.6875,145951.8125,33902.7109375,115949.8515625,145965.0,175.34450765665986,0.036141863091871916,79.66293000892104,0.0,829.68603515625,48.3857421875,923.5859375,701.726806640625,1470.427001953125,752.726806640625,1437.973487668024,382.349609375,3.7608865091259753
22845,15472933,1852695,0.6577851205454481,False,34943361024.0,1.4820098876953125,1384263664533504.0,4851.5625,33743.49609375,115677.59375,145600.953125,33902.7109375,115949.8515625,145965.0,481.66773831645366,0.09928095089292442,325.0098007547707,0.0,465.8857421875,1626.8857421875,1343.8857421875,701.726806640625,1470.427001953125,752.726806640625,655.4153127254696,382.349609375,1.7141780628384342
22870,15472933,1870301,0.6936497593756278,False,8316129280.0,1.2912750244140625,1384263664533504.0,4851.5625,34064.22265625,115857.0859375,146144.34375,33902.7109375,115949.8515625,145965.0,258.56464789155194,0.05329512871194629,200.2397963275716,0.0,-1455.51416015625,-148.6142578125,-1369.4141845703125,701.726806640625,1470.427001953125,752.726806640625,3431.9769195360154,382.349609375,8.976017852211296
22872,15472933,3259950,0.6821758476841361,False,8647993344.0,1.4553070068359375,1384263664533504.0,4851.5625,33810.32421875,115640.4296875,145801.046875,33902.7109375,115949.8515625,145965.0,362.15718925236433,0.07464753659307993,248.85277645969015,0.0,990.5859375,1267.98583984375,988.28564453125,701.726806640625,1470.427001953125,752.726806640625,424.157974940245,382.349609375,1.1093459089276598
22884,15472933,3299260,0.619763767025986,False,7505989632.0,1.129150390625,1384263664533504.0,4851.5625,34101.875,115948.40625,146023.40625,33902.7109375,115949.8515625,145965.0,207.5565049782566,0.04278137300679041,183.8165285169598,0.0,128.48583984375,-710.9140625,-1574.9141845703125,701.726806640625,1470.427001953125,752.726806640625,3241.1057726413596,382.349609375,8.476812041051558
22910,15472933,6098149,0.6011218372668866,False,18193973248.0,1.678466796875,1384263664533504.0,4851.5625,33939.28125,115690.5078125,145938.265625,33902.7109375,115949.8515625,145965.0,263.2703842574223,0.05426507115128833,156.85170820631296,0.0,616.45654296875,1667.356689453125,170.45654296875,701.726806640625,1470.427001953125,752.726806640625,620.5569914536727,382.349609375,1.6230093512271493
22915,15472933,6163743,0.6326905096561485,False,16398001152.0,2.25067138671875,1384263664533504.0,4851.5625,33903.5,116067.9140625,146477.546875,33902.7109375,115949.8515625,145965.0,525.969272484757,0.1084123460194024,233.6943880783799,0.0,-725.843505859375,-378.943603515625,-1292.4434814453125,701.726806640625,1470.427001953125,752.726806640625,3104.971842186772,382.349609375,8.12076635114719
23328,15773704,107,0.6579168815021977,False,84957265920.0,4.61578369140625,585305593741312.0,5804.6875,33077.45703125,144391.09375,129096.453125,32850.2578125,144404.984375,129140.515625,231.84895593845354,0.039941677469881635,50.22959727729749,0.0,-740.1390380859375,1014.160888671875,132.9609375,360.660888671875,265.260986328125,96.6610107421875,1331.8893449394009,482.921875,2.7579809776465414
23342,15773704,20315,0.6397176478391793,False,42869059584.0,1.7871856689453125,585305593741312.0,5804.6875,32835.1328125,144381.5,129245.2109375,32850.2578125,144404.984375,129140.515625,108.35769448273288,0.01866727441963635,60.630351040515535,0.0,691.160888671875,-83.1390380859375,-422.3389892578125,360.660888671875,265.260986328125,96.6610107421875,707.088273846851,482.921875,1.4641877091338036
23368,15773704,218204,0.6999881300551886,False,12962229248.0,1.3751983642578125,585305593741312.0,5804.6875,33702.68359375,144344.078125,129187.8515625,32850.2578125,144404.984375,129140.515625,855.9088589375268,0.14745132428533436,622.389381185351,0.0,597.260986328125,-126.1390380859375,803.56103515625,360.660888671875,265.260986328125,96.6610107421875,841.9508476383155,482.921875,1.7434514591792214
23369,15773704,218313,0.685368226449491,False,3552900352.0,0.6990432739257812,585305593741312.0,5804.6875,33121.44140625,144408.4375,129037.4921875,32850.2578125,144404.984375,129140.515625,290.11427794189495,0.04997931033184731,415.0161925064126,0.0,-78.93896484375,571.361083984375,152.9609375,360.660888671875,265.260986328125,96.6610107421875,538.6232289356445,482.921875,1.1153423707212362
23375,15773704,219205,0.6393964317361037,False,24011358208.0,2.96783447265625,585305593741312.0,5804.6875,32763.65234375,144456.5625,129004.0625,32850.2578125,144404.984375,129140.515625,169.6474742464163,0.029225944419301864,57.16204047410354,0.0,411.06103515625,1105.260986328125,442.361083984375,360.660888671875,265.260986328125,96.6610107421875,909.7520076401591,482.921875,1.8838492409153327
23525,15773704,6220689,0.6146987223716674,False,3567541248.0,0.8478164672851562,585305593741312.0,5804.6875,32695.9453125,144308.203125,129245.7421875,32850.2578125,144404.984375,129140.515625,210.3606129088307,0.03623978257379586,248.12046123902144,0.0,1000.779296875,937.979248046875,-488.520751953125,360.660888671875,265.260986328125,96.6610107421875,1097.606091255689,482.921875,2.272844010753684
23532,15773704,8251358,0.6280103559279913,False,27993731072.0,1.575469970703125,585305593741312.0,5804.6875,33341.8359375,144352.09375,128601.9453125,32850.2578125,144404.984375,129140.515625,731.0981142758842,0.12594960784295178,464.05080888314137,0.0,1183.079345703125,148.279296875,-849.32080078125,360.660888671875,265.260986328125,96.6610107421875,1258.943375162733,482.921875,2.6069296926396905
24013,16098020,1038537,0.6393870353666818,False,1488509056.0,2.185821533203125,84757362769920.0,3093.75,32071.330078125,176324.75,162667.796875,31926.140625,176614.203125,162968.5,441.9111429413925,0.14283996539519758,202.17164861296402,0.0,-337.04754638671875,-41.6475830078125,591.452392578125,79.75244140625,-179.947509765625,68.8524169921875,682.6125065129247,195.41635131835938,3.4931186766498246
24015,16098020,2022282,0.690100320212374,False,16964122624.0,1.33514404296875,84757362769920.0,3093.75,31756.755859375,176524.046875,163298.640625,31926.140625,176614.203125,162968.5,381.8536113686622,0.12342742993734536,286.0018088532188,0.0,-74.24755859375,-106.447509765625,135.1524658203125,79.75244140625,-179.947509765625,68.8524169921875,183.06814707810793,195.41635131835938,0.9368107931759786
24170,16193284,103252,0.6399017231499968,True,21551659008.0,1.62506103515625,1834077388800.0,579.1015625,33187.015625,186420.765625,127160.78125,33179.984375,186425.203125,127153.703125,10.919236984703875,0.018855478368190168,6.7192780753948655,0.0,71.90725708007812,-202.89273071289062,167.40725708007812,71.90725708007812,-202.89273071289062,167.40725708007812,0.0,72.89605712890625,0.0
24250,16236968,23874,0.6440065273446565,False,22957201408.0,1.3751983642578125,133212990865408.0,2796.875,32004.470703125,191745.65625,15485.1953125,31931.365234375,191837.78125,15385.640625,154.08621284650968,0.0550922772188638,112.04653586805945,0.0,-298.24169921875,595.058349609375,-274.1417236328125,-135.3416748046875,250.6583251953125,-371.6417236328125,393.260784684297,195.51329040527344,2.01142737595546
24254,16236968,24097,0.6957839270194897,False,3240557312.0,0.743865966796875,133212990865408.0,2796.875,31923.1640625,191834.09375,15485.08984375,31931.365234375,191837.78125,15385.640625,99.85491468304724,0.03570231586432974,134.23777822909096,0.0,-430.94171142578125,-330.54168701171875,-1145.24169921875,-135.3416748046875,250.6583251953125,-371.6417236328125,1011.7458959968201,195.51329040527344,5.174819030970239
24268,16236968,496354,0.6951702056938576,False,1123702272.0,0.6036758422851562,133212990865408.0,2796.875,31992.349609375,191889.421875,15508.833984375,31931.365234375,191837.78125,15385.640625,146.8415879055697,0.05250202025674,243.2457581037451,0.0,-350.6712646484375,334.2286376953125,-477.5712890625,-135.3416748046875,250.6583251953125,-371.6417236328125,254.11001992394495,195.51329040527344,1.299707142144701
24270,16236968,496985,0.6628986367088184,False,36622200832.0,1.8749237060546875,133212990865408.0,2796.875,31972.65625,192095.78125,15556.8916015625,31931.365234375,191837.78125,15385.640625,312.4033369619376,0.1116972824891844,166.62189290854562,0.0,-144.6712646484375,226.728759765625,-536.271240234375,-135.3416748046875,250.6583251953125,-371.6417236328125,166.6209563193371,195.51329040527344,0.8522231709872699
24625,16479608,81796,0.6447050287842978,False,15870922752.0,1.7986297607421875,80279616094208.0,2394.53125,35738.31640625,17332.869140625,20971.38671875,35714.10546875,17358.447265625,20996.921875,43.50234680860844,0.01816737484992457,24.186382188326302,0.0,-342.8861083984375,-182.3861083984375,-884.18603515625,-38.486083984375,-350.3861083984375,-417.8861083984375,581.651954830054,219.18319702148438,2.6537251154934127
24653,16479608,1708028,0.6374923191842267,False,30219173888.0,2.2430419921875,80279616094208.0,2394.53125,35938.8125,17446.70703125,21114.310546875,35714.10546875,17358.447265625,20996.921875,268.4457792664001,0.11210786214061734,119.67933734695781,0.0,-111.5860595703125,-773.2860717773438,-1158.68603515625,-38.486083984375,-350.3861083984375,-417.8861083984375,856.1381412721462,219.18319702148438,3.906039116621825
25171,16882427,440402,0.6630611435285877,True,28032774144.0,3.322601318359375,2813584736256.0,599.609375,35482.3203125,71943.046875,31751.572265625,35475.45703125,71969.15625,31772.62890625,34.23720500884421,0.057099182294880244,10.304337393614759,0.0,88.65911865234375,-94.640869140625,187.7591552734375,88.65911865234375,-94.640869140625,187.7591552734375,0.0,69.68597412109375,0.0
25587,15472933,18408,0.7739284345876163,False,19013873664.0,1.4095306396484375,1384263664533504.0,4851.5625,35016.13671875,117278.3125,147246.609375,33902.7109375,115949.8515625,145965.0,2155.70128331906,0.44433134342164204,1529.375256331236,0.0,-186.61572265625,-697.215576171875,-922.61572265625,701.726806640625,1470.427001953125,752.726806640625,2880.03461547406,382.349609375,7.532463862541536
25763,17260843,949881,0.6041948742006057,False,8462539776.0,1.758575439453125,160559232188416.0,2597.65625,35671.28515625,119838.2890625,159001.578125,35798.76953125,119748.2578125,159031.40625,158.89496180407593,0.06116858679976457,90.35436196782577,0.0,473.6220703125,561.822021484375,-1340.177978515625,326.1220703125,444.72216796875,-652.8779296875,712.6359398827173,240.12364196777344,2.967787486658056
25968,17359386,210509,0.6337119082588679,False,52864032768.0,5.24139404296875,474001549819904.0,4390.625,35712.91015625,126542.4765625,133654.8125,35896.34765625,127675.71875,133086.71875,1280.8659885893987,0.29172748494562817,244.3750609263314,0.0,736.461181640625,1240.26123046875,303.26123046875,765.061279296875,556.5611572265625,538.6611328125,723.6552146988003,232.9696807861328,3.1062205702342824
26213,17359386,1528,0.6590177376839111,False,11302907904.0,2.8533935546875,474001549819904.0,4390.625,36663.796875,128752.1640625,131965.765625,35896.34765625,127675.71875,133086.71875,1733.2768741924856,0.39476768664882234,607.4440279522927,0.0,-100.726806640625,46.1732177734375,251.873291015625,765.061279296875,556.5611572265625,538.6611328125,1045.1469392831978,232.9696807861328,4.486192949041499
27070,18042760,2330,0.6139142587520242,False,25143601152.0,2.071380615234375,302247955136512.0,3542.96875,39434.1484375,1109.153076171875,29410.396484375,38860.8828125,433.4424133300781,29206.251953125,909.3367727767438,0.25665955218395414,439.00032958155936,0.0,-771.2484130859375,-351.1483154296875,111.651611328125,52.95166015625,-31.6483154296875,44.0516357421875,886.5414640227757,226.8994140625,3.9072003234815567
27075,18042760,24297,0.7042781962206558,False,8218522112.0,1.3370513916015625,302247955136512.0,3542.96875,38634.87890625,445.5029602050781,29103.701171875,38860.8828125,433.4424133300781,29206.251953125,248.47511981316805,0.07013189710272438,185.83812213495898,0.0,269.2515869140625,944.9515380859375,-1197.04833984375,52.95166015625,-31.6483154296875,44.0516357421875,1594.0081811589268,226.8994140625,7.025175396529907
27668,18313167,191081,0.6289114088051336,True,37910618112.0,5.7220458984375,4157908451328.0,567.3828125,38796.26953125,20713.291015625,24018.822265625,38809.140625,20697.58203125,24030.18359375,23.270518283424614,0.04101378781794631,4.066817829926708,0.0,-241.98333740234375,-727.7833251953125,-139.7833251953125,-241.98333740234375,-727.7833251953125,-139.7833251953125,0.0,78.87252044677734,0.0
28414,18984138,18028,0.7003127085380463,False,60984946688.0,3.448486328125,149524790116352.0,2503.90625,38502.8984375,124457.6015625,155698.796875,38276.1328125,124153.0,155857.96875,411.75289476832785,0.16444421382323235,119.40105182096077,0.0,-381.92529296875,-64.725341796875,-420.3253173828125,-268.42529296875,143.974609375,-347.8253173828125,248.38311057546366,279.0194091796875,0.8902001165643134
28447,18984138,1867573,0.6459186292607492,False,38222958592.0,3.11279296875,149524790116352.0,2503.90625,38946.625,123617.15625,155614.4375,38276.1328125,124153.0,155857.96875,892.185949025852,0.3563176333082966,286.6191095850894,0.0,-412.92529296875,34.974609375,-186.3253173828125,-268.42529296875,143.974609375,-347.8253173828125,242.57679196493632,279.0194091796875,0.8693903864183073
28484,18984138,1172843,0.6280945210452531,False,89486237696.0,6.2255859375,149524790116352.0,2503.90625,38362.7578125,124252.03125,156601.328125,38276.1328125,124153.0,155857.96875,754.9133986769298,0.30149427466660533,121.25981494041977,0.0,-641.244384765625,59.655517578125,146.0555419921875,-268.42529296875,143.974609375,-347.8253173828125,624.5174839079248,279.0194091796875,2.238258212014698
29040,19305811,94291,0.7280143651632898,False,3743234304.0,1.0662078857421875,89714870714368.0,2554.6875,38554.53515625,144706.8125,128305.5,38568.5390625,144526.90625,128415.375,211.26969447680207,0.08269884065146993,198.15056453998855,0.0,-709.5051879882812,648.0948486328125,355.494873046875,-79.30517578125,169.69482421875,323.494873046875,791.860239401574,258.6021728515625,3.0620788320139183
29044,19305811,219478,0.6251911782760996,False,45211631616.0,4.8675537109375,89714870714368.0,2554.6875,38735.453125,144553.46875,128457.8125,38568.5390625,144526.90625,128415.375,174.2607588436189,0.06821216248312911,35.800479910894694,0.0,-1160.30517578125,114.394775390625,613.0948486328125,-79.30517578125,169.69482421875,323.494873046875,1120.4852704340958,258.6021728515625,4.332853270638425
29055,19305811,964959,0.678977150618202,False,7379100672.0,1.0967254638671875,89714870714368.0,2554.6875,38616.99609375,144530.125,128386.640625,38568.5390625,144526.90625,128415.375,56.42790564753047,0.022087987531755046,51.451258775882536,0.0,-611.0051879882812,86.5948486328125,1016.69482421875,-79.30517578125,169.69482421875,323.494873046875,877.574316641064,258.6021728515625,3.393530328706059
29521,19645250,503246,0.6209744491158872,False,1603197440.0,2.0294189453125,71883835834368.0,2738.28125,39284.22265625,187186.109375,87316.6015625,39251.12890625,187269.75,87212.375,137.67398726709243,0.050277518887839746,67.83911601155015,0.0,69.2802734375,-177.019775390625,233.480224609375,38.480224609375,-13.9197998046875,59.980224609375,240.10933976825703,276.94854736328125,0.8669817626929048
29525,19645250,1027827,0.6526772959494253,False,21356443648.0,1.6918182373046875,71883835834368.0,2738.28125,39298.140625,187024.4375,87482.5390625,39251.12890625,187269.75,87212.375,367.9360610521657,0.13436752015599776,217.47966355909566,0.0,117.2802734375,-6.2197265625,526.5802001953125,38.480224609375,-13.9197998046875,59.980224609375,473.26977089187454,276.94854736328125,1.708872551951223
29891,19890591,7997,0.7331995762812181,True,28579373056.0,2.7313232421875,3163408564224.0,642.578125,40688.83203125,4600.20068359375,195634.515625,40681.77734375,4593.3017578125,195630.6875,10.583871393468327,0.016470948794698428,3.8749977410186607,30345.8515625,-317.404541015625,32.1954345703125,-401.50457763671875,-317.404541015625,32.1954345703125,-401.50457763671875,0.0,80.50839233398438,0.0
30001,19967665,239461,0.6225507894912651,False,14758201344.0,1.4629364013671875,82038732357632.0,2347.65625,40949.8203125,14530.80859375,16029.1767578125,40864.28125,14696.0380859375,16076.3876953125,191.95465329485225,0.08176437810895537,131.21189213383508,0.0,-80.817138671875,-349.4171142578125,702.1827392578125,-518.5172119140625,131.182861328125,126.5828857421875,868.2585340879921,209.9034881591797,4.1364654856500085
31084,20815163,1205136,0.6632527310407051,True,27876601856.0,3.7078857421875,2256364896256.0,552.734375,43343.875,131294.703125,168098.96875,43329.01953125,131316.734375,168118.21875,32.811940331908545,0.059362945052781536,8.849231776098595,0.0,-323.8525390625,12.84747314453125,-365.8525390625,-323.8525390625,12.84747314453125,-365.8525390625,0.0,106.6613540649414,0.0
31249,20906545,21069,0.6777893009987741,False,20146116608.0,1.7108917236328125,37381197529088.0,1625.0,41119.31640625,138986.5,176252.328125,41050.8359375,138983.375,176214.34375,78.37188889748894,0.048228854706147045,45.807626406116704,0.0,457.174560546875,146.4744873046875,659.9744873046875,-3.12548828125,88.87451171875,-160.42547607421875,942.4701544615541,196.94515991210938,4.785444612511167
31974,21349381,482149,0.6481326706955381,False,13469787136.0,1.3561248779296875,55172248109056.0,2031.25,41535.97265625,179942.140625,50556.5859375,41377.046875,180426.390625,50006.10546875,750.1894513528849,0.3693240375891126,553.1861140237712,0.0,249.5714111328125,-130.72857666015625,141.67144775390625,83.77142333984375,462.17144775390625,40.971435546875,623.827353809402,243.70794677734375,2.5597333285949126
33483,22406152,273895,0.6836118974326965,True,14074950656.0,2.44140625,1276857679872.0,614.2578125,45873.3984375,120439.0859375,191148.109375,45894.2890625,120453.6015625,191152.671875,25.84449628608091,0.04207434689498705,10.585905678778742,0.0,-176.5386962890625,469.76129150390625,-376.7386779785156,-176.5386962890625,469.76129150390625,-376.7386779785156,0.0,51.3222541809082,0.0
33777,22614407,280889,0.6612462848563534,False,27173830656.0,1.2950897216796875,76441551110144.0,1773.4375,44045.6875,144347.625,182934.9375,44118.93359375,144382.265625,182916.71875,83.0474924461113,0.046828541996045144,64.12489502148277,0.0,-703.9225463867188,-94.2225341796875,-303.7225341796875,-422.822509765625,0.5775146484375,-350.52252197265625,300.324022854678,260.21630859375,1.15413220822967
34121,22848537,4191,0.659869495975509,False,24362743808.0,2.651214599609375,287215536046080.0,2894.53125,44041.73828125,167377.015625,161561.0,44124.41796875,167043.953125,161512.984375,346.51415537534433,0.11971339241037537,130.70015359239463,0.0,667.5411376953125,581.7410888671875,192.8411865234375,-231.4588623046875,305.8411865234375,-40.7587890625,968.9637272401075,269.5991516113281,3.594090417009284
34204,22848537,2370827,0.6584083080664815,False,30804815872.0,1.41143798828125,287215536046080.0,2894.53125,44189.25,167100.8125,161562.953125,44124.41796875,167043.953125,161512.984375,99.66472183252257,0.03443207663849633,70.61218605422918,0.0,-256.558837890625,-96.7587890625,63.8411865234375,-231.4588623046875,305.8411865234375,-40.7587890625,416.72281436080607,269.5991516113281,1.5457126325144417
34220,22848537,5084444,0.6986605341616432,False,1234730496.0,0.6818771362304688,287215536046080.0,2894.53125,44446.1640625,167272.5,161358.421875,44124.41796875,167043.953125,161512.984375,423.844062506365,0.14642925776198304,621.5842121491946,0.0,-955.1736450195312,373.5263671875,99.42626953125,-231.4588623046875,305.8411865234375,-40.7587890625,740.2676685189307,269.5991516113281,2.7458085980409512
34323,22911832,26207,0.7092491364456447,False,1264012544.0,2.0294189453125,143287927177216.0,2441.40625,44621.03125,170586.28125,164234.171875,44150.84375,170440.546875,163912.5625,588.0028769494085,0.2408459783984777,289.7395228853867,0.0,-22.398681640625,-142.4986572265625,-234.6986083984375,-156.9986572265625,-369.798583984375,-344.798583984375,286.1894735238631,285.49261474609375,1.002440899490129
34342,22911832,237565,0.6365896034080193,False,41853947904.0,3.6773681640625,143287927177216.0,2441.40625,43984.74609375,170235.6875,163895.84375,44150.84375,170440.546875,163912.5625,264.2637158951192,0.10824241803064083,71.86218624440885,0.0,-319.298583984375,-494.298583984375,-388.0986328125,-156.9986572265625,-369.798583984375,-344.798583984375,209.0846968434307,285.49261474609375,0.7323646428801062
35195,23489127,84311,0.642574602698517,False,1140783616.0,0.8697509765625,25946948108288.0,1505.859375,49286.5078125,46444.46875,28741.41015625,49210.37890625,46607.73828125,28616.763671875,219.0645938267139,0.14547480160736384,251.87047756188633,0.0,-296.7271728515625,-320.52716064453125,-74.0272216796875,7.7728271484375,-393.3271484375,73.5728759765625,346.1298557633983,166.84539794921875,2.0745544079600373
36214,24234876,95655,0.6007258130434611,False,69262032896.0,6.87408447265625,275381475082240.0,3746.09375,49667.62890625,151708.53125,140625.828125,50001.76171875,152045.34375,140633.28125,474.49230301204653,0.12666322165910732,69.02625431786345,0.0,-293.505126953125,-253.3050537109375,-613.1051025390625,4.294921875,140.294921875,-597.3050537109375,493.8172246957931,295.5561828613281,1.670806612519715
36537,24491169,618882,0.6032749928428384,False,1066358144.0,2.452850341796875,50934377873408.0,1681.640625,48516.84375,185028.234375,168451.6875,48399.078125,184938.65625,168443.0,148.21759533336873,0.08813868619127153,60.42667700010982,0.0,-383.96124267578125,-693.8612670898438,-537.26123046875,-162.561279296875,-166.96124267578125,-401.561279296875,587.4147225425746,192.71884155273438,3.0480399207974593
36791,24619523,246865,0.6617600857676199,False,2898932480.0,0.54168701171875,232842877468672.0,4062.5,52217.7109375,2073.63525390625,180916.609375,51999.20703125,2182.032470703125,181157.875,343.0787307054434,0.08445014909672452,633.3523294510405,0.0,324.3077392578125,-87.9923095703125,-293.09228515625,-223.392333984375,-508.1922607421875,-303.7923583984375,690.4041285810304,275.78265380859375,2.503435655022029
37175,24888700,29739,0.6081111756949498,False,7505989632.0,1.2416839599609375,110824249098240.0,2730.46875,50107.61328125,39175.37109375,27636.02734375,50122.375,39154.734375,27584.80859375,57.1589262738831,0.020933741239075928,46.033393453581596,0.0,242.115966796875,-1019.3839721679688,-70.9840087890625,-166.4840087890625,-243.9840087890625,48.5159912109375,884.5785964270433,280.0271911621094,3.1589025078459456
37185,24888700,247485,0.6430505535495931,False,2781803776.0,0.804901123046875,110824249098240.0,2730.46875,50025.12109375,39157.30078125,27600.900390625,50122.375,39154.734375,27584.80859375,98.60960728341882,0.03611453428405611,122.51145446305472,0.0,289.3160400390625,-631.8839721679688,21.615966796875,-166.4840087890625,-243.9840087890625,48.5159912109375,599.1190845020338,280.0271911621094,2.1395032461515506
37202,24888700,1082423,0.6141154387892174,False,13235529728.0,2.3345947265625,110824249098240.0,2730.46875,50088.41015625,39088.34765625,27692.07421875,50122.375,39154.734375,27584.80859375,130.63966221631983,0.04784514095476091,55.95817583665841,0.0,288.216064453125,-651.1839599609375,475.3160400390625,-166.4840087890625,-243.9840087890625,48.5159912109375,744.7967766582492,280.0271911621094,2.659730198225936
37589,25199160,1317,0.7586374718540401,False,23074330624.0,1.758575439453125,232203195777024.0,3015.625,53022.390625,87773.9453125,44614.30859375,53082.1171875,87838.671875,44761.6796875,171.6829328564843,0.05693112799386008,97.62614045711545,0.0,259.26708984375,207.067138671875,501.6669921875,309.967041015625,39.1671142578125,52.76708984375,481.9460816017717,280.4243469238281,1.7186313773699653
37590,25199160,1350,0.621941451538026,False,73556746240.0,4.92095947265625,232203195777024.0,3015.625,53020.68359375,87676.4453125,44555.40625,53082.1171875,87838.671875,44761.6796875,269.5185986897247,0.08937404308882062,54.7695221200924,0.0,527.6669921875,1318.567138671875,150.1671142578125,309.967041015625,39.1671142578125,52.76708984375,1301.439378521643,280.4243469238281,4.640964284300015
37592,25199160,14823,0.6807473739389485,False,10697743360.0,1.36566162109375,232203195777024.0,3015.625,52994.09765625,87888.8984375,44669.55859375,53082.1171875,87838.671875,44761.6796875,136.9541579351734,0.04541485029974662,100.28410831776006,0.0,136.1671142578125,915.26708984375,185.567138671875,309.967041015625,39.1671142578125,52.76708984375,902.9913813162635,280.4243469238281,3.22008909433796
37603,25199160,440671,0.6303379458585948,False,10287793152.0,1.7299652099609375,232203195777024.0,3015.625,53050.6015625,87978.0078125,44553.73828125,53082.1171875,87838.671875,44761.6796875,252.28429703683912,0.08365904150444406,145.83200609134545,0.0,557.067138671875,-103.6329345703125,-746.4329223632812,309.967041015625,39.1671142578125,52.76708984375,848.6288774951994,280.4243469238281,3.026231091573918
37607,25199160,441113,0.6457809342363422,False,1634919808.0,0.732421875,232203195777024.0,3015.625,53014.40625,87867.8046875,44699.703125,53082.1171875,87838.671875,44761.6796875,96.30465264256691,0.03193522160168022,131.4879524079847,0.0,-387.932861328125,1009.26708984375,114.967041015625,309.967041015625,39.1671142578125,52.76708984375,1196.6733348115667,280.4243469238281,4.26736603985609
37816,25361901,452771,0.7014374426816287,False,2298648320.0,0.6914138793945312,161678675148800.0,2300.78125,52215.02734375,117369.640625,56642.546875,52336.46875,117149.0,56693.72265625,257.0005080518636,0.11170140927211729,371.7028479048151,0.0,156.8621826171875,258.26220703125,-321.73779296875,226.0621337890625,-99.8377685546875,-61.6378173828125,447.9689978744558,257.3008728027344,1.7410317850647228
37822,25361901,571874,0.7033460608211456,False,2820846592.0,0.6399154663085938,161678675148800.0,2300.78125,52210.15625,117294.6640625,56611.7421875,52336.46875,117149.0,56693.72265625,209.50814785283086,0.09105956850649355,327.3997252502682,0.0,-130.1378173828125,-72.4378662109375,-588.6378173828125,226.0621337890625,-99.8377685546875,-61.6378173828125,636.6774378468999,257.3008728027344,2.474447252788852
38178,25624811,22568,0.6249553254607334,False,25690202112.0,2.254486083984375,110184575795200.0,2445.3125,50841.3671875,148928.03125,125325.8046875,50551.9765625,148799.140625,125208.7890625,337.71642474851865,0.1381076752965188,149.79752021874057,0.0,-461.09747314453125,-789.1974487304688,-6.3974609375,257.802490234375,-251.197509765625,8.902587890625,898.0507687021438,326.6551513671875,2.749231919176625
38180,25624811,22687,0.6528071359249324,False,5710018048.0,1.10626220703125,110184575795200.0,2445.3125,50831.6328125,148932.25,125328.1875,50551.9765625,148799.140625,125208.7890625,331.93630526713184,0.13574392036483346,300.0521062343,30122.4453125,1219.902587890625,212.402587890625,261.0025634765625,257.802490234375,-251.197509765625,8.902587890625,1097.3222161915253,326.6551513671875,3.359268058681383
38183,25624811,99036,0.6661844889650163,False,6139489792.0,1.068115234375,110184575795200.0,2445.3125,50761.3046875,148818.640625,125321.125,50551.9765625,148799.140625,125208.7890625,238.36500743611577,0.09747834169911444,223.16413039047546,0.0,249.5025634765625,-854.3974609375,32.302490234375,257.802490234375,-251.197509765625,8.902587890625,603.7107132622664,326.6551513671875,1.8481591694956785
38190,25624811,997271,0.7158060094729007,False,6695850496.0,1.56402587890625,110184575795200.0,2445.3125,50944.4140625,148931.3125,125221.671875,50551.9765625,148799.140625,125208.7890625,414.2976741488851,0.16942524693628527,264.8918280294764,0.0,592.402587890625,-25.097412109375,-202.097412109375,257.802490234375,-251.197509765625,8.902587890625,455.6308588229487,326.6551513671875,1.394837512636627
38196,25624811,1949005,0.6827678046846778,False,1407983104.0,0.8420944213867188,110184575795200.0,2445.3125,50802.52734375,148941.859375,125332.6328125,50551.9765625,148799.140625,125208.7890625,313.8177974567573,0.12833443474269948,372.6634323737449,33026.7109375,629.7025146484375,410.0025634765625,-640.1974487304688,257.802490234375,-251.197509765625,8.902587890625,998.411750009063,326.6551513671875,3.0564702434059132
38208,25624811,8334619,0.6019892364773224,False,13938300928.0,4.39453125,110184575795200.0,2445.3125,50856.72265625,148903.6875,125243.09375,50551.9765625,148799.140625,125208.7890625,324.0016085031401,0.13249906034633205,73.72836602382566,0.0,771.8624267578125,-1072.137451171875,-187.737548828125,257.802490234375,-251.197509765625,8.902587890625,988.365999568655,326.6551513671875,3.0257168620544714
38699,25989895,4253,0.6215317279475285,False,36856459264.0,3.124237060546875,76041750052864.0,1982.421875,53102.6640625,196124.453125,75720.328125,53106.359375,195760.75,75447.5625,454.6368931915655,0.22933407814195225,145.5193330022097,0.0,201.8424072265625,1.3424072265625,190.8424072265625,-37.95751953125,198.04248046875,96.242431640625,324.2592775348057,208.39564514160156,1.5559791439714423
40016,27053327,19217,0.6954969942631268,False,17413115904.0,1.99127197265625,274421952544768.0,3996.09375,56150.421875,146720.546875,111955.765625,55867.2109375,147068.453125,111908.4609375,451.09303626653787,0.11288349685653343,226.53512049627452,60244.890625,1090.6871337890625,-557.2128295898438,455.88720703125,311.1300048828125,-115.1700439453125,690.22998046875,926.2978338694916,264.4230651855469,3.503090145405826
40020,27053327,127129,0.656771434015632,False,15480494080.0,1.8901824951171875,274421952544768.0,3996.09375,56111.546875,146788.625,112004.0703125,55867.2109375,147068.453125,111908.4609375,383.5948155057758,0.09599244649997908,202.94062425014346,30234.1484375,633.9871826171875,-1100.712890625,119.9871826171875,311.1300048828125,-115.1700439453125,690.22998046875,1183.515233682138,264.4230651855469,4.475839627876864
40026,27053327,586754,0.662269889249979,False,2013147520.0,1.773834228515625,274421952544768.0,3996.09375,56059.31640625,146822.28125,111965.546875,55867.2109375,147068.453125,111908.4609375,317.4333117757599,0.07943590206705232,178.95320017665549,0.0,-809.61279296875,448.087158203125,833.3870849609375,311.1300048828125,-115.1700439453125,690.22998046875,1262.464673277958,264.4230651855469,4.774412067238085
40086,27053327,38928,0.7001674284509436,False,3626105600.0,0.99945068359375,274421952544768.0,3996.09375,56056.92578125,146968.1875,111972.6640625,55867.2109375,147068.453125,111908.4609375,223.97981774145,0.05604969046120352,224.10292115272776,0.0,-289.969970703125,675.1298828125,145.030029296875,311.1300048828125,-115.1700439453125,690.22998046875,1132.7568766688787,264.4230651855469,4.2838807419239995
40091,27053327,41035,0.7115193264449186,False,3992132352.0,0.9822845458984375,274421952544768.0,3996.09375,56112.265625,147069.65625,111996.0,55867.2109375,147068.453125,111908.4609375,260.2236246747539,0.06511949942985044,264.9167451135483,0.0,446.929931640625,127.929931640625,742.830078125,311.1300048828125,-115.1700439453125,690.22998046875,283.38311260686953,264.4230651855469,1.0717034552489524
40098,27053327,216550,0.6588044417999849,False,25494986752.0,1.590728759765625,274421952544768.0,3996.09375,56006.94140625,147274.203125,111626.5703125,55867.2109375,147068.453125,111908.4609375,375.92551238242044,0.09407324650039064,236.32282378411804,0.0,472.530029296875,-225.570068359375,1007.929931640625,311.1300048828125,-115.1700439453125,690.22998046875,373.05682173912504,264.4230651855469,1.410833133930088
40104,27053327,278070,0.6284698774399505,False,3684669952.0,1.3408660888671875,274421952544768.0,3996.09375,54776.125,147257.5625,111918.2890625,55867.2109375,147068.453125,111908.4609375,1107.3967088465454,0.27711980201829484,825.8816581617889,0.0,-190.469970703125,-121.1700439453125,909.929931640625,311.1300048828125,-115.1700439453125,690.22998046875,547.637292423313,264.4230651855469,2.071064761461083
40109,27053327,284458,0.7116675477635107,False,22761988096.0,1.6536712646484375,274421952544768.0,3996.09375,56173.046875,147072.015625,111935.34375,55867.2109375,147068.453125,111908.4609375,307.0358247512236,0.07683398938056035,185.6692024073466,0.0,299.530029296875,148.1300048828125,921.6298828125,311.1300048828125,-115.1700439453125,690.22998046875,350.72409377056545,264.4230651855469,1.3263748134999522
40121,27053327,600989,0.6187741132299455,False,52551688192.0,3.35693359375,274421952544768.0,3996.09375,56080.46875,147013.453125,111949.7734375,55867.2109375,147068.453125,111908.4609375,224.07725732107477,0.0560740741683237,66.75057788997253,0.0,-229.3699951171875,1454.72998046875,1298.22998046875,311.1300048828125,-115.1700439453125,690.22998046875,1768.1601558273148,264.4230651855469,6.686860522498629
40144,27053327,2297558,0.6516478433298971,False,4050696704.0,1.0089874267578125,274421952544768.0,3996.09375,56156.16796875,147060.453125,111985.4296875,55867.2109375,147068.453125,111908.4609375,299.13935612917265,0.07485794249175777,296.4748104844077,0.0,1259.1298828125,-0.570068359375,1037.929931640625,311.1300048828125,-115.1700439453125,690.22998046875,1016.2343130419894,264.4230651855469,3.843213572646899
40525,27261833,1950115,0.6103629922430767,False,72541634560.0,3.070831298828125,37061356683264.0,1478.515625,53446.3671875,164820.203125,115125.9140625,53464.671875,164663.96875,115251.4453125,201.2519223328706,0.1361175485263273,65.53662599755035,0.0,-325.50531005859375,-242.9052734375,390.294677734375,289.3946533203125,-582.4052734375,409.794677734375,702.6681044158616,176.9914093017578,3.9700689835056475
41981,28310131,1447,0.6301166461410381,True,77851459584.0,6.04248046875,7006475255808.0,921.875,56834.5546875,110329.6875,20991.791015625,56817.60546875,110315.265625,20988.60546875,22.481419075400886,0.024386624081790792,3.720561314458264,0.0,199.73788452148438,176.83792114257812,103.73788452148438,199.73788452148438,176.83792114257812,103.73788452148438,0.0,128.68014526367188,0.0
42073,28370524,1441,0.6487456899557719,False,24284659712.0,3.57818603515625,21669099864064.0,1958.984375,57364.50390625,118287.3046875,20335.771484375,57438.43359375,118578.8203125,20269.744140625,307.9067528257036,0.15717672726496537,86.05107442722948,0.0,415.84857177734375,439.94854736328125,250.84857177734375,97.44854736328125,326.74859619140625,145.048583984375,354.099480244158,126.7150650024414,2.7944544734072116
42510,30264647,590734,0.6033133299434295,False,30180130816.0,2.43377685546875,440738303180800.0,3945.3125,59087.18359375,141946.515625,117708.1015625,59812.4921875,141241.453125,117463.71875,1040.6289656353329,0.26376338138875766,427.5778049647472,0.0,-863.3831176757812,651.6168212890625,350.516845703125,-142.7113037109375,961.48876953125,-349.111328125,1051.1270472045062,210.31210327148438,4.997938924359688
42558,28659351,304,0.6521650115556714,True,93390520320.0,5.7830810546875,8935505395712.0,1017.578125,57511.046875,142630.578125,132241.921875,57509.9140625,142590.796875,132233.125,40.7580191556003,0.04005394588803715,7.047803544542009,0.0,-124.20355224609375,568.9965209960938,-314.20355224609375,-124.20355224609375,568.9965209960938,-314.20355224609375,0.0,172.80694580078125,0.0
42802,28819450,602429,0.6932706303643063,False,41932029952.0,3.01361083984375,571872345325568.0,5039.0625,57162.5078125,153057.421875,126745.4375,56628.265625,153232.0,126716.7421875,562.7749617678219,0.11168247303299411,186.74440452868848,0.0,48.919189453125,-769.080810546875,126.419189453125,-159.26171875,-170.461669921875,163.13818359375,634.8483681900669,555.586669921875,1.142663066915082
42910,28819450,41178,0.6081134177336593,False,25221687296.0,2.231597900390625,571872345325568.0,5039.0625,56815.01171875,153193.078125,126678.484375,56628.265625,153232.0,126716.7421875,194.55764210558414,0.038609888665914374,87.18310860192521,0.0,1117.838134765625,-923.36181640625,2004.738037109375,-159.26171875,-170.461669921875,163.13818359375,2364.17695761011,555.586669921875,4.255280203073544
42919,28819450,41356,0.6635748267856949,False,15382886400.0,1.41143798828125,571872345325568.0,5039.0625,56578.62109375,153269.46875,126585.4921875,56628.265625,153232.0,126716.7421875,145.24134814024114,0.028823089243334675,102.90310261317669,0.0,-266.76171875,-562.6617431640625,427.338134765625,-159.26171875,-170.461669921875,163.13818359375,484.9523292555655,555.586669921875,0.8728653070883757
42989,28819450,1219113,0.6894189806994522,False,14231122944.0,1.50299072265625,571872345325568.0,5039.0625,57313.6796875,153155.3125,127499.28125,56628.265625,153232.0,126716.7421875,1043.091939412525,0.2070011910772143,694.0108968663883,0.0,368.838134765625,123.538330078125,976.438232421875,-159.26171875,-170.461669921875,163.13818359375,1013.3027310271374,555.586669921875,1.8238427699671504
43015,28819450,2348093,0.6708237911462418,False,30297260032.0,1.9207000732421875,571872345325568.0,5039.0625,56702.640625,153184.046875,126693.8359375,56628.265625,153232.0,126716.7421875,91.41027902445175,0.018140334442061742,47.5921671987803,0.0,889.13818359375,234.73828125,499.038330078125,-159.26171875,-170.461669921875,163.13818359375,1173.0977214504762,555.586669921875,2.1114576446109368
43254,28979357,619839,0.6177997823622543,False,20224200704.0,2.7618408203125,59490074361856.0,1867.1875,58835.9296875,173974.34375,156138.078125,58843.33203125,174034.671875,156096.171875,73.82689989476253,0.0395390928306678,26.731048129851697,0.0,659.8341064453125,67.93408203125,-43.9659423828125,-295.4659423828125,-105.06591796875,-179.4659423828125,980.2486589080436,216.232177734375,4.533315388943664
43260,28979357,1251236,0.6691705108789057,False,1417743872.0,1.2664794921875,59490074361856.0,1867.1875,58692.36328125,174002.34375,156067.140625,58843.33203125,174034.671875,156096.171875,157.0970547755133,0.08413566113500294,124.04232026226553,0.0,-968.9659423828125,68.3341064453125,-148.06591796875,-295.4659423828125,-105.06591796875,-179.4659423828125,696.1722344362788,216.232177734375,3.2195589099207713
43368,29064897,129078,0.6375284806671631,True,32874088448.0,2.552032470703125,1996495650816.0,529.296875,56383.91796875,186419.859375,193081.625,56381.546875,186427.09375,193088.125,10.010407944330444,0.018912652647591097,3.9225237371577877,0.0,-249.01828002929688,218.68170166015625,-448.2182922363281,-249.01828002929688,218.68170166015625,-448.2182922363281,0.0,85.18990325927734,0.0
43680,29245776,27683,0.6106240165324701,False,11068650496.0,1.4705657958984375,177830537199616.0,3886.71875,59669.8984375,7732.8193359375,70395.015625,59663.1015625,7947.89892578125,69947.625,496.45120486812397,0.12773015924245198,337.5919705549922,0.0,-233.362060546875,-508.862060546875,-689.9620971679688,-8.162109375,-92.0621337890625,-62.4620361328125,786.2528369120569,268.4161071777344,2.9292312044128996
43689,29245776,241428,0.6526867870672473,False,11185779712.0,1.708984375,177830537199616.0,3886.71875,60101.6171875,7604.853515625,70186.5234375,59663.1015625,7947.89892578125,69947.625,605.845335245186,0.1558757847465001,354.50607045204026,0.0,161.0379638671875,-186.362060546875,-22.4620361328125,-8.162109375,-92.0621337890625,-62.4620361328125,197.79064935352838,268.4161071777344,0.736880701509315
43717,29245776,2054342,0.6609140305674132,False,1023654976.0,2.696990966796875,177830537199616.0,3886.71875,59738.77734375,7935.46875,71281.9609375,59663.1015625,7947.89892578125,69947.625,1336.537963262456,0.34387308401526506,495.56634772485614,0.0,-222.9620361328125,38.9378662109375,27.137939453125,-8.162109375,-92.0621337890625,-62.4620361328125,267.07333105378046,268.4161071777344,0.9949974085457368
43909,29367139,537268,0.6380915598157948,False,25768288256.0,1.39617919921875,55412124549120.0,2363.28125,61432.96875,17073.986328125,139210.625,61553.6875,17020.943359375,139360.53125,199.64582871785345,0.0844782349616041,142.99441563774036,0.0,640.004150390625,-452.6959228515625,319.3040771484375,49.5040283203125,-370.1959228515625,-42.89599609375,697.6285094673955,192.6020965576172,3.622123133320612
44054,27837743,31289,0.6558750792425047,False,4382561280.0,1.392364501953125,258429994139648.0,3527.34375,59915.58203125,34004.92578125,168428.65625,59548.62109375,33828.5,168421.046875,407.2398415288494,0.11545226958071478,292.48076991161287,0.0,-216.98388671875,-62.783935546875,-262.98388671875,426.0137939453125,-461.8861083984375,-21.9862060546875,794.2345017686273,211.08180236816406,3.762685806440773
44058,27837743,31425,0.7121448930056647,False,10190186496.0,1.6231536865234375,258429994139648.0,3527.34375,59474.44921875,33915.734375,168456.53125,59548.62109375,33828.5,168421.046875,119.87678712660293,0.03398500277343339,73.85424320685358,0.0,78.51611328125,-433.48388671875,529.615966796875,426.0137939453125,-461.8861083984375,-21.9862060546875,652.5536616691458,211.08180236816406,3.091472852458293
44068,27837743,252431,0.6610079472497637,False,28110858240.0,2.47955322265625,258429994139648.0,3527.34375,59954.0703125,33976.62890625,168365.859375,59548.62109375,33828.5,168421.046875,435.17456498290045,0.12337174821220655,175.505232558273,0.0,-466.1839599609375,-148.583984375,-29.083984375,426.0137939453125,-461.8861083984375,-21.9862060546875,945.6349356120676,211.08180236816406,4.479945334002373
45187,30295917,276701,0.6864561573361443,False,1993625984.0,0.6389617919921875,257150647533568.0,3804.6875,61676.23046875,142651.0625,108268.4765625,61659.37890625,142669.3125,108228.734375,46.86660992622106,0.012318123348164877,73.34806323880176,0.0,-533.00537109375,155.49462890625,743.0947265625,-373.30535888671875,179.8946533203125,749.0947265625,161.6646377236926,250.66912841796875,0.6449323805607646
45199,30295917,587227,0.6168696639388952,False,35997515776.0,3.11279296875,257150647533568.0,3804.6875,61753.6640625,142569.0,108117.796875,61659.37890625,142669.3125,108228.734375,176.80332930006412,0.04646986889200864,56.79893622063236,0.0,-201.4053955078125,320.294677734375,1949.99462890625,-373.30535888671875,179.8946533203125,749.0947265625,1221.2380356484018,250.66912841796875,4.871912402440299
45258,30295917,2299855,0.6596370304335647,False,21707829248.0,1.3790130615234375,257150647533568.0,3804.6875,61604.52734375,142800.203125,108480.7421875,61659.37890625,142669.3125,108228.734375,289.2213463467335,0.07601710951207781,209.73067943767114,0.0,-58.160400390625,-111.8603515625,752.1395263671875,-373.30535888671875,179.8946533203125,749.0947265625,429.4724654102114,250.66912841796875,1.7133041795801187
45337,30264647,39339,0.6533108203535366,False,44040347648.0,1.8138885498046875,440738303180800.0,3945.3125,59587.7734375,141894.359375,117356.625,59812.4921875,141241.453125,117463.71875,698.7518580867513,0.17710938185169142,385.22314844646337,0.0,-1080.53564453125,60.6644287109375,1094.8643798828125,-142.7113037109375,961.48876953125,-349.111328125,1943.2099301326318,210.31210327148438,9.239648597989682
45343,30264647,124006,0.708006934464982,False,14348251136.0,2.05230712890625,440738303180800.0,3945.3125,60097.75,142318.890625,117394.3671875,59812.4921875,141241.453125,117463.71875,1116.7153734142494,0.28304864910301764,544.1268305730576,0.0,10.8643798828125,-82.9356689453125,847.4642333984375,-142.7113037109375,961.48876953125,-349.111328125,1595.6819773104853,210.31210327148438,7.587209449618202
45357,30264647,278766,0.6437918164152011,False,4499689472.0,1.2645721435546875,440738303180800.0,3945.3125,59440.30078125,141942.25,117475.28125,59812.4921875,141241.453125,117463.71875,793.584522469011,0.20114617599214535,627.5517980636996,0.0,37.0643310546875,-5.4356689453125,656.2642822265625,-142.7113037109375,961.48876953125,-349.111328125,1406.4289055861927,210.31210327148438,6.687341735015051
45496,30378376,3843,0.6912472697372388,True,29594488832.0,2.910614013671875,2563710386176.0,501.953125,59422.63671875,146832.578125,5914.31689453125,59420.6015625,146832.59375,5913.52392578125,2.184240037407891,0.004351482097870974,0.7504396072952217,0.0,-136.60552978515625,348.1944580078125,-338.0055236816406,-136.60552978515625,348.1944580078125,-338.0055236816406,0.0,85.13993072509766,0.0
46037,30718882,43678,0.6210874896163027,False,18447751168.0,2.040863037109375,129055076646912.0,2554.6875,62170.8359375,183086.34375,137713.453125,62118.62109375,182988.890625,137744.25,114.76911165408646,0.04492491220710418,56.2355775802782,0.0,-59.766357421875,-100.4664306640625,95.93359375,-71.1663818359375,-23.4664306640625,192.633544921875,124.13638110273808,301.95599365234375,0.41110752464699274
46046,30718882,616954,0.6753818949989485,False,4992605696.0,1.9435882568359375,129055076646912.0,2554.6875,62094.4296875,183109.515625,137750.59375,62118.62109375,182988.890625,137744.25,123.1903321101743,0.04822129207982358,63.38293703766345,0.0,424.8336181640625,-176.266357421875,649.8336181640625,-71.1663818359375,-23.4664306640625,192.633544921875,691.6615679578088,301.95599365234375,2.2906038710864323
46841,31202134,109773,0.6681797863413991,True,18467272704.0,2.689361572265625,1321835036672.0,427.24609375,63101.19140625,37661.82421875,35619.0,63101.34765625,37659.796875,35617.03125,2.830285021983486,0.006624484257168205,1.0524003358905518,30829.89453125,116.027099609375,-67.3729248046875,106.1270751953125,116.027099609375,-67.3729248046875,106.1270751953125,0.0,55.13935852050781,0.0
47516,31769121,3912,0.6421554960680002,False,2615871744.0,1.689910888671875,67885850427392.0,1804.6875,64968.61328125,131423.890625,91766.2734375,64775.89453125,131590.9375,91864.8046875,273.4110134493317,0.15150047498491107,161.79019573287044,0.0,-224.3060302734375,339.79400634765625,415.69403076171875,-102.906005859375,316.09393310546875,524.9939575195312,165.06402814872536,182.66177368164062,0.9036593963902584
47721,31892095,39462,0.6747854291495544,True,50833805312.0,5.56182861328125,6546706661376.0,858.3984375,64802.3359375,144053.328125,117473.1171875,64771.7734375,144056.015625,117489.2265625,34.652576028206404,0.04036887127745547,6.230428594196255,0.0,-818.1461791992188,-217.1461181640625,188.15380859375,-818.1461791992188,-217.1461181640625,188.15380859375,0.0,90.79176330566406,0.0
47909,32019032,2342292,0.636423827633617,True,25729245184.0,4.8828125,3373303070720.0,750.9765625,62817.4140625,165606.90625,76355.671875,62804.03515625,165611.609375,76360.796875,15.07912935855098,0.020079360810346166,3.0882056926312407,0.0,-46.49810791015625,31.8018798828125,209.3018798828125,-46.49810791015625,31.8018798828125,209.3018798828125,0.0,63.8065299987793,0.0
48400,32371102,3471263,0.6077150067294418,True,24323702784.0,1.8634796142578125,2693644943360.0,696.2890625,65808.7578125,8438.5283203125,136824.9375,65822.2109375,8434.75390625,136762.140625,64.33257560168447,0.09239348866216675,34.52282231019032,0.0,125.1707763671875,-218.42919921875,125.97076416015625,125.1707763671875,-218.42919921875,125.97076416015625,0.0,101.34159851074219,0.0
48888,32681518,30183,0.6255150526210883,False,16183265280.0,3.21197509765625,145047035052032.0,2468.75,68402.421875,41925.484375,43348.31640625,68641.34375,42149.26953125,42967.98046875,501.81558750735957,0.2032670734207026,156.23271421796824,0.0,-211.468505859375,-206.16845703125,499.83154296875,-43.7684326171875,2.131591796875,-168.5684814453125,719.9102843715692,254.4626922607422,2.829138833577589
48900,32681518,249079,0.641643288767492,False,5739300352.0,3.536224365234375,145047035052032.0,2468.75,68465.0234375,42011.984375,43081.9921875,68641.34375,42149.26953125,42967.98046875,250.86797073164536,0.10161740586598293,70.94232289048159,0.0,-347.7684326171875,-125.2684326171875,-204.968505859375,-43.7684326171875,2.131591796875,-168.5684814453125,331.6198546499411,254.4626922607422,1.30321601058177
50304,33722541,2787,0.6595594646967534,False,1329897472.0,1.445770263671875,431143111360512.0,6031.25,68317.09375,196156.953125,164346.765625,67923.3515625,196356.875,164754.234375,600.8597578032359,0.09962441580157279,415.5983650384471,0.0,-230.2857666015625,-35.2857666015625,-393.4857177734375,-363.7857666015625,-206.4857177734375,-184.2857666015625,301.4901206533429,328.5405578613281,0.9176648466658939
50313,33722541,29113,0.6004966686491379,False,79022751744.0,5.82122802734375,431143111360512.0,6031.25,68372.515625,196137.9375,164478.4375,67923.3515625,196356.875,164754.234375,570.7415353796493,0.09463072089196259,98.04486831622727,0.0,767.6141357421875,-288.3857421875,-67.7857666015625,-363.7857666015625,-206.4857177734375,-184.2857666015625,1140.326971978858,328.5405578613281,3.4708864543298557
50314,33722541,29125,0.6857704775717242,False,39901802496.0,2.09808349609375,431143111360512.0,6031.25,68455.2890625,196054.71875,164632.078125,67923.3515625,196356.875,164754.234375,623.8413682454659,0.10343483825831559,297.3386757042535,0.0,-1760.4857177734375,-531.2857666015625,-181.185791015625,-363.7857666015625,-206.4857177734375,-184.2857666015625,1433.9719087802605,328.5405578613281,4.364672410964609
50337,33722541,245320,0.6455451186602607,False,1522671488.0,0.5931854248046875,431143111360512.0,6031.25,67916.90625,196475.03125,164749.109375,67923.3515625,196356.875,164754.234375,118.44284314505946,0.019638191609543536,199.67254452359143,0.0,47.2142333984375,-719.0858154296875,-738.2857666015625,-363.7857666015625,-206.4857177734375,-184.2857666015625,859.4159994538135,328.5405578613281,2.6158596827383476
50338,33722541,245505,0.6102369265141454,False,188967436288.0,7.3394775390625,431143111360512.0,6031.25,67930.1640625,196472.75,164763.453125,67923.3515625,196356.875,164754.234375,116.44059057224203,0.01930621190835101,15.864969945410506,0.0,-70.0858154296875,-519.2857666015625,-644.4857177734375,-363.7857666015625,-206.4857177734375,-184.2857666015625,629.1959368303607,328.5405578613281,1.91512408978113
50377,33722541,1253127,0.6841291015986833,False,15675708416.0,3.612518310546875,431143111360512.0,6031.25,67970.7109375,196771.265625,164827.953125,67923.3515625,196356.875,164754.234375,423.5527766286555,0.07022636710941439,117.24584907765815,0.0,-309.0858154296875,-335.0858154296875,-152.3857421875,-363.7857666015625,-206.4857177734375,-184.2857666015625,143.34462436038658,328.5405578613281,0.4363072410100738
50388,33722541,2081964,0.6596498656054957,False,23659972608.0,2.51007080078125,431143111360512.0,6031.25,68262.25,196285.46875,164437.890625,67923.3515625,196356.875,164754.234375,469.0675555216609,0.07777285894659662,186.87423294022838,0.0,-488.3857421875,-824.9857177734375,-790.8857421875,-363.7857666015625,-206.4857177734375,-184.2857666015625,875.2319317168885,328.5405578613281,2.6639996517151783
52626,35256923,1254911,0.6764094725843792,True,14348251136.0,1.86920166015625,1190651101184.0,369.140625,70901.1875,186492.578125,181837.0625,70901.015625,186487.546875,181832.1875,7.007755887452488,0.01898397362103531,3.7490635905313163,0.0,-460.90496826171875,423.59503173828125,-274.00494384765625,-460.90496826171875,423.59503173828125,-274.00494384765625,0.0,53.61332702636719,0.0
52647,35276896,44523,0.6064688200675034,False,94327545856.0,4.425048828125,75641948995584.0,2042.96875,70512.2890625,188257.5,183038.640625,70643.15625,188345.90625,183052.28125,158.51798779196412,0.07759197872799774,35.82287878597986,0.0,-263.99053955078125,193.70947265625,-437.590576171875,-324.090576171875,72.1094970703125,-543.6905517578125,172.2085168732776,199.32862854003906,0.8639427167818302
53481,35779442,254368,0.60241394492698,False,1788651008.0,2.803802490234375,177190872285184.0,2585.9375,72004.0859375,34319.671875,173479.5625,72269.5,34564.4609375,173720.484375,434.06181535110693,0.1678547201357755,154.8118374468035,0.0,-960.9522705078125,-79.1522216796875,121.3477783203125,-383.4444580078125,-358.2445068359375,-214.944580078125,724.2239484092306,269.8298645019531,2.684002194293762
53534,35779442,112514,0.6804460923564565,False,5114614784.0,0.843048095703125,177190872285184.0,2585.9375,72282.9765625,34465.64453125,173759.0625,72269.5,34564.4609375,173720.484375,106.93255635912325,0.04135156257996307,126.84039843532129,0.0,-554.9444580078125,-370.9444580078125,-193.54443359375,-383.4444580078125,-358.2445068359375,-214.944580078125,173.29600407776493,269.8298645019531,0.6422417488799153
53535,35779442,112613,0.6605201242893689,False,3030702080.0,1.5430450439453125,177190872285184.0,2585.9375,72481.8984375,34865.2890625,173565.921875,72269.5,34564.4609375,173720.484375,399.37479070380374,0.15444100667699964,258.8225096026154,0.0,-537.344482421875,-274.944580078125,-425.04443359375,-383.4444580078125,-358.2445068359375,-214.944580078125,273.4338014214648,269.8298645019531,1.0133563307611029
53536,35779442,112637,0.6969642700465215,False,13743086592.0,1.2798309326171875,177190872285184.0,2585.9375,72417.7421875,34627.0703125,173603.640625,72269.5,34564.4609375,173720.484375,198.867146373498,0.07690330735893579,155.38548202364908,0.0,-614.54443359375,-506.64453125,-244.444580078125,-383.4444580078125,-358.2445068359375,-214.944580078125,276.2245752316677,269.8298645019531,1.0236990473293897
53543,35779442,541846,0.6490138629232616,False,18779615232.0,1.544952392578125,177190872285184.0,2585.9375,72178.0078125,34470.3125,173773.828125,72269.5,34564.4609375,173720.484375,141.70499046007188,0.054798304467943204,91.72126671398786,0.0,-348.844482421875,740.45556640625,-1125.04443359375,-383.4444580078125,-358.2445068359375,-214.944580078125,1427.1022222048769,269.8298645019531,5.288896486083908
53544,35779442,1095974,0.6429123488267003,False,69105860608.0,4.14276123046875,177190872285184.0,2585.9375,72166.5078125,34493.859375,173604.1875,72269.5,34564.4609375,173720.484375,170.63684962001082,0.06598645544217942,41.18915866186751,0.0,-177.04443359375,-455.9444580078125,4.555419921875,-383.4444580078125,-358.2445068359375,-214.944580078125,316.7435879968407,269.8298645019531,1.173864088697076
53635,35828148,1125165,0.6180330776660589,False,43493744640.0,3.18145751953125,33583106359296.0,1324.21875,73245.6328125,43065.88671875,167430.140625,73199.90625,43140.8125,167639.65625,227.15982992846662,0.1715425264356562,71.40118280188004,0.0,-384.59954833984375,-228.19952392578125,88.8004150390625,-411.09954833984375,-490.59954833984375,-77.8995361328125,312.00143674862477,152.05438232421875,2.051906903172038
53901,36032496,561091,0.6546967874871191,False,44430774272.0,2.18963623046875,116261518311424.0,2546.875,74899.2265625,76621.6953125,82450.84375,75534.3984375,76063.5,82518.9453125,848.3296178390389,0.33308647571594163,387.4294761999948,0.0,276.106689453125,-581.893310546875,700.7066650390625,588.90673828125,-266.19329833984375,29.7066650390625,804.8300244488877,173.9776611328125,4.626053823280737
55563,37372039,32775,0.6162988703853376,False,13255051264.0,6.9732666015625,278579866763264.0,2445.3125,78012.7265625,68635.828125,72852.5859375,77947.6484375,68707.015625,72903.2421875,108.94438110259806,0.044552334764001764,15.62314870883997,0.0,326.61328125,-299.7867431640625,-683.686767578125,226.61328125,32.51318359375,155.813232421875,908.3961092624999,341.5555114746094,2.65958556880154
55569,37372039,114191,0.7236870894049207,False,8306368512.0,1.8291473388671875,278579866763264.0,2445.3125,77690.140625,68690.890625,72774.765625,77947.6484375,68707.015625,72903.2421875,288.22997109140397,0.1178704035134176,157.57613668776852,0.0,909.01318359375,-82.186767578125,501.11328125,226.61328125,32.51318359375,155.813232421875,773.3419872464546,341.5555114746094,2.2641765723752445
55572,37372039,258026,0.6757229738568599,False,29282144256.0,2.338409423828125,278579866763264.0,2445.3125,78106.5234375,68489.953125,72921.9921875,77947.6484375,68707.015625,72903.2421875,269.6459846377283,0.11027056240776109,115.311707988373,0.0,-254.9866943359375,-576.186767578125,552.61328125,226.61328125,32.51318359375,155.813232421875,871.724982887964,341.5555114746094,2.5522205135101923
55817,37492891,35091,0.6243112071871334,False,4206868224.0,1.0776519775390625,46296710774784.0,1785.15625,75001.2109375,79068.1796875,84629.6171875,74995.75,79123.3515625,84687.25,79.97061151482266,0.044797541680075714,74.20819817678468,0.0,215.867431640625,-554.2325439453125,-384.33258056640625,69.867431640625,-378.7325439453125,-231.33251953125,274.81861049929194,228.26968383789062,1.2039207567066101
56202,37747813,1163788,0.7044939568998947,False,2996539392.0,1.1081695556640625,72923318583296.0,2195.3125,75338.0859375,115080.140625,88032.7578125,75356.234375,115194.0859375,88060.359375,118.63703585666437,0.05404106971406775,107.05675431190852,0.0,-23.0970458984375,259.4029541015625,94.1029052734375,-209.0970458984375,114.1029052734375,152.9029541015625,243.23969645525665,211.94717407226562,1.147643027183375
56702,38082507,127454,0.6275766955159647,True,28852674560.0,1.9073486328125,2206390026240.0,700.1953125,76083.921875,157470.859375,115466.1015625,76120.1796875,157364.59375,115482.46875,113.46760264756605,0.16205135998759782,59.48970245688711,0.0,-482.81842041015625,-106.5184326171875,230.08154296875,-482.81842041015625,-106.5184326171875,230.08154296875,0.0,83.98011779785156,0.0
57647,37372039,547265,0.6033446959629175,False,6227336192.0,1.186370849609375,278579866763264.0,2445.3125,79046.546875,68111.0546875,72949.4921875,77947.6484375,68707.015625,72903.2421875,1250.9541468278605,0.5115723028561219,1054.437697318465,0.0,-123.6156005859375,241.984375,55.684326171875,226.61328125,32.51318359375,155.813232421875,420.19548732468104,341.5555114746094,1.230240687701266
58257,39260804,586019,0.6714912439164086,False,10678221824.0,1.3408660888671875,66926332084224.0,1849.609375,78787.5234375,134772.34375,72948.4765625,78463.15625,134882.71875,72999.375,346.3919223821502,0.18727842054874436,258.3344640140722,0.0,91.1124267578125,-151.987548828125,-83.28759765625,-54.987548828125,-50.08758544921875,230.012451171875,360.39662317860234,280.1650390625,1.286372576623324
59071,39760179,129308,0.6189566768837892,False,38691475456.0,3.093719482421875,63887860826112.0,1875.0,80583.40625,196946.796875,52487.62890625,80569.3203125,196943.234375,52585.60546875,99.0480279501834,0.052825614906764476,32.01583999873351,0.0,-81.51202392578125,-30.31201171875,201.988037109375,-214.81201171875,180.488037109375,90.5880126953125,273.15840234376685,208.6919403076172,1.308907291489669
60367,40758960,40638,0.6469504784134035,True,130715492352.0,6.3934326171875,11014459359232.0,1019.53125,82984.078125,152594.71875,29236.95703125,83055.8359375,152612.9375,29326.77734375,116.39929142372523,0.1141694199405121,18.206071510131878,0.0,165.15753173828125,-204.74246215820312,-113.6424560546875,165.15753173828125,-204.74246215820312,-113.6424560546875,0.0,141.0773162841797,0.0
61890,41896615,2224712,0.6387213563394316,False,5836907520.0,1.02996826171875,81479010877440.0,2210.9375,85444.7265625,110145.6015625,163046.140625,85549.4375,110384.078125,162936.28125,282.67389969598526,0.12785250586956223,274.4491361552013,0.0,541.686279296875,638.0863037109375,-600.4136962890625,168.486328125,372.3863525390625,-461.61370849609375,478.68580950217745,207.551513671875,2.306346993252709
62306,42186845,126915,0.6322243090380213,True,55753203712.0,4.0740966796875,4477747724288.0,742.1875,86004.140625,148618.46875,63658.20703125,85964.484375,148646.75,63660.51953125,48.762638586063,0.06570123935806382,11.968944877813575,0.0,330.11962890625,-58.580352783203125,131.21966552734375,330.11962890625,-58.580352783203125,131.21966552734375,0.0,98.04085540771484,0.0
62674,42436999,4323,0.6001028217200032,False,31390459904.0,2.986907958984375,21549159546880.0,1810.546875,84436.8828125,181918.28125,148002.375,84346.765625,182070.15625,147961.921875,181.1727861191514,0.10006522814779452,60.65563070807002,0.0,-372.4808044433594,191.419189453125,21.21917724609375,-270.78082275390625,7.71917724609375,-60.4808349609375,225.3075070989149,118.39134216308594,1.9030741858517852
62897,42592181,27954,0.6320348375243361,False,1447026048.0,0.8144378662109375,16311795056640.0,1091.796875,89704.671875,2142.667236328125,89151.1015625,89682.25,2136.746337890625,89132.6796875,29.616937642815806,0.027126783672847394,36.364882910718066,0.0,-37.00830078125,272.19171142578125,188.39166259765625,-77.30828857421875,130.29168701171875,-41.80828857421875,273.4076141301822,201.0992889404297,1.3595652951869557
63374,42887527,250132,0.6367544063618816,False,47241859072.0,3.314971923828125,150004534607872.0,2636.71875,89732.515625,28052.6953125,85483.515625,89741.0546875,28115.47265625,85777.875,301.10023601298485,0.11419505247307277,90.83040307179274,0.0,-215.5447998046875,-116.8447265625,-455.5447998046875,-90.4132080078125,-263.8131103515625,-185.4132080078125,332.0070752045842,180.4254150390625,1.840134745610556
64521,43736233,38569,0.601280521128829,False,30726731776.0,6.75201416015625,46856428060672.0,2015.625,90383.1875,148427.5,64673.02734375,90431.328125,148303.078125,64639.25,137.61988121166183,0.06827653021353765,20.38204866686434,0.0,-381.60443115234375,308.49554443359375,52.695556640625,-172.10443115234375,-75.70440673828125,38.195556640625,437.8471222704006,181.52622985839844,2.412032258985096
64838,43968228,42536,0.6195340219782417,True,13762608128.0,1.811981201171875,1058217656320.0,405.76171875,89394.3203125,185204.28125,51491.40234375,89391.21875,185207.78125,51490.9921875,4.694456101703403,0.011569489887230527,2.5907863164735514,0.0,-172.50955200195312,-21.509552001953125,188.29043579101562,-172.50955200195312,-21.509552001953125,188.29043579101562,0.0,75.68436431884766,0.0
65367,44337607,110495,0.6881217156872337,True,24245616640.0,4.35638427734375,3328325713920.0,510.7421875,91388.2578125,36278.7109375,87803.1015625,91387.0703125,36274.9921875,87813.3203125,10.93901775183677,0.02141788561736301,2.5110314094023627,0.0,-80.42510986328125,-425.1251220703125,71.17486572265625,-80.42510986328125,-425.1251220703125,71.17486572265625,0.0,99.03536224365234,0.0
65402,44369861,645160,0.6361371555496546,True,47085690880.0,3.18145751953125,3768104517632.0,621.09375,92853.1484375,40318.76171875,148392.8125,92847.6328125,40322.61328125,148400.515625,10.227159312226258,0.01646636971025108,3.214614449333621,0.0,-259.2548522949219,-184.65484619140625,-35.15484619140625,-259.2548522949219,-184.65484619140625,-35.15484619140625,0.0,92.6738510131836,0.0
65664,46091846,226,0.6651580821335206,False,11615250432.0,2.00653076171875,832861066231808.0,4671.875,93130.6875,61182.08984375,33313.29296875,94179.6640625,60995.765625,33575.33984375,1097.1495376038674,0.23484137259748333,546.7892935087989,0.0,247.9219970703125,-166.078125,1517.1219482421875,97.9080810546875,-8.4920654296875,167.6080322265625,1366.9401415896266,343.9976501464844,3.9736903464530733
65685,46091846,308423,0.6387986712863496,False,33772072960.0,1.2683868408203125,832861066231808.0,4671.875,92728.2578125,61498.80859375,33016.8046875,94179.6640625,60995.765625,33575.33984375,1634.501101778487,0.3498597676047598,1288.6455844349464,0.0,-193.778076171875,-1028.6781005859375,-666.3780517578125,97.9080810546875,-8.4920654296875,167.6080322265625,1349.5899928959984,343.9976501464844,3.9232535231601235
65831,46091846,48750,0.6918444995272178,False,29516402688.0,1.8863677978515625,832861066231808.0,4671.875,93298.0703125,62714.07421875,36908.41796875,94179.6640625,60995.765625,33575.33984375,3852.1684478677307,0.8245444169348989,2042.108888974395,0.0,-216.2320556640625,-124.0321044921875,-471.83203125,97.9080810546875,-8.4920654296875,167.6080322265625,721.7458838837595,343.9976501464844,2.0981128318069
66067,44776315,34442,0.6209260924046233,False,27642345472.0,2.208709716796875,146166478012416.0,2363.28125,93247.7734375,78320.7890625,40899.33203125,93240.5078125,78650.140625,40986.578125,340.78896974882537,0.14420161364578396,154.29323607225575,0.0,445.019775390625,-560.2802124023438,425.7198486328125,306.1197509765625,-194.3802490234375,584.1197509765625,422.21621125369126,299.4410095214844,1.4100146533983615
66413,45007523,271684,0.6642799875957334,True,19521429504.0,1.735687255859375,835829563392.0,350.09765625,93001.9765625,113761.5234375,137800.328125,93003.5234375,113759.0546875,137797.8125,3.849145095829722,0.01099448975768378,2.217648993409201,0.0,-62.2989501953125,391.0009765625,-608.3989868164062,-62.2989501953125,391.0009765625,-608.3989868164062,0.0,76.82633972167969,0.0
67237,44056421,1236391,0.6916900201316806,False,1854535808.0,0.7648468017578125,175591668056064.0,3242.1875,91668.734375,193459.796875,80024.15625,90792.828125,193599.703125,80258.2734375,917.3856196066271,0.28295267303529703,1199.4370866142626,0.0,-1220.9954833984375,348.7044677734375,479.7044677734375,277.4249267578125,359.02490234375,9.4249267578125,1570.5200042152953,195.77415466308594,8.02210080752515
67239,44056421,1237182,0.6508080914560083,False,1969224192.0,0.5712509155273438,175591668056064.0,3242.1875,91595.453125,193446.296875,80041.2265625,90792.828125,193599.703125,80258.2734375,845.4878556853008,0.2607769771752253,1480.0638960986144,0.0,-682.2955322265625,675.7044677734375,301.5045166015625,277.4249267578125,359.02490234375,9.4249267578125,1051.978989028397,195.77415466308594,5.373431395164401
67439,45691261,243904,0.6090002615393302,True,27603302400.0,4.84466552734375,2043971764224.0,457.51953125,94088.1015625,8644.896484375,125223.3046875,94062.5,8624.2490234375,125219.28125,33.135263616325744,0.0724237138593758,6.839535862549682,0.0,-212.41738891601562,-251.8173828125,53.48260498046875,-212.41738891601562,-251.8173828125,53.48260498046875,0.0,62.35531234741211,0.0
67991,46091846,3173,0.6360965679873668,False,188967436288.0,9.3536376953125,832861066231808.0,4671.875,93959.546875,60751.34375,33686.06640625,94179.6640625,60995.765625,33575.33984375,347.0648366724756,0.0742881255753794,37.10479793828281,0.0,-1031.491943359375,-1057.7919921875,21.6080322265625,97.9080810546875,-8.4920654296875,167.6080322265625,1548.5124318004152,343.9976501464844,4.501520377075288
67998,46091846,31990,0.6643157340920557,False,55597031424.0,3.528594970703125,832861066231808.0,4671.875,94089.6015625,60773.80078125,33485.5078125,94179.6640625,60995.765625,33575.33984375,255.83088086803144,0.05475978720921074,72.50219506407485,0.0,68.1080322265625,92.5079345703125,-102.6920166015625,97.9080810546875,-8.4920654296875,167.6080322265625,290.0881922909745,343.9976501464844,0.843285389209625
68006,46091846,32330,0.6476142037663953,False,107758297088.0,3.833770751953125,832861066231808.0,4671.875,94087.5078125,60766.58984375,33378.87109375,94179.6640625,60995.765625,33575.33984375,315.6173044244768,0.06755688121460372,82.32555487666671,0.0,112.2078857421875,-727.092041015625,-432.3919677734375,97.9080810546875,-8.4920654296875,167.6080322265625,936.2640702954538,343.9976501464844,2.7217164707281136
68014,46091846,32662,0.6240056344216605,False,11205301248.0,2.483367919921875,832861066231808.0,4671.875,94325.8671875,61009.61328125,33563.87890625,94179.6640625,60995.765625,33575.33984375,147.30398647613953,0.03152995028251816,59.31621540829665,0.0,-971.9920043945312,-217.092041015625,-595.8919677734375,97.9080810546875,-8.4920654296875,167.6080322265625,1330.8389807406077,343.9976501464844,3.8687443945442563
68021,46091846,49186,0.6339485458575399,False,11712858112.0,1.5087127685546875,832861066231808.0,4671.875,94092.28125,61031.51953125,33511.51953125,94179.6640625,60995.765625,33575.33984375,113.961089939249,0.024393009217765674,75.53531216443614,0.0,-1469.1920166015625,-198.2919921875,-266.2919921875,97.9080810546875,-8.4920654296875,167.6080322265625,1637.099862396312,343.9976501464844,4.759043736778976
68022,46091846,49188,0.6378597937533205,False,17061730304.0,1.6460418701171875,832861066231808.0,4671.875,94220.4609375,60926.6015625,33684.52734375,94179.6640625,60995.765625,33575.33984375,135.53583551046393,0.02901101495876151,82.34045437787962,0.0,259.7078857421875,488.2078857421875,1015.8079833984375,97.9080810546875,-8.4920654296875,167.6080322265625,996.1592119029103,343.9976501464844,2.8958314438447945
68027,46091846,112935,0.6687672414243684,False,2562187776.0,0.8974075317382812,832861066231808.0,4671.875,93985.8828125,60742.5078125,33311.60546875,94179.6640625,60995.765625,33575.33984375,413.819420762835,0.08857673220341619,461.12764393816207,0.0,417.0079345703125,122.9080810546875,1071.1080322265625,97.9080810546875,-8.4920654296875,167.6080322265625,967.1623260910283,343.9976501464844,2.811537595327125
68032,46091846,113454,0.6272442875257234,False,2791564544.0,2.1820068359375,832861066231808.0,4671.875,93998.75,60743.75390625,33258.47265625,94179.6640625,60995.765625,33575.33984375,443.44629766381314,0.09491827107185298,203.22864729857105,0.0,2054.908203125,-129.4920654296875,1049.0079345703125,97.9080810546875,-8.4920654296875,167.6080322265625,2149.7339988088734,343.9976501464844,6.249269429292476
68034,46091846,113721,0.6045801895995093,False,4226389504.0,1.15966796875,832861066231808.0,4671.875,94156.78125,60835.16796875,33498.09765625,94179.6640625,60995.765625,33575.33984375,179.67077066314508,0.03845795760013808,154.9329424497352,0.0,446.7078857421875,99.2078857421875,325.9080810546875,97.9080810546875,-8.4920654296875,167.6080322265625,397.89381584971784,343.9976501464844,1.156675970548877
68072,46091846,543981,0.6077626566056297,False,4143423488.0,0.91552734375,832861066231808.0,4671.875,94396.59375,59994.109375,32751.015625,94179.6640625,60995.765625,33575.33984375,1315.2506035355802,0.2815252127969135,1436.6043925551298,0.0,-492.2919921875,406.2078857421875,233.0079345703125,97.9080810546875,-8.4920654296875,167.6080322265625,724.2853879401482,343.9976501464844,2.1054951614690567
68080,46091846,545747,0.6903547198039267,False,1288414336.0,0.8392333984375,832861066231808.0,4671.875,94116.5,60739.02734375,33376.30859375,94179.6640625,60995.765625,33575.33984375,330.93455897997495,0.07083549088534581,394.32958649657525,0.0,-203.33447265625,239.965576171875,365.865478515625,97.9080810546875,-8.4920654296875,167.6080322265625,437.9318335603819,343.9976501464844,1.2730663519762346
68081,46091846,545783,0.6829272630534752,False,13879736320.0,2.76947021484375,832861066231808.0,4671.875,94389.6015625,60998.12109375,34130.63671875,94179.6640625,60995.765625,33575.33984375,593.6614536282846,0.12707134793381342,214.3592122588609,0.0,77.365478515625,450.265625,-20.634521484375,97.9080810546875,-8.4920654296875,167.6080322265625,496.30220236774494,343.9976501464844,1.44274881574454
68107,46091846,1107677,0.6316649978290075,False,89486237696.0,5.37872314453125,832861066231808.0,4671.875,93925.0859375,60693.7890625,33315.33203125,94179.6640625,60995.765625,33575.33984375,472.86777072334627,0.10121584390064937,87.91450275780204,0.0,119.265625,97.16552734375,753.265625,97.9080810546875,-8.4920654296875,167.6080322265625,595.4951616656772,343.9976501464844,1.7311024113452453
68112,46091846,1109054,0.6178003059705462,False,13840694272.0,1.73187255859375,832861066231808.0,4671.875,94178.6953125,60825.5703125,33342.9140625,94179.6640625,60995.765625,33575.33984375,288.0783342481833,0.061662252146768334,166.3392221435149,0.0,43.5654296875,-60.134521484375,-109.9345703125,97.9080810546875,-8.4920654296875,167.6080322265625,287.4890663123244,343.9976501464844,0.8357297388220618
68145,46091846,2146180,0.6096676688676959,False,1813052800.0,0.942230224609375,832861066231808.0,4671.875,94108.53125,60795.74609375,33428.5390625,94179.6640625,60995.765625,33575.33984375,258.10493848673303,0.05524654201722714,273.92980159783866,0.0,898.265625,182.5654296875,-937.2344970703125,97.9080810546875,-8.4920654296875,167.6080322265625,1377.5892635810367,343.9976501464844,4.004647307894163
68219,46091846,11322651,0.6499601665799971,False,140398116864.0,4.08172607421875,832861066231808.0,4671.875,94225.84375,60733.88671875,33519.9609375,94179.6640625,60995.765625,33575.33984375,271.6246460351863,0.058140392462381014,66.54651514976437,0.0,1337.72314453125,-576.57666015625,19.42333984375,97.9080810546875,-8.4920654296875,167.6080322265625,1371.794518667291,343.9976501464844,3.9878020041216566
68581,46303742,34839,0.6795322669738485,False,12318022656.0,2.95257568359375,341588177846272.0,3011.71875,95485.75,73600.5078125,45838.0234375,95536.90625,73523.0703125,46030.18359375,213.39881436019488,0.0708561562596756,72.2754764749857,0.0,-1073.517333984375,-95.9173583984375,-125.7174072265625,123.5826416015625,-335.9173583984375,-178.3173828125,1222.0536440678427,262.20111083984375,4.660749300998541
69213,46706333,37835,0.6607338881507444,False,19365259264.0,1.57928466796875,208854931472384.0,2730.46875,96149.546875,125944.9765625,173799.59375,96344.3125,126074.90625,173847.90625,239.05955331619415,0.08755256888261188,151.3720472089865,0.0,324.4677734375,-75.4322509765625,-670.4322509765625,162.667724609375,120.667724609375,-254.5322265625,487.4497784728255,320.1220703125,1.5226996938917141
69237,46706333,581214,0.6771729679376576,False,10151143424.0,1.6193389892578125,208854931472384.0,2730.46875,96295.2109375,125934.21875,173782.84375,96344.3125,126074.90625,173847.90625,162.59478774684447,0.05954830566980284,100.40812258918444,0.0,-1152.332275390625,251.4677734375,605.667724609375,162.667724609375,120.667724609375,-254.5322265625,1576.7934578661645,320.1220703125,4.9256005883221805
69249,46706333,1175888,0.6683748517188111,False,8179479040.0,2.017974853515625,208854931472384.0,2730.46875,96108.953125,125910.1875,174073.0625,96344.3125,126074.90625,173847.90625,364.99539574632394,0.13367499472254496,180.87212291592502,0.0,65.267822265625,-385.0322265625,8.86767578125,162.667724609375,120.667724609375,-254.5322265625,578.4450623408466,320.1220703125,1.8069515225119412
69459,46823071,3859,0.6047750707089494,True,42947145728.0,3.696441650390625,5087440666624.0,804.6875,94999.71875,137674.28125,24556.193359375,94998.7265625,137653.78125,24568.845703125,24.110500583839407,0.02996256383234412,6.522624422136221,0.0,451.9439697265625,302.7440185546875,-331.7559814453125,451.9439697265625,302.7440185546875,-331.7559814453125,0.0,108.2386703491211,0.0
69953,47252190,44663,0.620560470015476,True,30141087744.0,6.23321533203125,3163408564224.0,653.3203125,98503.640625,11805.9365234375,7229.14794921875,98498.671875,11823.033203125,7232.02880859375,18.035639263358547,0.027606120486814878,2.8934728390782514,0.0,-181.0233154296875,-76.82330322265625,-26.5233154296875,-181.0233154296875,-76.82330322265625,-26.5233154296875,0.0,77.6046371459961,0.0
69983,47277313,133204,0.6104780507118654,True,39667544064.0,2.239227294921875,2196395130880.0,553.7109375,97670.1953125,14184.5771484375,70651.203125,97672.7734375,14183.3701171875,70661.921875,11.090322561431726,0.02002908342664213,4.952745345049333,0.0,-216.0001220703125,74.69989013671875,320.69989013671875,-216.0001220703125,74.69989013671875,320.69989013671875,0.0,93.03437805175781,0.0
70048,47331801,1052627,0.6304637685133673,True,41775861760.0,5.0048828125,4732619325440.0,645.5078125,99293.0234375,23444.884765625,74069.6015625,99310.2109375,23450.802734375,74076.8359375,19.564475255334642,0.03030865758163793,3.909077592480522,0.0,103.620849609375,303.120849609375,301.4208984375,103.620849609375,303.120849609375,301.4208984375,0.0,76.30029296875,0.0
70316,45962952,2465614,0.6226612854506913,False,25221687296.0,5.83648681640625,60049791647744.0,1917.96875,97100.9375,50849.51171875,10180.7939453125,96737.921875,50872.3359375,10162.03515625,364.21584414022936,0.1898966519346206,62.40326682764463,0.0,-194.9827880859375,50.5172119140625,8.6171875,-133.6722412109375,82.227783203125,244.3277587890625,245.6094804908933,164.2380828857422,1.4954478046468669
70357,47548152,115874,0.7328957149625412,False,16066137088.0,2.17437744140625,8295826849792.0,1083.984375,99419.625,51689.59765625,190647.59375,99506.3984375,51814.78125,190059.125,607.8618521722628,0.5607662492111686,279.55673223832576,0.0,168.1923828125,-315.9075927734375,473.2923583984375,117.549560546875,1.24957275390625,546.849609375,329.4905647565581,73.59639739990234,4.476993119190306
70617,47656618,48958,0.6722382549742901,False,24089444352.0,1.1997222900390625,107146104537088.0,2210.9375,98269.6171875,65742.34375,39503.6640625,98148.0390625,65508.7109375,39341.80078125,309.13630225548144,0.13982136639117182,257.6732172288106,0.0,-615.7587890625,419.3411865234375,12.5411376953125,-608.5069580078125,136.193115234375,-42.306884765625,288.502556134668,301.8960266113281,0.955635486074471
70939,47890332,145106,0.6462121186005444,True,76289744896.0,4.93621826171875,17871010791424.0,1314.453125,98538.0546875,90455.1953125,39188.828125,98454.671875,90595.2265625,39384.8203125,254.90072961450662,0.19392150603659344,51.63886929216787,0.0,49.9747314453125,-337.3253173828125,196.874755859375,49.9747314453125,-337.3253173828125,196.874755859375,0.0,139.16482543945312,0.0
71070,48000687,3586,0.65087904992931,False,73088237568.0,2.47955322265625,28185821446144.0,1576.171875,98779.3984375,106772.8984375,153169.15625,98780.1953125,106773.953125,153172.4375,3.5375100071634074,0.0022443681829834752,1.4266723435659143,0.0,-144.52978515625,347.270263671875,-239.6297607421875,-151.52978515625,344.0701904296875,-258.1297607421875,20.037227072510916,231.63784790039062,0.08650238833650088
71341,48145894,55787,0.6191937396743034,True,16866515968.0,3.086090087890625,893300637696.0,323.73046875,97123.1015625,126490.75,107022.3046875,97124.0625,126488.8359375,107019.4375,3.5787987220530786,0.011054871467216749,1.1596546504250707,0.0,-113.23880004882812,11.16119384765625,296.06121826171875,-113.23880004882812,11.16119384765625,296.06121826171875,0.0,47.42059326171875,0.0
71492,48220332,150956,0.6112348731793519,True,53879148544.0,3.11279296875,10274831597568.0,1685.546875,99441.1953125,133919.875,175661.65625,99595.2109375,133475.5625,175652.953125,470.3298361630445,0.27903693640264055,151.09576540579062,0.0,-57.04541015625,-324.0453796386719,-337.84539794921875,-57.04541015625,-324.0453796386719,-337.84539794921875,0.0,100.95662689208984,0.0
71570,48269940,328522,0.6718535456827563,True,81677664256.0,3.871917724609375,7556199088128.0,1054.6875,97247.828125,137853.546875,20445.87109375,97277.9609375,137849.765625,20453.76953125,31.379444795344334,0.029752362472622775,8.104367661508123,0.0,-350.55322265625,-448.65325927734375,126.0467529296875,-350.55322265625,-448.65325927734375,126.0467529296875,0.0,125.4102554321289,0.0
72258,48823621,4676,0.6590198462223396,False,17940193280.0,2.674102783203125,86516479033344.0,2062.5,102404.515625,31500.88671875,47833.4375,102484.3828125,31570.89453125,47966.4296875,170.19630838014808,0.08251942224492029,63.646135611990786,0.0,179.00732421875,566.50732421875,984.9073486328125,-91.49267578125,200.9073486328125,176.307373046875,927.7216784499632,212.313720703125,4.369579485384188
72708,49172921,140928,0.6420956686438234,False,28930758656.0,1.567840576171875,177190872285184.0,3027.34375,100086.1171875,80327.9609375,133645.90625,100521.265625,78949.28125,134374.28125,1618.8397029998953,0.5347393083457719,1032.5282605917387,0.0,-235.06982421875,180.43023681640625,-246.56982421875,-102.3038330078125,229.896240234375,-51.0037841796875,241.49486523098048,301.56854248046875,0.800795942589473
72830,49205827,319263,0.7263375845430561,False,2081472512.0,0.8678436279296875,15372266766336.0,1103.515625,102989.8125,83684.859375,141735.265625,102970.328125,83640.515625,141644.953125,102.48100648146038,0.09286774392656233,118.08694928824593,0.0,33.7447509765625,98.4447021484375,-392.1552734375,-18.45526123046875,177.7447509765625,-342.7552490234375,107.02196704727115,172.34048461914062,0.6209914477366218
73330,49550248,405,0.6903844705050813,False,7515750400.0,1.8157958984375,239559484899328.0,2812.5,101216.7421875,132270.5,21371.201171875,101746.3046875,131559.390625,21504.7109375,896.6258094302121,0.31880028779740877,493.79217686402,0.0,108.7545166015625,476.45458984375,-559.1455078125,113.95458984375,28.5545654296875,43.0545654296875,750.5240841203818,281.9045715332031,2.6623338530428335
73335,49550248,38264,0.6240760107068086,False,11888550912.0,2.079010009765625,239559484899328.0,2812.5,101342.28125,131600.828125,21672.916015625,101746.3046875,131559.390625,21504.7109375,439.5963520806375,0.15630092518422667,211.44503875197546,0.0,-213.7454833984375,230.654541015625,443.654541015625,113.95458984375,28.5545654296875,43.0545654296875,555.6186449123403,281.9045715332031,1.9709458484141635
73339,49550248,38324,0.6930907738966435,False,28267030528.0,2.330780029296875,239559484899328.0,2812.5,101628.34375,131589.078125,21573.755859375,101746.3046875,131559.390625,21504.7109375,139.86898036681959,0.04973119301931363,60.00951553073577,0.0,150.154541015625,306.554443359375,-89.6455078125,113.95458984375,28.5545654296875,43.0545654296875,310.1671775547007,281.9045715332031,1.1002559336579214
73395,49550248,1382810,0.6914281742535744,False,18447751168.0,1.8177032470703125,239559484899328.0,2812.5,101597.8046875,131672.265625,21578.544921875,101746.3046875,131559.390625,21504.7109375,200.61025116799925,0.07132808930417751,110.36468768559075,0.0,565.554443359375,-1647.845458984375,-161.4454345703125,113.95458984375,28.5545654296875,43.0545654296875,1748.164671748861,281.9045715332031,6.201264003066938
73401,49550248,2281031,0.658747911592048,False,1017554560.0,1.186370849609375,239559484899328.0,2812.5,101774.7109375,131579.015625,21730.32421875,101746.3046875,131559.390625,21504.7109375,228.23980446112833,0.08115193047506786,192.3848723493827,0.0,-325.345458984375,213.5545654296875,125.95458984375,113.95458984375,28.5545654296875,43.0545654296875,483.8201597166505,281.9045715332031,1.7162551039356433
73729,49766469,1419622,0.6748904435518694,True,40916918272.0,2.513885498046875,2486249455616.0,562.5,100116.3671875,157342.828125,119856.265625,100120.3046875,157340.3125,119863.6796875,8.763595046813336,0.015579724527668152,3.4860756600179594,0.0,-89.72610473632812,-48.226104736328125,98.77389526367188,-89.72610473632812,-48.226104736328125,98.77389526367188,0.0,92.02734375,0.0
73779,49814756,152636,0.6437833297143299,True,48803573760.0,2.796173095703125,4032971145216.0,725.5859375,102915.703125,167254.1875,119378.7421875,102924.6875,167265.171875,119384.171875,15.193978893920653,0.020940288542900067,5.433847753298684,0.0,33.1729736328125,-20.527008056640625,235.47299194335938,33.1729736328125,-20.527008056640625,235.47299194335938,0.0,93.26385498046875,0.0
74313,50242905,307424,0.7067396675858966,False,18564880384.0,2.513885498046875,42698522230784.0,1593.75,105353.3125,40079.75,178428.109375,105081.5546875,40165.3125,178345.5,296.64382498027123,0.1861294588111506,118.00212269442825,0.0,-412.60760498046875,-235.7076416015625,137.1923828125,-260.8076171875,77.492431640625,100.7923583984375,349.946401539152,230.92352294921875,1.515421196896026
74556,50479576,51234,0.6040470808596735,False,60594520064.0,2.73895263671875,289454388412416.0,2929.6875,103674.5546875,71278.90625,51845.890625,103472.9140625,71932.2109375,50577.66796875,1440.7826561232853,0.4917871466234147,526.0341624049895,0.0,252.01806640625,-107.681884765625,-477.7818603515625,-433.735107421875,-333.6351318359375,-337.43505859375,735.5334866888189,306.6336975097656,2.3987366446096283
74642,50479576,663395,0.6710707140076483,False,12532758528.0,1.9245147705078125,289454388412416.0,2929.6875,103476.703125,72008.6875,50643.76171875,103472.9140625,71932.2109375,50577.66796875,101.15040976440882,0.03452600653291821,52.5589157924305,0.0,-904.6350708007812,76.9649658203125,-598.93505859375,-433.735107421875,-333.6351318359375,-337.43505859375,677.2897944791264,306.6336975097656,2.208791140633055
74956,50720092,143084,0.6410511278191807,True,48803573760.0,5.63812255859375,6596681793536.0,646.484375,106185.5859375,108432.7421875,115344.7734375,106177.8125,108437.359375,115321.7265625,24.756881836010518,0.03829463293062654,4.390979723964236,0.0,-308.67364501953125,365.226318359375,-70.773681640625,-308.67364501953125,365.226318359375,-70.773681640625,0.0,105.95477294921875,0.0
75185,50866079,591516,0.6236500712661729,False,104322523136.0,7.01141357421875,109225053257728.0,3328.125,105576.671875,126381.6796875,146902.53125,105511.7265625,126166.828125,147943.6875,1065.07531397478,0.32002262955110766,151.9059320492953,0.0,241.29052734375,-141.909423828125,273.3905029296875,295.090576171875,228.590576171875,-546.3094482421875,901.1507671888667,147.03945922851562,6.1286322182971205
75317,50928272,702000,0.6161241624593478,True,93078175744.0,5.27191162109375,9365289435136.0,852.5390625,106173.0625,129759.4453125,183403.515625,106166.5546875,129836.59375,183451.21875,90.93855709759303,0.1066679066070278,17.24963611562332,0.0,50.1737060546875,11.9737548828125,-263.0262756347656,50.1737060546875,11.9737548828125,-263.0262756347656,0.0,114.32538604736328,0.0
75715,51271232,1443766,0.6183732603441066,False,29828745216.0,2.01416015625,28985419366400.0,1402.34375,104382.2890625,185721.296875,125809.5390625,104248.921875,186366.765625,125274.859375,848.704354974876,0.6052042197035328,421.36885308813237,0.0,-506.60791015625,-24.5079345703125,31.09210205078125,-140.80792236328125,-101.10791015625,247.39208984375,431.81346904461043,179.2950897216797,2.4083953984178583
75851,51375735,59531,0.7344147424352562,True,36778373120.0,1.8405914306640625,3313333174272.0,539.0625,106686.5390625,203.14324951171875,90810.34375,106697.4609375,206.0855712890625,90799.9453125,15.36463840767047,0.028502517625823478,8.347663773555166,0.0,244.5987548828125,-90.2012939453125,-266.30126953125,244.5987548828125,-90.2012939453125,-266.30126953125,0.0,92.31681823730469,0.0
77529,52595982,1423833,0.6698063463058056,True,23777101824.0,3.0059814453125,1884052258816.0,527.34375,106929.9140625,172886.875,134289.671875,106931.140625,172886.03125,134290.703125,1.8110345638353371,0.003434258135865528,0.6024769602817901,0.0,198.1993408203125,477.49932861328125,337.79937744140625,198.1993408203125,477.49932861328125,337.79937744140625,0.0,66.45264434814453,0.0
78043,52917509,627956,0.6805502654276822,False,9204354048.0,2.8533935546875,114982163316736.0,2320.3125,110465.34375,21218.45703125,75277.9921875,110502.2421875,21044.818359375,75413.28125,223.19277204377437,0.09619082431516202,78.22011501957645,0.0,-204.781005859375,-532.4810180664062,259.51904296875,-71.98095703125,94.218994140625,203.51904296875,643.0589073086893,318.65130615234375,2.0180645580070204
78045,52917509,1262725,0.6505207030445971,False,5290307584.0,1.4972686767578125,114982163316736.0,2320.3125,110538.671875,21123.525390625,75447.609375,110502.2421875,21044.818359375,75413.28125,93.27560809532017,0.04019958867407738,62.29717454404996,0.0,393.218994140625,591.4189453125,580.01904296875,-71.98095703125,94.218994140625,203.51904296875,778.0559337320356,318.65130615234375,2.441715815092424
78046,52917509,1264037,0.6451797017501685,False,1213988992.0,1.209259033203125,114982163316736.0,2320.3125,110835.9375,21007.115234375,75429.640625,110502.2421875,21044.818359375,75413.28125,336.21676991136076,0.14490150353082215,278.0353594058163,0.0,661.01904296875,223.1190185546875,152.218994140625,-71.98095703125,94.218994140625,203.51904296875,746.0133452584571,318.65130615234375,2.3411589121238254
79007,53609725,53300,0.6259020252382109,True,17471680512.0,2.071380615234375,963265429504.0,447.265625,111657.8203125,114647.765625,54203.12890625,111669.734375,114672.0234375,54210.78125,28.088159736928773,0.06279972832012022,13.560115186146328,0.0,-54.1181640625,-30.1181640625,-15.818161010742188,-54.1181640625,-30.1181640625,-15.818161010742188,0.0,51.494911193847656,0.0
80239,54483821,1295671,0.6321841526992807,True,30336303104.0,2.079010009765625,3208386183168.0,600.5859375,112549.3828125,28866.818359375,84798.7421875,112586.1171875,28865.818359375,84812.96875,39.4057024706708,0.0656120964714909,18.954070584351427,0.0,125.11041259765625,-154.1895751953125,-97.98956298828125,125.11041259765625,-154.1895751953125,-97.98956298828125,0.0,79.41271209716797,0.0
80676,54785377,49780,0.6319006491999953,True,42322460672.0,5.66864013671875,3813081874432.0,575.1953125,115216.046875,67408.625,94735.3515625,115200.53125,67402.3359375,94716.7421875,25.03189493746241,0.043518948074637534,4.415855361027016,0.0,-379.23468017578125,-54.53466796875,49.66534423828125,-379.23468017578125,-54.53466796875,49.66534423828125,0.0,91.36309814453125,0.0
80771,54838796,50269,0.7151884979919824,True,18662488064.0,1.834869384765625,1924032102400.0,562.5,113898.546875,69379.3125,129757.0,113896.34375,69380.328125,129763.546875,6.981892735632294,0.012412253752235189,3.8051170255500875,0.0,-95.64837646484375,67.25164794921875,-81.14837646484375,-95.64837646484375,67.25164794921875,-81.14837646484375,0.0,68.35520935058594,0.0
80946,54984705,319646,0.6831502780138443,False,23191459840.0,2.323150634765625,3733122187264.0,526.3671875,115129.8515625,96885.3828125,160221.828125,115125.8515625,96838.7734375,160261.234375,61.16605575769231,0.11620415787732269,26.328923679055,0.0,-80.6324462890625,284.5675048828125,-216.532470703125,-102.4012451171875,135.79876708984375,-251.10125732421875,154.2757886234492,58.13673400878906,2.6536714050728394
81888,55668235,155425,0.6117069106060525,False,11693336576.0,1.983642578125,66766415855616.0,1937.5,114998.1640625,185387.953125,119442.109375,114852.6875,185413.875,119611.6015625,224.86212545439304,0.11605787120226738,113.35818656753156,0.0,-273.093505859375,-141.1934814453125,76.6065673828125,-206.1934814453125,-223.6934814453125,153.3065185546875,131.01429607630675,275.87054443359375,0.47491223227655566
82276,55907302,45950,0.6151807209059917,False,26197760000.0,4.3182373046875,120739264987136.0,2554.6875,117843.8359375,6677.4287109375,137355.046875,117928.765625,6660.83544921875,137484.125,155.4012564519033,0.060829849620316886,35.98719697113758,0.0,487.7874755859375,409.7874755859375,-484.0125732421875,-369.5955810546875,-563.2955322265625,223.1044921875,1477.1630885348225,222.29379272460938,6.645093731271295
83026,56411600,5046,0.6647422966254792,False,25221687296.0,2.54058837890625,127136048349184.0,2386.71875,117918.9453125,75615.3828125,156184.328125,117606.5703125,76039.2890625,155976.4375,566.1211543273694,0.237196424726361,222.83072654653742,0.0,268.4093017578125,244.50927734375,-449.190673828125,78.309326171875,236.50927734375,-8.190673828125,480.29470194639254,270.9373779296875,1.7727148081835964
83209,56542863,52429,0.6169129369290133,True,45914402816.0,4.8370361328125,2948516806656.0,514.6484375,118535.25,94445.328125,164675.0,118534.6328125,94462.0390625,164689.78125,22.31864028343937,0.04336676973480439,4.614114856831175,0.0,-103.2259521484375,120.2740478515625,-265.2259216308594,-103.2259521484375,120.2740478515625,-265.2259216308594,0.0,90.12577819824219,0.0
83605,56806194,54269,0.6296119988355976,False,12630365184.0,1.4858245849609375,142008563793920.0,3847.65625,116306.015625,126139.90625,149843.84375,115122.609375,126407.0,149720.390625,1219.4384354695364,0.31693019236568665,820.7149402509016,0.0,-720.7528686523438,681.1470947265625,-199.452880859375,-308.3529052734375,229.2471923828125,-82.65283203125,622.8398694202759,205.22381591796875,3.0349297747647137
84000,57106334,156087,0.6091140452882459,True,21551659008.0,1.8405914306640625,1203144753152.0,423.33984375,116571.1484375,172047.234375,153035.3125,116562.2109375,172045.9375,153029.890625,10.533637526099424,0.024882225667187566,5.722963472832761,0.0,-104.15664672851562,-217.056640625,-31.056640625,-104.15664672851562,-217.056640625,-31.056640625,0.0,64.905517578125,0.0
84109,57174348,154264,0.6663097120972806,False,15675708416.0,5.05828857421875,30784513638400.0,1142.578125,116415.7109375,183703.65625,38851.0,116287.2421875,183779.171875,38869.6484375,150.18186830271665,0.1314412249076768,29.690253155616407,0.0,-599.137939453125,-73.7379150390625,261.0621337890625,24.662109375,-115.637939453125,138.56207275390625,637.0936963410384,168.03622436523438,3.791406875200232
84654,57564382,1293101,0.6984107780673224,False,13118400512.0,1.9016265869140625,96431494922240.0,2351.5625,119141.40625,25935.44140625,83315.640625,119116.234375,25968.611328125,83673.6640625,360.4367473046077,0.15327542742521524,189.54128522651772,0.0,-555.4462890625,507.4537353515625,-625.3463134765625,-175.1463623046875,287.753662109375,251.753662109375,980.9182043613383,194.80003356933594,5.035513528349553
85148,57896067,141036,0.6006012868655463,False,54894260224.0,1.51824951171875,30984414167040.0,1273.4375,121511.3203125,65959.8515625,163110.90625,121553.7265625,65985.8671875,163071.3125,63.582763562663935,0.049930022920374136,41.878994902942146,0.0,161.53240966796875,-521.1676025390625,99.83245849609375,-390.56756591796875,387.43243408203125,1.13238525390625,1067.759389585434,143.6083984375,7.43521549716422
85302,57984319,144050,0.6122733155006972,False,5387914752.0,1.0929107666015625,50854417661952.0,1791.015625,119494.671875,80653.5234375,157802.71875,119462.40625,80614.7734375,157770.84375,59.65441041231256,0.03330758792923013,54.58305676483513,0.0,241.7606201171875,399.7606201171875,-114.4393310546875,-78.33935546875,-92.139404296875,-197.9393310546875,592.7915977716563,234.62982177734375,2.5264972426829724
85402,58058175,50829,0.6986479913505268,False,10073058304.0,4.79888916015625,28825498943488.0,1613.28125,119958.0546875,92357.1171875,26654.78125,120631.078125,92620.9375,26506.939453125,737.8474785585046,0.4573582433679835,153.75380716950764,0.0,-259.4217529296875,33.978271484375,114.978271484375,-341.6217041015625,146.8782958984375,230.0782470703125,180.97306944746765,164.35659790039062,1.1011001186404914
85571,58181754,3913617,0.6349442877756575,True,43181404160.0,3.25775146484375,2723630022656.0,564.453125,121711.8046875,109019.234375,68878.09375,121718.140625,109031.25,68883.015625,14.44798261558188,0.025596425948712535,4.434955450561003,0.0,-333.4309387207031,114.76904296875,-106.63092041015625,-333.4309387207031,114.76904296875,-106.63092041015625,0.0,102.45668029785156,0.0
86181,58627782,339605,0.6246985665295753,False,30297260032.0,5.43212890625,30664575418368.0,1667.96875,121087.0546875,167392.5,152999.640625,120451.1875,166828.28125,153109.859375,857.2152885024188,0.5139276671115204,157.80466614408573,0.0,-62.518798828125,-244.9188232421875,-53.518798828125,-222.81878662109375,-37.518798828125,-323.518798828125,376.3121791988397,158.26263427734375,2.3777702230039974
86312,58707407,708413,0.6669746959515012,True,21005058048.0,2.38800048828125,1846571171840.0,530.2734375,119284.125,177580.953125,116895.015625,119283.46875,177584.140625,116883.640625,11.831375461564052,0.022311838807811398,4.954511324275154,0.0,-338.5676574707031,145.0323486328125,106.432373046875,-338.5676574707031,145.0323486328125,106.432373046875,0.0,65.04849243164062,0.0
86336,58724015,154378,0.6000143242723192,False,35958472704.0,2.452850341796875,77640945893376.0,2300.78125,121211.0390625,180664.84375,42021.31640625,120958.4296875,181146.578125,41759.45703125,603.6968085636381,0.2623877470157748,246.12052283686836,0.0,-393.81756591796875,596.1824951171875,-18.6175537109375,-180.517578125,108.782470703125,38.5823974609375,535.0957886260873,173.81723022460938,3.078496809174948
86641,58963059,46250,0.7137258656902371,False,10404922368.0,6.44683837890625,250434023325696.0,3671.875,122166.5234375,2955.01171875,154239.359375,122393.0078125,3149.03515625,154112.875,323.942222529879,0.08822256273154153,50.24823075909622,0.0,-64.9381103515625,-781.6380615234375,292.2618408203125,-180.9718017578125,-405.871826171875,-30.171875,508.5544044341183,274.4876708984375,1.8527404264444622
86662,58963059,1277093,0.6865494011773712,False,9536218112.0,1.171112060546875,250434023325696.0,3671.875,122271.234375,3058.285400390625,154077.25,122393.0078125,3149.03515625,154112.875,155.99175905829952,0.04248286204140923,133.1996862755012,0.0,-270.5380859375,-262.7381591796875,413.4617919921875,-180.9718017578125,-405.871826171875,-30.171875,474.6790456480274,274.4876708984375,1.7293273832457932
86676,58963059,3786109,0.6990965993191339,False,1654441216.0,0.44155120849609375,250434023325696.0,3671.875,122313.984375,3086.923583984375,154034.578125,122393.0078125,3149.03515625,154112.875,127.40860143016243,0.03469851272991658,288.5477357521253,0.0,-236.9381103515625,-20.1380615234375,520.0618896484375,-180.9718017578125,-405.871826171875,-30.171875,674.2996074792414,274.4876708984375,2.4565752089052384
86803,58963059,1277858,0.6686289053207274,False,43884175360.0,2.452850341796875,250434023325696.0,3671.875,122486.8359375,4912.50146484375,154440.4375,122393.0078125,3149.03515625,154112.875,1796.0830520865488,0.4891460226959112,732.2432280033845,0.0,-288.57177734375,-399.4718017578125,-362.171875,-180.9718017578125,-405.871826171875,-30.171875,349.0597585780907,274.4876708984375,1.2716773669125758
86993,59077734,297402,0.6129226881775187,False,2259605504.0,2.109527587890625,82838326083584.0,1794.921875,123607.453125,21034.7890625,63093.32421875,123579.6796875,21075.1796875,62993.08203125,111.58522560465694,0.06216717683306241,52.8958361318394,0.0,-147.49969482421875,104.4002685546875,122.2003173828125,-9.39971923828125,182.500244140625,237.000244140625,195.8321542213119,199.0372772216797,0.9838968707515122
87003,59077734,1265641,0.6333589901836453,False,28384159744.0,2.033233642578125,82838326083584.0,1794.921875,123564.2421875,21011.423828125,63098.6171875,123579.6796875,21075.1796875,62993.08203125,124.26099635688863,0.06922919492353316,61.11496178045068,0.0,987.100341796875,541.7003173828125,412.000244140625,-9.39971923828125,182.500244140625,237.000244140625,1073.6210058769636,199.0372772216797,5.394069999667489
87553,59411473,139676,0.6177370286401197,False,3787157504.0,0.6170272827148438,391483081359360.0,3554.6875,124497.8515625,65570.2421875,57819.27734375,124291.6171875,65621.6953125,57739.17578125,227.14819351878558,0.06390103026462539,368.13314399869256,0.0,-460.79296875,72.507080078125,-474.093017578125,-386.1929931640625,-40.19287109375,-119.69287109375,379.29658471928263,264.8547058105469,1.4320930547883002
87648,59411473,5119,0.6427715549490975,False,33850159104.0,2.54058837890625,391483081359360.0,3554.6875,122801.515625,66382.7734375,57638.69921875,124291.6171875,65621.6953125,57739.17578125,1676.2273469103984,0.47155406682314505,659.7791916343535,0.0,348.921142578125,-304.87890625,-331.078857421875,-386.1929931640625,-40.19287109375,-119.69287109375,809.4044261002241,264.8547058105469,3.056031885947305
87654,59411473,49412,0.7398155574074718,False,2825726976.0,0.6542205810546875,391483081359360.0,3554.6875,124442.734375,65704.203125,57887.34375,124291.6171875,65621.6953125,57739.17578125,227.1512501505248,0.06390189015223555,347.20896396186106,0.0,-587.678955078125,-294.779052734375,71.821044921875,-386.1929931640625,-40.19287109375,-119.69287109375,376.9460130554881,264.8547058105469,1.423218107082157
87656,59411473,49562,0.6331006356274026,False,38066790400.0,3.597259521484375,391483081359360.0,3554.6875,121986.265625,66920.75,57442.40625,124291.6171875,65621.6953125,57739.17578125,2662.7544127304077,0.749082560064818,740.2174896827147,0.0,-142.87890625,-148.078857421875,-178.37890625,-386.1929931640625,-40.19287109375,-119.69287109375,272.5530804433825,264.8547058105469,1.0290664068409732
87662,59411473,51474,0.6135802877116582,False,220826419200.0,11.138916015625,391483081359360.0,3554.6875,124394.0703125,65648.7265625,57820.58984375,124291.6171875,65621.6953125,57739.17578125,133.6247764135904,0.03759114589217488,11.99621006443981,0.0,331.220947265625,-834.37890625,-244.678955078125,-386.1929931640625,-40.19287109375,-119.69287109375,1077.5136850870176,264.8547058105469,4.068319955990412
87682,59411473,316144,0.6214114278046751,False,17959714816.0,5.218505859375,391483081359360.0,3554.6875,124922.2421875,66017.171875,57722.6171875,124291.6171875,65621.6953125,57739.17578125,744.5561020761256,0.20945754080383314,142.67610732649405,0.0,-233.178955078125,-1310.2789306640625,-860.0789794921875,-386.1929931640625,-40.19287109375,-119.69287109375,1478.074248498901,264.8547058105469,5.58069845870959
88014,59679411,2604197,0.6674939213376935,False,47554203648.0,2.117156982421875,54292689977344.0,1808.59375,122542.921875,100977.0078125,26865.79296875,122321.46875,100877.09375,26875.74609375,243.15297891406792,0.1344431157710613,114.84881892693589,0.0,-581.9786376953125,363.0213623046875,12.92138671875,-297.2786865234375,64.2213134765625,-39.57861328125,416.0430042398957,200.245361328125,2.0776661265983662
88166,59813395,53398,0.6135585099956606,True,69496291328.0,5.82122802734375,5667149053952.0,710.9375,124579.1640625,121505.6640625,100131.765625,124572.03125,121515.171875,100128.6640625,12.283940843097493,0.017278510196884388,2.1101975022103208,0.0,-124.79733276367188,176.002685546875,41.70269775390625,-124.79733276367188,176.002685546875,41.70269775390625,0.0,101.73617553710938,0.0
88494,59975999,690249,0.6034784938415919,False,29399273472.0,2.1514892578125,58690476441600.0,2191.40625,121892.4453125,135053.8125,1840.9044189453125,121910.375,135046.546875,1839.9185791015625,19.370980374926983,0.008839520456294665,9.00352177199443,0.0,-60.5517578125,-740.7518310546875,-172.65185546875,19.328826904296875,-279.671142578125,-9.671173095703125,495.5189319566935,222.41749572753906,2.227877489294741
88498,59975999,1406104,0.6661149855419845,False,30843858944.0,1.857757568359375,58690476441600.0,2191.40625,122155.015625,135322.6875,1890.9205322265625,121910.375,135046.546875,1839.9185791015625,372.42969725620156,0.16995009357858754,200.47271161710412,0.0,432.5482177734375,210.5482177734375,-511.4517822265625,19.328826904296875,-279.671142578125,-9.671173095703125,814.1554310778102,222.41749572753906,3.660482860912834
89762,59411473,4914,0.603250041329766,False,5856429056.0,1.36566162109375,391483081359360.0,3554.6875,125202.5,65778.1171875,57665.8203125,124291.6171875,65621.6953125,57739.17578125,927.1226056363624,0.2608169088383613,678.8816433853034,0.0,-1533.27978515625,-326.979736328125,-228.5797119140625,-386.1929931640625,-40.19287109375,-119.69287109375,1187.3967991104387,264.8547058105469,4.483200687246973
91278,62146471,139198,0.6171329942736591,False,27837558784.0,5.9356689453125,41579083464704.0,1521.484375,130699.765625,62483.703125,56612.49609375,130804.2265625,62724.578125,56323.69140625,390.308852846501,0.2565316208695873,65.75650637570254,0.0,-390.21307373046875,-328.0130615234375,-67.113037109375,-560.110595703125,212.6893310546875,244.4893798828125,646.7768638313612,144.0548553466797,4.489795656486831
91929,62659976,1411684,0.6485807540199461,True,53488717824.0,4.55474853515625,15592156299264.0,1634.765625,130561.4921875,143752.28125,30295.849609375,130674.453125,143931.015625,30501.080078125,294.6620021496906,0.18024724623732566,64.69336339323993,0.0,-40.995880126953125,-125.59588623046875,34.1041259765625,-40.995880126953125,-125.59588623046875,34.1041259765625,0.0,118.39404296875,0.0
91998,62690823,2687587,0.6543468626512038,True,32991217664.0,2.0751953125,2073956712448.0,439.453125,128876.875,145744.734375,191369.28125,128878.1875,145744.03125,191367.765625,2.1246553029256297,0.0048347711782129885,1.0238338965627505,0.0,-44.4896240234375,-94.18963623046875,-176.28964233398438,-44.4896240234375,-94.18963623046875,-176.28964233398438,0.0,76.83689880371094,0.0
92229,62901910,717639,0.6098542589930279,True,32015144960.0,3.162384033203125,7306324475904.0,853.515625,130849.078125,181560.828125,65055.296875,130572.5390625,181523.125,65258.109375,345.00476645894986,0.4042161108168932,109.09641676551864,0.0,-31.044158935546875,15.955841064453125,179.955810546875,-31.044158935546875,15.955841064453125,179.955810546875,0.0,71.06118774414062,0.0
92270,62926387,154382,0.6590025718223093,True,20068030464.0,1.7719268798828125,547224715264.0,249.267578125,129330.3359375,184982.796875,50222.10546875,129330.71875,184983.578125,50223.79296875,1.8985660964676079,0.007616578580931755,1.0714697756564147,0.0,-116.62750244140625,-68.8275146484375,237.97247314453125,-116.62750244140625,-68.8275146484375,237.97247314453125,0.0,67.18346405029297,0.0
94563,64798628,52285,0.6558991111128528,False,16476087296.0,2.09808349609375,599378523848704.0,4062.5,136989.015625,101725.71875,137919.78125,137078.609375,101879.6015625,138020.65625,204.6526951861926,0.050376048045832025,97.5426838670714,0.0,-3.7711181640625,642.6287841796875,1044.0289306640625,-28.5711669921875,236.2288818359375,170.1287841796875,964.0940768785476,303.84478759765625,3.1729821153133524
94602,64798628,325018,0.6499127719203154,False,2908692992.0,0.6160736083984375,599378523848704.0,4062.5,136962.59375,101713.6171875,137987.203125,137078.609375,101879.6015625,138020.65625,205.25484052890658,0.0505242684378847,333.1660985486668,0.0,931.0289306640625,832.8289794921875,-376.171142578125,-28.5711669921875,236.2288818359375,170.1287841796875,1255.0727604091019,303.84478759765625,4.130637784943799
94625,64798628,682377,0.7124545366045215,False,3508977152.0,0.6809234619140625,599378523848704.0,4062.5,136930.796875,101694.3515625,138081.515625,137078.609375,101879.6015625,138020.65625,244.683389672533,0.06022975745785428,359.34051822026044,0.0,-564.0711669921875,-214.37109375,385.0289306640625,-28.5711669921875,236.2288818359375,170.1287841796875,732.1083669492197,303.84478759765625,2.4094814090365753
94824,64893996,53810,0.646345198594246,False,79335088128.0,3.8909912109375,52373653291008.0,2050.78125,136458.828125,110895.046875,137712.671875,136277.46875,111052.75,137680.5,242.47995396768755,0.1182378442204343,62.31829907147596,0.0,85.40704345703125,143.70703125,220.00701904296875,203.1070556640625,-101.3929443359375,185.1070556640625,274.12642767455213,133.94085693359375,2.046622919625344
94858,64914352,146543,0.6374250543638406,True,30726731776.0,1.76239013671875,3013484216320.0,652.34375,135874.0,114702.4296875,138884.234375,135880.3125,114752.8828125,138866.671875,53.79411570762758,0.08246283605480635,30.523386727403302,0.0,-103.6260986328125,-66.52609252929688,-25.32611083984375,-103.6260986328125,-66.52609252929688,-25.32611083984375,0.0,87.0189208984375,0.0
95573,65363514,429,0.679367329402015,True,16612737024.0,1.60980224609375,1631679152128.0,529.296875,136376.921875,154937.671875,145518.765625,136399.453125,154928.96875,145545.25,35.84443792931827,0.06772085689967142,22.266360987069213,0.0,422.859375,-188.5406494140625,394.2593994140625,422.859375,-188.5406494140625,394.2593994140625,0.0,76.32274627685547,0.0
95950,65619990,45660,0.7019198732441669,False,10190186496.0,3.055572509765625,100589400752128.0,3355.46875,137187.015625,198697.75,118448.078125,138080.359375,198691.859375,118751.03125,943.333637200656,0.2811331910632921,308.725659163956,0.0,-106.155517578125,421.54443359375,101.2445068359375,-60.85552978515625,-90.75555419921875,96.9444580078125,514.3168836492181,234.2189483642578,2.195880765587553
95951,65619990,134041,0.6539438614173496,False,24479873024.0,1.99127197265625,100589400752128.0,3355.46875,137005.125,198456.03125,118141.5078125,138080.359375,198691.859375,118751.03125,1258.2776667272103,0.37499311138785313,631.8964380585015,0.0,-261.655517578125,287.54443359375,520.6444091796875,-60.85552978515625,-90.75555419921875,96.9444580078125,602.4559440198644,234.2189483642578,2.572191311707726
96575,64798628,682784,0.691543936038801,False,34162501632.0,1.1844635009765625,599378523848704.0,4062.5,137776.25,102437.5546875,138885.765625,137078.609375,101879.6015625,138020.65625,1243.5547282128546,0.30610577925239496,1049.8886012000985,0.0,-135.8663330078125,421.2337646484375,375.0335693359375,-28.5711669921875,236.2288818359375,170.1287841796875,296.18411553409874,303.84478759765625,0.9747875481948317
96636,64798628,1370726,0.6299987347079491,False,1128582656.0,2.0751953125,599378523848704.0,4062.5,137981.15625,103762.9453125,138566.328125,137078.609375,101879.6015625,138020.65625,2158.548664589785,0.531335055899024,1040.16650943056,0.0,-309.1751708984375,-355.17523193359375,-178.9752197265625,-28.5711669921875,236.2288818359375,170.1287841796875,741.8699605288776,303.84478759765625,2.4416083171755556
96891,66371631,684934,0.6681414031623797,False,36973588480.0,3.12042236328125,275381475082240.0,4976.5625,137979.984375,124975.578125,154610.546875,139964.34375,123081.5859375,153970.25,2816.8898848901053,0.5660312484551546,902.7271173406257,0.0,438.6065673828125,655.7064208984375,341.0064697265625,-162.1934814453125,41.1065673828125,-191.1934814453125,1010.9057654601893,226.5786590576172,4.46161068153874
96894,66371631,1373485,0.6510122956417426,False,27642345472.0,1.47247314453125,275381475082240.0,4976.5625,137808.6875,124993.75,154619.640625,139964.34375,123081.5859375,153970.25,2953.7998330825426,0.5935421956586585,2006.0127032217358,0.0,-682.6934814453125,485.6065673828125,-148.593505859375,-162.1934814453125,41.1065673828125,-191.1934814453125,685.7953469657857,226.5786590576172,3.026742897226668
96919,66371631,5359757,0.6435201695617346,False,2196160768.0,0.67138671875,275381475082240.0,4976.5625,138197.203125,124865.96875,154588.0,139964.34375,123081.5859375,153970.25,2586.1985756261643,0.5196756949452889,3852.0252239144615,0.0,-258.3934326171875,58.8065185546875,11.906494140625,-162.1934814453125,41.1065673828125,-191.1934814453125,225.4269703473085,226.5786590576172,0.9949170468432518
97306,66629641,5612,0.6969484753478227,False,79959777280.0,3.12042236328125,458009608192000.0,4664.0625,138538.296875,146816.015625,145040.25,138511.1875,146674.5625,145067.515625,146.58553507013193,0.03142872443714721,46.97618399196169,0.0,-853.9815673828125,124.2183837890625,358.4183349609375,-21.2816162109375,117.4183349609375,218.3184814453125,844.4308250536615,307.7842102050781,2.743580720047377
97309,66629641,56230,0.6390757830224267,False,24831258624.0,2.2735595703125,458009608192000.0,4664.0625,138380.40625,146781.953125,145114.640625,138511.1875,146674.5625,145067.515625,175.66231045518307,0.03766294093511463,77.26312199993878,0.0,562.2183837890625,1802.3184814453125,-391.381591796875,-21.2816162109375,117.4183349609375,218.3184814453125,1884.4349107715545,307.7842102050781,6.122584747008127
97427,66629641,2677265,0.6818709786351004,False,18564880384.0,2.227783203125,458009608192000.0,4664.0625,138228.40625,146837.953125,145014.875,138511.1875,146674.5625,145067.515625,330.80623798508356,0.07092663058976666,148.49121652459203,0.0,418.4183349609375,-159.7816162109375,-934.9815673828125,-21.2816162109375,117.4183349609375,218.3184814453125,1265.020498892091,307.7842102050781,4.110089007000072
97431,66629641,2679391,0.6949853270504308,False,37481144320.0,1.636505126953125,458009608192000.0,4664.0625,138497.15625,146805.984375,144991.765625,138511.1875,146674.5625,145067.515625,152.33728271528977,0.03266192996240719,93.08695720306974,0.0,-1686.181640625,-474.9815673828125,940.5184326171875,-21.2816162109375,117.4183349609375,218.3184814453125,1909.0318240049035,307.7842102050781,6.202500845423182
97582,66629641,1404994,0.6032449223369113,False,51927003136.0,5.01251220703125,458009608192000.0,4664.0625,138530.734375,146939.90625,145068.671875,138511.1875,146674.5625,145067.515625,266.06526060421834,0.05704581801899489,53.08022197551919,0.0,-1098.5120849609375,-628.912109375,944.887939453125,-21.2816162109375,117.4183349609375,218.3184814453125,1498.445124873043,307.7842102050781,4.868492519075692
97755,66785159,340024,0.6532958707570389,False,18389186560.0,5.05828857421875,37661054074880.0,1880.859375,137596.875,153949.984375,181013.796875,137579.65625,153996.53125,181071.75,76.29981403053188,0.04056646394977396,15.084116477541288,0.0,-432.0816650390625,-74.981689453125,-468.68170166015625,-17.8817138671875,-67.681640625,-243.481689453125,471.51875441144824,168.63356018066406,2.7961145688099736
97835,66829857,153297,0.6759685572376042,False,16105180160.0,4.34112548828125,9405268492288.0,902.34375,139875.953125,160757.015625,152285.171875,139795.78125,160791.921875,152407.3125,150.214207402192,0.16647115625524306,34.60259506611618,0.0,-277.0625,-236.26251220703125,-261.9625244140625,-149.862548828125,-346.5625,-388.4625244140625,210.59003985292478,90.66275024414062,2.3227845977078645
98040,65619990,1442638,0.6268365252058251,False,15909965824.0,1.9207000732421875,100589400752128.0,3355.46875,139387.109375,198773.375,119650.6953125,138080.359375,198691.859375,118751.03125,1588.5955385097695,0.4734347588573935,827.0919341551241,0.0,-487.10760498046875,375.892333984375,59.892333984375,-60.85552978515625,-90.75555419921875,96.9444580078125,633.1065811134539,234.2189483642578,2.703054494672417
98382,68503448,302055,0.6525797723623922,False,13723565056.0,1.8177032470703125,128415403343872.0,3628.90625,143711.265625,34516.4609375,48574.46875,145725.734375,32973.30078125,49542.87890625,2716.1085845916095,0.748464798337408,1494.2530300087783,0.0,273.38134765625,-99.41864013671875,510.2813720703125,-92.162109375,-0.862060546875,-21.962158203125,653.1604656412834,232.28567504882812,2.8118843983985853
98524,67401523,756488,0.6093760444754209,False,31195244544.0,3.803253173828125,10834549932032.0,1460.9375,141116.984375,65192.16796875,53702.16015625,141434.609375,65265.13671875,53529.95703125,368.5973349894545,0.2523019191371667,96.91632876978491,0.0,-319.291748046875,91.50823974609375,-76.6917724609375,-504.0917663574219,-228.59173583984375,-129.59173583984375,373.3811019095448,113.74198150634766,3.2827026306791334
98990,66371631,69297,0.605413483466434,False,102760808448.0,3.406524658203125,275381475082240.0,4976.5625,141370.421875,122180.9296875,153321.09375,139964.34375,123081.5859375,153970.25,1791.5471557236892,0.35999691669173034,525.916391478198,0.0,-131.3538818359375,108.74609375,-172.953857421875,-162.1934814453125,41.1065673828125,-191.1934814453125,76.54325780733646,226.5786590576172,0.3378220090351585
99053,67793568,7139,0.6351547256914025,False,9565500416.0,2.117156982421875,3808084361216.0,749.0234375,141342.203125,125642.3828125,156375.75,141414.421875,125543.640625,156179.265625,231.45556174563677,0.3090097721349831,109.32375996080758,0.0,-610.921142578125,-100.62115478515625,-559.0211181640625,-633.7141723632812,-73.61419677734375,-470.9141845703125,94.93013080637907,95.49286651611328,0.99410703929765
99572,68159760,710029,0.6409975243643615,False,2581709056.0,0.919342041015625,78120698773504.0,1904.296875,143393.9375,169963.34375,136058.921875,143648.0,170208.9375,135884.84375,393.91272834071776,0.20685468401071538,428.4724409051831,0.0,-99.9483642578125,-251.848388671875,198.651611328125,-93.04833984375,-183.1483154296875,202.651611328125,69.16148061165684,258.59912109375,0.26744669633499535
101612,69852099,312471,0.6396887980419201,False,29711616000.0,3.498077392578125,113063126630400.0,2167.96875,148006.28125,53862.671875,113250.8984375,148047.140625,53834.58984375,113292.6328125,64.80622702454778,0.029892602014926543,18.526241632631464,0.0,953.8607177734375,498.3607177734375,236.7607421875,70.7607421875,115.1607666015625,96.3607177734375,972.8411670532247,287.7286376953125,3.3811064996714215
102564,70506744,808565,0.6140029010090511,False,28267030528.0,2.46429443359375,283057605050368.0,3078.125,148031.0625,151454.53125,144900.703125,147879.71875,151859.640625,144880.40625,432.93244220284384,0.14064810305067008,175.68210855854844,0.0,-324.834716796875,724.265380859375,-450.7347412109375,-207.7347412109375,180.865234375,-221.134765625,601.4252008941182,202.91432189941406,2.9639366766444835
103143,70877032,61324,0.6857308731377393,False,10346357760.0,1.6269683837890625,199259773206528.0,3109.375,150536.21875,5761.95263671875,57530.19140625,150843.65625,6283.8203125,56981.02734375,817.5847692888351,0.2629418353491731,502.5203792742143,0.0,412.7308349609375,288.3309326171875,-492.76910400390625,-11.6690673828125,159.5308837890625,-106.9691162109375,587.8319149795856,254.11083984375,2.3132894107982054
103155,70877032,297376,0.6866315743227543,False,12513236992.0,1.5735626220703125,199259773206528.0,3109.375,150108.203125,5916.2978515625,57065.921875,150843.65625,6283.8203125,56981.02734375,826.5416745706045,0.265822448103109,525.2677351239674,0.0,-293.66912841796875,70.630859375,-481.76910400390625,-11.6690673828125,159.5308837890625,-106.9691162109375,477.39111807223884,254.11083984375,1.878672780609365
103164,70877032,729799,0.6075354512707395,False,8228282880.0,1.6384124755859375,199259773206528.0,3109.375,150289.390625,4913.8232421875,57943.64453125,150843.65625,6283.8203125,56981.02734375,1763.7273614115884,0.5672289001524706,1076.4855539694515,0.0,129.430908203125,458.8309326171875,-457.869140625,-11.6690673828125,159.5308837890625,-106.9691162109375,482.3075258304185,254.11083984375,1.8980202738575978
103171,70877032,1461168,0.6945604186490201,False,1088319744.0,0.8211135864257812,199259773206528.0,3109.375,150485.984375,5824.32421875,57496.3984375,150843.65625,6283.8203125,56981.02734375,777.607352466909,0.25008477667277473,947.0155716844849,0.0,-72.069091796875,286.8309326171875,-481.569091796875,-11.6690673828125,159.5308837890625,-106.9691162109375,400.2231965914111,254.11083984375,1.5749945844006656
104106,71576298,6818,0.6470608066618607,True,42790973440.0,2.47955322265625,6636661374976.0,782.2265625,150619.609375,103375.3671875,110804.359375,150616.421875,103382.609375,110814.234375,12.654053146528042,0.016176966819032104,5.103360166220688,0.0,-84.08206176757812,67.617919921875,293.31793212890625,-84.08206176757812,67.617919921875,293.31793212890625,0.0,139.127685546875,0.0
104191,71637555,784221,0.6924446016169572,False,1605637632.0,0.70953369140625,50454620798976.0,1621.09375,152815.84375,113573.3125,184256.71875,152810.6875,113538.671875,184230.21875,43.91821734147602,0.02709171961305509,61.89729659550479,0.0,-321.0023193359375,62.5977783203125,145.2977294921875,-242.80224609375,-25.80224609375,-163.5023193359375,330.58627607289253,188.3354034423828,1.7553060658296693
104600,71924175,72514,0.7358321961981545,False,1544633088.0,0.5617141723632812,139929606684672.0,3683.59375,150410.390625,154946.671875,39109.125,149439.859375,154422.125,38672.609375,1186.434246879265,0.3220860733839786,2112.167193303348,0.0,-223.37744140625,494.5225830078125,-63.7774658203125,-117.37744140625,-86.677490234375,121.4224853515625,619.1353220829749,253.45162963867188,2.4428145242768116
104611,71924175,801128,0.6113815652993632,False,5534325248.0,1.0051727294921875,139929606684672.0,3683.59375,150393.625,154934.453125,39073.55859375,149439.859375,154422.125,38672.609375,1154.5168907876107,0.31342134044711384,1148.5756198050376,0.0,529.62255859375,343.9224853515625,-218.177490234375,-117.37744140625,-86.677490234375,121.4224853515625,848.1470877109579,253.45162963867188,3.34638640485406
104874,72107228,1451575,0.6649807873984348,True,101355266048.0,3.086090087890625,23028415070208.0,1898.4375,150474.1875,179431.734375,168679.25,150210.625,179153.6875,169059.765625,539.9698111678617,0.28442854250817406,174.96890751395296,0.0,-28.7227783203125,-201.0228271484375,-42.622802734375,-28.7227783203125,-201.0228271484375,-42.622802734375,0.0,195.7095947265625,0.0
105573,72648696,493,0.6155267517220521,False,11029608448.0,1.8157958984375,152883102220288.0,2199.21875,154436.609375,63692.3125,114320.6640625,154529.328125,63633.9609375,114347.8671875,112.87905677103937,0.05132688904686693,62.165057685267534,0.0,-269.450439453125,-244.65045166015625,395.349609375,-203.650390625,-180.150390625,411.24951171875,93.50246624481785,276.4947204589844,0.33817089197798317
105575,72648696,65590,0.6033561670766467,False,17491202048.0,1.7032623291015625,152883102220288.0,2199.21875,154014.890625,63698.65234375,113678.0859375,154529.328125,63633.9609375,114347.8671875,847.0170259802427,0.3851445091490979,497.2909994592715,0.0,-415.0504150390625,-287.25042724609375,-58.5504150390625,-203.650390625,-180.150390625,411.24951171875,526.1866202671366,276.4947204589844,1.9030620888299814
105615,72648696,759540,0.636711124282444,False,6315182592.0,1.07574462890625,152883102220288.0,2199.21875,154383.09375,63628.859375,114315.625,154529.328125,63633.9609375,114347.8671875,149.83349767781297,0.06813032931708725,139.28351920302342,0.0,137.24951171875,-545.450439453125,36.6495361328125,-203.650390625,-180.150390625,411.24951171875,624.4853967874619,276.4947204589844,2.2585798229738674
106141,72997884,1542414,0.632163275205445,False,60047917056.0,2.941131591796875,121698779136000.0,2847.65625,155805.546875,107685.6484375,152198.921875,155832.296875,107696.3359375,152483.765625,286.2966068089395,0.10053762872851647,97.3423316411448,0.0,-377.72308349609375,135.27685546875,720.6768798828125,-345.3231201171875,327.1768798828125,-90.423095703125,834.1214224515401,361.4049072265625,2.3079969468390047
106383,73093685,4206505,0.6274229961541008,False,9604543488.0,1.430511474609375,170154407231488.0,3160.15625,154766.6875,126323.515625,108221.4140625,153779.546875,125020.46875,108661.7109375,1692.9970791786445,0.5357320794434277,1183.4907368645509,0.0,-463.9932861328125,25.3067626953125,136.90673828125,-63.68218994140625,687.1177978515625,-194.482177734375,841.463863541723,176.55117797851562,4.766118658489608
106521,73199962,1568419,0.6116856779612636,True,31234287616.0,1.689910888671875,3288345870336.0,722.65625,155034.90625,132916.125,41173.140625,155021.734375,132888.546875,41189.62109375,34.72257363374692,0.048048534325617356,20.5469849721105,0.0,-275.41583251953125,76.8841552734375,277.58416748046875,-275.41583251953125,76.8841552734375,277.58416748046875,0.0,79.75826263427734,0.0
106665,73320576,171276,0.602874772643495,False,42712887296.0,3.650665283203125,363337221144576.0,5609.375,155564.0625,149432.953125,73377.09375,155559.453125,149799.4375,72926.8984375,580.5237831941116,0.10349170508195861,159.0186276088163,38798.0078125,329.7244873046875,1707.6243896484375,-236.4755859375,56.0244140625,193.324462890625,-120.5755615234375,1543.1943539070753,387.0854187011719,3.9867023642613986
106671,73320576,171673,0.734682944021175,False,6100446720.0,0.926971435546875,363337221144576.0,5609.375,155356.5625,149327.578125,73461.109375,155559.453125,149799.4375,72926.8984375,741.0784042413529,0.13211425590932196,799.4619637919557,0.0,306.9244384765625,378.324462890625,-328.4755859375,56.0244140625,193.324462890625,-120.5755615234375,374.69753455600016,387.0854187011719,0.9679970271503947
106697,73320576,385504,0.6768635965721616,False,10131621888.0,2.18963623046875,363337221144576.0,5609.375,155278.75,149458.890625,73444.4453125,155559.453125,149799.4375,72926.8984375,680.1626175256156,0.12125461705192032,310.628134509817,0.0,-134.2755126953125,441.2244873046875,-250.9755859375,56.0244140625,193.324462890625,-120.5755615234375,338.633504833337,387.0854187011719,0.8748288839439867
106710,73320576,789267,0.7090781361721415,False,3196634112.0,0.6542205810546875,363337221144576.0,5609.375,155384.796875,149263.078125,73329.2109375,155559.453125,149799.4375,72926.8984375,692.8502958581334,0.12351648728390123,1059.0469268655074,0.0,369.5244140625,712.6243896484375,301.4244384765625,56.0244140625,193.324462890625,-120.5755615234375,738.9442901401089,387.0854187011719,1.9089954166177736
106711,73320576,789289,0.64428074205663,False,6159011328.0,1.0585784912109375,363337221144576.0,5609.375,155436.46875,149378.546875,73378.0546875,155559.453125,149799.4375,72926.8984375,629.1391234227083,0.1121585066825998,594.3244914253061,0.0,-1025.775634765625,-660.175537109375,-66.2755126953125,56.0244140625,193.324462890625,-120.5755615234375,1379.0221502743423,387.0854187011719,3.562578396524259
106725,73320576,1572882,0.6322436242658837,False,7857375744.0,1.4133453369140625,363337221144576.0,5609.375,155497.5,149303.1875,73329.9453125,155559.453125,149799.4375,72926.8984375,642.2998019963351,0.11450470007734108,454.4535473536498,0.0,-143.8756103515625,504.0244140625,1248.6243896484375,56.0244140625,193.324462890625,-120.5755615234375,1418.1688847623238,387.0854187011719,3.663710427328557
106880,73411341,3055207,0.6136808702168888,True,18330621952.0,4.85992431640625,1253119623168.0,729.4921875,155017.984375,155773.109375,144027.453125,154985.4375,155809.390625,144066.984375,62.75625785840504,0.08602732000937988,12.91301135010497,0.0,-425.6868591308594,-153.58685302734375,-232.18682861328125,-425.6868591308594,-153.58685302734375,-232.18682861328125,0.0,46.92259979248047,0.0
106978,73503539,7317,0.6192068633432238,True,22410602496.0,4.61578369140625,3048466546688.0,614.2578125,155867.34375,170591.234375,140512.28125,155868.6875,170601.25,140514.3125,10.307491681569527,0.01678039981228489,2.2330967763416214,0.0,-2.78253173828125,-102.98251342773438,76.61746215820312,-2.78253173828125,-102.98251342773438,76.61746215820312,0.0,70.80032348632812,0.0
107136,73667903,75753,0.6016829810267675,False,43025231872.0,2.521514892578125,88915268599808.0,2335.9375,159229.265625,1212.2667236328125,134474.265625,159294.078125,779.3798217773438,134776.375,531.8475386961633,0.22768055168263845,210.92381419662183,0.0,-131.23004150390625,-358.030029296875,217.969970703125,93.669921875,-107.63006591796875,-18.530029296875,411.35433045975213,228.09234619140625,1.8034552115771545
107143,73667903,735322,0.6212170663676969,False,3552900352.0,2.02178955078125,88915268599808.0,2335.9375,159304.234375,908.8666381835938,134941.078125,159294.078125,779.3798217773438,134776.375,209.75486745688173,0.08979472586782897,103.74713202757887,0.0,-76.2301025390625,-344.530029296875,-5.030029296875,93.669921875,-107.63006591796875,-18.530029296875,291.8387584691693,228.09234619140625,1.2794763320303153
107596,73997124,6334,0.7161295565286975,True,18584401920.0,1.7452239990234375,1221885296640.0,466.796875,157009.5,48436.9453125,121659.9296875,157007.34375,48432.94921875,121664.5703125,6.492578818305871,0.01390878809611969,3.7201979928873756,0.0,-75.35055541992188,87.74945068359375,270.84942626953125,-75.35055541992188,87.74945068359375,270.84942626953125,0.0,63.12416458129883,0.0
107898,74192769,769618,0.6520426553405002,True,66529034240.0,2.15911865234375,7736108515328.0,866.2109375,158200.0,73949.8125,116473.6171875,158093.015625,73825.8046875,116521.6328125,170.67247668946627,0.1970333890980986,79.04728927435238,0.0,-45.179443359375,-126.37942504882812,280.92059326171875,-45.179443359375,-126.37942504882812,280.92059326171875,0.0,108.23335266113281,0.0
108481,74586872,378098,0.670042916486978,False,18272059392.0,2.3956298828125,234122224074752.0,2472.65625,158469.546875,132355.796875,103913.5390625,158517.796875,132502.453125,103913.28125,154.38971672798567,0.06243881118856925,64.44639793302719,0.0,-168.0423583984375,241.1575927734375,-465.4423828125,-213.0423583984375,79.4576416015625,22.757568359375,516.2470983290926,377.4300537109375,1.3677954186564882
108660,74643768,378100,0.6586082152445699,False,9077465088.0,1.4095306396484375,40139808047104.0,1529.296875,156480.25,135662.53125,96148.8203125,156578.15625,135859.21875,96154.421875,219.77939836971504,0.1437127100450755,155.92381760820183,0.0,-76.4901123046875,168.5098876953125,342.909912109375,-68.69012451171875,316.8099365234375,212.60986328125,197.5647919458487,203.2566680908203,0.9719966080402915
108812,74740157,70751,0.6071907853023358,False,7115561472.0,1.308441162109375,118500387454976.0,2218.75,159074.3125,146516.9375,77523.046875,159292.828125,146392.34375,77491.8671875,253.46568568703887,0.11423805552091892,193.71576883015487,0.0,-1255.6572265625,1005.4427490234375,-266.957275390625,-194.1573486328125,272.9427490234375,-373.1573486328125,1294.069818982495,251.0548095703125,5.154531081070833
109193,74934949,73351,0.6182077740095974,False,24245616640.0,1.983642578125,17511190888448.0,1148.4375,157863.28125,161402.234375,141295.21875,158051.640625,161319.28125,141094.0625,287.79213333883666,0.2505945106623884,145.08265577303078,0.0,29.6461181640625,-71.25384521484375,28.24615478515625,-202.453857421875,-237.15386962890625,188.74615478515625,327.34304142226597,140.22349548339844,2.334437893548455
109337,75079049,813650,0.6314186999791817,True,21551659008.0,2.651214599609375,2168908939264.0,657.2265625,157775.796875,192441.40625,2330.5654296875,157768.421875,192435.78125,2323.564208984375,11.621030132215738,0.017681924005035536,4.383285356805126,0.0,120.11834716796875,-30.48162841796875,-134.681640625,120.11834716796875,-30.48162841796875,-134.681640625,0.0,61.606388092041016,0.0
110731,76181526,376593,0.6373428868167499,False,14855808000.0,1.86920166015625,121219026255872.0,1910.15625,160141.75,148486.53125,66522.8203125,160281.21875,148427.34375,66541.828125,152.69574099773595,0.07993887463276156,81.69035169002142,0.0,1166.7025146484375,407.3023681640625,-50.297607421875,-283.5975341796875,786.1024169921875,684.5023193359375,1669.3683359242016,219.34707641601562,7.610624965696204
111022,76302309,383198,0.6782191570767805,False,14484900864.0,3.200531005859375,90834305286144.0,3812.5,161216.59375,158553.640625,49281.5078125,160960.15625,158497.53125,48808.078125,541.3354989057048,0.14198963905723402,169.13927654962703,0.0,32.5555419921875,164.1556396484375,196.6556396484375,-119.54443359375,34.3555908203125,93.1556396484375,225.15484726966554,172.6008758544922,1.3044826461916563
111230,76458887,75729,0.6087235204754728,False,8999378944.0,1.491546630859375,70684441051136.0,2359.375,162008.09375,178709.59375,142025.34375,161903.9375,178663.546875,141984.890625,120.85236627221558,0.051222194976303294,81.02486625080225,0.0,668.2977294921875,-299.5023193359375,381.19775390625,151.397705078125,-152.30230712890625,-31.90228271484375,677.8680690881947,207.6343994140625,3.2647194829041637
111249,76458887,1634879,0.6150355742763886,False,6002839552.0,1.5087127685546875,70684441051136.0,2359.375,162018.046875,178773.734375,141952.734375,161903.9375,178663.546875,141984.890625,161.8525842648276,0.06859977081423158,107.27859380409348,0.0,360.2977294921875,-114.90228271484375,214.4976806640625,151.397705078125,-152.30230712890625,-31.90228271484375,325.1936714936112,207.6343994140625,1.5661839869082248
113597,78234618,6354,0.6592064537916286,False,18350143488.0,3.070831298828125,20289792507904.0,977.5390625,166269.34375,42323.9375,131860.078125,166611.40625,42347.453125,131997.640625,369.4363002354271,0.3779248465944829,120.30498073157243,0.0,249.05889892578125,326.05889892578125,255.05889892578125,193.15887451171875,-56.24114990234375,149.75885009765625,400.4575387562145,149.0192108154297,2.687288011826932
113738,78342620,6474,0.7317893798447779,False,17588807680.0,3.147125244140625,319839100993536.0,6843.75,166155.296875,61508.27734375,41674.99609375,164427.078125,62444.59375,43494.734375,2678.5958770802254,0.3913930048701699,851.124651637962,0.0,-509.4171142578125,-148.817138671875,298.3828125,-439.317138671875,-83.6171875,3.5828857421875,309.9548951482708,203.80955505371094,1.5208064953902032
113742,78342620,65193,0.6515945956376892,False,3860362752.0,8.4686279296875,319839100993536.0,6843.75,165766.53125,61307.17578125,42224.3671875,164427.078125,62444.59375,43494.734375,2168.3374047376255,0.3168346892767307,256.04353181420726,0.0,-177.0172119140625,-254.317138671875,387.2828369140625,-439.317138671875,-83.6171875,3.5828857421875,495.14177508723054,203.80955505371094,2.4294335707506125
115359,79533518,748385,0.6827276342244004,False,1259132288.0,0.6885528564453125,60929349779456.0,1646.484375,169947.171875,41502.8671875,135028.84375,169869.40625,41557.8203125,135014.578125,96.28523477432495,0.058479288498759635,139.83710019213652,0.0,185.031494140625,34.1314697265625,556.33154296875,-6.968505859375,-52.2685546875,1.83154296875,593.126642647884,183.6947784423828,3.2288704538976454
115716,79882130,1533565,0.6916868491770868,True,18721050624.0,2.178192138671875,1764112596992.0,534.1796875,168881.21875,100845.5234375,97032.71875,168886.296875,100845.6953125,97040.921875,9.649256670691013,0.018063690732701275,4.429938249880254,0.0,-134.32037353515625,80.2796630859375,256.9796142578125,-134.32037353515625,80.2796630859375,256.9796142578125,0.0,57.90903091430664,0.0
116322,80372962,813496,0.6301922653218894,True,73010151424.0,3.60870361328125,7306324475904.0,1019.53125,171593.4375,183430.90625,21028.9609375,171637.0625,183286.265625,20981.73046875,158.28698052504302,0.15525466289046366,43.862560489172175,0.0,226.154052734375,-116.54592895507812,-10.345947265625,226.154052734375,-116.54592895507812,-10.345947265625,0.0,130.10858154296875,0.0
116572,80606632,4107179,0.6215625423296004,False,70901833728.0,4.2877197265625,30104856035328.0,1718.75,174264.703125,22183.80859375,121334.5625,173798.5,22724.41015625,121516.1640625,736.5965860901396,0.42856528645244485,171.79214898933589,0.0,-164.7578125,-44.557861328125,221.442138671875,161.942138671875,-140.2578125,296.442138671875,348.5919372991934,116.91382598876953,2.9816143159379482
117044,80977134,774849,0.6719565437540477,False,30023958528.0,2.475738525390625,113063126630400.0,2558.59375,174732.5,75015.140625,171832.765625,174505.46875,75394.3671875,171764.15625,447.28427260526337,0.17481644852969072,180.6670082555226,0.0,-58.1175537109375,-146.2176513671875,-800.817626953125,18.9744873046875,-240.425537109375,-249.325439453125,564.7671567978285,188.0743865966797,3.00289245663715
117605,81400135,72262,0.6794855734606449,False,23425716224.0,2.132415771484375,3938018918400.0,714.84375,173330.625,158975.9375,54193.27734375,173193.03125,158926.0625,54354.97265625,218.09385536629674,0.30509304357252437,102.27548411653397,0.0,-399.4280090332031,-227.42800903320312,270.572021484375,-352.4280090332031,-75.52801513671875,242.47198486328125,161.46894501376667,64.64312744140625,2.4978516882575827
117716,81501862,386766,0.6696043343421879,True,13665001472.0,3.99017333984375,1856566067200.0,509.765625,173734.109375,170222.515625,144497.015625,173718.265625,170219.609375,144470.765625,30.79826623569905,0.0604165222707966,7.718528397792631,0.0,133.07882690429688,-53.02117919921875,-237.62118530273438,133.07882690429688,-53.02117919921875,-237.62118530273438,0.0,61.908592224121094,0.0
118087,81807783,64391,0.6151488291360955,False,90423263232.0,3.9520263671875,47096308695040.0,1689.453125,176225.078125,21672.59765625,178504.578125,176449.4375,21755.33984375,178675.9375,294.1894528073133,0.17413294778883745,74.44015435976866,0.0,481.497802734375,-124.40216064453125,-95.502197265625,340.3978271484375,-93.30218505859375,-236.30218505859375,201.74500775557797,131.83753967285156,1.5302546471680099
118220,81890631,160741,0.6064768012123853,False,18350143488.0,7.48443603515625,14232840044544.0,1646.484375,175718.796875,31713.12890625,47426.24609375,175714.53125,31737.142578125,47412.171875,28.159112681042394,0.017102569030478892,3.7623559809679805,0.0,-559.0264892578125,103.9735107421875,-85.32647705078125,-111.7264404296875,-110.0264892578125,8.4735107421875,504.6501475196496,150.6129150390625,3.3506432525309338
118372,82015537,162923,0.6786396658303682,False,1007793792.0,0.690460205078125,43418159939584.0,1691.40625,177964.78125,53770.32421875,2156.05224609375,177824.484375,53867.95703125,2121.7626953125,174.33058396106435,0.1030684283926847,252.48462210988538,0.0,411.333984375,-253.666015625,-66.96600341796875,407.033935546875,-46.0660400390625,-107.86602783203125,211.63424174806167,210.59596252441406,1.0049301952953027
119690,83016374,61127,0.6699223508183056,True,43493744640.0,1.3828277587890625,2373805932544.0,502.9296875,179243.21875,16109.208984375,31227.166015625,179239.34375,16106.37109375,31229.884765625,5.519134874413099,0.010973969148347598,3.991194737981096,0.0,181.8704833984375,-150.02951049804688,67.7705078125,181.8704833984375,-150.02951049804688,67.7705078125,0.0,90.1092300415039,0.0
119758,83068673,750387,0.6231832383440952,True,28540329984.0,2.044677734375,1964012077056.0,429.19921875,180430.65625,22072.197265625,178344.78125,180429.1875,22070.130859375,178327.75,17.218906408800738,0.04011868068853687,8.421330226919142,0.0,-26.36114501953125,-156.86114501953125,-110.0611572265625,-26.36114501953125,-156.86114501953125,-110.0611572265625,0.0,83.13885498046875,0.0
120035,83288130,359382,0.6580374234559165,False,17374072832.0,1.6155242919921875,41818964099072.0,1609.375,180147.078125,56417.5625,21636.576171875,180005.171875,56372.34765625,21535.830078125,179.80973636119708,0.11172643812734576,111.30116535695312,0.0,-129.375244140625,-136.17529296875,-501.7752685546875,75.82470703125,-210.5753173828125,-104.17529296875,453.5726228286834,213.0242156982422,2.129206866655893
120044,83288130,1506631,0.6094104634168761,False,19931379712.0,1.514434814453125,41818964099072.0,1609.375,179944.8125,56477.296875,21522.40234375,180005.171875,56372.34765625,21535.830078125,121.8109055752872,0.07568832967784836,80.43324441090198,0.0,33.9246826171875,-696.3753051757812,184.4246826171875,75.82470703125,-210.5753173828125,-104.17529296875,566.610259432135,213.0242156982422,2.6598396692832442
120510,83637371,168374,0.6483397759946641,True,49037832192.0,2.025604248046875,3548215246848.0,605.46875,180733.9375,112868.9140625,39631.96484375,180720.78125,112870.0859375,39623.88671875,15.482774576727197,0.02557155026865911,7.643533820417277,0.0,10.22430419921875,195.22430419921875,-82.17568969726562,10.22430419921875,195.22430419921875,-82.17568969726562,0.0,109.2852783203125,0.0
121452,84415698,481,0.6486001002007352,False,12610843648.0,4.8828125,206296221483008.0,2460.9375,182794.78125,49457.26171875,156315.234375,183328.203125,49694.71484375,156545.984375,627.8283569581588,0.25511755457347407,128.57924750503093,0.0,35.732421875,-328.5675048828125,-452.3675537109375,262.532470703125,-301.1676025390625,16.3323974609375,521.4102617185482,298.7281494140625,1.7454339764808353
121454,84415698,6399,0.6527093123761406,False,13352657920.0,1.514434814453125,206296221483008.0,2460.9375,183052.6875,49833.83203125,156672.96875,183328.203125,49694.71484375,156545.984375,333.74763365631736,0.13561808605717024,220.37768180655328,0.0,-127.6676025390625,-110.767578125,538.6324462890625,262.532470703125,-301.1676025390625,16.3323974609375,679.1948229049938,298.7281494140625,2.273621766938248
121458,84415698,66394,0.6451765239791749,False,28345116672.0,3.101348876953125,206296221483008.0,2460.9375,183180.75,49755.171875,156319.671875,183328.203125,49694.71484375,156545.984375,276.7938300542104,0.1124749531648855,89.24949789142795,0.0,203.9324951171875,-292.767578125,-29.0675048828125,262.532470703125,-301.1676025390625,16.3323974609375,74.60340931654098,298.7281494140625,0.24973679066693624
121461,84415698,66449,0.6597457439161772,False,23894231040.0,1.89971923828125,206296221483008.0,2460.9375,182599.828125,49889.69140625,156691.140625,183328.203125,49694.71484375,156545.984375,767.8647911340765,0.3120212484608311,404.19909198203084,0.0,329.532470703125,-257.967529296875,262.532470703125,262.532470703125,-301.1676025390625,16.3323974609375,258.78508920065093,298.7281494140625,0.8662896004552718
121475,84415698,761509,0.680198273787178,False,48725487616.0,1.59454345703125,206296221483008.0,2460.9375,183100.984375,49793.953125,156607.75,183328.203125,49694.71484375,156545.984375,255.52218934694739,0.1038312388457437,160.24786795255065,0.0,349.232421875,-210.467529296875,111.1324462890625,262.532470703125,-301.1676025390625,16.3323974609375,157.25913034593117,298.7281494140625,0.5264288974922036
121512,84415698,4153000,0.6582156716889987,False,4114141440.0,1.8482208251953125,206296221483008.0,2460.9375,182972.296875,49400.58203125,156264.703125,183328.203125,49694.71484375,156545.984375,540.6500825670752,0.21969273196376388,292.5246135076643,0.0,295.032470703125,-301.267578125,152.9324951171875,262.532470703125,-301.1676025390625,16.3323974609375,140.41312856999812,298.7281494140625,0.47003648248553115
122286,85104252,4285578,0.6509201777154335,False,1598317056.0,1.251220703125,47256229117952.0,1847.65625,183717.046875,172830.84375,139788.140625,183390.609375,172841.5625,139791.515625,326.63086754440786,0.17678118835384443,261.04976262671113,0.0,96.05816650390625,-59.04180908203125,36.45819091796875,233.5582275390625,203.0582275390625,80.858154296875,299.2892459302515,234.09780883789062,1.278479484348805
122294,85104252,5807583,0.603265189731833,False,45680144384.0,2.8228759765625,47256229117952.0,1847.65625,183483.078125,172825.546875,139822.6875,183390.609375,172841.5625,139791.515625,98.88708591984471,0.05352028328854175,35.0306165559078,0.0,0.55816650390625,-118.04180908203125,-506.2418212890625,233.5582275390625,203.0582275390625,80.858154296875,708.5764907851958,234.09780883789062,3.0268394834736574
123297,86049352,794862,0.6183361170396101,True,20419416064.0,2.3345947265625,1281855193088.0,469.7265625,186591.9375,153471.5625,144405.515625,186589.140625,153449.96875,144410.78125,22.40177125739726,0.04769108891387691,9.595571772057431,0.0,181.00588989257812,251.70587158203125,51.9058837890625,181.00588989257812,251.70587158203125,51.9058837890625,0.0,62.84485626220703,0.0
123540,86226173,10223610,0.6176055146725293,True,14523943936.0,1.873016357421875,944524886016.0,420.8984375,186181.046875,178885.875,29608.94921875,186176.328125,178889.28125,29606.77734375,6.211777655440107,0.014758376610604803,3.3164567040889845,0.0,170.48516845703125,-34.314849853515625,-89.51484680175781,170.48516845703125,-34.314849853515625,-89.51484680175781,0.0,55.730735778808594,0.0
123712,86337728,75687,0.664511922614747,False,17139815424.0,2.193450927734375,36101838340096.0,1830.078125,187425.96875,191292.984375,140202.390625,187204.390625,190878.359375,139477.171875,864.2644221851772,0.47225547935838924,394.02040467706274,0.0,69.678466796875,-84.2215576171875,-130.9215087890625,26.178466796875,-161.52154541015625,-156.02154541015625,92.18215635996678,132.58595275878906,0.6952633702280053
123985,86570273,6301,0.6267726950901156,True,82927034368.0,3.326416015625,7766093594624.0,898.4375,189501.375,36502.265625,64987.671875,189495.234375,36491.578125,64994.05859375,13.882366802250493,0.015451677832070115,4.173370599781139,0.0,-37.04052734375,-183.1405029296875,-232.74053955078125,-37.04052734375,-183.1405029296875,-232.74053955078125,0.0,132.39564514160156,0.0
124085,86633214,6453,0.6856859741322712,False,1231070208.0,0.9508132934570312,73243159429120.0,1966.796875,190439.125,46488.5234375,1488.9859619140625,190429.203125,46468.91015625,1476.5826416015625,25.238200404975423,0.012832133671645896,26.543802635754773,0.0,805.6455078125,-38.054443359375,119.1456298828125,424.545654296875,-191.3543701171875,-100.1544189453125,465.6505957363305,224.6342315673828,2.0729280327724706
124679,87060753,372258,0.6469758089981922,True,50131034112.0,2.75421142578125,3578200064000.0,811.5234375,189391.15625,122738.765625,111647.5859375,189381.109375,122766.9375,111643.8359375,30.143933689570943,0.037144871357545906,10.94466946415358,0.0,-24.114990234375,284.2850341796875,393.385009765625,-24.114990234375,284.2850341796875,393.385009765625,0.0,87.54446411132812,0.0
125352,87581506,75441,0.6283978052976779,False,54738087936.0,1.6937255859375,65327136243712.0,1724.609375,188982.78125,198250.796875,119351.6875,188780.96875,198151.0625,119169.8515625,289.37784794174297,0.16779327083371734,170.85285263702764,0.0,-257.06256103515625,-569.2625732421875,94.7374267578125,115.9373779296875,-113.7625732421875,245.637451171875,607.7664204576803,177.15896606445312,3.430627497772625
126243,88418734,176704,0.6385286141720474,False,19345737728.0,2.170562744140625,126976127926272.0,2445.3125,193384.765625,163391.9375,189335.578125,193366.21875,163375.140625,189378.515625,49.69658427177114,0.020323203791650816,22.895714213249864,0.0,920.09375,686.293701171875,-1134.0062255859375,470.9937744140625,303.393798828125,-129.706298828125,1164.869720686348,231.1396942138672,5.039678384313022
126314,88447314,73661,0.6716468067631327,False,29399273472.0,2.506256103515625,28545640300544.0,1425.78125,192228.96875,167967.859375,146346.0,192047.265625,168141.6875,146021.59375,410.45299087087153,0.28787935798066605,163.7713680956678,0.0,179.19683837890625,197.09686279296875,-72.70318603515625,229.09686279296875,211.69683837890625,12.19683837890625,99.55493894901656,207.072021484375,0.48077445825547543
127085,88984019,64105,0.7043249407385668,False,23542845440.0,2.0599365234375,104107633278976.0,2414.0625,196393.125,34437.7890625,152009.28125,196269.265625,34431.5078125,152068.46875,137.41819032865746,0.05692404000669306,66.709914973177,0.0,-583.23681640625,-110.036865234375,-309.23681640625,139.963134765625,38.26318359375,114.963134765625,851.4438750919803,191.39608764648438,4.448596027023439
127157,89022596,361487,0.6423251547812795,True,17374072832.0,2.0599365234375,1439275941888.0,491.69921875,194464.265625,42587.5625,82648.5,194464.59375,42593.69921875,82641.6328125,9.215489525379692,0.01874212765439683,4.473676455816914,0.0,66.4652099609375,-445.634765625,242.9652099609375,66.4652099609375,-445.634765625,242.9652099609375,0.0,60.248565673828125,0.0
127362,89202959,767647,0.6636620526642281,True,12064243712.0,3.276824951171875,1409291124736.0,591.796875,194667.484375,77607.5625,45330.7109375,194715.984375,77602.9453125,45330.0546875,48.72370146522795,0.0823317991755667,14.86918043876684,0.0,-12.737762451171875,-148.8377685546875,-208.03778076171875,-12.737762451171875,-148.8377685546875,-208.03778076171875,0.0,55.89877700805664,0.0
127657,89563073,7274,0.6222500583236344,True,43571830784.0,7.3699951171875,13533192388608.0,1207.03125,195686.28125,156528.9375,75142.828125,195518.4375,156317.765625,75278.359375,301.8837606292207,0.25010434537566506,40.961188688605816,0.0,146.752685546875,-7.8472900390625,47.95269775390625,146.752685546875,-7.8472900390625,47.95269775390625,0.0,121.4079818725586,0.0
128325,90006227,735584,0.6998065777049812,False,15207193600.0,1.4553070068359375,278579866763264.0,3546.875,198445.78125,11657.138671875,125748.65625,198696.828125,11788.751953125,125705.015625,286.7945142415521,0.08085836524871955,197.0680501738858,0.0,764.4957275390625,76.6956787109375,24.3956298828125,176.1956787109375,-353.204345703125,180.095703125,745.0862307478299,346.2908020019531,2.151620044310699
128817,90293649,5647818,0.659300943594705,False,26236801024.0,1.3751983642578125,122818213707776.0,2359.375,199396.0,47127.3515625,184854.984375,199070.84375,47059.12890625,184805.015625,335.972906223747,0.14239911257165436,244.30868662723418,0.0,-764.876953125,-432.376953125,-381.9769287109375,252.0230712890625,-404.376953125,68.2230224609375,1112.4520914126952,223.52874755859375,4.976774144547503
129529,90952621,805018,0.6186872361765806,False,31195244544.0,1.392364501953125,39380190232576.0,1972.65625,197309.59375,178954.875,103851.84375,197379.5625,179125.859375,103963.125,215.6728983258342,0.1093312118245813,154.89686646226707,0.0,-162.76715087890625,899.1328125,433.932861328125,160.0328369140625,431.6328125,382.8328857421875,570.4097558983578,243.75839233398438,2.3400620197593596
